ISO-10303-21;
HEADER;
FILE_DESCRIPTION(('Open CASCADE Model'),'2;1');
FILE_NAME('Open CASCADE Shape Model','2026-08-03T18:08:43',('Author'),(
    'Open CASCADE'),'Open CASCADE STEP processor 7.9','Open CASCADE 7.9'
  ,'Unknown');
FILE_SCHEMA(('AUTOMOTIVE_DESIGN { 1 0 10303 214 1 1 1 1 }'));
ENDSEC;
DATA;
#1 = APPLICATION_PROTOCOL_DEFINITION('international standard',
  'automotive_design',2000,#2);
#2 = APPLICATION_CONTEXT(
  'core data for automotive mechanical design processes');
#3 = SHAPE_DEFINITION_REPRESENTATION(#4,#10);
#4 = PRODUCT_DEFINITION_SHAPE('','',#5);
#5 = PRODUCT_DEFINITION('design','',#6,#9);
#6 = PRODUCT_DEFINITION_FORMATION('','',#7);
#7 = PRODUCT('Open CASCADE STEP translator 7.9 37',
  'Open CASCADE STEP translator 7.9 37','',(#8));
#8 = PRODUCT_CONTEXT('',#2,'mechanical');
#9 = PRODUCT_DEFINITION_CONTEXT('part definition',#2,'design');
#10 = ADVANCED_BREP_SHAPE_REPRESENTATION('',(#11,#15),#2303);
#11 = AXIS2_PLACEMENT_3D('',#12,#13,#14);
#12 = CARTESIAN_POINT('',(0.,0.,0.));
#13 = DIRECTION('',(0.,0.,1.));
#14 = DIRECTION('',(1.,0.,-0.));
#15 = MANIFOLD_SOLID_BREP('',#16);
#16 = CLOSED_SHELL('',(#17,#134,#213,#287,#361,#427,#474,#630,#1163,
    #1747,#2280,#2296));
#17 = ADVANCED_FACE('',(#18),#32,.T.);
#18 = FACE_BOUND('',#19,.T.);
#19 = EDGE_LOOP('',(#20,#54,#81,#109));
#20 = ORIENTED_EDGE('',*,*,#21,.T.);
#21 = EDGE_CURVE('',#22,#24,#26,.T.);
#22 = VERTEX_POINT('',#23);
#23 = CARTESIAN_POINT('',(-69.5,-29.5,0.));
#24 = VERTEX_POINT('',#25);
#25 = CARTESIAN_POINT('',(69.5,-29.5,0.));
#26 = SURFACE_CURVE('',#27,(#31,#42),.PCURVE_S1.);
#27 = LINE('',#28,#29);
#28 = CARTESIAN_POINT('',(-69.5,-29.5,0.));
#29 = VECTOR('',#30,1.);
#30 = DIRECTION('',(1.,0.,0.));
#31 = PCURVE('',#32,#37);
#32 = B_SPLINE_SURFACE_WITH_KNOTS('',1,1,(
    (#33,#34)
    ,(#35,#36
    )),.UNSPECIFIED.,.F.,.F.,.F.,(2,2),(2,2),(0.,148.23760430703),(0.,1.
    ),.PIECEWISE_BEZIER_KNOTS.);
#33 = CARTESIAN_POINT('',(-69.5,-29.5,0.));
#34 = CARTESIAN_POINT('',(-74.11880215351,-34.11880215351,8.));
#35 = CARTESIAN_POINT('',(69.5,-29.5,0.));
#36 = CARTESIAN_POINT('',(74.118802153517,-34.11880215351,8.));
#37 = DEFINITIONAL_REPRESENTATION('',(#38),#41);
#38 = B_SPLINE_CURVE_WITH_KNOTS('',1,(#39,#40),.UNSPECIFIED.,.F.,.F.,(2,
    2),(0.,139.),.PIECEWISE_BEZIER_KNOTS.);
#39 = CARTESIAN_POINT('',(0.,0.));
#40 = CARTESIAN_POINT('',(148.23760430703,0.));
#41 = ( GEOMETRIC_REPRESENTATION_CONTEXT(2) 
PARAMETRIC_REPRESENTATION_CONTEXT() REPRESENTATION_CONTEXT('2D SPACE',''
  ) );
#42 = PCURVE('',#43,#48);
#43 = PLANE('',#44);
#44 = AXIS2_PLACEMENT_3D('',#45,#46,#47);
#45 = CARTESIAN_POINT('',(-69.5,-29.5,-1.));
#46 = DIRECTION('',(0.,1.,0.));
#47 = DIRECTION('',(1.,0.,0.));
#48 = DEFINITIONAL_REPRESENTATION('',(#49),#53);
#49 = LINE('',#50,#51);
#50 = CARTESIAN_POINT('',(0.,-1.));
#51 = VECTOR('',#52,1.);
#52 = DIRECTION('',(1.,0.));
#53 = ( GEOMETRIC_REPRESENTATION_CONTEXT(2) 
PARAMETRIC_REPRESENTATION_CONTEXT() REPRESENTATION_CONTEXT('2D SPACE',''
  ) );
#54 = ORIENTED_EDGE('',*,*,#55,.T.);
#55 = EDGE_CURVE('',#24,#56,#58,.T.);
#56 = VERTEX_POINT('',#57);
#57 = CARTESIAN_POINT('',(74.118802153517,-34.11880215351,8.));
#58 = SURFACE_CURVE('',#59,(#62,#69),.PCURVE_S1.);
#59 = B_SPLINE_CURVE_WITH_KNOTS('',1,(#60,#61),.UNSPECIFIED.,.F.,.F.,(2,
    2),(0.,1.),.PIECEWISE_BEZIER_KNOTS.);
#60 = CARTESIAN_POINT('',(69.5,-29.5,0.));
#61 = CARTESIAN_POINT('',(74.118802153517,-34.11880215351,8.));
#62 = PCURVE('',#32,#63);
#63 = DEFINITIONAL_REPRESENTATION('',(#64),#68);
#64 = LINE('',#65,#66);
#65 = CARTESIAN_POINT('',(148.23760430703,0.));
#66 = VECTOR('',#67,1.);
#67 = DIRECTION('',(0.,1.));
#68 = ( GEOMETRIC_REPRESENTATION_CONTEXT(2) 
PARAMETRIC_REPRESENTATION_CONTEXT() REPRESENTATION_CONTEXT('2D SPACE',''
  ) );
#69 = PCURVE('',#70,#75);
#70 = B_SPLINE_SURFACE_WITH_KNOTS('',1,1,(
    (#71,#72)
    ,(#73,#74
    )),.UNSPECIFIED.,.F.,.F.,.F.,(2,2),(2,2),(0.,68.237604307034),(0.,1.
    ),.PIECEWISE_BEZIER_KNOTS.);
#71 = CARTESIAN_POINT('',(69.5,-29.5,0.));
#72 = CARTESIAN_POINT('',(74.118802153517,-34.11880215351,8.));
#73 = CARTESIAN_POINT('',(69.5,29.5,0.));
#74 = CARTESIAN_POINT('',(74.118802153517,34.118802153517,8.));
#75 = DEFINITIONAL_REPRESENTATION('',(#76),#80);
#76 = LINE('',#77,#78);
#77 = CARTESIAN_POINT('',(0.,0.));
#78 = VECTOR('',#79,1.);
#79 = DIRECTION('',(0.,1.));
#80 = ( GEOMETRIC_REPRESENTATION_CONTEXT(2) 
PARAMETRIC_REPRESENTATION_CONTEXT() REPRESENTATION_CONTEXT('2D SPACE',''
  ) );
#81 = ORIENTED_EDGE('',*,*,#82,.F.);
#82 = EDGE_CURVE('',#83,#56,#85,.T.);
#83 = VERTEX_POINT('',#84);
#84 = CARTESIAN_POINT('',(-74.11880215351,-34.11880215351,8.));
#85 = SURFACE_CURVE('',#86,(#90,#97),.PCURVE_S1.);
#86 = LINE('',#87,#88);
#87 = CARTESIAN_POINT('',(-74.11880215351,-34.11880215351,8.));
#88 = VECTOR('',#89,1.);
#89 = DIRECTION('',(1.,0.,0.));
#90 = PCURVE('',#32,#91);
#91 = DEFINITIONAL_REPRESENTATION('',(#92),#96);
#92 = LINE('',#93,#94);
#93 = CARTESIAN_POINT('',(0.,1.));
#94 = VECTOR('',#95,1.);
#95 = DIRECTION('',(1.,0.));
#96 = ( GEOMETRIC_REPRESENTATION_CONTEXT(2) 
PARAMETRIC_REPRESENTATION_CONTEXT() REPRESENTATION_CONTEXT('2D SPACE',''
  ) );
#97 = PCURVE('',#98,#103);
#98 = PLANE('',#99);
#99 = AXIS2_PLACEMENT_3D('',#100,#101,#102);
#100 = CARTESIAN_POINT('',(-74.11880215351,-34.11880215351,8.));
#101 = DIRECTION('',(0.,0.,-1.));
#102 = DIRECTION('',(0.908378034191,0.418149909721,0.));
#103 = DEFINITIONAL_REPRESENTATION('',(#104),#108);
#104 = LINE('',#105,#106);
#105 = CARTESIAN_POINT('',(0.,0.));
#106 = VECTOR('',#107,1.);
#107 = DIRECTION('',(0.908378034191,0.418149909721));
#108 = ( GEOMETRIC_REPRESENTATION_CONTEXT(2) 
PARAMETRIC_REPRESENTATION_CONTEXT() REPRESENTATION_CONTEXT('2D SPACE',''
  ) );
#109 = ORIENTED_EDGE('',*,*,#110,.F.);
#110 = EDGE_CURVE('',#22,#83,#111,.T.);
#111 = SURFACE_CURVE('',#112,(#115,#122),.PCURVE_S1.);
#112 = B_SPLINE_CURVE_WITH_KNOTS('',1,(#113,#114),.UNSPECIFIED.,.F.,.F.,
  (2,2),(0.,1.),.PIECEWISE_BEZIER_KNOTS.);
#113 = CARTESIAN_POINT('',(-69.5,-29.5,0.));
#114 = CARTESIAN_POINT('',(-74.11880215351,-34.11880215351,8.));
#115 = PCURVE('',#32,#116);
#116 = DEFINITIONAL_REPRESENTATION('',(#117),#121);
#117 = LINE('',#118,#119);
#118 = CARTESIAN_POINT('',(0.,0.));
#119 = VECTOR('',#120,1.);
#120 = DIRECTION('',(0.,1.));
#121 = ( GEOMETRIC_REPRESENTATION_CONTEXT(2) 
PARAMETRIC_REPRESENTATION_CONTEXT() REPRESENTATION_CONTEXT('2D SPACE',''
  ) );
#122 = PCURVE('',#123,#128);
#123 = B_SPLINE_SURFACE_WITH_KNOTS('',1,1,(
    (#124,#125)
    ,(#126,#127
    )),.UNSPECIFIED.,.F.,.F.,.F.,(2,2),(2,2),(0.,68.237604307034),(0.,1.
    ),.PIECEWISE_BEZIER_KNOTS.);
#124 = CARTESIAN_POINT('',(-69.5,29.5,0.));
#125 = CARTESIAN_POINT('',(-74.11880215351,34.118802153517,8.));
#126 = CARTESIAN_POINT('',(-69.5,-29.5,0.));
#127 = CARTESIAN_POINT('',(-74.11880215351,-34.11880215351,8.));
#128 = DEFINITIONAL_REPRESENTATION('',(#129),#133);
#129 = LINE('',#130,#131);
#130 = CARTESIAN_POINT('',(68.237604307034,0.));
#131 = VECTOR('',#132,1.);
#132 = DIRECTION('',(0.,1.));
#133 = ( GEOMETRIC_REPRESENTATION_CONTEXT(2) 
PARAMETRIC_REPRESENTATION_CONTEXT() REPRESENTATION_CONTEXT('2D SPACE',''
  ) );
#134 = ADVANCED_FACE('',(#135),#123,.T.);
#135 = FACE_BOUND('',#136,.T.);
#136 = EDGE_LOOP('',(#137,#164,#165,#188));
#137 = ORIENTED_EDGE('',*,*,#138,.T.);
#138 = EDGE_CURVE('',#139,#22,#141,.T.);
#139 = VERTEX_POINT('',#140);
#140 = CARTESIAN_POINT('',(-69.5,29.5,0.));
#141 = SURFACE_CURVE('',#142,(#146,#152),.PCURVE_S1.);
#142 = LINE('',#143,#144);
#143 = CARTESIAN_POINT('',(-69.5,29.5,0.));
#144 = VECTOR('',#145,1.);
#145 = DIRECTION('',(0.,-1.,0.));
#146 = PCURVE('',#123,#147);
#147 = DEFINITIONAL_REPRESENTATION('',(#148),#151);
#148 = B_SPLINE_CURVE_WITH_KNOTS('',1,(#149,#150),.UNSPECIFIED.,.F.,.F.,
  (2,2),(0.,59.),.PIECEWISE_BEZIER_KNOTS.);
#149 = CARTESIAN_POINT('',(0.,0.));
#150 = CARTESIAN_POINT('',(68.237604307034,0.));
#151 = ( GEOMETRIC_REPRESENTATION_CONTEXT(2) 
PARAMETRIC_REPRESENTATION_CONTEXT() REPRESENTATION_CONTEXT('2D SPACE',''
  ) );
#152 = PCURVE('',#153,#158);
#153 = PLANE('',#154);
#154 = AXIS2_PLACEMENT_3D('',#155,#156,#157);
#155 = CARTESIAN_POINT('',(-69.5,29.5,-1.));
#156 = DIRECTION('',(1.,0.,-0.));
#157 = DIRECTION('',(0.,-1.,0.));
#158 = DEFINITIONAL_REPRESENTATION('',(#159),#163);
#159 = LINE('',#160,#161);
#160 = CARTESIAN_POINT('',(0.,-1.));
#161 = VECTOR('',#162,1.);
#162 = DIRECTION('',(1.,0.));
#163 = ( GEOMETRIC_REPRESENTATION_CONTEXT(2) 
PARAMETRIC_REPRESENTATION_CONTEXT() REPRESENTATION_CONTEXT('2D SPACE',''
  ) );
#164 = ORIENTED_EDGE('',*,*,#110,.T.);
#165 = ORIENTED_EDGE('',*,*,#166,.F.);
#166 = EDGE_CURVE('',#167,#83,#169,.T.);
#167 = VERTEX_POINT('',#168);
#168 = CARTESIAN_POINT('',(-74.11880215351,34.118802153517,8.));
#169 = SURFACE_CURVE('',#170,(#174,#181),.PCURVE_S1.);
#170 = LINE('',#171,#172);
#171 = CARTESIAN_POINT('',(-74.11880215351,34.118802153517,8.));
#172 = VECTOR('',#173,1.);
#173 = DIRECTION('',(0.,-1.,0.));
#174 = PCURVE('',#123,#175);
#175 = DEFINITIONAL_REPRESENTATION('',(#176),#180);
#176 = LINE('',#177,#178);
#177 = CARTESIAN_POINT('',(0.,1.));
#178 = VECTOR('',#179,1.);
#179 = DIRECTION('',(1.,0.));
#180 = ( GEOMETRIC_REPRESENTATION_CONTEXT(2) 
PARAMETRIC_REPRESENTATION_CONTEXT() REPRESENTATION_CONTEXT('2D SPACE',''
  ) );
#181 = PCURVE('',#98,#182);
#182 = DEFINITIONAL_REPRESENTATION('',(#183),#187);
#183 = LINE('',#184,#185);
#184 = CARTESIAN_POINT('',(28.53354808059,-61.9855408583));
#185 = VECTOR('',#186,1.);
#186 = DIRECTION('',(-0.418149909721,0.908378034191));
#187 = ( GEOMETRIC_REPRESENTATION_CONTEXT(2) 
PARAMETRIC_REPRESENTATION_CONTEXT() REPRESENTATION_CONTEXT('2D SPACE',''
  ) );
#188 = ORIENTED_EDGE('',*,*,#189,.F.);
#189 = EDGE_CURVE('',#139,#167,#190,.T.);
#190 = SURFACE_CURVE('',#191,(#194,#201),.PCURVE_S1.);
#191 = B_SPLINE_CURVE_WITH_KNOTS('',1,(#192,#193),.UNSPECIFIED.,.F.,.F.,
  (2,2),(0.,1.),.PIECEWISE_BEZIER_KNOTS.);
#192 = CARTESIAN_POINT('',(-69.5,29.5,0.));
#193 = CARTESIAN_POINT('',(-74.11880215351,34.118802153517,8.));
#194 = PCURVE('',#123,#195);
#195 = DEFINITIONAL_REPRESENTATION('',(#196),#200);
#196 = LINE('',#197,#198);
#197 = CARTESIAN_POINT('',(0.,0.));
#198 = VECTOR('',#199,1.);
#199 = DIRECTION('',(0.,1.));
#200 = ( GEOMETRIC_REPRESENTATION_CONTEXT(2) 
PARAMETRIC_REPRESENTATION_CONTEXT() REPRESENTATION_CONTEXT('2D SPACE',''
  ) );
#201 = PCURVE('',#202,#207);
#202 = B_SPLINE_SURFACE_WITH_KNOTS('',1,1,(
    (#203,#204)
    ,(#205,#206
    )),.UNSPECIFIED.,.F.,.F.,.F.,(2,2),(2,2),(0.,148.23760430703),(0.,1.
    ),.PIECEWISE_BEZIER_KNOTS.);
#203 = CARTESIAN_POINT('',(69.5,29.5,0.));
#204 = CARTESIAN_POINT('',(74.118802153517,34.118802153517,8.));
#205 = CARTESIAN_POINT('',(-69.5,29.5,0.));
#206 = CARTESIAN_POINT('',(-74.11880215351,34.118802153517,8.));
#207 = DEFINITIONAL_REPRESENTATION('',(#208),#212);
#208 = LINE('',#209,#210);
#209 = CARTESIAN_POINT('',(148.23760430703,0.));
#210 = VECTOR('',#211,1.);
#211 = DIRECTION('',(0.,1.));
#212 = ( GEOMETRIC_REPRESENTATION_CONTEXT(2) 
PARAMETRIC_REPRESENTATION_CONTEXT() REPRESENTATION_CONTEXT('2D SPACE',''
  ) );
#213 = ADVANCED_FACE('',(#214),#202,.T.);
#214 = FACE_BOUND('',#215,.T.);
#215 = EDGE_LOOP('',(#216,#243,#244,#267));
#216 = ORIENTED_EDGE('',*,*,#217,.T.);
#217 = EDGE_CURVE('',#218,#139,#220,.T.);
#218 = VERTEX_POINT('',#219);
#219 = CARTESIAN_POINT('',(69.5,29.5,0.));
#220 = SURFACE_CURVE('',#221,(#225,#231),.PCURVE_S1.);
#221 = LINE('',#222,#223);
#222 = CARTESIAN_POINT('',(69.5,29.5,0.));
#223 = VECTOR('',#224,1.);
#224 = DIRECTION('',(-1.,0.,0.));
#225 = PCURVE('',#202,#226);
#226 = DEFINITIONAL_REPRESENTATION('',(#227),#230);
#227 = B_SPLINE_CURVE_WITH_KNOTS('',1,(#228,#229),.UNSPECIFIED.,.F.,.F.,
  (2,2),(0.,139.),.PIECEWISE_BEZIER_KNOTS.);
#228 = CARTESIAN_POINT('',(0.,0.));
#229 = CARTESIAN_POINT('',(148.23760430703,0.));
#230 = ( GEOMETRIC_REPRESENTATION_CONTEXT(2) 
PARAMETRIC_REPRESENTATION_CONTEXT() REPRESENTATION_CONTEXT('2D SPACE',''
  ) );
#231 = PCURVE('',#232,#237);
#232 = PLANE('',#233);
#233 = AXIS2_PLACEMENT_3D('',#234,#235,#236);
#234 = CARTESIAN_POINT('',(69.5,29.5,-1.));
#235 = DIRECTION('',(0.,-1.,0.));
#236 = DIRECTION('',(-1.,0.,0.));
#237 = DEFINITIONAL_REPRESENTATION('',(#238),#242);
#238 = LINE('',#239,#240);
#239 = CARTESIAN_POINT('',(0.,-1.));
#240 = VECTOR('',#241,1.);
#241 = DIRECTION('',(1.,0.));
#242 = ( GEOMETRIC_REPRESENTATION_CONTEXT(2) 
PARAMETRIC_REPRESENTATION_CONTEXT() REPRESENTATION_CONTEXT('2D SPACE',''
  ) );
#243 = ORIENTED_EDGE('',*,*,#189,.T.);
#244 = ORIENTED_EDGE('',*,*,#245,.F.);
#245 = EDGE_CURVE('',#246,#167,#248,.T.);
#246 = VERTEX_POINT('',#247);
#247 = CARTESIAN_POINT('',(74.118802153517,34.118802153517,8.));
#248 = SURFACE_CURVE('',#249,(#253,#260),.PCURVE_S1.);
#249 = LINE('',#250,#251);
#250 = CARTESIAN_POINT('',(74.118802153517,34.118802153517,8.));
#251 = VECTOR('',#252,1.);
#252 = DIRECTION('',(-1.,0.,0.));
#253 = PCURVE('',#202,#254);
#254 = DEFINITIONAL_REPRESENTATION('',(#255),#259);
#255 = LINE('',#256,#257);
#256 = CARTESIAN_POINT('',(0.,1.));
#257 = VECTOR('',#258,1.);
#258 = DIRECTION('',(1.,0.));
#259 = ( GEOMETRIC_REPRESENTATION_CONTEXT(2) 
PARAMETRIC_REPRESENTATION_CONTEXT() REPRESENTATION_CONTEXT('2D SPACE',''
  ) );
#260 = PCURVE('',#98,#261);
#261 = DEFINITIONAL_REPRESENTATION('',(#262),#266);
#262 = LINE('',#263,#264);
#263 = CARTESIAN_POINT('',(163.18933167413,0.));
#264 = VECTOR('',#265,1.);
#265 = DIRECTION('',(-0.908378034191,-0.418149909721));
#266 = ( GEOMETRIC_REPRESENTATION_CONTEXT(2) 
PARAMETRIC_REPRESENTATION_CONTEXT() REPRESENTATION_CONTEXT('2D SPACE',''
  ) );
#267 = ORIENTED_EDGE('',*,*,#268,.F.);
#268 = EDGE_CURVE('',#218,#246,#269,.T.);
#269 = SURFACE_CURVE('',#270,(#273,#280),.PCURVE_S1.);
#270 = B_SPLINE_CURVE_WITH_KNOTS('',1,(#271,#272),.UNSPECIFIED.,.F.,.F.,
  (2,2),(0.,1.),.PIECEWISE_BEZIER_KNOTS.);
#271 = CARTESIAN_POINT('',(69.5,29.5,0.));
#272 = CARTESIAN_POINT('',(74.118802153517,34.118802153517,8.));
#273 = PCURVE('',#202,#274);
#274 = DEFINITIONAL_REPRESENTATION('',(#275),#279);
#275 = LINE('',#276,#277);
#276 = CARTESIAN_POINT('',(0.,0.));
#277 = VECTOR('',#278,1.);
#278 = DIRECTION('',(0.,1.));
#279 = ( GEOMETRIC_REPRESENTATION_CONTEXT(2) 
PARAMETRIC_REPRESENTATION_CONTEXT() REPRESENTATION_CONTEXT('2D SPACE',''
  ) );
#280 = PCURVE('',#70,#281);
#281 = DEFINITIONAL_REPRESENTATION('',(#282),#286);
#282 = LINE('',#283,#284);
#283 = CARTESIAN_POINT('',(68.237604307034,0.));
#284 = VECTOR('',#285,1.);
#285 = DIRECTION('',(0.,1.));
#286 = ( GEOMETRIC_REPRESENTATION_CONTEXT(2) 
PARAMETRIC_REPRESENTATION_CONTEXT() REPRESENTATION_CONTEXT('2D SPACE',''
  ) );
#287 = ADVANCED_FACE('',(#288),#232,.T.);
#288 = FACE_BOUND('',#289,.T.);
#289 = EDGE_LOOP('',(#290,#291,#319,#340));
#290 = ORIENTED_EDGE('',*,*,#217,.F.);
#291 = ORIENTED_EDGE('',*,*,#292,.T.);
#292 = EDGE_CURVE('',#218,#293,#295,.T.);
#293 = VERTEX_POINT('',#294);
#294 = CARTESIAN_POINT('',(69.5,29.5,8.));
#295 = SURFACE_CURVE('',#296,(#300,#307),.PCURVE_S1.);
#296 = LINE('',#297,#298);
#297 = CARTESIAN_POINT('',(69.5,29.5,-1.));
#298 = VECTOR('',#299,1.);
#299 = DIRECTION('',(0.,0.,1.));
#300 = PCURVE('',#232,#301);
#301 = DEFINITIONAL_REPRESENTATION('',(#302),#306);
#302 = LINE('',#303,#304);
#303 = CARTESIAN_POINT('',(0.,-0.));
#304 = VECTOR('',#305,1.);
#305 = DIRECTION('',(0.,-1.));
#306 = ( GEOMETRIC_REPRESENTATION_CONTEXT(2) 
PARAMETRIC_REPRESENTATION_CONTEXT() REPRESENTATION_CONTEXT('2D SPACE',''
  ) );
#307 = PCURVE('',#308,#313);
#308 = PLANE('',#309);
#309 = AXIS2_PLACEMENT_3D('',#310,#311,#312);
#310 = CARTESIAN_POINT('',(69.5,-29.5,-1.));
#311 = DIRECTION('',(-1.,0.,0.));
#312 = DIRECTION('',(0.,1.,0.));
#313 = DEFINITIONAL_REPRESENTATION('',(#314),#318);
#314 = LINE('',#315,#316);
#315 = CARTESIAN_POINT('',(59.,0.));
#316 = VECTOR('',#317,1.);
#317 = DIRECTION('',(0.,-1.));
#318 = ( GEOMETRIC_REPRESENTATION_CONTEXT(2) 
PARAMETRIC_REPRESENTATION_CONTEXT() REPRESENTATION_CONTEXT('2D SPACE',''
  ) );
#319 = ORIENTED_EDGE('',*,*,#320,.T.);
#320 = EDGE_CURVE('',#293,#321,#323,.T.);
#321 = VERTEX_POINT('',#322);
#322 = CARTESIAN_POINT('',(-69.5,29.5,8.));
#323 = SURFACE_CURVE('',#324,(#328,#334),.PCURVE_S1.);
#324 = LINE('',#325,#326);
#325 = CARTESIAN_POINT('',(-2.309401076759,29.5,8.));
#326 = VECTOR('',#327,1.);
#327 = DIRECTION('',(-1.,-0.,-0.));
#328 = PCURVE('',#232,#329);
#329 = DEFINITIONAL_REPRESENTATION('',(#330),#333);
#330 = B_SPLINE_CURVE_WITH_KNOTS('',1,(#331,#332),.UNSPECIFIED.,.F.,.F.,
  (2,2),(-71.80940107675,67.190598923241),.PIECEWISE_BEZIER_KNOTS.);
#331 = CARTESIAN_POINT('',(0.,-9.));
#332 = CARTESIAN_POINT('',(139.,-9.));
#333 = ( GEOMETRIC_REPRESENTATION_CONTEXT(2) 
PARAMETRIC_REPRESENTATION_CONTEXT() REPRESENTATION_CONTEXT('2D SPACE',''
  ) );
#334 = PCURVE('',#98,#335);
#335 = DEFINITIONAL_REPRESENTATION('',(#336),#339);
#336 = B_SPLINE_CURVE_WITH_KNOTS('',1,(#337,#338),.UNSPECIFIED.,.F.,.F.,
  (2,2),(-71.80940107675,67.190598923241),.PIECEWISE_BEZIER_KNOTS.);
#337 = CARTESIAN_POINT('',(157.06236155009,2.264266717013));
#338 = CARTESIAN_POINT('',(30.797814797603,-55.85857073425));
#339 = ( GEOMETRIC_REPRESENTATION_CONTEXT(2) 
PARAMETRIC_REPRESENTATION_CONTEXT() REPRESENTATION_CONTEXT('2D SPACE',''
  ) );
#340 = ORIENTED_EDGE('',*,*,#341,.F.);
#341 = EDGE_CURVE('',#139,#321,#342,.T.);
#342 = SURFACE_CURVE('',#343,(#347,#354),.PCURVE_S1.);
#343 = LINE('',#344,#345);
#344 = CARTESIAN_POINT('',(-69.5,29.5,-1.));
#345 = VECTOR('',#346,1.);
#346 = DIRECTION('',(0.,0.,1.));
#347 = PCURVE('',#232,#348);
#348 = DEFINITIONAL_REPRESENTATION('',(#349),#353);
#349 = LINE('',#350,#351);
#350 = CARTESIAN_POINT('',(139.,0.));
#351 = VECTOR('',#352,1.);
#352 = DIRECTION('',(0.,-1.));
#353 = ( GEOMETRIC_REPRESENTATION_CONTEXT(2) 
PARAMETRIC_REPRESENTATION_CONTEXT() REPRESENTATION_CONTEXT('2D SPACE',''
  ) );
#354 = PCURVE('',#153,#355);
#355 = DEFINITIONAL_REPRESENTATION('',(#356),#360);
#356 = LINE('',#357,#358);
#357 = CARTESIAN_POINT('',(0.,0.));
#358 = VECTOR('',#359,1.);
#359 = DIRECTION('',(0.,-1.));
#360 = ( GEOMETRIC_REPRESENTATION_CONTEXT(2) 
PARAMETRIC_REPRESENTATION_CONTEXT() REPRESENTATION_CONTEXT('2D SPACE',''
  ) );
#361 = ADVANCED_FACE('',(#362),#308,.T.);
#362 = FACE_BOUND('',#363,.T.);
#363 = EDGE_LOOP('',(#364,#384,#407,#426));
#364 = ORIENTED_EDGE('',*,*,#365,.F.);
#365 = EDGE_CURVE('',#24,#218,#366,.T.);
#366 = SURFACE_CURVE('',#367,(#371,#378),.PCURVE_S1.);
#367 = LINE('',#368,#369);
#368 = CARTESIAN_POINT('',(69.5,-29.5,0.));
#369 = VECTOR('',#370,1.);
#370 = DIRECTION('',(0.,1.,0.));
#371 = PCURVE('',#308,#372);
#372 = DEFINITIONAL_REPRESENTATION('',(#373),#377);
#373 = LINE('',#374,#375);
#374 = CARTESIAN_POINT('',(0.,-1.));
#375 = VECTOR('',#376,1.);
#376 = DIRECTION('',(1.,0.));
#377 = ( GEOMETRIC_REPRESENTATION_CONTEXT(2) 
PARAMETRIC_REPRESENTATION_CONTEXT() REPRESENTATION_CONTEXT('2D SPACE',''
  ) );
#378 = PCURVE('',#70,#379);
#379 = DEFINITIONAL_REPRESENTATION('',(#380),#383);
#380 = B_SPLINE_CURVE_WITH_KNOTS('',1,(#381,#382),.UNSPECIFIED.,.F.,.F.,
  (2,2),(0.,59.),.PIECEWISE_BEZIER_KNOTS.);
#381 = CARTESIAN_POINT('',(0.,0.));
#382 = CARTESIAN_POINT('',(68.237604307034,0.));
#383 = ( GEOMETRIC_REPRESENTATION_CONTEXT(2) 
PARAMETRIC_REPRESENTATION_CONTEXT() REPRESENTATION_CONTEXT('2D SPACE',''
  ) );
#384 = ORIENTED_EDGE('',*,*,#385,.T.);
#385 = EDGE_CURVE('',#24,#386,#388,.T.);
#386 = VERTEX_POINT('',#387);
#387 = CARTESIAN_POINT('',(69.5,-29.5,8.));
#388 = SURFACE_CURVE('',#389,(#393,#400),.PCURVE_S1.);
#389 = LINE('',#390,#391);
#390 = CARTESIAN_POINT('',(69.5,-29.5,-1.));
#391 = VECTOR('',#392,1.);
#392 = DIRECTION('',(0.,0.,1.));
#393 = PCURVE('',#308,#394);
#394 = DEFINITIONAL_REPRESENTATION('',(#395),#399);
#395 = LINE('',#396,#397);
#396 = CARTESIAN_POINT('',(0.,0.));
#397 = VECTOR('',#398,1.);
#398 = DIRECTION('',(0.,-1.));
#399 = ( GEOMETRIC_REPRESENTATION_CONTEXT(2) 
PARAMETRIC_REPRESENTATION_CONTEXT() REPRESENTATION_CONTEXT('2D SPACE',''
  ) );
#400 = PCURVE('',#43,#401);
#401 = DEFINITIONAL_REPRESENTATION('',(#402),#406);
#402 = LINE('',#403,#404);
#403 = CARTESIAN_POINT('',(139.,0.));
#404 = VECTOR('',#405,1.);
#405 = DIRECTION('',(0.,-1.));
#406 = ( GEOMETRIC_REPRESENTATION_CONTEXT(2) 
PARAMETRIC_REPRESENTATION_CONTEXT() REPRESENTATION_CONTEXT('2D SPACE',''
  ) );
#407 = ORIENTED_EDGE('',*,*,#408,.T.);
#408 = EDGE_CURVE('',#386,#293,#409,.T.);
#409 = SURFACE_CURVE('',#410,(#414,#420),.PCURVE_S1.);
#410 = LINE('',#411,#412);
#411 = CARTESIAN_POINT('',(69.5,-31.80940107675,8.));
#412 = VECTOR('',#413,1.);
#413 = DIRECTION('',(0.,1.,0.));
#414 = PCURVE('',#308,#415);
#415 = DEFINITIONAL_REPRESENTATION('',(#416),#419);
#416 = B_SPLINE_CURVE_WITH_KNOTS('',1,(#417,#418),.UNSPECIFIED.,.F.,.F.,
  (2,2),(2.309401076759,61.309401076759),.PIECEWISE_BEZIER_KNOTS.);
#417 = CARTESIAN_POINT('',(0.,-9.));
#418 = CARTESIAN_POINT('',(59.,-9.));
#419 = ( GEOMETRIC_REPRESENTATION_CONTEXT(2) 
PARAMETRIC_REPRESENTATION_CONTEXT() REPRESENTATION_CONTEXT('2D SPACE',''
  ) );
#420 = PCURVE('',#98,#421);
#421 = DEFINITIONAL_REPRESENTATION('',(#422),#425);
#422 = B_SPLINE_CURVE_WITH_KNOTS('',1,(#423,#424),.UNSPECIFIED.,.F.,.F.,
  (2,2),(2.309401076759,61.309401076759),.PIECEWISE_BEZIER_KNOTS.);
#423 = CARTESIAN_POINT('',(132.39151687653,55.858570734259));
#424 = CARTESIAN_POINT('',(157.06236155009,2.264266717013));
#425 = ( GEOMETRIC_REPRESENTATION_CONTEXT(2) 
PARAMETRIC_REPRESENTATION_CONTEXT() REPRESENTATION_CONTEXT('2D SPACE',''
  ) );
#426 = ORIENTED_EDGE('',*,*,#292,.F.);
#427 = ADVANCED_FACE('',(#428),#153,.T.);
#428 = FACE_BOUND('',#429,.T.);
#429 = EDGE_LOOP('',(#430,#431,#432,#453));
#430 = ORIENTED_EDGE('',*,*,#138,.F.);
#431 = ORIENTED_EDGE('',*,*,#341,.T.);
#432 = ORIENTED_EDGE('',*,*,#433,.T.);
#433 = EDGE_CURVE('',#321,#434,#436,.T.);
#434 = VERTEX_POINT('',#435);
#435 = CARTESIAN_POINT('',(-69.5,-29.5,8.));
#436 = SURFACE_CURVE('',#437,(#441,#447),.PCURVE_S1.);
#437 = LINE('',#438,#439);
#438 = CARTESIAN_POINT('',(-69.5,-2.309401076759,8.));
#439 = VECTOR('',#440,1.);
#440 = DIRECTION('',(0.,-1.,0.));
#441 = PCURVE('',#153,#442);
#442 = DEFINITIONAL_REPRESENTATION('',(#443),#446);
#443 = B_SPLINE_CURVE_WITH_KNOTS('',1,(#444,#445),.UNSPECIFIED.,.F.,.F.,
  (2,2),(-31.80940107675,27.190598923241),.PIECEWISE_BEZIER_KNOTS.);
#444 = CARTESIAN_POINT('',(0.,-9.));
#445 = CARTESIAN_POINT('',(59.,-9.));
#446 = ( GEOMETRIC_REPRESENTATION_CONTEXT(2) 
PARAMETRIC_REPRESENTATION_CONTEXT() REPRESENTATION_CONTEXT('2D SPACE',''
  ) );
#447 = PCURVE('',#98,#448);
#448 = DEFINITIONAL_REPRESENTATION('',(#449),#452);
#449 = B_SPLINE_CURVE_WITH_KNOTS('',1,(#450,#451),.UNSPECIFIED.,.F.,.F.,
  (2,2),(-31.80940107675,27.190598923241),.PIECEWISE_BEZIER_KNOTS.);
#450 = CARTESIAN_POINT('',(30.797814797603,-55.85857073425));
#451 = CARTESIAN_POINT('',(6.126970124041,-2.264266717013));
#452 = ( GEOMETRIC_REPRESENTATION_CONTEXT(2) 
PARAMETRIC_REPRESENTATION_CONTEXT() REPRESENTATION_CONTEXT('2D SPACE',''
  ) );
#453 = ORIENTED_EDGE('',*,*,#454,.F.);
#454 = EDGE_CURVE('',#22,#434,#455,.T.);
#455 = SURFACE_CURVE('',#456,(#460,#467),.PCURVE_S1.);
#456 = LINE('',#457,#458);
#457 = CARTESIAN_POINT('',(-69.5,-29.5,-1.));
#458 = VECTOR('',#459,1.);
#459 = DIRECTION('',(0.,0.,1.));
#460 = PCURVE('',#153,#461);
#461 = DEFINITIONAL_REPRESENTATION('',(#462),#466);
#462 = LINE('',#463,#464);
#463 = CARTESIAN_POINT('',(59.,0.));
#464 = VECTOR('',#465,1.);
#465 = DIRECTION('',(0.,-1.));
#466 = ( GEOMETRIC_REPRESENTATION_CONTEXT(2) 
PARAMETRIC_REPRESENTATION_CONTEXT() REPRESENTATION_CONTEXT('2D SPACE',''
  ) );
#467 = PCURVE('',#43,#468);
#468 = DEFINITIONAL_REPRESENTATION('',(#469),#473);
#469 = LINE('',#470,#471);
#470 = CARTESIAN_POINT('',(0.,0.));
#471 = VECTOR('',#472,1.);
#472 = DIRECTION('',(0.,-1.));
#473 = ( GEOMETRIC_REPRESENTATION_CONTEXT(2) 
PARAMETRIC_REPRESENTATION_CONTEXT() REPRESENTATION_CONTEXT('2D SPACE',''
  ) );
#474 = ADVANCED_FACE('',(#475,#501,#525,#560,#595),#98,.F.);
#475 = FACE_BOUND('',#476,.F.);
#476 = EDGE_LOOP('',(#477,#478,#479,#480));
#477 = ORIENTED_EDGE('',*,*,#82,.F.);
#478 = ORIENTED_EDGE('',*,*,#166,.F.);
#479 = ORIENTED_EDGE('',*,*,#245,.F.);
#480 = ORIENTED_EDGE('',*,*,#481,.F.);
#481 = EDGE_CURVE('',#56,#246,#482,.T.);
#482 = SURFACE_CURVE('',#483,(#487,#494),.PCURVE_S1.);
#483 = LINE('',#484,#485);
#484 = CARTESIAN_POINT('',(74.118802153517,-34.11880215351,8.));
#485 = VECTOR('',#486,1.);
#486 = DIRECTION('',(0.,1.,0.));
#487 = PCURVE('',#98,#488);
#488 = DEFINITIONAL_REPRESENTATION('',(#489),#493);
#489 = LINE('',#490,#491);
#490 = CARTESIAN_POINT('',(134.65578359354,61.9855408583));
#491 = VECTOR('',#492,1.);
#492 = DIRECTION('',(0.418149909721,-0.908378034191));
#493 = ( GEOMETRIC_REPRESENTATION_CONTEXT(2) 
PARAMETRIC_REPRESENTATION_CONTEXT() REPRESENTATION_CONTEXT('2D SPACE',''
  ) );
#494 = PCURVE('',#70,#495);
#495 = DEFINITIONAL_REPRESENTATION('',(#496),#500);
#496 = LINE('',#497,#498);
#497 = CARTESIAN_POINT('',(0.,1.));
#498 = VECTOR('',#499,1.);
#499 = DIRECTION('',(1.,0.));
#500 = ( GEOMETRIC_REPRESENTATION_CONTEXT(2) 
PARAMETRIC_REPRESENTATION_CONTEXT() REPRESENTATION_CONTEXT('2D SPACE',''
  ) );
#501 = FACE_BOUND('',#502,.F.);
#502 = EDGE_LOOP('',(#503,#504,#523,#524));
#503 = ORIENTED_EDGE('',*,*,#433,.T.);
#504 = ORIENTED_EDGE('',*,*,#505,.T.);
#505 = EDGE_CURVE('',#434,#386,#506,.T.);
#506 = SURFACE_CURVE('',#507,(#511,#517),.PCURVE_S1.);
#507 = LINE('',#508,#509);
#508 = CARTESIAN_POINT('',(-71.80940107675,-29.5,8.));
#509 = VECTOR('',#510,1.);
#510 = DIRECTION('',(1.,-0.,0.));
#511 = PCURVE('',#98,#512);
#512 = DEFINITIONAL_REPRESENTATION('',(#513),#516);
#513 = B_SPLINE_CURVE_WITH_KNOTS('',1,(#514,#515),.UNSPECIFIED.,.F.,.F.,
  (2,2),(2.309401076759,141.30940107675),.PIECEWISE_BEZIER_KNOTS.);
#514 = CARTESIAN_POINT('',(6.126970124041,-2.264266717013));
#515 = CARTESIAN_POINT('',(132.39151687653,55.858570734259));
#516 = ( GEOMETRIC_REPRESENTATION_CONTEXT(2) 
PARAMETRIC_REPRESENTATION_CONTEXT() REPRESENTATION_CONTEXT('2D SPACE',''
  ) );
#517 = PCURVE('',#43,#518);
#518 = DEFINITIONAL_REPRESENTATION('',(#519),#522);
#519 = B_SPLINE_CURVE_WITH_KNOTS('',1,(#520,#521),.UNSPECIFIED.,.F.,.F.,
  (2,2),(2.309401076759,141.30940107675),.PIECEWISE_BEZIER_KNOTS.);
#520 = CARTESIAN_POINT('',(0.,-9.));
#521 = CARTESIAN_POINT('',(139.,-9.));
#522 = ( GEOMETRIC_REPRESENTATION_CONTEXT(2) 
PARAMETRIC_REPRESENTATION_CONTEXT() REPRESENTATION_CONTEXT('2D SPACE',''
  ) );
#523 = ORIENTED_EDGE('',*,*,#408,.T.);
#524 = ORIENTED_EDGE('',*,*,#320,.T.);
#525 = FACE_BOUND('',#526,.F.);
#526 = EDGE_LOOP('',(#527));
#527 = ORIENTED_EDGE('',*,*,#528,.T.);
#528 = EDGE_CURVE('',#529,#529,#531,.T.);
#529 = VERTEX_POINT('',#530);
#530 = CARTESIAN_POINT('',(73.309401076759,16.809401076759,8.));
#531 = SURFACE_CURVE('',#532,(#537,#548),.PCURVE_S1.);
#532 = CIRCLE('',#533,1.5);
#533 = AXIS2_PLACEMENT_3D('',#534,#535,#536);
#534 = CARTESIAN_POINT('',(71.809401076759,16.809401076759,8.));
#535 = DIRECTION('',(0.,0.,1.));
#536 = DIRECTION('',(1.,0.,-0.));
#537 = PCURVE('',#98,#538);
#538 = DEFINITIONAL_REPRESENTATION('',(#539),#547);
#539 = ( BOUNDED_CURVE() B_SPLINE_CURVE(2,(#540,#541,#542,#543,#544,#545
,#546),.UNSPECIFIED.,.T.,.F.) B_SPLINE_CURVE_WITH_KNOTS((1,2,2,2,2,1),(
    -2.094395102393,0.,2.094395102393,4.188790204786,6.28318530718,
8.377580409573),.UNSPECIFIED.) CURVE() GEOMETRIC_REPRESENTATION_ITEM() 
RATIONAL_B_SPLINE_CURVE((1.,0.5,1.,0.5,1.,0.5,1.)) REPRESENTATION_ITEM(
  '') );
#540 = CARTESIAN_POINT('',(155.21616501758,15.385028735948));
#541 = CARTESIAN_POINT('',(156.30255035081,13.024993374401));
#542 = CARTESIAN_POINT('',(153.71550710726,13.264173758301));
#543 = CARTESIAN_POINT('',(151.12846386372,13.503354142202));
#544 = CARTESIAN_POINT('',(152.62912177404,15.624209119848));
#545 = CARTESIAN_POINT('',(154.12977968435,17.745064097494));
#546 = CARTESIAN_POINT('',(155.21616501758,15.385028735948));
#547 = ( GEOMETRIC_REPRESENTATION_CONTEXT(2) 
PARAMETRIC_REPRESENTATION_CONTEXT() REPRESENTATION_CONTEXT('2D SPACE',''
  ) );
#548 = PCURVE('',#549,#554);
#549 = CYLINDRICAL_SURFACE('',#550,1.5);
#550 = AXIS2_PLACEMENT_3D('',#551,#552,#553);
#551 = CARTESIAN_POINT('',(71.809401076759,16.809401076759,9.));
#552 = DIRECTION('',(0.,0.,1.));
#553 = DIRECTION('',(1.,0.,0.));
#554 = DEFINITIONAL_REPRESENTATION('',(#555),#559);
#555 = LINE('',#556,#557);
#556 = CARTESIAN_POINT('',(0.,-1.));
#557 = VECTOR('',#558,1.);
#558 = DIRECTION('',(1.,0.));
#559 = ( GEOMETRIC_REPRESENTATION_CONTEXT(2) 
PARAMETRIC_REPRESENTATION_CONTEXT() REPRESENTATION_CONTEXT('2D SPACE',''
  ) );
#560 = FACE_BOUND('',#561,.F.);
#561 = EDGE_LOOP('',(#562));
#562 = ORIENTED_EDGE('',*,*,#563,.T.);
#563 = EDGE_CURVE('',#564,#564,#566,.T.);
#564 = VERTEX_POINT('',#565);
#565 = CARTESIAN_POINT('',(73.309401076759,0.,8.));
#566 = SURFACE_CURVE('',#567,(#572,#583),.PCURVE_S1.);
#567 = CIRCLE('',#568,1.5);
#568 = AXIS2_PLACEMENT_3D('',#569,#570,#571);
#569 = CARTESIAN_POINT('',(71.809401076759,0.,8.));
#570 = DIRECTION('',(0.,0.,1.));
#571 = DIRECTION('',(1.,0.,-0.));
#572 = PCURVE('',#98,#573);
#573 = DEFINITIONAL_REPRESENTATION('',(#574),#582);
#574 = ( BOUNDED_CURVE() B_SPLINE_CURVE(2,(#575,#576,#577,#578,#579,#580
,#581),.UNSPECIFIED.,.T.,.F.) B_SPLINE_CURVE_WITH_KNOTS((1,2,2,2,2,1),(
    -2.094395102393,0.,2.094395102393,4.188790204786,6.28318530718,
8.377580409573),.UNSPECIFIED.) CURVE() GEOMETRIC_REPRESENTATION_ITEM() 
RATIONAL_B_SPLINE_CURVE((1.,0.5,1.,0.5,1.,0.5,1.)) REPRESENTATION_ITEM(
  '') );
#575 = CARTESIAN_POINT('',(148.18731547486,30.654319441975));
#576 = CARTESIAN_POINT('',(149.27370080809,28.294284080429));
#577 = CARTESIAN_POINT('',(146.68665756455,28.533464464329));
#578 = CARTESIAN_POINT('',(144.099614321,28.772644848229));
#579 = CARTESIAN_POINT('',(145.60027223132,30.893499825875));
#580 = CARTESIAN_POINT('',(147.10093014164,33.014354803522));
#581 = CARTESIAN_POINT('',(148.18731547486,30.654319441975));
#582 = ( GEOMETRIC_REPRESENTATION_CONTEXT(2) 
PARAMETRIC_REPRESENTATION_CONTEXT() REPRESENTATION_CONTEXT('2D SPACE',''
  ) );
#583 = PCURVE('',#584,#589);
#584 = CYLINDRICAL_SURFACE('',#585,1.5);
#585 = AXIS2_PLACEMENT_3D('',#586,#587,#588);
#586 = CARTESIAN_POINT('',(71.809401076759,0.,9.));
#587 = DIRECTION('',(0.,0.,1.));
#588 = DIRECTION('',(1.,0.,0.));
#589 = DEFINITIONAL_REPRESENTATION('',(#590),#594);
#590 = LINE('',#591,#592);
#591 = CARTESIAN_POINT('',(0.,-1.));
#592 = VECTOR('',#593,1.);
#593 = DIRECTION('',(1.,0.));
#594 = ( GEOMETRIC_REPRESENTATION_CONTEXT(2) 
PARAMETRIC_REPRESENTATION_CONTEXT() REPRESENTATION_CONTEXT('2D SPACE',''
  ) );
#595 = FACE_BOUND('',#596,.F.);
#596 = EDGE_LOOP('',(#597));
#597 = ORIENTED_EDGE('',*,*,#598,.T.);
#598 = EDGE_CURVE('',#599,#599,#601,.T.);
#599 = VERTEX_POINT('',#600);
#600 = CARTESIAN_POINT('',(73.309401076759,-16.80940107675,8.));
#601 = SURFACE_CURVE('',#602,(#607,#618),.PCURVE_S1.);
#602 = CIRCLE('',#603,1.5);
#603 = AXIS2_PLACEMENT_3D('',#604,#605,#606);
#604 = CARTESIAN_POINT('',(71.809401076759,-16.80940107675,8.));
#605 = DIRECTION('',(0.,0.,1.));
#606 = DIRECTION('',(1.,0.,-0.));
#607 = PCURVE('',#98,#608);
#608 = DEFINITIONAL_REPRESENTATION('',(#609),#617);
#609 = ( BOUNDED_CURVE() B_SPLINE_CURVE(2,(#610,#611,#612,#613,#614,#615
,#616),.UNSPECIFIED.,.T.,.F.) B_SPLINE_CURVE_WITH_KNOTS((1,2,2,2,2,1),(
    -2.094395102393,0.,2.094395102393,4.188790204786,6.28318530718,
8.377580409573),.UNSPECIFIED.) CURVE() GEOMETRIC_REPRESENTATION_ITEM() 
RATIONAL_B_SPLINE_CURVE((1.,0.5,1.,0.5,1.,0.5,1.)) REPRESENTATION_ITEM(
  '') );
#610 = CARTESIAN_POINT('',(141.15846593214,45.923610148003));
#611 = CARTESIAN_POINT('',(142.24485126537,43.563574786456));
#612 = CARTESIAN_POINT('',(139.65780802183,43.802755170356));
#613 = CARTESIAN_POINT('',(137.07076477829,44.041935554256));
#614 = CARTESIAN_POINT('',(138.5714226886,46.162790531903));
#615 = CARTESIAN_POINT('',(140.07208059892,48.283645509549));
#616 = CARTESIAN_POINT('',(141.15846593214,45.923610148003));
#617 = ( GEOMETRIC_REPRESENTATION_CONTEXT(2) 
PARAMETRIC_REPRESENTATION_CONTEXT() REPRESENTATION_CONTEXT('2D SPACE',''
  ) );
#618 = PCURVE('',#619,#624);
#619 = CYLINDRICAL_SURFACE('',#620,1.5);
#620 = AXIS2_PLACEMENT_3D('',#621,#622,#623);
#621 = CARTESIAN_POINT('',(71.809401076759,-16.80940107675,9.));
#622 = DIRECTION('',(0.,0.,1.));
#623 = DIRECTION('',(1.,0.,0.));
#624 = DEFINITIONAL_REPRESENTATION('',(#625),#629);
#625 = LINE('',#626,#627);
#626 = CARTESIAN_POINT('',(0.,-1.));
#627 = VECTOR('',#628,1.);
#628 = DIRECTION('',(1.,0.));
#629 = ( GEOMETRIC_REPRESENTATION_CONTEXT(2) 
PARAMETRIC_REPRESENTATION_CONTEXT() REPRESENTATION_CONTEXT('2D SPACE',''
  ) );
#630 = ADVANCED_FACE('',(#631),#619,.F.);
#631 = FACE_BOUND('',#632,.F.);
#632 = EDGE_LOOP('',(#633,#634,#657,#1162));
#633 = ORIENTED_EDGE('',*,*,#598,.F.);
#634 = ORIENTED_EDGE('',*,*,#635,.T.);
#635 = EDGE_CURVE('',#599,#636,#638,.T.);
#636 = VERTEX_POINT('',#637);
#637 = CARTESIAN_POINT('',(73.309401076759,-16.80940107675,
    6.598076211353));
#638 = SEAM_CURVE('',#639,(#643,#650),.PCURVE_S1.);
#639 = LINE('',#640,#641);
#640 = CARTESIAN_POINT('',(73.309401076759,-16.80940107675,9.));
#641 = VECTOR('',#642,1.);
#642 = DIRECTION('',(-0.,-0.,-1.));
#643 = PCURVE('',#619,#644);
#644 = DEFINITIONAL_REPRESENTATION('',(#645),#649);
#645 = LINE('',#646,#647);
#646 = CARTESIAN_POINT('',(0.,0.));
#647 = VECTOR('',#648,1.);
#648 = DIRECTION('',(0.,-1.));
#649 = ( GEOMETRIC_REPRESENTATION_CONTEXT(2) 
PARAMETRIC_REPRESENTATION_CONTEXT() REPRESENTATION_CONTEXT('2D SPACE',''
  ) );
#650 = PCURVE('',#619,#651);
#651 = DEFINITIONAL_REPRESENTATION('',(#652),#656);
#652 = LINE('',#653,#654);
#653 = CARTESIAN_POINT('',(6.28318530718,0.));
#654 = VECTOR('',#655,1.);
#655 = DIRECTION('',(0.,-1.));
#656 = ( GEOMETRIC_REPRESENTATION_CONTEXT(2) 
PARAMETRIC_REPRESENTATION_CONTEXT() REPRESENTATION_CONTEXT('2D SPACE',''
  ) );
#657 = ORIENTED_EDGE('',*,*,#658,.T.);
#658 = EDGE_CURVE('',#636,#636,#659,.T.);
#659 = SURFACE_CURVE('',#660,(#796,#979),.PCURVE_S1.);
#660 = B_SPLINE_CURVE_WITH_KNOTS('',8,(#661,#662,#663,#664,#665,#666,
    #667,#668,#669,#670,#671,#672,#673,#674,#675,#676,#677,#678,#679,
    #680,#681,#682,#683,#684,#685,#686,#687,#688,#689,#690,#691,#692,
    #693,#694,#695,#696,#697,#698,#699,#700,#701,#702,#703,#704,#705,
    #706,#707,#708,#709,#710,#711,#712,#713,#714,#715,#716,#717,#718,
    #719,#720,#721,#722,#723,#724,#725,#726,#727,#728,#729,#730,#731,
    #732,#733,#734,#735,#736,#737,#738,#739,#740,#741,#742,#743,#744,
    #745,#746,#747,#748,#749,#750,#751,#752,#753,#754,#755,#756,#757,
    #758,#759,#760,#761,#762,#763,#764,#765,#766,#767,#768,#769,#770,
    #771,#772,#773,#774,#775,#776,#777,#778,#779,#780,#781,#782,#783,
    #784,#785,#786,#787,#788,#789,#790,#791,#792,#793,#794,#795),
  .UNSPECIFIED.,.T.,.F.,(9,7,7,7,7,7,7,7,7,7,7,7,7,7,7,7,7,7,7,9),(0.,
    7.938563570371E-02,0.119365526353,0.181593383904,0.242475985027,
    0.297328655526,0.480449238437,0.657744736157,0.717012952918,
    0.78264167049,0.850844010142,1.,1.085984048366,1.153033097533,
    1.21617095912,1.44141759169,1.648070352797,1.706777522743,
    1.768550934996,1.873045076716),.UNSPECIFIED.);
#661 = CARTESIAN_POINT('',(73.309401076759,-16.80940107675,
    6.598076211353));
#662 = CARTESIAN_POINT('',(73.309401076759,-16.73875832368,
    6.598076211353));
#663 = CARTESIAN_POINT('',(73.305598773787,-16.66715869326,
    6.591490429421));
#664 = CARTESIAN_POINT('',(73.297814239802,-16.59559134459,
    6.578007221046));
#665 = CARTESIAN_POINT('',(73.286107831135,-16.52489109216,6.55773112646
    ));
#666 = CARTESIAN_POINT('',(73.27071176262,-16.45575101079,6.531064353555
    ));
#667 = CARTESIAN_POINT('',(73.251975897458,-16.38873481076,
    6.498612883172));
#668 = CARTESIAN_POINT('',(73.230327752831,-16.32428898299,
    6.461117196788));
#669 = CARTESIAN_POINT('',(73.194119124092,-16.23176506107,
    6.398402012139));
#670 = CARTESIAN_POINT('',(73.181359868247,-16.2014768151,6.376302332749
    ));
#671 = CARTESIAN_POINT('',(73.16801781126,-16.17191117905,6.353193212171
    ));
#672 = CARTESIAN_POINT('',(73.154140117463,-16.14308069925,
    6.329156341422));
#673 = CARTESIAN_POINT('',(73.139771506798,-16.11499037766,
    6.304269177715));
#674 = CARTESIAN_POINT('',(73.124953503647,-16.08763878379,
    6.278603643392));
#675 = CARTESIAN_POINT('',(73.109723685669,-16.06101916662,
    6.252224824863));
#676 = CARTESIAN_POINT('',(73.069820237333,-15.99480994103,
    6.183110024949));
#677 = CARTESIAN_POINT('',(73.044613445342,-15.95625544779,
    6.139450580524));
#678 = CARTESIAN_POINT('',(73.018615844689,-15.91940756779,
    6.094421415318));
#679 = CARTESIAN_POINT('',(72.991934163427,-15.88421220749,
    6.048207387741));
#680 = CARTESIAN_POINT('',(72.964660519158,-15.85061156033,
    6.000968050159));
#681 = CARTESIAN_POINT('',(72.936872368566,-15.81854496804,
    5.952837561487));
#682 = CARTESIAN_POINT('',(72.908632456958,-15.78794978218,
    5.903924599779));
#683 = CARTESIAN_POINT('',(72.851964304618,-15.73020565222,
    5.805772480755));
#684 = CARTESIAN_POINT('',(72.823559007326,-15.70300220324,
    5.756573062641));
#685 = CARTESIAN_POINT('',(72.794821213792,-15.67709521676,
    5.706797744143));
#686 = CARTESIAN_POINT('',(72.765793352918,-15.65243310417,
    5.656520014274));
#687 = CARTESIAN_POINT('',(72.736512213503,-15.62896860692,
    5.605803593105));
#688 = CARTESIAN_POINT('',(72.707009213123,-15.6066580533,5.554702897471
    ));
#689 = CARTESIAN_POINT('',(72.677310667002,-15.58546061532,
    5.503263506678));
#690 = CARTESIAN_POINT('',(72.620524087887,-15.54720754155,
    5.404906266462));
#691 = CARTESIAN_POINT('',(72.593470394787,-15.52995074891,
    5.358047895481));
#692 = CARTESIAN_POINT('',(72.566293567028,-15.51353967495,
    5.310976249015));
#693 = CARTESIAN_POINT('',(72.539008625619,-15.4979493116,5.263717344213
    ));
#694 = CARTESIAN_POINT('',(72.511629084257,-15.48315686204,
    5.216294587485));
#695 = CARTESIAN_POINT('',(72.484167010446,-15.4691414474,5.168728880363
    ));
#696 = CARTESIAN_POINT('',(72.456633086616,-15.45588381337,
    5.121038725358));
#697 = CARTESIAN_POINT('',(72.336908582975,-15.40157659443,
    4.913669802142));
#698 = CARTESIAN_POINT('',(72.244121016235,-15.36804958552,
    4.752957022237));
#699 = CARTESIAN_POINT('',(72.15097992288,-15.34209312289,4.591631916273
    ));
#700 = CARTESIAN_POINT('',(72.057746435596,-15.32327020541,
    4.430146779331));
#701 = CARTESIAN_POINT('',(71.964646370135,-15.31126495846,
    4.268892735763));
#702 = CARTESIAN_POINT('',(71.871873176837,-15.30584692373,
    4.108204851392));
#703 = CARTESIAN_POINT('',(71.779589446911,-15.30688059609,
    3.948364742448));
#704 = CARTESIAN_POINT('',(71.599190341491,-15.32153733106,
    3.635904326221));
#705 = CARTESIAN_POINT('',(71.51109361002,-15.3347542978,3.483316311331)
  );
#706 = CARTESIAN_POINT('',(71.423774104836,-15.35393110987,
    3.332074491861));
#707 = CARTESIAN_POINT('',(71.337397686045,-15.37909995024,
    3.182466145939));
#708 = CARTESIAN_POINT('',(71.252165180295,-15.4103603541,3.034839115524
    ));
#709 = CARTESIAN_POINT('',(71.168312284846,-15.44787186049,
    2.889601640246));
#710 = CARTESIAN_POINT('',(71.086115219332,-15.49187341246,
    2.747232146541));
#711 = CARTESIAN_POINT('',(70.979097209951,-15.55975966744,
    2.561871516969));
#712 = CARTESIAN_POINT('',(70.952510355616,-15.5775344857,2.515821734447
    ));
#713 = CARTESIAN_POINT('',(70.926162174725,-15.59608971543,
    2.470185346457));
#714 = CARTESIAN_POINT('',(70.9000676416,-15.61544007468,2.424988289285)
  );
#715 = CARTESIAN_POINT('',(70.874243359887,-15.63560155358,
    2.380259321288));
#716 = CARTESIAN_POINT('',(70.84870765968,-15.65659165288,2.336030191123
    ));
#717 = CARTESIAN_POINT('',(70.823480694645,-15.67842962261,
    2.292335805962));
#718 = CARTESIAN_POINT('',(70.771016597211,-15.72628063945,
    2.201465323633));
#719 = CARTESIAN_POINT('',(70.743855756739,-15.75248879832,
    2.154421367959));
#720 = CARTESIAN_POINT('',(70.717131150671,-15.77979111257,
    2.108132992437));
#721 = CARTESIAN_POINT('',(70.690876708444,-15.80821867227,
    2.062658964576));
#722 = CARTESIAN_POINT('',(70.665131502831,-15.83780436544,
    2.018066960402));
#723 = CARTESIAN_POINT('',(70.639940096778,-15.86858352132,
    1.974434165204));
#724 = CARTESIAN_POINT('',(70.61535289025,-15.90059455358,1.931847874281
    ));
#725 = CARTESIAN_POINT('',(70.56656177215,-15.96846992253,1.847339178774
    ));
#726 = CARTESIAN_POINT('',(70.542415148907,-16.00442990618,
    1.805516000486));
#727 = CARTESIAN_POINT('',(70.51904741286,-16.0418106481,1.765041894395)
  );
#728 = CARTESIAN_POINT('',(70.496532924575,-16.08066017015,1.72604565678
    ));
#729 = CARTESIAN_POINT('',(70.474959701972,-16.12102331803,
    1.688679739148));
#730 = CARTESIAN_POINT('',(70.45442953263,-16.16294165699,1.653120442759
    ));
#731 = CARTESIAN_POINT('',(70.43505808609,-16.20645336743,1.619568113136
    ));
#732 = CARTESIAN_POINT('',(70.377428044111,-16.35031215205,
    1.519749952387));
#733 = CARTESIAN_POINT('',(70.343591478665,-16.45794771287,1.46114330188
    ));
#734 = CARTESIAN_POINT('',(70.317470303195,-16.57418766934,
    1.415900098813));
#735 = CARTESIAN_POINT('',(70.301310518323,-16.69797805649,
    1.387910530374));
#736 = CARTESIAN_POINT('',(70.297237357966,-16.82739609098,1.38085560969
    ));
#737 = CARTESIAN_POINT('',(70.306783771656,-16.95950353872,
    1.397390483229));
#738 = CARTESIAN_POINT('',(70.330344062794,-17.0901726462,1.438198104522
    ));
#739 = CARTESIAN_POINT('',(70.384823339086,-17.28484019619,
    1.532558979019));
#740 = CARTESIAN_POINT('',(70.408440265899,-17.35378133867,
    1.573464696179));
#741 = CARTESIAN_POINT('',(70.435347513471,-17.41988614889,
    1.620069416065));
#742 = CARTESIAN_POINT('',(70.465067151659,-17.48282812514,
    1.671545339388));
#743 = CARTESIAN_POINT('',(70.497131705568,-17.54245318761,
    1.727082775881));
#744 = CARTESIAN_POINT('',(70.531123007568,-17.5987313336,1.785957437961
    ));
#745 = CARTESIAN_POINT('',(70.566690979782,-17.65172967949,
    1.847562972957));
#746 = CARTESIAN_POINT('',(70.632339679404,-17.74045692733,
    1.961269856155));
#747 = CARTESIAN_POINT('',(70.661904204019,-17.7774194083,2.012477114889
    ));
#748 = CARTESIAN_POINT('',(70.692151271072,-17.8125380927,2.064866571804
    ));
#749 = CARTESIAN_POINT('',(70.722977184186,-17.84588197381,
    2.118258619507));
#750 = CARTESIAN_POINT('',(70.754293443391,-17.87752050797,
    2.172499971554));
#751 = CARTESIAN_POINT('',(70.786026602826,-17.90752325749,2.22746341598
    ));
#752 = CARTESIAN_POINT('',(70.818118128442,-17.93595953353,2.28304756884
    ));
#753 = CARTESIAN_POINT('',(70.881040028912,-17.98826513456,
    2.392031497362));
#754 = CARTESIAN_POINT('',(70.911829232289,-18.01229948512,
    2.445359961936));
#755 = CARTESIAN_POINT('',(70.94285196523,-18.03505577926,2.499092911579
    ));
#756 = CARTESIAN_POINT('',(70.974073193505,-18.05658364647,
    2.553169665226));
#757 = CARTESIAN_POINT('',(71.005462565475,-18.07692832441,
    2.607537652295));
#758 = CARTESIAN_POINT('',(71.036994228308,-18.0961313262,2.66215209437)
  );
#759 = CARTESIAN_POINT('',(71.068646644195,-18.11423110762,
    2.716975686869));
#760 = CARTESIAN_POINT('',(71.213692251316,-18.19202825392,
    2.968202047817));
#761 = CARTESIAN_POINT('',(71.328161294482,-18.23913692538,
    3.166468246474));
#762 = CARTESIAN_POINT('',(71.443167042073,-18.27434740182,
    3.365664044464));
#763 = CARTESIAN_POINT('',(71.558203436298,-18.29855359286,
    3.564912923981));
#764 = CARTESIAN_POINT('',(71.672864883779,-18.31246774533,
    3.763512376687));
#765 = CARTESIAN_POINT('',(71.786848549186,-18.31651158824,
    3.960937876406));
#766 = CARTESIAN_POINT('',(71.899939131672,-18.31093153987,
    4.156816511129));
#767 = CARTESIAN_POINT('',(72.114809442571,-18.28164155187,
    4.528982806643));
#768 = CARTESIAN_POINT('',(72.216567058043,-18.25949156635,
    4.705232166698));
#769 = CARTESIAN_POINT('',(72.317154451345,-18.22920784415,
    4.879454642501));
#770 = CARTESIAN_POINT('',(72.416350570788,-18.19059872868,
    5.051267361283));
#771 = CARTESIAN_POINT('',(72.513842707113,-18.14335064972,
    5.220128694743));
#772 = CARTESIAN_POINT('',(72.609199426815,-18.08695844554,
    5.385291378106));
#773 = CARTESIAN_POINT('',(72.70188008341,-18.0207668285,5.545818984208)
  );
#774 = CARTESIAN_POINT('',(72.816451571506,-17.9215940358,5.744262622689
    ));
#775 = CARTESIAN_POINT('',(72.841513927479,-17.89876769208,
    5.787671896593));
#776 = CARTESIAN_POINT('',(72.86627163849,-17.8750292688,5.830553509942)
  );
#777 = CARTESIAN_POINT('',(72.890701815344,-17.85035099109,
    5.872867817492));
#778 = CARTESIAN_POINT('',(72.914778058803,-17.82470309512,
    5.914569094419));
#779 = CARTESIAN_POINT('',(72.938470175633,-17.79805328618,
    5.955605044507));
#780 = CARTESIAN_POINT('',(72.961743894661,-17.77036619669,
    5.995916308344));
#781 = CARTESIAN_POINT('',(73.008568973721,-17.71133719814,
    6.077019724344));
#782 = CARTESIAN_POINT('',(73.032068148114,-17.6798840495,6.11772148833)
  );
#783 = CARTESIAN_POINT('',(73.055015036991,-17.64719522565,
    6.157466665739));
#784 = CARTESIAN_POINT('',(73.077356951841,-17.61322293967,
    6.196163997399));
#785 = CARTESIAN_POINT('',(73.09903109116,-17.57791937664,6.233704707909
    ));
#786 = CARTESIAN_POINT('',(73.119964046938,-17.54123627976,
    6.269961650868));
#787 = CARTESIAN_POINT('',(73.140071311159,-17.50312453661,
    6.304788454101));
#788 = CARTESIAN_POINT('',(73.191710377893,-17.39656314612,6.39422994134
    ));
#789 = CARTESIAN_POINT('',(73.221537446084,-17.32533658924,
    6.445891938888));
#790 = CARTESIAN_POINT('',(73.248272610285,-17.24959147353,6.49219860163
    ));
#791 = CARTESIAN_POINT('',(73.271257853722,-17.16923073887,
    6.532010211094));
#792 = CARTESIAN_POINT('',(73.289682885553,-17.0843791978,6.563923302349
    ));
#793 = CARTESIAN_POINT('',(73.302681639866,-16.99546737714,
    6.586437805259));
#794 = CARTESIAN_POINT('',(73.309401076759,-16.9033111586,6.598076211353
    ));
#795 = CARTESIAN_POINT('',(73.309401076759,-16.80940107675,
    6.598076211353));
#796 = PCURVE('',#619,#797);
#797 = DEFINITIONAL_REPRESENTATION('',(#798),#978);
#798 = B_SPLINE_CURVE_WITH_KNOTS('',3,(#799,#800,#801,#802,#803,#804,
    #805,#806,#807,#808,#809,#810,#811,#812,#813,#814,#815,#816,#817,
    #818,#819,#820,#821,#822,#823,#824,#825,#826,#827,#828,#829,#830,
    #831,#832,#833,#834,#835,#836,#837,#838,#839,#840,#841,#842,#843,
    #844,#845,#846,#847,#848,#849,#850,#851,#852,#853,#854,#855,#856,
    #857,#858,#859,#860,#861,#862,#863,#864,#865,#866,#867,#868,#869,
    #870,#871,#872,#873,#874,#875,#876,#877,#878,#879,#880,#881,#882,
    #883,#884,#885,#886,#887,#888,#889,#890,#891,#892,#893,#894,#895,
    #896,#897,#898,#899,#900,#901,#902,#903,#904,#905,#906,#907,#908,
    #909,#910,#911,#912,#913,#914,#915,#916,#917,#918,#919,#920,#921,
    #922,#923,#924,#925,#926,#927,#928,#929,#930,#931,#932,#933,#934,
    #935,#936,#937,#938,#939,#940,#941,#942,#943,#944,#945,#946,#947,
    #948,#949,#950,#951,#952,#953,#954,#955,#956,#957,#958,#959,#960,
    #961,#962,#963,#964,#965,#966,#967,#968,#969,#970,#971,#972,#973,
    #974,#975,#976,#977),.UNSPECIFIED.,.F.,.F.,(4,1,1,1,1,1,1,1,1,1,1,1,
    1,1,1,1,1,1,1,1,1,1,1,1,1,1,1,1,1,1,1,1,1,1,1,1,1,1,1,1,1,1,1,1,1,1,
    1,1,1,1,1,1,1,1,1,1,1,1,1,1,1,1,1,1,1,1,1,1,1,1,1,1,1,1,1,1,1,1,1,1,
    1,1,1,1,1,1,1,1,1,1,1,1,1,1,1,1,1,1,1,1,1,1,1,1,1,1,1,1,1,1,1,1,1,1,
    1,1,1,1,1,1,1,1,1,1,1,1,1,1,1,1,1,1,1,1,1,1,1,1,1,1,1,1,1,1,1,1,1,1,
    1,1,1,1,1,1,1,1,1,1,1,1,1,1,1,1,1,1,1,1,1,1,1,1,1,1,1,1,4),(0.,
    1.064230157225E-02,2.12846031445E-02,3.192690471674E-02,
    4.256920628899E-02,5.321150786124E-02,6.385380943349E-02,
    7.449611100573E-02,8.513841257798E-02,9.578071415023E-02,
    0.106423015722,0.117065317295,0.127707618867,0.138349920439,
    0.148992222011,0.159634523584,0.170276825156,0.180919126728,
    0.1915614283,0.202203729873,0.212846031445,0.223488333017,
    0.234130634589,0.244772936162,0.255415237734,0.266057539306,
    0.276699840878,0.287342142451,0.297984444023,0.308626745595,
    0.319269047167,0.32991134874,0.340553650312,0.351195951884,
    0.361838253456,0.372480555029,0.383122856601,0.393765158173,
    0.404407459745,0.415049761318,0.42569206289,0.436334364462,
    0.446976666034,0.457618967607,0.468261269179,0.478903570751,
    0.489545872323,0.500188173896,0.510830475468,0.52147277704,
    0.532115078612,0.542757380185,0.553399681757,0.564041983329,
    0.574684284901,0.585326586474,0.595968888046,0.606611189618,
    0.61725349119,0.627895792763,0.638538094335,0.649180395907,
    0.659822697479,0.670464999052,0.681107300624,0.691749602196,
    0.702391903768,0.713034205341,0.723676506913,0.734318808485,
    0.744961110057,0.75560341163,0.766245713202,0.776888014774,
    0.787530316346,0.798172617919,0.808814919491,0.819457221063,
    0.830099522635,0.840741824208,0.85138412578,0.862026427352,
    0.872668728924,0.883311030497,0.893953332069,0.904595633641,
    0.915237935213,0.925880236786,0.936522538358,0.94716483993,
    0.957807141502,0.968449443075,0.979091744647,0.989734046219,
    1.000376347791,1.011018649364,1.021660950936,1.032303252508,
    1.04294555408,1.053587855653,1.064230157225,1.074872458797,
    1.085514760369,1.096157061942,1.106799363514,1.117441665086,
    1.128083966658,1.138726268231,1.149368569803,1.160010871375,
    1.170653172947,1.18129547452,1.191937776092,1.202580077664,
    1.213222379236,1.223864680808,1.234506982381,1.245149283953,
    1.255791585525,1.266433887097,1.27707618867,1.287718490242,
    1.298360791814,1.309003093386,1.319645394959,1.330287696531,
    1.340929998103,1.351572299675,1.362214601248,1.37285690282,
    1.383499204392,1.394141505964,1.404783807537,1.415426109109,
    1.426068410681,1.436710712253,1.447353013826,1.457995315398,
    1.46863761697,1.479279918542,1.489922220115,1.500564521687,
    1.511206823259,1.521849124831,1.532491426404,1.543133727976,
    1.553776029548,1.56441833112,1.575060632693,1.585702934265,
    1.596345235837,1.606987537409,1.617629838982,1.628272140554,
    1.638914442126,1.649556743698,1.660199045271,1.670841346843,
    1.681483648415,1.692125949987,1.70276825156,1.713410553132,
    1.724052854704,1.734695156276,1.745337457849,1.755979759421,
    1.766622060993,1.777264362565,1.787906664138,1.79854896571,
    1.809191267282,1.819833568854,1.830475870427,1.841118171999,
    1.851760473571,1.862402775143,1.873045076716),
  .QUASI_UNIFORM_KNOTS.);
#799 = CARTESIAN_POINT('',(0.,-2.401923788647));
#800 = CARTESIAN_POINT('',(1.684030505657E-02,-2.401908218304));
#801 = CARTESIAN_POINT('',(5.07182402532E-02,-2.404146399159));
#802 = CARTESIAN_POINT('',(0.10181041076,-2.414249536272));
#803 = CARTESIAN_POINT('',(0.152843253416,-2.43110278115));
#804 = CARTESIAN_POINT('',(0.203544780742,-2.454478183192));
#805 = CARTESIAN_POINT('',(0.253673324024,-2.484031629946));
#806 = CARTESIAN_POINT('',(0.303014667258,-2.519300943107));
#807 = CARTESIAN_POINT('',(0.351383215645,-2.559743861755));
#808 = CARTESIAN_POINT('',(0.398585482345,-2.604717123763));
#809 = CARTESIAN_POINT('',(0.444646565775,-2.65374501051));
#810 = CARTESIAN_POINT('',(0.489540524391,-2.706320218369));
#811 = CARTESIAN_POINT('',(0.533276477166,-2.761982225992));
#812 = CARTESIAN_POINT('',(0.575882622142,-2.820320183874));
#813 = CARTESIAN_POINT('',(0.617402112055,-2.880973903409));
#814 = CARTESIAN_POINT('',(0.657893369028,-2.943640878458));
#815 = CARTESIAN_POINT('',(0.697411610906,-3.008050087954));
#816 = CARTESIAN_POINT('',(0.736014180917,-3.073967721569));
#817 = CARTESIAN_POINT('',(0.773761856249,-3.141198539141));
#818 = CARTESIAN_POINT('',(0.810713807897,-3.209575222909));
#819 = CARTESIAN_POINT('',(0.84692098121,-3.278943178542));
#820 = CARTESIAN_POINT('',(0.882437261882,-3.349177668102));
#821 = CARTESIAN_POINT('',(0.917310693386,-3.420165365344));
#822 = CARTESIAN_POINT('',(0.951586836212,-3.491808023119));
#823 = CARTESIAN_POINT('',(0.985310063653,-3.564022984159));
#824 = CARTESIAN_POINT('',(1.018520011999,-3.636733564866));
#825 = CARTESIAN_POINT('',(1.051254007202,-3.709872446741));
#826 = CARTESIAN_POINT('',(1.083547376393,-3.783380465939));
#827 = CARTESIAN_POINT('',(1.11543253191,-3.857203243169));
#828 = CARTESIAN_POINT('',(1.146941336071,-3.931295306743));
#829 = CARTESIAN_POINT('',(1.178099545979,-4.005605660146));
#830 = CARTESIAN_POINT('',(1.208934317358,-4.080094451392));
#831 = CARTESIAN_POINT('',(1.239473404202,-4.154730507277));
#832 = CARTESIAN_POINT('',(1.269741657136,-4.229482062334));
#833 = CARTESIAN_POINT('',(1.299762378902,-4.304319173368));
#834 = CARTESIAN_POINT('',(1.329557322598,-4.379213011141));
#835 = CARTESIAN_POINT('',(1.359147005354,-4.454135996107));
#836 = CARTESIAN_POINT('',(1.388550896535,-4.529061714222));
#837 = CARTESIAN_POINT('',(1.417787605528,-4.603964897029));
#838 = CARTESIAN_POINT('',(1.446875041784,-4.678821388419));
#839 = CARTESIAN_POINT('',(1.475830560763,-4.753608119459));
#840 = CARTESIAN_POINT('',(1.50467109482,-4.828303078527));
#841 = CARTESIAN_POINT('',(1.533413282207,-4.90288530165));
#842 = CARTESIAN_POINT('',(1.562073561742,-4.977334791375));
#843 = CARTESIAN_POINT('',(1.590668365294,-5.051632701224));
#844 = CARTESIAN_POINT('',(1.619213923432,-5.125760524359));
#845 = CARTESIAN_POINT('',(1.64772749819,-5.199702990148));
#846 = CARTESIAN_POINT('',(1.676223275164,-5.273437110419));
#847 = CARTESIAN_POINT('',(1.704710676394,-5.346927669104));
#848 = CARTESIAN_POINT('',(1.733207451078,-5.420160806347));
#849 = CARTESIAN_POINT('',(1.761728836433,-5.49311564834));
#850 = CARTESIAN_POINT('',(1.790290457063,-5.565771553712));
#851 = CARTESIAN_POINT('',(1.818907674365,-5.638106156835));
#852 = CARTESIAN_POINT('',(1.847595887219,-5.710095873549));
#853 = CARTESIAN_POINT('',(1.876370579193,-5.781715741721));
#854 = CARTESIAN_POINT('',(1.90524743702,-5.852939433027));
#855 = CARTESIAN_POINT('',(1.934242455401,-5.923739209571));
#856 = CARTESIAN_POINT('',(1.963372054531,-5.994085886052));
#857 = CARTESIAN_POINT('',(1.992653203311,-6.063948772565));
#858 = CARTESIAN_POINT('',(2.022103565457,-6.133295628568));
#859 = CARTESIAN_POINT('',(2.05174162401,-6.202092522375));
#860 = CARTESIAN_POINT('',(2.081586963867,-6.270303979716));
#861 = CARTESIAN_POINT('',(2.111660058625,-6.337891984466));
#862 = CARTESIAN_POINT('',(2.141984018117,-6.404819187129));
#863 = CARTESIAN_POINT('',(2.172578690585,-6.471035330122));
#864 = CARTESIAN_POINT('',(2.203466375892,-6.536489500448));
#865 = CARTESIAN_POINT('',(2.234671671213,-6.601128890184));
#866 = CARTESIAN_POINT('',(2.266220021194,-6.664894778353));
#867 = CARTESIAN_POINT('',(2.298138557408,-6.727723402241));
#868 = CARTESIAN_POINT('',(2.330456170093,-6.789545224165));
#869 = CARTESIAN_POINT('',(2.363202410593,-6.850281652525));
#870 = CARTESIAN_POINT('',(2.396410847495,-6.909850168052));
#871 = CARTESIAN_POINT('',(2.43011561228,-6.968156689449));
#872 = CARTESIAN_POINT('',(2.464352849884,-7.025096699301));
#873 = CARTESIAN_POINT('',(2.499160850032,-7.080553949873));
#874 = CARTESIAN_POINT('',(2.534581893721,-7.134401798047));
#875 = CARTESIAN_POINT('',(2.570654837666,-7.186490250485));
#876 = CARTESIAN_POINT('',(2.607428432533,-7.236663800837));
#877 = CARTESIAN_POINT('',(2.6449500552,-7.28474234216));
#878 = CARTESIAN_POINT('',(2.683263056939,-7.330518807776));
#879 = CARTESIAN_POINT('',(2.722426514823,-7.373776586545));
#880 = CARTESIAN_POINT('',(2.762444101756,-7.414221495364));
#881 = CARTESIAN_POINT('',(2.803536301532,-7.4517374539));
#882 = CARTESIAN_POINT('',(2.84579944176,-7.486004553098));
#883 = CARTESIAN_POINT('',(2.889166573381,-7.516549795519));
#884 = CARTESIAN_POINT('',(2.93360097809,-7.542937480717));
#885 = CARTESIAN_POINT('',(2.979043932683,-7.56472972286));
#886 = CARTESIAN_POINT('',(3.025427720444,-7.581509540978));
#887 = CARTESIAN_POINT('',(3.072670463893,-7.592888466177));
#888 = CARTESIAN_POINT('',(3.120674989465,-7.598519995146));
#889 = CARTESIAN_POINT('',(3.169325654596,-7.598113649757));
#890 = CARTESIAN_POINT('',(3.218484346553,-7.59145177021));
#891 = CARTESIAN_POINT('',(3.26798577639,-7.578408742467));
#892 = CARTESIAN_POINT('',(3.317628973999,-7.558975174388));
#893 = CARTESIAN_POINT('',(3.367175549042,-7.533281181403));
#894 = CARTESIAN_POINT('',(3.416313573366,-7.501644017754));
#895 = CARTESIAN_POINT('',(3.464739183418,-7.464549580756));
#896 = CARTESIAN_POINT('',(3.51235233855,-7.422440928904));
#897 = CARTESIAN_POINT('',(3.559036283918,-7.375819702732));
#898 = CARTESIAN_POINT('',(3.604723036304,-7.325181047731));
#899 = CARTESIAN_POINT('',(3.649367958347,-7.271009055134));
#900 = CARTESIAN_POINT('',(3.692951087548,-7.213760422228));
#901 = CARTESIAN_POINT('',(3.735473325503,-7.15385439939));
#902 = CARTESIAN_POINT('',(3.776954675852,-7.091664506868));
#903 = CARTESIAN_POINT('',(3.817435505225,-7.027507475454));
#904 = CARTESIAN_POINT('',(3.856970261683,-6.961645518555));
#905 = CARTESIAN_POINT('',(3.895609534891,-6.89431508071));
#906 = CARTESIAN_POINT('',(3.933403461257,-6.825723979585));
#907 = CARTESIAN_POINT('',(3.970402077023,-6.756052296949));
#908 = CARTESIAN_POINT('',(4.006656203476,-6.685452670652));
#909 = CARTESIAN_POINT('',(4.042218795695,-6.61404923686));
#910 = CARTESIAN_POINT('',(4.077131927407,-6.541965624416));
#911 = CARTESIAN_POINT('',(4.111441927644,-6.469297589399));
#912 = CARTESIAN_POINT('',(4.14519034549,-6.396132926138));
#913 = CARTESIAN_POINT('',(4.17841646562,-6.322548355364));
#914 = CARTESIAN_POINT('',(4.211158344567,-6.248608909609));
#915 = CARTESIAN_POINT('',(4.243450323892,-6.17437524979));
#916 = CARTESIAN_POINT('',(4.275316795532,-6.099920069376));
#917 = CARTESIAN_POINT('',(4.30679624497,-6.025273295405));
#918 = CARTESIAN_POINT('',(4.33791987296,-5.950472099726));
#919 = CARTESIAN_POINT('',(4.368717196769,-5.875549464412));
#920 = CARTESIAN_POINT('',(4.399215134619,-5.800537325129));
#921 = CARTESIAN_POINT('',(4.429438744046,-5.725465797514));
#922 = CARTESIAN_POINT('',(4.459411441219,-5.650363444178));
#923 = CARTESIAN_POINT('',(4.489155297658,-5.575257255658));
#924 = CARTESIAN_POINT('',(4.5186912666,-5.500172702363));
#925 = CARTESIAN_POINT('',(4.548039388711,-5.425133763204));
#926 = CARTESIAN_POINT('',(4.577218972117,-5.350162957382));
#927 = CARTESIAN_POINT('',(4.606248754819,-5.275281373312));
#928 = CARTESIAN_POINT('',(4.635147052798,-5.200508696952));
#929 = CARTESIAN_POINT('',(4.663931896958,-5.125863240366));
#930 = CARTESIAN_POINT('',(4.692621162758,-5.051361967934));
#931 = CARTESIAN_POINT('',(4.721232690287,-4.977020532005));
#932 = CARTESIAN_POINT('',(4.749784414187,-4.902853274736));
#933 = CARTESIAN_POINT('',(4.778294441582,-4.828873357941));
#934 = CARTESIAN_POINT('',(4.806781320244,-4.755092416627));
#935 = CARTESIAN_POINT('',(4.835263606274,-4.681521990668));
#936 = CARTESIAN_POINT('',(4.863762071602,-4.608168319135));
#937 = CARTESIAN_POINT('',(4.892274699558,-4.535096596632));
#938 = CARTESIAN_POINT('',(4.920823394241,-4.462310958922));
#939 = CARTESIAN_POINT('',(4.949426055895,-4.389827048479));
#940 = CARTESIAN_POINT('',(4.978101326629,-4.31766003403));
#941 = CARTESIAN_POINT('',(5.006867475346,-4.245827827884));
#942 = CARTESIAN_POINT('',(5.035742851737,-4.174350247847));
#943 = CARTESIAN_POINT('',(5.064745922481,-4.103249280431));
#944 = CARTESIAN_POINT('',(5.093895425458,-4.032549062604));
#945 = CARTESIAN_POINT('',(5.123210501608,-3.962275952609));
#946 = CARTESIAN_POINT('',(5.152710845383,-3.892458591817));
#947 = CARTESIAN_POINT('',(5.18241686677,-3.823127985865));
#948 = CARTESIAN_POINT('',(5.212349870858,-3.754317601922));
#949 = CARTESIAN_POINT('',(5.242532261161,-3.686063483474));
#950 = CARTESIAN_POINT('',(5.272987764727,-3.618404402505));
#951 = CARTESIAN_POINT('',(5.303741716648,-3.551381995658));
#952 = CARTESIAN_POINT('',(5.334821300149,-3.485041110819));
#953 = CARTESIAN_POINT('',(5.366256174275,-3.419429549742));
#954 = CARTESIAN_POINT('',(5.398077930255,-3.354600280884));
#955 = CARTESIAN_POINT('',(5.430324257036,-3.290604688555));
#956 = CARTESIAN_POINT('',(5.463025356454,-3.22752071439));
#957 = CARTESIAN_POINT('',(5.496215606023,-3.165430095804));
#958 = CARTESIAN_POINT('',(5.529935609647,-3.10441658933));
#959 = CARTESIAN_POINT('',(5.564227097171,-3.044577878609));
#960 = CARTESIAN_POINT('',(5.599135352169,-2.986023049856));
#961 = CARTESIAN_POINT('',(5.634709202875,-2.92887466388));
#962 = CARTESIAN_POINT('',(5.670997707378,-2.873276620675));
#963 = CARTESIAN_POINT('',(5.708058993064,-2.819383011996));
#964 = CARTESIAN_POINT('',(5.745949794085,-2.767376978745));
#965 = CARTESIAN_POINT('',(5.784729307781,-2.717467428548));
#966 = CARTESIAN_POINT('',(5.824458293459,-2.669892822015));
#967 = CARTESIAN_POINT('',(5.865206452713,-2.624914540622));
#968 = CARTESIAN_POINT('',(5.90705216549,-2.582825786221));
#969 = CARTESIAN_POINT('',(5.950043358482,-2.543990232087));
#970 = CARTESIAN_POINT('',(5.994212843602,-2.508815634235));
#971 = CARTESIAN_POINT('',(6.03957355607,-2.477749441912));
#972 = CARTESIAN_POINT('',(6.086117905592,-2.451266395261));
#973 = CARTESIAN_POINT('',(6.133815382071,-2.429856332149));
#974 = CARTESIAN_POINT('',(6.182606946643,-2.414005102168));
#975 = CARTESIAN_POINT('',(6.232405607687,-2.404183494223));
#976 = CARTESIAN_POINT('',(6.266177716043,-2.40191731648));
#977 = CARTESIAN_POINT('',(6.28318530718,-2.401923788647));
#978 = ( GEOMETRIC_REPRESENTATION_CONTEXT(2) 
PARAMETRIC_REPRESENTATION_CONTEXT() REPRESENTATION_CONTEXT('2D SPACE',''
  ) );
#979 = PCURVE('',#70,#980);
#980 = DEFINITIONAL_REPRESENTATION('',(#981),#1161);
#981 = B_SPLINE_CURVE_WITH_KNOTS('',3,(#982,#983,#984,#985,#986,#987,
    #988,#989,#990,#991,#992,#993,#994,#995,#996,#997,#998,#999,#1000,
    #1001,#1002,#1003,#1004,#1005,#1006,#1007,#1008,#1009,#1010,#1011,
    #1012,#1013,#1014,#1015,#1016,#1017,#1018,#1019,#1020,#1021,#1022,
    #1023,#1024,#1025,#1026,#1027,#1028,#1029,#1030,#1031,#1032,#1033,
    #1034,#1035,#1036,#1037,#1038,#1039,#1040,#1041,#1042,#1043,#1044,
    #1045,#1046,#1047,#1048,#1049,#1050,#1051,#1052,#1053,#1054,#1055,
    #1056,#1057,#1058,#1059,#1060,#1061,#1062,#1063,#1064,#1065,#1066,
    #1067,#1068,#1069,#1070,#1071,#1072,#1073,#1074,#1075,#1076,#1077,
    #1078,#1079,#1080,#1081,#1082,#1083,#1084,#1085,#1086,#1087,#1088,
    #1089,#1090,#1091,#1092,#1093,#1094,#1095,#1096,#1097,#1098,#1099,
    #1100,#1101,#1102,#1103,#1104,#1105,#1106,#1107,#1108,#1109,#1110,
    #1111,#1112,#1113,#1114,#1115,#1116,#1117,#1118,#1119,#1120,#1121,
    #1122,#1123,#1124,#1125,#1126,#1127,#1128,#1129,#1130,#1131,#1132,
    #1133,#1134,#1135,#1136,#1137,#1138,#1139,#1140,#1141,#1142,#1143,
    #1144,#1145,#1146,#1147,#1148,#1149,#1150,#1151,#1152,#1153,#1154,
    #1155,#1156,#1157,#1158,#1159,#1160),.UNSPECIFIED.,.F.,.F.,(4,1,1,1,
    1,1,1,1,1,1,1,1,1,1,1,1,1,1,1,1,1,1,1,1,1,1,1,1,1,1,1,1,1,1,1,1,1,1,
    1,1,1,1,1,1,1,1,1,1,1,1,1,1,1,1,1,1,1,1,1,1,1,1,1,1,1,1,1,1,1,1,1,1,
    1,1,1,1,1,1,1,1,1,1,1,1,1,1,1,1,1,1,1,1,1,1,1,1,1,1,1,1,1,1,1,1,1,1,
    1,1,1,1,1,1,1,1,1,1,1,1,1,1,1,1,1,1,1,1,1,1,1,1,1,1,1,1,1,1,1,1,1,1,
    1,1,1,1,1,1,1,1,1,1,1,1,1,1,1,1,1,1,1,1,1,1,1,1,1,1,1,1,1,1,1,1,1,1,
    1,1,4),(0.,1.064230157225E-02,2.12846031445E-02,3.192690471674E-02,
    4.256920628899E-02,5.321150786124E-02,6.385380943349E-02,
    7.449611100573E-02,8.513841257798E-02,9.578071415023E-02,
    0.106423015722,0.117065317295,0.127707618867,0.138349920439,
    0.148992222011,0.159634523584,0.170276825156,0.180919126728,
    0.1915614283,0.202203729873,0.212846031445,0.223488333017,
    0.234130634589,0.244772936162,0.255415237734,0.266057539306,
    0.276699840878,0.287342142451,0.297984444023,0.308626745595,
    0.319269047167,0.32991134874,0.340553650312,0.351195951884,
    0.361838253456,0.372480555029,0.383122856601,0.393765158173,
    0.404407459745,0.415049761318,0.42569206289,0.436334364462,
    0.446976666034,0.457618967607,0.468261269179,0.478903570751,
    0.489545872323,0.500188173896,0.510830475468,0.52147277704,
    0.532115078612,0.542757380185,0.553399681757,0.564041983329,
    0.574684284901,0.585326586474,0.595968888046,0.606611189618,
    0.61725349119,0.627895792763,0.638538094335,0.649180395907,
    0.659822697479,0.670464999052,0.681107300624,0.691749602196,
    0.702391903768,0.713034205341,0.723676506913,0.734318808485,
    0.744961110057,0.75560341163,0.766245713202,0.776888014774,
    0.787530316346,0.798172617919,0.808814919491,0.819457221063,
    0.830099522635,0.840741824208,0.85138412578,0.862026427352,
    0.872668728924,0.883311030497,0.893953332069,0.904595633641,
    0.915237935213,0.925880236786,0.936522538358,0.94716483993,
    0.957807141502,0.968449443075,0.979091744647,0.989734046219,
    1.000376347791,1.011018649364,1.021660950936,1.032303252508,
    1.04294555408,1.053587855653,1.064230157225,1.074872458797,
    1.085514760369,1.096157061942,1.106799363514,1.117441665086,
    1.128083966658,1.138726268231,1.149368569803,1.160010871375,
    1.170653172947,1.18129547452,1.191937776092,1.202580077664,
    1.213222379236,1.223864680808,1.234506982381,1.245149283953,
    1.255791585525,1.266433887097,1.27707618867,1.287718490242,
    1.298360791814,1.309003093386,1.319645394959,1.330287696531,
    1.340929998103,1.351572299675,1.362214601248,1.37285690282,
    1.383499204392,1.394141505964,1.404783807537,1.415426109109,
    1.426068410681,1.436710712253,1.447353013826,1.457995315398,
    1.46863761697,1.479279918542,1.489922220115,1.500564521687,
    1.511206823259,1.521849124831,1.532491426404,1.543133727976,
    1.553776029548,1.56441833112,1.575060632693,1.585702934265,
    1.596345235837,1.606987537409,1.617629838982,1.628272140554,
    1.638914442126,1.649556743698,1.660199045271,1.670841346843,
    1.681483648415,1.692125949987,1.70276825156,1.713410553132,
    1.724052854704,1.734695156276,1.745337457849,1.755979759421,
    1.766622060993,1.777264362565,1.787906664138,1.79854896571,
    1.809191267282,1.819833568854,1.830475870427,1.841118171999,
    1.851760473571,1.862402775143,1.873045076716),
  .QUASI_UNIFORM_KNOTS.);
#982 = CARTESIAN_POINT('',(16.900941395966,0.824759526419));
#983 = CARTESIAN_POINT('',(16.926820303066,0.824761472712));
#984 = CARTESIAN_POINT('',(16.97820440681,0.824481700105));
#985 = CARTESIAN_POINT('',(17.053514192608,0.823218807966));
#986 = CARTESIAN_POINT('',(17.126362759951,0.821112152356));
#987 = CARTESIAN_POINT('',(17.19622889585,0.818190227101));
#988 = CARTESIAN_POINT('',(17.262688909305,0.814496046257));
#989 = CARTESIAN_POINT('',(17.325419635555,0.810087382112));
#990 = CARTESIAN_POINT('',(17.384192588193,0.805032017281));
#991 = CARTESIAN_POINT('',(17.438832278984,0.79941035953));
#992 = CARTESIAN_POINT('',(17.489457770225,0.793281873686));
#993 = CARTESIAN_POINT('',(17.536142195977,0.786709972704));
#994 = CARTESIAN_POINT('',(17.579013431427,0.779752221751));
#995 = CARTESIAN_POINT('',(17.618224607561,0.772459977016));
#996 = CARTESIAN_POINT('',(17.653944409868,0.764878262074));
#997 = CARTESIAN_POINT('',(17.686351040314,0.757044890193));
#998 = CARTESIAN_POINT('',(17.715613338665,0.748993739006));
#999 = CARTESIAN_POINT('',(17.741894366441,0.740754034804));
#1000 = CARTESIAN_POINT('',(17.765350548552,0.732350182607));
#1001 = CARTESIAN_POINT('',(17.786127481947,0.723803097136));
#1002 = CARTESIAN_POINT('',(17.804356369568,0.715132102682));
#1003 = CARTESIAN_POINT('',(17.820161296564,0.706352791487));
#1004 = CARTESIAN_POINT('',(17.833654388585,0.697479329332));
#1005 = CARTESIAN_POINT('',(17.844938291446,0.68852399711));
#1006 = CARTESIAN_POINT('',(17.854107125386,0.67949712698));
#1007 = CARTESIAN_POINT('',(17.861246107486,0.670408304392));
#1008 = CARTESIAN_POINT('',(17.866432737824,0.661265944157));
#1009 = CARTESIAN_POINT('',(17.869737741846,0.652077441758));
#1010 = CARTESIAN_POINT('',(17.871225308908,0.642849594604));
#1011 = CARTESIAN_POINT('',(17.870953728082,0.633588086657));
#1012 = CARTESIAN_POINT('',(17.868976255802,0.624299292482));
#1013 = CARTESIAN_POINT('',(17.865341435515,0.614988193576));
#1014 = CARTESIAN_POINT('',(17.860092926623,0.60565868659));
#1015 = CARTESIAN_POINT('',(17.853270226097,0.596314742208));
#1016 = CARTESIAN_POINT('',(17.84490904917,0.586960103329));
#1017 = CARTESIAN_POINT('',(17.835041718078,0.577598373607));
#1018 = CARTESIAN_POINT('',(17.823697471441,0.568233000487));
#1019 = CARTESIAN_POINT('',(17.810902723861,0.558867285722));
#1020 = CARTESIAN_POINT('',(17.796681273956,0.549504387871));
#1021 = CARTESIAN_POINT('',(17.781054467687,0.540147326448));
#1022 = CARTESIAN_POINT('',(17.764041320873,0.530798985068));
#1023 = CARTESIAN_POINT('',(17.745658608251,0.521462115184));
#1024 = CARTESIAN_POINT('',(17.725920915859,0.512139337294));
#1025 = CARTESIAN_POINT('',(17.7048406926,0.502833151078));
#1026 = CARTESIAN_POINT('',(17.682428191527,0.493545912347));
#1027 = CARTESIAN_POINT('',(17.6586917338,0.484279934455));
#1028 = CARTESIAN_POINT('',(17.63363670432,0.475037126232));
#1029 = CARTESIAN_POINT('',(17.607269241805,0.465820361198));
#1030 = CARTESIAN_POINT('',(17.579598817963,0.456634041362));
#1031 = CARTESIAN_POINT('',(17.550625785571,0.447479899207));
#1032 = CARTESIAN_POINT('',(17.520351181697,0.438360543958));
#1033 = CARTESIAN_POINT('',(17.48877428811,0.429278555786));
#1034 = CARTESIAN_POINT('',(17.455893340011,0.420236730396));
#1035 = CARTESIAN_POINT('',(17.421705374859,0.411238015806));
#1036 = CARTESIAN_POINT('',(17.386206292321,0.402285532285));
#1037 = CARTESIAN_POINT('',(17.349390835236,0.393382570872));
#1038 = CARTESIAN_POINT('',(17.311252566662,0.384532598804));
#1039 = CARTESIAN_POINT('',(17.271783818497,0.375739264244));
#1040 = CARTESIAN_POINT('',(17.230975620201,0.367006403429));
#1041 = CARTESIAN_POINT('',(17.188817583604,0.358338046429));
#1042 = CARTESIAN_POINT('',(17.145297816888,0.349738434703));
#1043 = CARTESIAN_POINT('',(17.100402584982,0.341212002535));
#1044 = CARTESIAN_POINT('',(17.054116759982,0.332763501942));
#1045 = CARTESIAN_POINT('',(17.006421155575,0.324397601609));
#1046 = CARTESIAN_POINT('',(16.957302036737,0.316120583735));
#1047 = CARTESIAN_POINT('',(16.906742584993,0.307938812444));
#1048 = CARTESIAN_POINT('',(16.854723202956,0.299858888727));
#1049 = CARTESIAN_POINT('',(16.801224068454,0.291888152706));
#1050 = CARTESIAN_POINT('',(16.746224088617,0.28403457472));
#1051 = CARTESIAN_POINT('',(16.689701188016,0.276306846979));
#1052 = CARTESIAN_POINT('',(16.631634630947,0.268714793434));
#1053 = CARTESIAN_POINT('',(16.571999646245,0.261268728994));
#1054 = CARTESIAN_POINT('',(16.510774166469,0.253980413819));
#1055 = CARTESIAN_POINT('',(16.44793695855,0.246862912587));
#1056 = CARTESIAN_POINT('',(16.383468271407,0.239930756266));
#1057 = CARTESIAN_POINT('',(16.317347420167,0.233199775244));
#1058 = CARTESIAN_POINT('',(16.249567801972,0.226688718689));
#1059 = CARTESIAN_POINT('',(16.180113326372,0.220417024895));
#1060 = CARTESIAN_POINT('',(16.108981062689,0.21440720723));
#1061 = CARTESIAN_POINT('',(16.036188216839,0.208685149028));
#1062 = CARTESIAN_POINT('',(15.961736708117,0.203277926682));
#1063 = CARTESIAN_POINT('',(15.885750244193,0.19822231308));
#1064 = CARTESIAN_POINT('',(15.807960456791,0.193532818262));
#1065 = CARTESIAN_POINT('',(15.728361728855,0.189249430863));
#1066 = CARTESIAN_POINT('',(15.647283373231,0.18543127556));
#1067 = CARTESIAN_POINT('',(15.565021642969,0.18213281491));
#1068 = CARTESIAN_POINT('',(15.481936769213,0.179408784643));
#1069 = CARTESIAN_POINT('',(15.39842492226,0.177311307378));
#1070 = CARTESIAN_POINT('',(15.3149231053,0.175888941728));
#1071 = CARTESIAN_POINT('',(15.231904535651,0.175185000607));
#1072 = CARTESIAN_POINT('',(15.14987566312,0.17523579378));
#1073 = CARTESIAN_POINT('',(15.069371947165,0.176068528724));
#1074 = CARTESIAN_POINT('',(14.990951938039,0.177698907192));
#1075 = CARTESIAN_POINT('',(14.915193461005,0.180128103201));
#1076 = CARTESIAN_POINT('',(14.842676200401,0.183339852325));
#1077 = CARTESIAN_POINT('',(14.774008692902,0.187294497781));
#1078 = CARTESIAN_POINT('',(14.70968191764,0.191931302406));
#1079 = CARTESIAN_POINT('',(14.649830789835,0.197194883887));
#1080 = CARTESIAN_POINT('',(14.59456007003,0.203022537159));
#1081 = CARTESIAN_POINT('',(14.543863757065,0.209352369034));
#1082 = CARTESIAN_POINT('',(14.497672712993,0.216123868108));
#1083 = CARTESIAN_POINT('',(14.455863478125,0.223279947222));
#1084 = CARTESIAN_POINT('',(14.418273727478,0.230768200076));
#1085 = CARTESIAN_POINT('',(14.3847138303,0.238541936642));
#1086 = CARTESIAN_POINT('',(14.354975567982,0.246561565568));
#1087 = CARTESIAN_POINT('',(14.328846204372,0.254794310181));
#1088 = CARTESIAN_POINT('',(14.306124474211,0.263210614911));
#1089 = CARTESIAN_POINT('',(14.28661859822,0.271784502552));
#1090 = CARTESIAN_POINT('',(14.270147303413,0.280493462881));
#1091 = CARTESIAN_POINT('',(14.256540011222,0.289318416168));
#1092 = CARTESIAN_POINT('',(14.245637079393,0.298243845392));
#1093 = CARTESIAN_POINT('',(14.237293973183,0.307254296948));
#1094 = CARTESIAN_POINT('',(14.231375217669,0.316337801325));
#1095 = CARTESIAN_POINT('',(14.22775686427,0.325483384233));
#1096 = CARTESIAN_POINT('',(14.226325041248,0.334681455579));
#1097 = CARTESIAN_POINT('',(14.226975336456,0.343923886299));
#1098 = CARTESIAN_POINT('',(14.229611910024,0.353203093776));
#1099 = CARTESIAN_POINT('',(14.23414524852,0.362509991328));
#1100 = CARTESIAN_POINT('',(14.240494736114,0.371840838074));
#1101 = CARTESIAN_POINT('',(14.248586845984,0.381190987534));
#1102 = CARTESIAN_POINT('',(14.258354445224,0.390556316949));
#1103 = CARTESIAN_POINT('',(14.269736028801,0.399932834359));
#1104 = CARTESIAN_POINT('',(14.282675135612,0.409316775311));
#1105 = CARTESIAN_POINT('',(14.297119855521,0.418704569478));
#1106 = CARTESIAN_POINT('',(14.313022430842,0.428092843043));
#1107 = CARTESIAN_POINT('',(14.330338932657,0.437478412205));
#1108 = CARTESIAN_POINT('',(14.349029000866,0.4468582796));
#1109 = CARTESIAN_POINT('',(14.369055636855,0.456229630327));
#1110 = CARTESIAN_POINT('',(14.390385039871,0.465589828336));
#1111 = CARTESIAN_POINT('',(14.412986479984,0.474936412881));
#1112 = CARTESIAN_POINT('',(14.436832201721,0.484267094954));
#1113 = CARTESIAN_POINT('',(14.461897356201,0.493579754008));
#1114 = CARTESIAN_POINT('',(14.488159953671,0.502872433499));
#1115 = CARTESIAN_POINT('',(14.515600858507,0.512143340658));
#1116 = CARTESIAN_POINT('',(14.544203744008,0.521390830257));
#1117 = CARTESIAN_POINT('',(14.57395532303,0.530613447922));
#1118 = CARTESIAN_POINT('',(14.604844690168,0.539809751167));
#1119 = CARTESIAN_POINT('',(14.636866143494,0.548978960108));
#1120 = CARTESIAN_POINT('',(14.669989289871,0.558112925421));
#1121 = CARTESIAN_POINT('',(14.704211639255,0.567211130135));
#1122 = CARTESIAN_POINT('',(14.739528451664,0.57627161894));
#1123 = CARTESIAN_POINT('',(14.775937495851,0.585292495746));
#1124 = CARTESIAN_POINT('',(14.813437695078,0.594271521514));
#1125 = CARTESIAN_POINT('',(14.852029446864,0.603206219019));
#1126 = CARTESIAN_POINT('',(14.891714526293,0.612093839946));
#1127 = CARTESIAN_POINT('',(14.932496130965,0.620931367174));
#1128 = CARTESIAN_POINT('',(14.974378917944,0.629715505924));
#1129 = CARTESIAN_POINT('',(15.017369074492,0.638442676023));
#1130 = CARTESIAN_POINT('',(15.061474415239,0.647109001767));
#1131 = CARTESIAN_POINT('',(15.106704512352,0.65571029976));
#1132 = CARTESIAN_POINT('',(15.153070867644,0.664242064566));
#1133 = CARTESIAN_POINT('',(15.200587120829,0.672699449687));
#1134 = CARTESIAN_POINT('',(15.249269353442,0.681077250543));
#1135 = CARTESIAN_POINT('',(15.299136310242,0.689369861148));
#1136 = CARTESIAN_POINT('',(15.350210254087,0.697571306282));
#1137 = CARTESIAN_POINT('',(15.402515840161,0.70567496489));
#1138 = CARTESIAN_POINT('',(15.456086830502,0.713674413931));
#1139 = CARTESIAN_POINT('',(15.510943089931,0.721559910701));
#1140 = CARTESIAN_POINT('',(15.56710924636,0.729321238024));
#1141 = CARTESIAN_POINT('',(15.624617828567,0.736947926334));
#1142 = CARTESIAN_POINT('',(15.683500229896,0.744427765174));
#1143 = CARTESIAN_POINT('',(15.743790104416,0.751747118768));
#1144 = CARTESIAN_POINT('',(15.805522491053,0.758890667015));
#1145 = CARTESIAN_POINT('',(15.868727161492,0.765840422416));
#1146 = CARTESIAN_POINT('',(15.933442810809,0.772577123501));
#1147 = CARTESIAN_POINT('',(15.999697505101,0.779077877657));
#1148 = CARTESIAN_POINT('',(16.067513843949,0.785316571431));
#1149 = CARTESIAN_POINT('',(16.136905562551,0.791263397248));
#1150 = CARTESIAN_POINT('',(16.207888433207,0.796885682422));
#1151 = CARTESIAN_POINT('',(16.280477167884,0.802146776722));
#1152 = CARTESIAN_POINT('',(16.354614999593,0.807001220989));
#1153 = CARTESIAN_POINT('',(16.430199005774,0.811398045721));
#1154 = CARTESIAN_POINT('',(16.507071025204,0.815281319761));
#1155 = CARTESIAN_POINT('',(16.585016801287,0.818591700592));
#1156 = CARTESIAN_POINT('',(16.663763270275,0.821267958481));
#1157 = CARTESIAN_POINT('',(16.74297263294,0.823249362229));
#1158 = CARTESIAN_POINT('',(16.822247880773,0.824477063222));
#1159 = CARTESIAN_POINT('',(16.874810276513,0.82476033544));
#1160 = CARTESIAN_POINT('',(16.900941395966,0.824759526419));
#1161 = ( GEOMETRIC_REPRESENTATION_CONTEXT(2) 
PARAMETRIC_REPRESENTATION_CONTEXT() REPRESENTATION_CONTEXT('2D SPACE',''
  ) );
#1162 = ORIENTED_EDGE('',*,*,#635,.F.);
#1163 = ADVANCED_FACE('',(#1164),#584,.F.);
#1164 = FACE_BOUND('',#1165,.F.);
#1165 = EDGE_LOOP('',(#1166,#1167,#1190,#1746));
#1166 = ORIENTED_EDGE('',*,*,#563,.F.);
#1167 = ORIENTED_EDGE('',*,*,#1168,.T.);
#1168 = EDGE_CURVE('',#564,#1169,#1171,.T.);
#1169 = VERTEX_POINT('',#1170);
#1170 = CARTESIAN_POINT('',(73.309401076759,0.,6.598076211353));
#1171 = SEAM_CURVE('',#1172,(#1176,#1183),.PCURVE_S1.);
#1172 = LINE('',#1173,#1174);
#1173 = CARTESIAN_POINT('',(73.309401076759,0.,9.));
#1174 = VECTOR('',#1175,1.);
#1175 = DIRECTION('',(-0.,-0.,-1.));
#1176 = PCURVE('',#584,#1177);
#1177 = DEFINITIONAL_REPRESENTATION('',(#1178),#1182);
#1178 = LINE('',#1179,#1180);
#1179 = CARTESIAN_POINT('',(0.,0.));
#1180 = VECTOR('',#1181,1.);
#1181 = DIRECTION('',(0.,-1.));
#1182 = ( GEOMETRIC_REPRESENTATION_CONTEXT(2) 
PARAMETRIC_REPRESENTATION_CONTEXT() REPRESENTATION_CONTEXT('2D SPACE',''
  ) );
#1183 = PCURVE('',#584,#1184);
#1184 = DEFINITIONAL_REPRESENTATION('',(#1185),#1189);
#1185 = LINE('',#1186,#1187);
#1186 = CARTESIAN_POINT('',(6.28318530718,0.));
#1187 = VECTOR('',#1188,1.);
#1188 = DIRECTION('',(0.,-1.));
#1189 = ( GEOMETRIC_REPRESENTATION_CONTEXT(2) 
PARAMETRIC_REPRESENTATION_CONTEXT() REPRESENTATION_CONTEXT('2D SPACE',''
  ) );
#1190 = ORIENTED_EDGE('',*,*,#1191,.T.);
#1191 = EDGE_CURVE('',#1169,#1169,#1192,.T.);
#1192 = SURFACE_CURVE('',#1193,(#1336,#1541),.PCURVE_S1.);
#1193 = B_SPLINE_CURVE_WITH_KNOTS('',8,(#1194,#1195,#1196,#1197,#1198,
    #1199,#1200,#1201,#1202,#1203,#1204,#1205,#1206,#1207,#1208,#1209,
    #1210,#1211,#1212,#1213,#1214,#1215,#1216,#1217,#1218,#1219,#1220,
    #1221,#1222,#1223,#1224,#1225,#1226,#1227,#1228,#1229,#1230,#1231,
    #1232,#1233,#1234,#1235,#1236,#1237,#1238,#1239,#1240,#1241,#1242,
    #1243,#1244,#1245,#1246,#1247,#1248,#1249,#1250,#1251,#1252,#1253,
    #1254,#1255,#1256,#1257,#1258,#1259,#1260,#1261,#1262,#1263,#1264,
    #1265,#1266,#1267,#1268,#1269,#1270,#1271,#1272,#1273,#1274,#1275,
    #1276,#1277,#1278,#1279,#1280,#1281,#1282,#1283,#1284,#1285,#1286,
    #1287,#1288,#1289,#1290,#1291,#1292,#1293,#1294,#1295,#1296,#1297,
    #1298,#1299,#1300,#1301,#1302,#1303,#1304,#1305,#1306,#1307,#1308,
    #1309,#1310,#1311,#1312,#1313,#1314,#1315,#1316,#1317,#1318,#1319,
    #1320,#1321,#1322,#1323,#1324,#1325,#1326,#1327,#1328,#1329,#1330,
    #1331,#1332,#1333,#1334,#1335),.UNSPECIFIED.,.T.,.F.,(9,7,7,7,7,7,7,
    7,7,7,7,7,7,7,7,7,7,7,7,7,9),(0.,5.422834869289E-02,
    8.965958940357E-02,0.14401588098,0.195214369018,0.240840723628,
    0.387062213343,0.583423632772,0.641084792684,0.703788117575,
    0.745200535627,0.841096972984,0.892666400491,1.,1.055020573595,
    1.225429153953,1.409392734207,1.460590682407,1.515281341948,
    1.556908946994,1.61238371419),.UNSPECIFIED.);
#1194 = CARTESIAN_POINT('',(73.309401076759,-2.22044604925E-16,
    6.598076211353));
#1195 = CARTESIAN_POINT('',(73.309401076759,5.548917134161E-02,
    6.598076211353));
#1196 = CARTESIAN_POINT('',(73.307055088331,0.111002846642,
    6.594012840202));
#1197 = CARTESIAN_POINT('',(73.302359707306,0.166135198505,
    6.585880201707));
#1198 = CARTESIAN_POINT('',(73.29538647515,0.220546473957,6.573802209319
    ));
#1199 = CARTESIAN_POINT('',(73.286258528443,0.273956999702,
    6.557992141855));
#1200 = CARTESIAN_POINT('',(73.275131673526,0.326141678274,
    6.538719863809));
#1201 = CARTESIAN_POINT('',(73.262179886297,0.376924975067,
    6.516286710279));
#1202 = CARTESIAN_POINT('',(73.238049513913,0.458355855922,
    6.474491679306));
#1203 = CARTESIAN_POINT('',(73.22780850071,0.4898944226,6.456753724118)
  );
#1204 = CARTESIAN_POINT('',(73.21690855103,0.520766885271,6.437874457472
    ));
#1205 = CARTESIAN_POINT('',(73.205395161756,0.550956414079,
    6.417932682282));
#1206 = CARTESIAN_POINT('',(73.19331215784,0.580453584195,6.39700430559)
  );
#1207 = CARTESIAN_POINT('',(73.180700876951,0.609255399668,
    6.375160926342));
#1208 = CARTESIAN_POINT('',(73.167599354127,0.637364317284,
    6.352468423155));
#1209 = CARTESIAN_POINT('',(73.133241943432,0.706857771106,
    6.292959642215));
#1210 = CARTESIAN_POINT('',(73.111372934109,0.747305046159,
    6.255081406957));
#1211 = CARTESIAN_POINT('',(73.088555168226,0.78616165073,6.215559877131
    ));
#1212 = CARTESIAN_POINT('',(73.064896278527,0.823466423566,
    6.174581478123));
#1213 = CARTESIAN_POINT('',(73.040490653179,0.859263533407,
    6.132309695029));
#1214 = CARTESIAN_POINT('',(73.015419248209,0.893601525393,
    6.088884747803));
#1215 = CARTESIAN_POINT('',(72.989749399954,0.926532367459,
    6.044423266403));
#1216 = CARTESIAN_POINT('',(72.938842809516,0.987854109249,
    5.956250465325));
#1217 = CARTESIAN_POINT('',(72.913671757937,1.016392605843,
    5.912652925109));
#1218 = CARTESIAN_POINT('',(72.888068757352,1.043768848032,5.86830722727
    ));
#1219 = CARTESIAN_POINT('',(72.862075731979,1.070022401914,
    5.823285986681));
#1220 = CARTESIAN_POINT('',(72.835729514012,1.095190023411,
    5.777652998576));
#1221 = CARTESIAN_POINT('',(72.80906210197,1.119306143499,5.731463686012
    ));
#1222 = CARTESIAN_POINT('',(72.782100919034,1.142403353449,
    5.684765547335));
#1223 = CARTESIAN_POINT('',(72.730600973172,1.184216158575,
    5.595565024515));
#1224 = CARTESIAN_POINT('',(72.706119062678,1.203134062819,
    5.553161111674));
#1225 = CARTESIAN_POINT('',(72.681440308839,1.221288059691,
    5.510416256157));
#1226 = CARTESIAN_POINT('',(72.656580144058,1.238697782687,
    5.467357187671));
#1227 = CARTESIAN_POINT('',(72.631552535163,1.255381247597,
    5.424008097474));
#1228 = CARTESIAN_POINT('',(72.606370054349,1.271355058224,
    5.380390761244));
#1229 = CARTESIAN_POINT('',(72.581043950114,1.286634612085,5.33652466195
    ));
#1230 = CARTESIAN_POINT('',(72.473991902526,1.348022813111,
    5.151105076474));
#1231 = CARTESIAN_POINT('',(72.391053896917,1.387813485634,5.00745223688
    ));
#1232 = CARTESIAN_POINT('',(72.307069929155,1.421101939186,
    4.861987737695));
#1233 = CARTESIAN_POINT('',(72.222285886152,1.448208167363,
    4.715137467542));
#1234 = CARTESIAN_POINT('',(72.136909952916,1.469361803943,
    4.567262013434));
#1235 = CARTESIAN_POINT('',(72.051117717514,1.484726904856,
    4.418665502823));
#1236 = CARTESIAN_POINT('',(71.965052877145,1.494397146684,
    4.269596826558));
#1237 = CARTESIAN_POINT('',(71.763041378527,1.503757497058,3.91970264724
    ));
#1238 = CARTESIAN_POINT('',(71.647140972761,1.498879784246,
    3.718957255834));
#1239 = CARTESIAN_POINT('',(71.531332094202,1.483863753541,
    3.518370394205));
#1240 = CARTESIAN_POINT('',(71.415937667894,1.458506422823,
    3.318501384926));
#1241 = CARTESIAN_POINT('',(71.301395794435,1.422448315296,
    3.120109040505));
#1242 = CARTESIAN_POINT('',(71.188285797679,1.3750882972,2.924196779276)
  );
#1243 = CARTESIAN_POINT('',(71.077316356471,1.315677966116,
    2.731992069018));
#1244 = CARTESIAN_POINT('',(70.937750083324,1.221346263536,
    2.490256192904));
#1245 = CARTESIAN_POINT('',(70.906347127404,1.198776758923,
    2.435864677743));
#1246 = CARTESIAN_POINT('',(70.875249042687,1.175017033691,
    2.382001214994));
#1247 = CARTESIAN_POINT('',(70.844488296725,1.150032247018,2.32872204011
    ));
#1248 = CARTESIAN_POINT('',(70.814102687883,1.123785534293,
    2.276092621777));
#1249 = CARTESIAN_POINT('',(70.784135571648,1.096237541583,
    2.224188053902));
#1250 = CARTESIAN_POINT('',(70.754636086954,1.067345960105,
    2.173093447613));
#1251 = CARTESIAN_POINT('',(70.694148817725,1.00413625599,2.068326424099
    ));
#1252 = CARTESIAN_POINT('',(70.663262641489,0.9695709499,2.014829997606)
  );
#1253 = CARTESIAN_POINT('',(70.63306775541,0.933306688526,1.962530920788
    ));
#1254 = CARTESIAN_POINT('',(70.60364875714,0.895283959666,1.911575721077
    ));
#1255 = CARTESIAN_POINT('',(70.575107537916,0.855447430604,1.86214087927
    ));
#1256 = CARTESIAN_POINT('',(70.547562880119,0.813747185892,
    1.814432132489));
#1257 = CARTESIAN_POINT('',(70.521150054837,0.77013996514,1.76868377713)
  );
#1258 = CARTESIAN_POINT('',(70.479423548857,0.69450718586,1.69641134875)
  );
#1259 = CARTESIAN_POINT('',(70.463389039327,0.663581264581,1.66863876357
    ));
#1260 = CARTESIAN_POINT('',(70.447961264885,0.631805158875,
    1.641917074388));
#1261 = CARTESIAN_POINT('',(70.433190088666,0.599177045343,1.61633264669
    ));
#1262 = CARTESIAN_POINT('',(70.419129730793,0.565702035783,1.59197939248
    ));
#1263 = CARTESIAN_POINT('',(70.405837636269,0.531393457702,
    1.568956809427));
#1264 = CARTESIAN_POINT('',(70.393373342887,0.496274134825,
    1.547368020007));
#1265 = CARTESIAN_POINT('',(70.354991463025,0.377254211358,
    1.480888653997));
#1266 = CARTESIAN_POINT('',(70.332807689317,0.289527698385,1.44246523083
    ));
#1267 = CARTESIAN_POINT('',(70.316271008634,0.198127303252,1.4138228597)
  );
#1268 = CARTESIAN_POINT('',(70.306155658807,0.104147510995,
    1.396302559863));
#1269 = CARTESIAN_POINT('',(70.302947847633,8.843843234033E-03,
    1.390746467929));
#1270 = CARTESIAN_POINT('',(70.306795355873,-8.637016827896E-02,
    1.397410547683));
#1271 = CARTESIAN_POINT('',(70.317413236069,-0.17992227563,
    1.415801255651));
#1272 = CARTESIAN_POINT('',(70.342788728089,-0.318555050203,
    1.459752897096));
#1273 = CARTESIAN_POINT('',(70.353387360482,-0.366178689192,
    1.478110266891));
#1274 = CARTESIAN_POINT('',(70.365609972293,-0.41278514886,1.49928045155
    ));
#1275 = CARTESIAN_POINT('',(70.379340692762,-0.458255986185,
    1.523062757026));
#1276 = CARTESIAN_POINT('',(70.394457909109,-0.50250729084,
    1.549246543809));
#1277 = CARTESIAN_POINT('',(70.410841560467,-0.545483764712,
    1.577623860373));
#1278 = CARTESIAN_POINT('',(70.428378334629,-0.587154264534,
    1.607998444223));
#1279 = CARTESIAN_POINT('',(70.485649485616,-0.711500400592,
    1.707194987541));
#1280 = CARTESIAN_POINT('',(70.5288232075,-0.789664982201,1.781974067396
    ));
#1281 = CARTESIAN_POINT('',(70.575629432119,-0.862153745094,
    1.863044826547));
#1282 = CARTESIAN_POINT('',(70.625352634519,-0.929157334569,
    1.949167939419));
#1283 = CARTESIAN_POINT('',(70.677404075256,-0.99092210897,
    2.039323679381));
#1284 = CARTESIAN_POINT('',(70.731325453631,-1.047737589691,
    2.132718246342));
#1285 = CARTESIAN_POINT('',(70.786798866664,-1.099911529104,
    2.228801016184));
#1286 = CARTESIAN_POINT('',(70.872794939571,-1.172271135749,
    2.377750583711));
#1287 = CARTESIAN_POINT('',(70.902284399148,-1.195640013389,
    2.428827825986));
#1288 = CARTESIAN_POINT('',(70.932085789947,-1.21789011064,
    2.480445348985));
#1289 = CARTESIAN_POINT('',(70.962168383392,-1.239052946807,
    2.532549929256));
#1290 = CARTESIAN_POINT('',(70.992504713797,-1.259157457231,
    2.585093994833));
#1291 = CARTESIAN_POINT('',(71.023070445468,-1.278230343035,
    2.638035395056));
#1292 = CARTESIAN_POINT('',(71.053844239811,-1.296296420879,
    2.691337170401));
#1293 = CARTESIAN_POINT('',(71.180706769497,-1.366286698261,
    2.911069517394));
#1294 = CARTESIAN_POINT('',(71.278366662216,-1.409728000187,
    3.080221413446));
#1295 = CARTESIAN_POINT('',(71.377296561819,-1.444439605002,
    3.251573025945));
#1296 = CARTESIAN_POINT('',(71.477097796791,-1.470867514156,
    3.424433835575));
#1297 = CARTESIAN_POINT('',(71.577436446667,-1.48932372242,
    3.598225475122));
#1298 = CARTESIAN_POINT('',(71.678036285228,-1.500022676594,
    3.772469506744));
#1299 = CARTESIAN_POINT('',(71.778678542808,-1.503057422403,
    3.94678701026));
#1300 = CARTESIAN_POINT('',(71.987707048371,-1.493320924134,
    4.308835002125));
#1301 = CARTESIAN_POINT('',(72.095900428745,-1.479280517887,
    4.496231433976));
#1302 = CARTESIAN_POINT('',(72.203614535249,-1.456234618747,
    4.682797739133));
#1303 = CARTESIAN_POINT('',(72.310578483065,-1.423931913472,
    4.868064731329));
#1304 = CARTESIAN_POINT('',(72.416419511535,-1.381987563031,
    5.051386770163));
#1305 = CARTESIAN_POINT('',(72.520634003467,-1.329789334916,
    5.231891565075));
#1306 = CARTESIAN_POINT('',(72.622600966405,-1.266574567565,
    5.408503525578));
#1307 = CARTESIAN_POINT('',(72.74897071832,-1.169790503178,
    5.627382356434));
#1308 = CARTESIAN_POINT('',(72.776234022002,-1.147757650926,
    5.674603783593));
#1309 = CARTESIAN_POINT('',(72.803227108348,-1.124734007971,
    5.721357180597));
#1310 = CARTESIAN_POINT('',(72.829925129181,-1.100688934783,
    5.767599509143));
#1311 = CARTESIAN_POINT('',(72.856299212406,-1.075589845498,
    5.813280761291));
#1312 = CARTESIAN_POINT('',(72.88231622468,-1.0494017205,5.858343548409)
  );
#1313 = CARTESIAN_POINT('',(72.907938534088,-1.022086618996,
    5.902722690112));
#1314 = CARTESIAN_POINT('',(72.960027142305,-0.963176631835,
    5.99294280604));
#1315 = CARTESIAN_POINT('',(72.986427406306,-0.931421837024,
    6.038669404622));
#1316 = CARTESIAN_POINT('',(73.012275713346,-0.898285443085,
    6.083439985705));
#1317 = CARTESIAN_POINT('',(73.037510843447,-0.863715403328,
    6.127148513175));
#1318 = CARTESIAN_POINT('',(73.062059122536,-0.82766141366,
    6.169667379797));
#1319 = CARTESIAN_POINT('',(73.085834336853,-0.790075337781,
    6.210847258955));
#1320 = CARTESIAN_POINT('',(73.108737647357,-0.750911632392,
    6.25051695641));
#1321 = CARTESIAN_POINT('',(73.147341726777,-0.679085279391,
    6.317381183343));
#1322 = CARTESIAN_POINT('',(73.16345327673,-0.647109192442,
    6.345287206451));
#1323 = CARTESIAN_POINT('',(73.178942865523,-0.614182635393,
    6.372115961229));
#1324 = CARTESIAN_POINT('',(73.193753122158,-0.580295557464,
    6.397768078194));
#1325 = CARTESIAN_POINT('',(73.207820086975,-0.545446637991,
    6.422132775965));
#1326 = CARTESIAN_POINT('',(73.221074705518,-0.509645191157,
    6.445090448717));
#1327 = CARTESIAN_POINT('',(73.233444322407,-0.472913070724,
    6.466515253638));
#1328 = CARTESIAN_POINT('',(73.260059444077,-0.385143860551,
    6.51261399662));
#1329 = CARTESIAN_POINT('',(73.273568699513,-0.333385939793,
    6.536012713408));
#1330 = CARTESIAN_POINT('',(73.285187996719,-0.280144236367,
    6.556137926518));
#1331 = CARTESIAN_POINT('',(73.294730587416,-0.225598538557,
    6.572666178441));
#1332 = CARTESIAN_POINT('',(73.302027622921,-0.169982689602,
    6.58530501468));
#1333 = CARTESIAN_POINT('',(73.306944246753,-0.113590885589,
    6.593820856958));
#1334 = CARTESIAN_POINT('',(73.309401076759,-5.678458073001E-02,
    6.598076211353));
#1335 = CARTESIAN_POINT('',(73.309401076759,-2.22044604925E-16,
    6.598076211353));
#1336 = PCURVE('',#584,#1337);
#1337 = DEFINITIONAL_REPRESENTATION('',(#1338),#1540);
#1338 = B_SPLINE_CURVE_WITH_KNOTS('',3,(#1339,#1340,#1341,#1342,#1343,
    #1344,#1345,#1346,#1347,#1348,#1349,#1350,#1351,#1352,#1353,#1354,
    #1355,#1356,#1357,#1358,#1359,#1360,#1361,#1362,#1363,#1364,#1365,
    #1366,#1367,#1368,#1369,#1370,#1371,#1372,#1373,#1374,#1375,#1376,
    #1377,#1378,#1379,#1380,#1381,#1382,#1383,#1384,#1385,#1386,#1387,
    #1388,#1389,#1390,#1391,#1392,#1393,#1394,#1395,#1396,#1397,#1398,
    #1399,#1400,#1401,#1402,#1403,#1404,#1405,#1406,#1407,#1408,#1409,
    #1410,#1411,#1412,#1413,#1414,#1415,#1416,#1417,#1418,#1419,#1420,
    #1421,#1422,#1423,#1424,#1425,#1426,#1427,#1428,#1429,#1430,#1431,
    #1432,#1433,#1434,#1435,#1436,#1437,#1438,#1439,#1440,#1441,#1442,
    #1443,#1444,#1445,#1446,#1447,#1448,#1449,#1450,#1451,#1452,#1453,
    #1454,#1455,#1456,#1457,#1458,#1459,#1460,#1461,#1462,#1463,#1464,
    #1465,#1466,#1467,#1468,#1469,#1470,#1471,#1472,#1473,#1474,#1475,
    #1476,#1477,#1478,#1479,#1480,#1481,#1482,#1483,#1484,#1485,#1486,
    #1487,#1488,#1489,#1490,#1491,#1492,#1493,#1494,#1495,#1496,#1497,
    #1498,#1499,#1500,#1501,#1502,#1503,#1504,#1505,#1506,#1507,#1508,
    #1509,#1510,#1511,#1512,#1513,#1514,#1515,#1516,#1517,#1518,#1519,
    #1520,#1521,#1522,#1523,#1524,#1525,#1526,#1527,#1528,#1529,#1530,
    #1531,#1532,#1533,#1534,#1535,#1536,#1537,#1538,#1539),
  .UNSPECIFIED.,.F.,.F.,(4,1,1,1,1,1,1,1,1,1,1,1,1,1,1,1,1,1,1,1,1,1,1,1
    ,1,1,1,1,1,1,1,1,1,1,1,1,1,1,1,1,1,1,1,1,1,1,1,1,1,1,1,1,1,1,1,1,1,1
    ,1,1,1,1,1,1,1,1,1,1,1,1,1,1,1,1,1,1,1,1,1,1,1,1,1,1,1,1,1,1,1,1,1,1
    ,1,1,1,1,1,1,1,1,1,1,1,1,1,1,1,1,1,1,1,1,1,1,1,1,1,1,1,1,1,1,1,1,1,1
    ,1,1,1,1,1,1,1,1,1,1,1,1,1,1,1,1,1,1,1,1,1,1,1,1,1,1,1,1,1,1,1,1,1,1
    ,1,1,1,1,1,1,1,1,1,1,1,1,1,1,1,1,1,1,1,1,1,1,1,1,1,1,1,1,1,1,1,1,1,1
    ,1,1,1,1,4),(0.,8.143352091867E-03,1.628670418373E-02,
    2.44300562756E-02,3.257340836747E-02,4.071676045934E-02,
    4.88601125512E-02,5.700346464307E-02,6.514681673494E-02,
    7.329016882681E-02,8.143352091867E-02,8.957687301054E-02,
    9.772022510241E-02,0.105863577194,0.114006929286,0.122150281378,
    0.13029363347,0.138436985562,0.146580337654,0.154723689745,
    0.162867041837,0.171010393929,0.179153746021,0.187297098113,
    0.195440450205,0.203583802297,0.211727154389,0.21987050648,
    0.228013858572,0.236157210664,0.244300562756,0.252443914848,
    0.26058726694,0.268730619032,0.276873971123,0.285017323215,
    0.293160675307,0.301304027399,0.309447379491,0.317590731583,
    0.325734083675,0.333877435767,0.342020787858,0.35016413995,
    0.358307492042,0.366450844134,0.374594196226,0.382737548318,
    0.39088090041,0.399024252501,0.407167604593,0.415310956685,
    0.423454308777,0.431597660869,0.439741012961,0.447884365053,
    0.456027717145,0.464171069236,0.472314421328,0.48045777342,
    0.488601125512,0.496744477604,0.504887829696,0.513031181788,
    0.52117453388,0.529317885971,0.537461238063,0.545604590155,
    0.553747942247,0.561891294339,0.570034646431,0.578177998523,
    0.586321350614,0.594464702706,0.602608054798,0.61075140689,
    0.618894758982,0.627038111074,0.635181463166,0.643324815258,
    0.651468167349,0.659611519441,0.667754871533,0.675898223625,
    0.684041575717,0.692184927809,0.700328279901,0.708471631992,
    0.716614984084,0.724758336176,0.732901688268,0.74104504036,
    0.749188392452,0.757331744544,0.765475096636,0.773618448727,
    0.781761800819,0.789905152911,0.798048505003,0.806191857095,
    0.814335209187,0.822478561279,0.83062191337,0.838765265462,
    0.846908617554,0.855051969646,0.863195321738,0.87133867383,
    0.879482025922,0.887625378014,0.895768730105,0.903912082197,
    0.912055434289,0.920198786381,0.928342138473,0.936485490565,
    0.944628842657,0.952772194748,0.96091554684,0.969058898932,
    0.977202251024,0.985345603116,0.993488955208,1.0016323073,
    1.009775659392,1.017919011483,1.026062363575,1.034205715667,
    1.042349067759,1.050492419851,1.058635771943,1.066779124035,
    1.074922476126,1.083065828218,1.09120918031,1.099352532402,
    1.107495884494,1.115639236586,1.123782588678,1.13192594077,
    1.140069292861,1.148212644953,1.156355997045,1.164499349137,
    1.172642701229,1.180786053321,1.188929405413,1.197072757504,
    1.205216109596,1.213359461688,1.22150281378,1.229646165872,
    1.237789517964,1.245932870056,1.254076222148,1.262219574239,
    1.270362926331,1.278506278423,1.286649630515,1.294792982607,
    1.302936334699,1.311079686791,1.319223038882,1.327366390974,
    1.335509743066,1.343653095158,1.35179644725,1.359939799342,
    1.368083151434,1.376226503526,1.384369855617,1.392513207709,
    1.400656559801,1.408799911893,1.416943263985,1.425086616077,
    1.433229968169,1.441373320261,1.449516672352,1.457660024444,
    1.465803376536,1.473946728628,1.48209008072,1.490233432812,
    1.498376784904,1.506520136995,1.514663489087,1.522806841179,
    1.530950193271,1.539093545363,1.547236897455,1.555380249547,
    1.563523601639,1.57166695373,1.579810305822,1.587953657914,
    1.596097010006,1.604240362098,1.61238371419),.QUASI_UNIFORM_KNOTS.);
#1339 = CARTESIAN_POINT('',(0.,-2.401923788647));
#1340 = CARTESIAN_POINT('',(1.481624404935E-02,-2.401916499542));
#1341 = CARTESIAN_POINT('',(4.444566739435E-02,-2.403640552384));
#1342 = CARTESIAN_POINT('',(8.871275813217E-02,-2.411299984048));
#1343 = CARTESIAN_POINT('',(0.132623911987,-2.423920293938));
#1344 = CARTESIAN_POINT('',(0.176038885402,-2.441283774868));
#1345 = CARTESIAN_POINT('',(0.218836624349,-2.46312421555));
#1346 = CARTESIAN_POINT('',(0.260919500914,-2.48913323245));
#1347 = CARTESIAN_POINT('',(0.302196987406,-2.518965529911));
#1348 = CARTESIAN_POINT('',(0.342642856476,-2.552296587539));
#1349 = CARTESIAN_POINT('',(0.382244048937,-2.588810515581));
#1350 = CARTESIAN_POINT('',(0.420996154431,-2.628201269159));
#1351 = CARTESIAN_POINT('',(0.458911318566,-2.670187073786));
#1352 = CARTESIAN_POINT('',(0.496007842038,-2.714506440618));
#1353 = CARTESIAN_POINT('',(0.532315151408,-2.760926764938));
#1354 = CARTESIAN_POINT('',(0.567868765852,-2.809242135272));
#1355 = CARTESIAN_POINT('',(0.602702999669,-2.859264068711));
#1356 = CARTESIAN_POINT('',(0.636853637956,-2.910824481121));
#1357 = CARTESIAN_POINT('',(0.670357125083,-2.963774056414));
#1358 = CARTESIAN_POINT('',(0.703253586807,-3.017986787761));
#1359 = CARTESIAN_POINT('',(0.735575911377,-3.073341142344));
#1360 = CARTESIAN_POINT('',(0.767358812963,-3.129733317548));
#1361 = CARTESIAN_POINT('',(0.798635455926,-3.187070492832));
#1362 = CARTESIAN_POINT('',(0.829436920578,-3.245268774577));
#1363 = CARTESIAN_POINT('',(0.859792827318,-3.304253112438));
#1364 = CARTESIAN_POINT('',(0.88973218475,-3.363957852488));
#1365 = CARTESIAN_POINT('',(0.919281904028,-3.424322763506));
#1366 = CARTESIAN_POINT('',(0.948466788611,-3.48529220852));
#1367 = CARTESIAN_POINT('',(0.977311142089,-3.546817286481));
#1368 = CARTESIAN_POINT('',(1.00583757805,-3.608852792741));
#1369 = CARTESIAN_POINT('',(1.03406749061,-3.671357402974));
#1370 = CARTESIAN_POINT('',(1.062021959803,-3.734295079769));
#1371 = CARTESIAN_POINT('',(1.089717270272,-3.797624218135));
#1372 = CARTESIAN_POINT('',(1.117173573732,-3.861316784908));
#1373 = CARTESIAN_POINT('',(1.144409215203,-3.925345182411));
#1374 = CARTESIAN_POINT('',(1.171441471121,-3.989683359777));
#1375 = CARTESIAN_POINT('',(1.198286568831,-4.0543064234));
#1376 = CARTESIAN_POINT('',(1.224959872846,-4.119190660985));
#1377 = CARTESIAN_POINT('',(1.251476003983,-4.184313465235));
#1378 = CARTESIAN_POINT('',(1.277848957226,-4.249653293927));
#1379 = CARTESIAN_POINT('',(1.304092203693,-4.3151896287));
#1380 = CARTESIAN_POINT('',(1.330218783502,-4.380902941903));
#1381 = CARTESIAN_POINT('',(1.356241389929,-4.446774667149));
#1382 = CARTESIAN_POINT('',(1.382172448303,-4.51278717707));
#1383 = CARTESIAN_POINT('',(1.408024185909,-4.578923753958));
#1384 = CARTESIAN_POINT('',(1.433808713388,-4.645168602504));
#1385 = CARTESIAN_POINT('',(1.459538046933,-4.711506717434));
#1386 = CARTESIAN_POINT('',(1.485224339517,-4.777924301041));
#1387 = CARTESIAN_POINT('',(1.510879323309,-4.844407133187));
#1388 = CARTESIAN_POINT('',(1.536516689092,-4.910946583867));
#1389 = CARTESIAN_POINT('',(1.562136276888,-4.977498352068));
#1390 = CARTESIAN_POINT('',(1.587752427738,-5.044055948989));
#1391 = CARTESIAN_POINT('',(1.613377621896,-5.110608131598));
#1392 = CARTESIAN_POINT('',(1.639024380752,-5.177143626554));
#1393 = CARTESIAN_POINT('',(1.664704844067,-5.243649858119));
#1394 = CARTESIAN_POINT('',(1.690430965226,-5.310113279016));
#1395 = CARTESIAN_POINT('',(1.716214537845,-5.376519268732));
#1396 = CARTESIAN_POINT('',(1.742067266055,-5.442852145126));
#1397 = CARTESIAN_POINT('',(1.768000822906,-5.509095143374));
#1398 = CARTESIAN_POINT('',(1.794026912942,-5.575230401468));
#1399 = CARTESIAN_POINT('',(1.820157335737,-5.641238941704));
#1400 = CARTESIAN_POINT('',(1.84640405238,-5.70710065075));
#1401 = CARTESIAN_POINT('',(1.872779255532,-5.772794257195));
#1402 = CARTESIAN_POINT('',(1.899295444263,-5.838297306307));
#1403 = CARTESIAN_POINT('',(1.92596550488,-5.903586131236));
#1404 = CARTESIAN_POINT('',(1.95280279945,-5.968635820267));
#1405 = CARTESIAN_POINT('',(1.979821263285,-6.033420177923));
#1406 = CARTESIAN_POINT('',(2.007035515856,-6.097911683688));
#1407 = CARTESIAN_POINT('',(2.034460979345,-6.16208142933));
#1408 = CARTESIAN_POINT('',(2.06211403936,-6.225899100064));
#1409 = CARTESIAN_POINT('',(2.090012134048,-6.289332749815));
#1410 = CARTESIAN_POINT('',(2.118174213573,-6.35234929565));
#1411 = CARTESIAN_POINT('',(2.146619940347,-6.414912271323));
#1412 = CARTESIAN_POINT('',(2.175373734041,-6.476989744861));
#1413 = CARTESIAN_POINT('',(2.204446781979,-6.538515425299));
#1414 = CARTESIAN_POINT('',(2.233859974359,-6.599438194606));
#1415 = CARTESIAN_POINT('',(2.263635293771,-6.659702301074));
#1416 = CARTESIAN_POINT('',(2.29379509911,-6.719245296162));
#1417 = CARTESIAN_POINT('',(2.32436276959,-6.777998607424));
#1418 = CARTESIAN_POINT('',(2.355362466371,-6.835886421986));
#1419 = CARTESIAN_POINT('',(2.386821219113,-6.892828691742));
#1420 = CARTESIAN_POINT('',(2.41876151181,-6.948727140934));
#1421 = CARTESIAN_POINT('',(2.451212615335,-7.003484600279));
#1422 = CARTESIAN_POINT('',(2.484202852566,-7.056990200179));
#1423 = CARTESIAN_POINT('',(2.51775931649,-7.109118627678));
#1424 = CARTESIAN_POINT('',(2.551908281182,-7.159730514291));
#1425 = CARTESIAN_POINT('',(2.586675582394,-7.208672666071));
#1426 = CARTESIAN_POINT('',(2.622086500279,-7.255777793865));
#1427 = CARTESIAN_POINT('',(2.658167736096,-7.300866400595));
#1428 = CARTESIAN_POINT('',(2.694932955837,-7.343729785624));
#1429 = CARTESIAN_POINT('',(2.732396400573,-7.384149443559));
#1430 = CARTESIAN_POINT('',(2.770562350654,-7.421887048251));
#1431 = CARTESIAN_POINT('',(2.809429228125,-7.456691877611));
#1432 = CARTESIAN_POINT('',(2.848975983602,-7.488299184399));
#1433 = CARTESIAN_POINT('',(2.889287023724,-7.516512698523));
#1434 = CARTESIAN_POINT('',(2.930240668745,-7.540984496534));
#1435 = CARTESIAN_POINT('',(2.971743544332,-7.561434407848));
#1436 = CARTESIAN_POINT('',(3.013694857796,-7.577618519749));
#1437 = CARTESIAN_POINT('',(3.055994204238,-7.589340996454));
#1438 = CARTESIAN_POINT('',(3.098537512411,-7.596454797459));
#1439 = CARTESIAN_POINT('',(3.141215935688,-7.598865948461));
#1440 = CARTESIAN_POINT('',(3.18391371668,-7.596537577315));
#1441 = CARTESIAN_POINT('',(3.226505941245,-7.589494622774));
#1442 = CARTESIAN_POINT('',(3.268856305699,-7.577829783426));
#1443 = CARTESIAN_POINT('',(3.31081328739,-7.561707940329));
#1444 = CARTESIAN_POINT('',(3.352210826683,-7.541379962751));
#1445 = CARTESIAN_POINT('',(3.393072887891,-7.517044351807));
#1446 = CARTESIAN_POINT('',(3.433319436147,-7.488965078965));
#1447 = CARTESIAN_POINT('',(3.472912369707,-7.457407889723));
#1448 = CARTESIAN_POINT('',(3.511821101575,-7.422642955606));
#1449 = CARTESIAN_POINT('',(3.550028070853,-7.384936725311));
#1450 = CARTESIAN_POINT('',(3.587531309478,-7.344539366014));
#1451 = CARTESIAN_POINT('',(3.624310127441,-7.301720531917));
#1452 = CARTESIAN_POINT('',(3.66039619007,-7.256683836916));
#1453 = CARTESIAN_POINT('',(3.69581567648,-7.209622598928));
#1454 = CARTESIAN_POINT('',(3.730594607271,-7.160716463329));
#1455 = CARTESIAN_POINT('',(3.764758035248,-7.110132486096));
#1456 = CARTESIAN_POINT('',(3.798330792991,-7.058024919814));
#1457 = CARTESIAN_POINT('',(3.831337756279,-7.004535252033));
#1458 = CARTESIAN_POINT('',(3.863804170986,-6.949792124842));
#1459 = CARTESIAN_POINT('',(3.895755964664,-6.893911140645));
#1460 = CARTESIAN_POINT('',(3.927219872303,-6.836994975321));
#1461 = CARTESIAN_POINT('',(3.958224189246,-6.779132178965));
#1462 = CARTESIAN_POINT('',(3.988797111501,-6.720400792276));
#1463 = CARTESIAN_POINT('',(4.018974040198,-6.660853955998));
#1464 = CARTESIAN_POINT('',(4.048769220599,-6.600577107922));
#1465 = CARTESIAN_POINT('',(4.078200824014,-6.539641405019));
#1466 = CARTESIAN_POINT('',(4.107291962005,-6.47810061985));
#1467 = CARTESIAN_POINT('',(4.136062883111,-6.416007486253));
#1468 = CARTESIAN_POINT('',(4.164533443742,-6.353409278371));
#1469 = CARTESIAN_POINT('',(4.192722433352,-6.290349807965));
#1470 = CARTESIAN_POINT('',(4.220649093024,-6.226866515282));
#1471 = CARTESIAN_POINT('',(4.248325691595,-6.163008050275));
#1472 = CARTESIAN_POINT('',(4.275771380849,-6.098803000497));
#1473 = CARTESIAN_POINT('',(4.303003305323,-6.034280299433));
#1474 = CARTESIAN_POINT('',(4.330037716555,-5.969467214603));
#1475 = CARTESIAN_POINT('',(4.356889873064,-5.904389960534));
#1476 = CARTESIAN_POINT('',(4.383574243578,-5.839073599913));
#1477 = CARTESIAN_POINT('',(4.410104609401,-5.773542127651));
#1478 = CARTESIAN_POINT('',(4.436494176676,-5.707818498801));
#1479 = CARTESIAN_POINT('',(4.462755671291,-5.641924665057));
#1480 = CARTESIAN_POINT('',(4.48890142603,-5.575881603178));
#1481 = CARTESIAN_POINT('',(4.514943459577,-5.509709340451));
#1482 = CARTESIAN_POINT('',(4.540893549477,-5.443426976567));
#1483 = CARTESIAN_POINT('',(4.566763300393,-5.377052702547));
#1484 = CARTESIAN_POINT('',(4.59256420866,-5.310603817966));
#1485 = CARTESIAN_POINT('',(4.61830772536,-5.244096744078));
#1486 = CARTESIAN_POINT('',(4.644005314591,-5.177547044359));
#1487 = CARTESIAN_POINT('',(4.669668523508,-5.110969412027));
#1488 = CARTESIAN_POINT('',(4.695309005564,-5.044377777983));
#1489 = CARTESIAN_POINT('',(4.720938718031,-4.977784969025));
#1490 = CARTESIAN_POINT('',(4.746569470195,-4.911204046733));
#1491 = CARTESIAN_POINT('',(4.772214896631,-4.844643378718));
#1492 = CARTESIAN_POINT('',(4.797873363279,-4.77815109664));
#1493 = CARTESIAN_POINT('',(4.823560008276,-4.711732035041));
#1494 = CARTESIAN_POINT('',(4.849287485665,-4.645397978996));
#1495 = CARTESIAN_POINT('',(4.875068833082,-4.579160393775));
#1496 = CARTESIAN_POINT('',(4.900916792214,-4.513032378675));
#1497 = CARTESIAN_POINT('',(4.926844077362,-4.447028155799));
#1498 = CARTESIAN_POINT('',(4.952863389682,-4.381163224846));
#1499 = CARTESIAN_POINT('',(4.978987501033,-4.315454344221));
#1500 = CARTESIAN_POINT('',(5.005229322142,-4.249919563069));
#1501 = CARTESIAN_POINT('',(5.031601979366,-4.184578244011));
#1502 = CARTESIAN_POINT('',(5.05811889498,-4.119451093001));
#1503 = CARTESIAN_POINT('',(5.084793873936,-4.054560192529));
#1504 = CARTESIAN_POINT('',(5.11164119816,-3.989929040201));
#1505 = CARTESIAN_POINT('',(5.138675730442,-3.925582593287));
#1506 = CARTESIAN_POINT('',(5.165913029871,-3.861547321322));
#1507 = CARTESIAN_POINT('',(5.193369482788,-3.797851265979));
#1508 = CARTESIAN_POINT('',(5.221062448386,-3.734524119026));
#1509 = CARTESIAN_POINT('',(5.249010439102,-3.671597287169));
#1510 = CARTESIAN_POINT('',(5.277233280704,-3.609104070746));
#1511 = CARTESIAN_POINT('',(5.305752481523,-3.547079494135));
#1512 = CARTESIAN_POINT('',(5.334590982012,-3.485561525617));
#1513 = CARTESIAN_POINT('',(5.363775409267,-3.424587215605));
#1514 = CARTESIAN_POINT('',(5.393329210621,-3.364207919211));
#1515 = CARTESIAN_POINT('',(5.42327144258,-3.304491395569));
#1516 = CARTESIAN_POINT('',(5.453631236657,-3.245493266147));
#1517 = CARTESIAN_POINT('',(5.484436273469,-3.187281859354));
#1518 = CARTESIAN_POINT('',(5.515716275519,-3.129932056424));
#1519 = CARTESIAN_POINT('',(5.547502740152,-3.073527072145));
#1520 = CARTESIAN_POINT('',(5.579829105126,-3.018159173295));
#1521 = CARTESIAN_POINT('',(5.612727065276,-2.963937219486));
#1522 = CARTESIAN_POINT('',(5.646235523841,-2.9109729692));
#1523 = CARTESIAN_POINT('',(5.680390701171,-2.859398938944));
#1524 = CARTESIAN_POINT('',(5.715228814287,-2.809364640355));
#1525 = CARTESIAN_POINT('',(5.750785607277,-2.761038146281));
#1526 = CARTESIAN_POINT('',(5.787098420686,-2.714604026858));
#1527 = CARTESIAN_POINT('',(5.824201481694,-2.670270476609));
#1528 = CARTESIAN_POINT('',(5.862120354799,-2.628274160236));
#1529 = CARTESIAN_POINT('',(5.900877469424,-2.588872166778));
#1530 = CARTESIAN_POINT('',(5.940483120024,-2.552348359942));
#1531 = CARTESIAN_POINT('',(5.980932992423,-2.519008044223));
#1532 = CARTESIAN_POINT('',(6.022220595276,-2.489163248495));
#1533 = CARTESIAN_POINT('',(6.064308651657,-2.463146673605));
#1534 = CARTESIAN_POINT('',(6.107110364699,-2.441300034758));
#1535 = CARTESIAN_POINT('',(6.150529816182,-2.423930943917));
#1536 = CARTESIAN_POINT('',(6.19444774233,-2.411305386558));
#1537 = CARTESIAN_POINT('',(6.238725091196,-2.403641775832));
#1538 = CARTESIAN_POINT('',(6.268363763729,-2.401916518009));
#1539 = CARTESIAN_POINT('',(6.28318530718,-2.401923788647));
#1540 = ( GEOMETRIC_REPRESENTATION_CONTEXT(2) 
PARAMETRIC_REPRESENTATION_CONTEXT() REPRESENTATION_CONTEXT('2D SPACE',''
  ) );
#1541 = PCURVE('',#70,#1542);
#1542 = DEFINITIONAL_REPRESENTATION('',(#1543),#1745);
#1543 = B_SPLINE_CURVE_WITH_KNOTS('',3,(#1544,#1545,#1546,#1547,#1548,
    #1549,#1550,#1551,#1552,#1553,#1554,#1555,#1556,#1557,#1558,#1559,
    #1560,#1561,#1562,#1563,#1564,#1565,#1566,#1567,#1568,#1569,#1570,
    #1571,#1572,#1573,#1574,#1575,#1576,#1577,#1578,#1579,#1580,#1581,
    #1582,#1583,#1584,#1585,#1586,#1587,#1588,#1589,#1590,#1591,#1592,
    #1593,#1594,#1595,#1596,#1597,#1598,#1599,#1600,#1601,#1602,#1603,
    #1604,#1605,#1606,#1607,#1608,#1609,#1610,#1611,#1612,#1613,#1614,
    #1615,#1616,#1617,#1618,#1619,#1620,#1621,#1622,#1623,#1624,#1625,
    #1626,#1627,#1628,#1629,#1630,#1631,#1632,#1633,#1634,#1635,#1636,
    #1637,#1638,#1639,#1640,#1641,#1642,#1643,#1644,#1645,#1646,#1647,
    #1648,#1649,#1650,#1651,#1652,#1653,#1654,#1655,#1656,#1657,#1658,
    #1659,#1660,#1661,#1662,#1663,#1664,#1665,#1666,#1667,#1668,#1669,
    #1670,#1671,#1672,#1673,#1674,#1675,#1676,#1677,#1678,#1679,#1680,
    #1681,#1682,#1683,#1684,#1685,#1686,#1687,#1688,#1689,#1690,#1691,
    #1692,#1693,#1694,#1695,#1696,#1697,#1698,#1699,#1700,#1701,#1702,
    #1703,#1704,#1705,#1706,#1707,#1708,#1709,#1710,#1711,#1712,#1713,
    #1714,#1715,#1716,#1717,#1718,#1719,#1720,#1721,#1722,#1723,#1724,
    #1725,#1726,#1727,#1728,#1729,#1730,#1731,#1732,#1733,#1734,#1735,
    #1736,#1737,#1738,#1739,#1740,#1741,#1742,#1743,#1744),
  .UNSPECIFIED.,.T.,.F.,(4,1,1,1,1,1,1,1,1,1,1,1,1,1,1,1,1,1,1,1,1,1,1,1
    ,1,1,1,1,1,1,1,1,1,1,1,1,1,1,1,1,1,1,1,1,1,1,1,1,1,1,1,1,1,1,1,1,1,1
    ,1,1,1,1,1,1,1,1,1,1,1,1,1,1,1,1,1,1,1,1,1,1,1,1,1,1,1,1,1,1,1,1,1,1
    ,1,1,1,1,1,1,1,1,1,1,1,1,1,1,1,1,1,1,1,1,1,1,1,1,1,1,1,1,1,1,1,1,1,1
    ,1,1,1,1,1,1,1,1,1,1,1,1,1,1,1,1,1,1,1,1,1,1,1,1,1,1,1,1,1,1,1,1,1,1
    ,1,1,1,1,1,1,1,1,1,1,1,1,1,1,1,1,1,1,1,1,1,1,1,1,1,1,1,1,1,1,1,1,1,1
    ,1,1,1,1,4),(0.,8.143352091867E-03,1.628670418373E-02,
    2.44300562756E-02,3.257340836747E-02,4.071676045934E-02,
    4.88601125512E-02,5.700346464307E-02,6.514681673494E-02,
    7.329016882681E-02,8.143352091867E-02,8.957687301054E-02,
    9.772022510241E-02,0.105863577194,0.114006929286,0.122150281378,
    0.13029363347,0.138436985562,0.146580337654,0.154723689745,
    0.162867041837,0.171010393929,0.179153746021,0.187297098113,
    0.195440450205,0.203583802297,0.211727154389,0.21987050648,
    0.228013858572,0.236157210664,0.244300562756,0.252443914848,
    0.26058726694,0.268730619032,0.276873971123,0.285017323215,
    0.293160675307,0.301304027399,0.309447379491,0.317590731583,
    0.325734083675,0.333877435767,0.342020787858,0.35016413995,
    0.358307492042,0.366450844134,0.374594196226,0.382737548318,
    0.39088090041,0.399024252501,0.407167604593,0.415310956685,
    0.423454308777,0.431597660869,0.439741012961,0.447884365053,
    0.456027717145,0.464171069236,0.472314421328,0.48045777342,
    0.488601125512,0.496744477604,0.504887829696,0.513031181788,
    0.52117453388,0.529317885971,0.537461238063,0.545604590155,
    0.553747942247,0.561891294339,0.570034646431,0.578177998523,
    0.586321350614,0.594464702706,0.602608054798,0.61075140689,
    0.618894758982,0.627038111074,0.635181463166,0.643324815258,
    0.651468167349,0.659611519441,0.667754871533,0.675898223625,
    0.684041575717,0.692184927809,0.700328279901,0.708471631992,
    0.716614984084,0.724758336176,0.732901688268,0.74104504036,
    0.749188392452,0.757331744544,0.765475096636,0.773618448727,
    0.781761800819,0.789905152911,0.798048505003,0.806191857095,
    0.814335209187,0.822478561279,0.83062191337,0.838765265462,
    0.846908617554,0.855051969646,0.863195321738,0.87133867383,
    0.879482025922,0.887625378014,0.895768730105,0.903912082197,
    0.912055434289,0.920198786381,0.928342138473,0.936485490565,
    0.944628842657,0.952772194748,0.96091554684,0.969058898932,
    0.977202251024,0.985345603116,0.993488955208,1.0016323073,
    1.009775659392,1.017919011483,1.026062363575,1.034205715667,
    1.042349067759,1.050492419851,1.058635771943,1.066779124035,
    1.074922476126,1.083065828218,1.09120918031,1.099352532402,
    1.107495884494,1.115639236586,1.123782588678,1.13192594077,
    1.140069292861,1.148212644953,1.156355997045,1.164499349137,
    1.172642701229,1.180786053321,1.188929405413,1.197072757504,
    1.205216109596,1.213359461688,1.22150281378,1.229646165872,
    1.237789517964,1.245932870056,1.254076222148,1.262219574239,
    1.270362926331,1.278506278423,1.286649630515,1.294792982607,
    1.302936334699,1.311079686791,1.319223038882,1.327366390974,
    1.335509743066,1.343653095158,1.35179644725,1.359939799342,
    1.368083151434,1.376226503526,1.384369855617,1.392513207709,
    1.400656559801,1.408799911893,1.416943263985,1.425086616077,
    1.433229968169,1.441373320261,1.449516672352,1.457660024444,
    1.465803376536,1.473946728628,1.48209008072,1.490233432812,
    1.498376784904,1.506520136995,1.514663489087,1.522806841179,
    1.530950193271,1.539093545363,1.547236897455,1.555380249547,
    1.563523601639,1.57166695373,1.579810305822,1.587953657914,
    1.596097010006,1.604240362098,1.61238371419),.QUASI_UNIFORM_KNOTS.);
#1544 = CARTESIAN_POINT('',(34.118802153517,0.824759526419));
#1545 = CARTESIAN_POINT('',(34.141567023709,0.824760437557));
#1546 = CARTESIAN_POINT('',(34.187090418972,0.824544930952));
#1547 = CARTESIAN_POINT('',(34.254988527267,0.823587501994));
#1548 = CARTESIAN_POINT('',(34.322111648082,0.822009963258));
#1549 = CARTESIAN_POINT('',(34.388141966259,0.819839528142));
#1550 = CARTESIAN_POINT('',(34.452802046086,0.817109473056));
#1551 = CARTESIAN_POINT('',(34.515863562522,0.813858345944));
#1552 = CARTESIAN_POINT('',(34.577123779354,0.810129308761));
#1553 = CARTESIAN_POINT('',(34.636489946142,0.805962926558));
#1554 = CARTESIAN_POINT('',(34.69390033008,0.801398685552));
#1555 = CARTESIAN_POINT('',(34.749316544716,0.796474841355));
#1556 = CARTESIAN_POINT('',(34.802733322631,0.791226615777));
#1557 = CARTESIAN_POINT('',(34.8541615515,0.785686694923));
#1558 = CARTESIAN_POINT('',(34.903633679184,0.779884154383));
#1559 = CARTESIAN_POINT('',(34.951194737546,0.773844733091));
#1560 = CARTESIAN_POINT('',(34.996891318105,0.767591991411));
#1561 = CARTESIAN_POINT('',(35.040774319756,0.76114693986));
#1562 = CARTESIAN_POINT('',(35.082897040802,0.754528242948));
#1563 = CARTESIAN_POINT('',(35.123318053821,0.74775165153));
#1564 = CARTESIAN_POINT('',(35.162087160234,0.740832357207));
#1565 = CARTESIAN_POINT('',(35.199256323665,0.733783335306));
#1566 = CARTESIAN_POINT('',(35.234875255884,0.726616188396));
#1567 = CARTESIAN_POINT('',(35.268990529237,0.719341403178));
#1568 = CARTESIAN_POINT('',(35.301646169551,0.711968360945));
#1569 = CARTESIAN_POINT('',(35.332884473219,0.704505268439));
#1570 = CARTESIAN_POINT('',(35.362744417455,0.696959654562));
#1571 = CARTESIAN_POINT('',(35.391261511903,0.689338473935));
#1572 = CARTESIAN_POINT('',(35.418469623921,0.68164783919));
#1573 = CARTESIAN_POINT('',(35.444399661007,0.673893400907));
#1574 = CARTESIAN_POINT('',(35.469080108896,0.666080324628));
#1575 = CARTESIAN_POINT('',(35.492537802975,0.658213115029));
#1576 = CARTESIAN_POINT('',(35.514794383134,0.650296972733));
#1577 = CARTESIAN_POINT('',(35.535873436511,0.642335401887));
#1578 = CARTESIAN_POINT('',(35.55579563981,0.634331852199));
#1579 = CARTESIAN_POINT('',(35.574579509615,0.626289580028));
#1580 = CARTESIAN_POINT('',(35.592241482353,0.618211697075));
#1581 = CARTESIAN_POINT('',(35.60879613522,0.610101167377));
#1582 = CARTESIAN_POINT('',(35.624256333255,0.601960816846));
#1583 = CARTESIAN_POINT('',(35.63863336271,0.593793338259));
#1584 = CARTESIAN_POINT('',(35.651937037183,0.585601296413));
#1585 = CARTESIAN_POINT('',(35.664175782731,0.577387132262));
#1586 = CARTESIAN_POINT('',(35.675356702884,0.569153166606));
#1587 = CARTESIAN_POINT('',(35.685485625996,0.560901602866));
#1588 = CARTESIAN_POINT('',(35.694567136602,0.552634530755));
#1589 = CARTESIAN_POINT('',(35.702604594162,0.544353924687));
#1590 = CARTESIAN_POINT('',(35.709600136476,0.536061660321));
#1591 = CARTESIAN_POINT('',(35.715554687867,0.52775946237));
#1592 = CARTESIAN_POINT('',(35.720467907161,0.519449108352));
#1593 = CARTESIAN_POINT('',(35.724338328044,0.511131677017));
#1594 = CARTESIAN_POINT('',(35.727161778656,0.502812705991));
#1595 = CARTESIAN_POINT('',(35.728935662239,0.494493006376));
#1596 = CARTESIAN_POINT('',(35.729655460363,0.48617398355));
#1597 = CARTESIAN_POINT('',(35.729315326211,0.477857046681));
#1598 = CARTESIAN_POINT('',(35.727908012369,0.469543767735));
#1599 = CARTESIAN_POINT('',(35.725424957199,0.461235840123));
#1600 = CARTESIAN_POINT('',(35.721856311433,0.452935091408));
#1601 = CARTESIAN_POINT('',(35.717190965351,0.444643481859));
#1602 = CARTESIAN_POINT('',(35.711416561642,0.436363107078));
#1603 = CARTESIAN_POINT('',(35.704519498612,0.428096199816));
#1604 = CARTESIAN_POINT('',(35.696484922551,0.419845132287));
#1605 = CARTESIAN_POINT('',(35.68729670906,0.411612418656));
#1606 = CARTESIAN_POINT('',(35.676937432219,0.403400717851));
#1607 = CARTESIAN_POINT('',(35.66538832012,0.395212836712));
#1608 = CARTESIAN_POINT('',(35.652629194814,0.387051733595));
#1609 = CARTESIAN_POINT('',(35.638638394009,0.378920522467));
#1610 = CARTESIAN_POINT('',(35.623392672095,0.37082247776));
#1611 = CARTESIAN_POINT('',(35.606867074943,0.362761039539));
#1612 = CARTESIAN_POINT('',(35.58903479212,0.354739821334));
#1613 = CARTESIAN_POINT('',(35.569866953472,0.346762612492));
#1614 = CARTESIAN_POINT('',(35.549332471557,0.338833406273));
#1615 = CARTESIAN_POINT('',(35.527397526961,0.330956338044));
#1616 = CARTESIAN_POINT('',(35.50402617368,0.323135966085));
#1617 = CARTESIAN_POINT('',(35.479176522626,0.315376281892));
#1618 = CARTESIAN_POINT('',(35.452816815263,0.307685571838));
#1619 = CARTESIAN_POINT('',(35.424906184592,0.300070225674));
#1620 = CARTESIAN_POINT('',(35.395401462163,0.292537212366));
#1621 = CARTESIAN_POINT('',(35.364257996838,0.28509433798));
#1622 = CARTESIAN_POINT('',(35.33142908728,0.277750174072));
#1623 = CARTESIAN_POINT('',(35.296866438458,0.270514197252));
#1624 = CARTESIAN_POINT('',(35.260517931525,0.263396413532));
#1625 = CARTESIAN_POINT('',(35.222336566985,0.256409107383));
#1626 = CARTESIAN_POINT('',(35.182267457774,0.249564424965));
#1627 = CARTESIAN_POINT('',(35.140257165492,0.242876224978));
#1628 = CARTESIAN_POINT('',(35.096254881153,0.23636017154));
#1629 = CARTESIAN_POINT('',(35.050212752702,0.230033685714));
#1630 = CARTESIAN_POINT('',(35.00208624082,0.223915916741));
#1631 = CARTESIAN_POINT('',(34.951835282228,0.218027775767));
#1632 = CARTESIAN_POINT('',(34.8994222609,0.212391699926));
#1633 = CARTESIAN_POINT('',(34.844834550035,0.207033776797));
#1634 = CARTESIAN_POINT('',(34.788066706586,0.201981319555));
#1635 = CARTESIAN_POINT('',(34.729137720846,0.197264118969));
#1636 = CARTESIAN_POINT('',(34.668086643872,0.192913515299));
#1637 = CARTESIAN_POINT('',(34.60499707862,0.18896260195));
#1638 = CARTESIAN_POINT('',(34.539794329486,0.185435912685));
#1639 = CARTESIAN_POINT('',(34.472749735351,0.182376937933));
#1640 = CARTESIAN_POINT('',(34.40411171525,0.179820699019));
#1641 = CARTESIAN_POINT('',(34.334158738747,0.177797685031));
#1642 = CARTESIAN_POINT('',(34.263184536417,0.176332375443));
#1643 = CARTESIAN_POINT('',(34.191501383008,0.175443150318));
#1644 = CARTESIAN_POINT('',(34.119438477706,0.175141756442));
#1645 = CARTESIAN_POINT('',(34.047341528359,0.175432802836));
#1646 = CARTESIAN_POINT('',(33.975572134168,0.176313172153));
#1647 = CARTESIAN_POINT('',(33.904506539267,0.177771277072));
#1648 = CARTESIAN_POINT('',(33.834536943196,0.179786507459));
#1649 = CARTESIAN_POINT('',(33.766063137572,0.182327504656));
#1650 = CARTESIAN_POINT('',(33.69915433247,0.185369456024));
#1651 = CARTESIAN_POINT('',(33.634037466904,0.188879365129));
#1652 = CARTESIAN_POINT('',(33.570853462236,0.192824013785));
#1653 = CARTESIAN_POINT('',(33.509715653812,0.197169630549));
#1654 = CARTESIAN_POINT('',(33.450701559847,0.201882909336));
#1655 = CARTESIAN_POINT('',(33.393851572693,0.206932579248));
#1656 = CARTESIAN_POINT('',(33.339221501382,0.21228493351));
#1657 = CARTESIAN_POINT('',(33.286778317999,0.217914520386));
#1658 = CARTESIAN_POINT('',(33.23649127919,0.223797175134));
#1659 = CARTESIAN_POINT('',(33.188324242799,0.229910442084));
#1660 = CARTESIAN_POINT('',(33.14223791295,0.236233439238));
#1661 = CARTESIAN_POINT('',(33.098189528796,0.242746885023));
#1662 = CARTESIAN_POINT('',(33.05613332426,0.249433093496));
#1663 = CARTESIAN_POINT('',(33.016020867778,0.256275984395));
#1664 = CARTESIAN_POINT('',(32.97780145195,0.263261107419));
#1665 = CARTESIAN_POINT('',(32.941422677742,0.270375628085));
#1666 = CARTESIAN_POINT('',(32.90683041836,0.277608477629));
#1667 = CARTESIAN_POINT('',(32.873971211541,0.284949900965));
#1668 = CARTESIAN_POINT('',(32.842785634541,0.2923932555));
#1669 = CARTESIAN_POINT('',(32.813237538761,0.29992786151));
#1670 = CARTESIAN_POINT('',(32.785286427167,0.307544824373));
#1671 = CARTESIAN_POINT('',(32.758887924008,0.315237422519));
#1672 = CARTESIAN_POINT('',(32.734001655741,0.322999064218));
#1673 = CARTESIAN_POINT('',(32.710588872095,0.330823840204));
#1674 = CARTESIAN_POINT('',(32.688613065433,0.338706274004));
#1675 = CARTESIAN_POINT('',(32.668038844389,0.34664168559));
#1676 = CARTESIAN_POINT('',(32.648837089347,0.354623993716));
#1677 = CARTESIAN_POINT('',(32.630974980183,0.362649624938));
#1678 = CARTESIAN_POINT('',(32.614422809499,0.370714962571));
#1679 = CARTESIAN_POINT('',(32.59915297035,0.378816598175));
#1680 = CARTESIAN_POINT('',(32.585139959639,0.386951254933));
#1681 = CARTESIAN_POINT('',(32.572360144036,0.395115800011));
#1682 = CARTESIAN_POINT('',(32.560791622134,0.403307234044));
#1683 = CARTESIAN_POINT('',(32.550414091357,0.41152268765));
#1684 = CARTESIAN_POINT('',(32.541208742071,0.419759416868));
#1685 = CARTESIAN_POINT('',(32.533158170818,0.428014799603));
#1686 = CARTESIAN_POINT('',(32.526246312787,0.436286332444));
#1687 = CARTESIAN_POINT('',(32.520458391439,0.444571627929));
#1688 = CARTESIAN_POINT('',(32.515780883817,0.452868412182));
#1689 = CARTESIAN_POINT('',(32.512201499856,0.461174522754));
#1690 = CARTESIAN_POINT('',(32.50970917439,0.46948790699));
#1691 = CARTESIAN_POINT('',(32.508294069171,0.477806619455));
#1692 = CARTESIAN_POINT('',(32.507947587571,0.486128823497));
#1693 = CARTESIAN_POINT('',(32.508662384548,0.494452777752));
#1694 = CARTESIAN_POINT('',(32.510432429626,0.502776878872));
#1695 = CARTESIAN_POINT('',(32.513252900098,0.511099494158));
#1696 = CARTESIAN_POINT('',(32.517120728713,0.51941957766));
#1697 = CARTESIAN_POINT('',(32.522031081006,0.52773111292));
#1698 = CARTESIAN_POINT('',(32.527982229224,0.53603349562));
#1699 = CARTESIAN_POINT('',(32.534973749489,0.544325252626));
#1700 = CARTESIAN_POINT('',(32.543006610075,0.552604950778));
#1701 = CARTESIAN_POINT('',(32.552083076964,0.560870952666));
#1702 = CARTESIAN_POINT('',(32.56220669202,0.569121480525));
#1703 = CARTESIAN_POINT('',(32.573382252278,0.577354596894));
#1704 = CARTESIAN_POINT('',(32.585615807338,0.585568206972));
#1705 = CARTESIAN_POINT('',(32.598914669145,0.593760054616));
#1706 = CARTESIAN_POINT('',(32.613287435439,0.601927719499));
#1707 = CARTESIAN_POINT('',(32.628744027227,0.610068613375));
#1708 = CARTESIAN_POINT('',(32.64529574183,0.618179975934));
#1709 = CARTESIAN_POINT('',(32.662955323603,0.626258869975));
#1710 = CARTESIAN_POINT('',(32.681737055321,0.634302175839));
#1711 = CARTESIAN_POINT('',(32.701656873517,0.642306584835));
#1712 = CARTESIAN_POINT('',(32.722732513233,0.650268591753));
#1713 = CARTESIAN_POINT('',(32.744983682955,0.658184485122));
#1714 = CARTESIAN_POINT('',(32.768432291324,0.666050339104));
#1715 = CARTESIAN_POINT('',(32.793102672871,0.673861991157));
#1716 = CARTESIAN_POINT('',(32.819022040868,0.681615063233));
#1717 = CARTESIAN_POINT('',(32.84622035052,0.689304809298));
#1718 = CARTESIAN_POINT('',(32.874732658663,0.696926598049));
#1719 = CARTESIAN_POINT('',(32.90459250351,0.704474010099));
#1720 = CARTESIAN_POINT('',(32.935829851559,0.711938575554));
#1721 = CARTESIAN_POINT('',(32.968485848187,0.719313341732));
#1722 = CARTESIAN_POINT('',(33.002601416298,0.726589767581));
#1723 = CARTESIAN_POINT('',(33.038220699144,0.733758492947));
#1724 = CARTESIAN_POINT('',(33.075390774533,0.740809115982));
#1725 = CARTESIAN_POINT('',(33.114161615377,0.747730103338));
#1726 = CARTESIAN_POINT('',(33.154581518237,0.754507847564));
#1727 = CARTESIAN_POINT('',(33.196707716257,0.76112837885));
#1728 = CARTESIAN_POINT('',(33.240593994991,0.767575132632));
#1729 = CARTESIAN_POINT('',(33.286293287979,0.773829419956));
#1730 = CARTESIAN_POINT('',(33.33385640699,0.779870231715));
#1731 = CARTESIAN_POINT('',(33.383334038609,0.785674496643));
#1732 = CARTESIAN_POINT('',(33.434769609838,0.791216190424));
#1733 = CARTESIAN_POINT('',(33.488190041707,0.796465729971));
#1734 = CARTESIAN_POINT('',(33.543612069397,0.801390979153));
#1735 = CARTESIAN_POINT('',(33.601027784246,0.805956455007));
#1736 = CARTESIAN_POINT('',(33.660398800487,0.810123994472));
#1737 = CARTESIAN_POINT('',(33.721673262242,0.813854593938));
#1738 = CARTESIAN_POINT('',(33.784741997055,0.817106665799));
#1739 = CARTESIAN_POINT('',(33.849407653397,0.819837495655));
#1740 = CARTESIAN_POINT('',(33.915444481052,0.82200863201));
#1741 = CARTESIAN_POINT('',(33.982577769401,0.82358682668));
#1742 = CARTESIAN_POINT('',(34.050491538891,0.824544778021));
#1743 = CARTESIAN_POINT('',(34.096029136582,0.824760435249));
#1744 = CARTESIAN_POINT('',(34.118802153517,0.824759526419));
#1745 = ( GEOMETRIC_REPRESENTATION_CONTEXT(2) 
PARAMETRIC_REPRESENTATION_CONTEXT() REPRESENTATION_CONTEXT('2D SPACE',''
  ) );
#1746 = ORIENTED_EDGE('',*,*,#1168,.F.);
#1747 = ADVANCED_FACE('',(#1748),#549,.F.);
#1748 = FACE_BOUND('',#1749,.F.);
#1749 = EDGE_LOOP('',(#1750,#1751,#1774,#2279));
#1750 = ORIENTED_EDGE('',*,*,#528,.F.);
#1751 = ORIENTED_EDGE('',*,*,#1752,.T.);
#1752 = EDGE_CURVE('',#529,#1753,#1755,.T.);
#1753 = VERTEX_POINT('',#1754);
#1754 = CARTESIAN_POINT('',(73.309401076759,16.809401076759,
    6.598076211353));
#1755 = SEAM_CURVE('',#1756,(#1760,#1767),.PCURVE_S1.);
#1756 = LINE('',#1757,#1758);
#1757 = CARTESIAN_POINT('',(73.309401076759,16.809401076759,9.));
#1758 = VECTOR('',#1759,1.);
#1759 = DIRECTION('',(-0.,-0.,-1.));
#1760 = PCURVE('',#549,#1761);
#1761 = DEFINITIONAL_REPRESENTATION('',(#1762),#1766);
#1762 = LINE('',#1763,#1764);
#1763 = CARTESIAN_POINT('',(0.,0.));
#1764 = VECTOR('',#1765,1.);
#1765 = DIRECTION('',(0.,-1.));
#1766 = ( GEOMETRIC_REPRESENTATION_CONTEXT(2) 
PARAMETRIC_REPRESENTATION_CONTEXT() REPRESENTATION_CONTEXT('2D SPACE',''
  ) );
#1767 = PCURVE('',#549,#1768);
#1768 = DEFINITIONAL_REPRESENTATION('',(#1769),#1773);
#1769 = LINE('',#1770,#1771);
#1770 = CARTESIAN_POINT('',(6.28318530718,0.));
#1771 = VECTOR('',#1772,1.);
#1772 = DIRECTION('',(0.,-1.));
#1773 = ( GEOMETRIC_REPRESENTATION_CONTEXT(2) 
PARAMETRIC_REPRESENTATION_CONTEXT() REPRESENTATION_CONTEXT('2D SPACE',''
  ) );
#1774 = ORIENTED_EDGE('',*,*,#1775,.T.);
#1775 = EDGE_CURVE('',#1753,#1753,#1776,.T.);
#1776 = SURFACE_CURVE('',#1777,(#1913,#2096),.PCURVE_S1.);
#1777 = B_SPLINE_CURVE_WITH_KNOTS('',8,(#1778,#1779,#1780,#1781,#1782,
    #1783,#1784,#1785,#1786,#1787,#1788,#1789,#1790,#1791,#1792,#1793,
    #1794,#1795,#1796,#1797,#1798,#1799,#1800,#1801,#1802,#1803,#1804,
    #1805,#1806,#1807,#1808,#1809,#1810,#1811,#1812,#1813,#1814,#1815,
    #1816,#1817,#1818,#1819,#1820,#1821,#1822,#1823,#1824,#1825,#1826,
    #1827,#1828,#1829,#1830,#1831,#1832,#1833,#1834,#1835,#1836,#1837,
    #1838,#1839,#1840,#1841,#1842,#1843,#1844,#1845,#1846,#1847,#1848,
    #1849,#1850,#1851,#1852,#1853,#1854,#1855,#1856,#1857,#1858,#1859,
    #1860,#1861,#1862,#1863,#1864,#1865,#1866,#1867,#1868,#1869,#1870,
    #1871,#1872,#1873,#1874,#1875,#1876,#1877,#1878,#1879,#1880,#1881,
    #1882,#1883,#1884,#1885,#1886,#1887,#1888,#1889,#1890,#1891,#1892,
    #1893,#1894,#1895,#1896,#1897,#1898,#1899,#1900,#1901,#1902,#1903,
    #1904,#1905,#1906,#1907,#1908,#1909,#1910,#1911,#1912),
  .UNSPECIFIED.,.T.,.F.,(9,7,7,7,7,7,7,7,7,7,7,7,7,7,7,7,7,7,7,9),(0.,
    7.727617744426E-02,0.135228339926,0.190659632823,0.399042888634,
    0.597007045048,0.654232451416,0.7150137562,0.768503266793,
    0.805140703768,0.913908309781,1.,1.062010927989,1.11738517292,
    1.287372256546,1.493310082856,1.547886235072,1.604708715241,
    1.651536952455,1.729446401634),.UNSPECIFIED.);
#1778 = CARTESIAN_POINT('',(73.309401076759,16.809401076759,
    6.598076211353));
#1779 = CARTESIAN_POINT('',(73.309401076759,16.88434801972,
    6.598076211353));
#1780 = CARTESIAN_POINT('',(73.305121269728,16.958299817209,
    6.590663368129));
#1781 = CARTESIAN_POINT('',(73.29676146361,17.030419699493,
    6.576183759192));
#1782 = CARTESIAN_POINT('',(73.284713629154,17.100167974617,
    6.555316297793));
#1783 = CARTESIAN_POINT('',(73.269423198794,17.167213781038,
    6.528832495541));
#1784 = CARTESIAN_POINT('',(73.251324099991,17.231385945957,
    6.497483936842));
#1785 = CARTESIAN_POINT('',(73.230808510475,17.292643891733,
    6.461949893453));
#1786 = CARTESIAN_POINT('',(73.191231636833,17.394850006756,6.3934007375
    ));
#1787 = CARTESIAN_POINT('',(73.173086823058,17.437053896021,
    6.361972998148));
#1788 = CARTESIAN_POINT('',(73.153885896912,17.477697660607,
    6.328716018511));
#1789 = CARTESIAN_POINT('',(73.133742488054,17.516822826709,
    6.293826610932));
#1790 = CARTESIAN_POINT('',(73.112755919718,17.554475468851,
    6.257476808296));
#1791 = CARTESIAN_POINT('',(73.091011288029,17.590705692061,
    6.219814001419));
#1792 = CARTESIAN_POINT('',(73.068579541329,17.625567114049,
    6.180961076432));
#1793 = CARTESIAN_POINT('',(73.023458754172,17.691206217695,6.1028095806
    ));
#1794 = CARTESIAN_POINT('',(73.000827558815,17.722089486566,
    6.063611200405));
#1795 = CARTESIAN_POINT('',(72.977676355064,17.751812154302,
    6.023512139252));
#1796 = CARTESIAN_POINT('',(72.954051328735,17.780416234464,
    5.98259239332));
#1797 = CARTESIAN_POINT('',(72.929992865921,17.807940413791,
    5.940921913373));
#1798 = CARTESIAN_POINT('',(72.905535949089,17.834420712126,
    5.898561290824));
#1799 = CARTESIAN_POINT('',(72.880710553185,17.859891142349,5.8555624438
    ));
#1800 = CARTESIAN_POINT('',(72.760925876642,17.976461937318,
    5.64808929806));
#1801 = CARTESIAN_POINT('',(72.661588410309,18.054604086155,
    5.476031759278));
#1802 = CARTESIAN_POINT('',(72.558744306646,18.12073263902,
    5.297900546467));
#1803 = CARTESIAN_POINT('',(72.453172579308,18.175740975247,
    5.115044950888));
#1804 = CARTESIAN_POINT('',(72.345495281228,18.220372965996,
    4.928542399778));
#1805 = CARTESIAN_POINT('',(72.236131312963,18.255064711047,
    4.739118450234));
#1806 = CARTESIAN_POINT('',(72.1253598889,18.280103676988,4.547256715729
    ));
#1807 = CARTESIAN_POINT('',(71.906823306627,18.310086721776,
    4.168740251919));
#1808 = CARTESIAN_POINT('',(71.799401774256,18.315943413749,
    3.982680700026));
#1809 = CARTESIAN_POINT('',(71.691162044039,18.313102600529,
    3.795203987891));
#1810 = CARTESIAN_POINT('',(71.582296611248,18.301370978746,
    3.606643527111));
#1811 = CARTESIAN_POINT('',(71.473061966866,18.280404052074,
    3.417443573093));
#1812 = CARTESIAN_POINT('',(71.363787648352,18.249636512264,
    3.228174901466));
#1813 = CARTESIAN_POINT('',(71.254876959507,18.208332115541,
    3.039536054899));
#1814 = CARTESIAN_POINT('',(71.115592304268,18.13975495688,2.79828795531
    ));
#1815 = CARTESIAN_POINT('',(71.084438260286,18.123386928869,
    2.744327568271));
#1816 = CARTESIAN_POINT('',(71.053378854095,18.105998176592,
    2.690531098696));
#1817 = CARTESIAN_POINT('',(71.022431820357,18.087555599358,
    2.636929263918));
#1818 = CARTESIAN_POINT('',(70.991618201992,18.068023320609,
    2.583558511344));
#1819 = CARTESIAN_POINT('',(70.960962487232,18.047362117906,
    2.530461255838));
#1820 = CARTESIAN_POINT('',(70.930492746683,18.025528852926,
    2.477686117114));
#1821 = CARTESIAN_POINT('',(70.868108982963,17.977990475145,
    2.369634268783));
#1822 = CARTESIAN_POINT('',(70.836227565319,17.952132725508,
    2.314414033607));
#1823 = CARTESIAN_POINT('',(70.804631664654,17.924843181743,
    2.259688328344));
#1824 = CARTESIAN_POINT('',(70.773367386719,17.896060800407,
    2.205537010499));
#1825 = CARTESIAN_POINT('',(70.742492076497,17.865722670236,
    2.152059404494));
#1826 = CARTESIAN_POINT('',(70.71207459888,17.833763716986,
    2.099374787824));
#1827 = CARTESIAN_POINT('',(70.68219561936,17.800116408264,
    2.047622877216));
#1828 = CARTESIAN_POINT('',(70.627208933918,17.733552079343,
    1.952383144291));
#1829 = CARTESIAN_POINT('',(70.601964601808,17.701038502318,
    1.908658678474));
#1830 = CARTESIAN_POINT('',(70.577277262519,17.667121567775,
    1.865898952522));
#1831 = CARTESIAN_POINT('',(70.55322496545,17.631761036847,
    1.824239151959));
#1832 = CARTESIAN_POINT('',(70.52990059994,17.594926738415,
    1.783840165842));
#1833 = CARTESIAN_POINT('',(70.507410427574,17.556601688456,
    1.744886044633));
#1834 = CARTESIAN_POINT('',(70.485871982097,17.516786181651,
    1.70758036275));
#1835 = CARTESIAN_POINT('',(70.451396895827,17.447225997723,
    1.647867761735));
#1836 = CARTESIAN_POINT('',(70.437889473763,17.418263114727,
    1.624472220442));
#1837 = CARTESIAN_POINT('',(70.424931240418,17.38862605324,
    1.602027901912));
#1838 = CARTESIAN_POINT('',(70.412566954715,17.358333656374,
    1.580612330875));
#1839 = CARTESIAN_POINT('',(70.400842562939,17.327412987793,
    1.56030508863));
#1840 = CARTESIAN_POINT('',(70.38980379683,17.295900556149,
    1.541185384877));
#1841 = CARTESIAN_POINT('',(70.379494771681,17.263843539513,
    1.523329629542));
#1842 = CARTESIAN_POINT('',(70.341640035064,17.134690183792,
    1.457763302414));
#1843 = CARTESIAN_POINT('',(70.319963627857,17.033279662914,
    1.420218663806));
#1844 = CARTESIAN_POINT('',(70.306455183026,16.929662960884,
    1.396821351028));
#1845 = CARTESIAN_POINT('',(70.301482444378,16.826068306117,
    1.388208315038));
#1846 = CARTESIAN_POINT('',(70.304716082087,16.724369437936,
    1.393809139842));
#1847 = CARTESIAN_POINT('',(70.315380462917,16.626102562061,
    1.412280389272));
#1848 = CARTESIAN_POINT('',(70.332391145531,16.532485701633,
    1.44174375583));
#1849 = CARTESIAN_POINT('',(70.371960282612,16.37474415514,
    1.510279511666));
#1850 = CARTESIAN_POINT('',(70.392730114903,16.308111478041,
    1.546253916459));
#1851 = CARTESIAN_POINT('',(70.416351471729,16.244572038342,
    1.587167306625));
#1852 = CARTESIAN_POINT('',(70.44243447261,16.184105846091,
    1.632344389366));
#1853 = CARTESIAN_POINT('',(70.470640353751,16.126647582171,
    1.681198408574));
#1854 = CARTESIAN_POINT('',(70.500686381578,16.072094648691,
    1.733239655335));
#1855 = CARTESIAN_POINT('',(70.532350766279,16.020315219372,
    1.788083978428));
#1856 = CARTESIAN_POINT('',(70.589338463275,15.935747636372,
    1.886789565032));
#1857 = CARTESIAN_POINT('',(70.613947238914,15.901714505162,
    1.92941321475));
#1858 = CARTESIAN_POINT('',(70.639236889294,15.869009940942,
    1.973216174115));
#1859 = CARTESIAN_POINT('',(70.665147964221,15.837591035134,
    2.018095472366));
#1860 = CARTESIAN_POINT('',(70.691628152938,15.807418180338,
    2.063960504619));
#1861 = CARTESIAN_POINT('',(70.718631860791,15.778454324736,
    2.110732298612));
#1862 = CARTESIAN_POINT('',(70.746119785887,15.750664226488,
    2.158342781474));
#1863 = CARTESIAN_POINT('',(70.799007081661,15.700215445812,
    2.249946264829));
#1864 = CARTESIAN_POINT('',(70.824313651045,15.677327391039,
    2.293778528767));
#1865 = CARTESIAN_POINT('',(70.849953612364,15.655326245921,
    2.338188244476));
#1866 = CARTESIAN_POINT('',(70.875904582453,15.63419090104,
    2.383136643175));
#1867 = CARTESIAN_POINT('',(70.90214627215,15.613902161623,
    2.428588583008));
#1868 = CARTESIAN_POINT('',(70.928660371915,15.594442473702,
    2.474512350917));
#1869 = CARTESIAN_POINT('',(70.955430437443,15.575795650277,
    2.520879464533));
#1870 = CARTESIAN_POINT('',(71.065360802892,15.503153824523,
    2.711284442786));
#1871 = CARTESIAN_POINT('',(71.15052321483,15.455898984558,
    2.858790067157));
#1872 = CARTESIAN_POINT('',(71.237534688486,15.415718923011,
    3.009498360371));
#1873 = CARTESIAN_POINT('',(71.326075062483,15.382333564227,
    3.162854786654));
#1874 = CARTESIAN_POINT('',(71.415873468614,15.355556008245,
    3.318390188513));
#1875 = CARTESIAN_POINT('',(71.506701244805,15.335268251998,
    3.475708511613));
#1876 = CARTESIAN_POINT('',(71.598372493769,15.321431715766,
    3.634487772413));
#1877 = CARTESIAN_POINT('',(71.802647164158,15.305221574835,
    3.988301880227));
#1878 = CARTESIAN_POINT('',(71.915406646389,15.305905348549,
    4.183607032486));
#1879 = CARTESIAN_POINT('',(72.02884064283,15.316193186937,
    4.380080477627));
#1880 = CARTESIAN_POINT('',(72.142677768566,15.336402629549,
    4.577252163189));
#1881 = CARTESIAN_POINT('',(72.256552147142,15.367004233211,
    4.774488372564));
#1882 = CARTESIAN_POINT('',(72.369980121184,15.408755522407,
    4.970951386604));
#1883 = CARTESIAN_POINT('',(72.482368905804,15.462579058371,
    5.165614471766));
#1884 = CARTESIAN_POINT('',(72.622248649675,15.548266750945,
    5.407893295101));
#1885 = CARTESIAN_POINT('',(72.651416297419,15.567189396737,
    5.458413142931));
#1886 = CARTESIAN_POINT('',(72.680430442626,15.587115438058,
    5.508667116567));
#1887 = CARTESIAN_POINT('',(72.7092704815,15.608078655819,5.558619529188
    ));
#1888 = CARTESIAN_POINT('',(72.737912179786,15.630115409107,
    5.608228405835));
#1889 = CARTESIAN_POINT('',(72.766327482653,15.653265251746,
    5.657445154113));
#1890 = CARTESIAN_POINT('',(72.794484324567,15.677571548869,
    5.70621423489));
#1891 = CARTESIAN_POINT('',(72.851355344909,15.72964263974,5.8047177316)
  );
#1892 = CARTESIAN_POINT('',(72.880040299814,15.757504484277,
    5.854401530907));
#1893 = CARTESIAN_POINT('',(72.908363113881,15.786724158202,
    5.903458083885));
#1894 = CARTESIAN_POINT('',(72.936274716857,15.817358749023,
    5.951802398361));
#1895 = CARTESIAN_POINT('',(72.963714889315,15.849466018598,
    5.999330171226));
#1896 = CARTESIAN_POINT('',(72.990611993721,15.883104521078,
    6.045917322634));
#1897 = CARTESIAN_POINT('',(73.01688270551,15.918333720862,
    6.091419530204));
#1898 = CARTESIAN_POINT('',(73.063487080677,15.985607779221,
    6.172140675848));
#1899 = CARTESIAN_POINT('',(73.084048133275,16.017117023266,
    6.207753463604));
#1900 = CARTESIAN_POINT('',(73.104061682382,16.049775196916,
    6.242417947498));
#1901 = CARTESIAN_POINT('',(73.123463424699,16.083608258218,
    6.276022750947));
#1902 = CARTESIAN_POINT('',(73.142178676464,16.118633177036,
    6.308438517879));
#1903 = CARTESIAN_POINT('',(73.160123610585,16.154855596178,
    6.339520055516));
#1904 = CARTESIAN_POINT('',(73.17720702765,16.19226674566,6.369109401839
    ));
#1905 = CARTESIAN_POINT('',(73.220161328064,16.295014364429,
    6.443508432559));
#1906 = CARTESIAN_POINT('',(73.244417144907,16.362591822728,
    6.485520739711));
#1907 = CARTESIAN_POINT('',(73.265520450819,16.43321814396,
    6.522072737759));
#1908 = CARTESIAN_POINT('',(73.282939968419,16.506407457246,
    6.552244227285));
#1909 = CARTESIAN_POINT('',(73.296230602853,16.581523572791,
    6.57526428139));
#1910 = CARTESIAN_POINT('',(73.305083809285,16.657761343147,
    6.590598484739));
#1911 = CARTESIAN_POINT('',(73.309401076759,16.734125035639,
    6.598076211353));
#1912 = CARTESIAN_POINT('',(73.309401076759,16.809401076759,
    6.598076211353));
#1913 = PCURVE('',#549,#1914);
#1914 = DEFINITIONAL_REPRESENTATION('',(#1915),#2095);
#1915 = B_SPLINE_CURVE_WITH_KNOTS('',3,(#1916,#1917,#1918,#1919,#1920,
    #1921,#1922,#1923,#1924,#1925,#1926,#1927,#1928,#1929,#1930,#1931,
    #1932,#1933,#1934,#1935,#1936,#1937,#1938,#1939,#1940,#1941,#1942,
    #1943,#1944,#1945,#1946,#1947,#1948,#1949,#1950,#1951,#1952,#1953,
    #1954,#1955,#1956,#1957,#1958,#1959,#1960,#1961,#1962,#1963,#1964,
    #1965,#1966,#1967,#1968,#1969,#1970,#1971,#1972,#1973,#1974,#1975,
    #1976,#1977,#1978,#1979,#1980,#1981,#1982,#1983,#1984,#1985,#1986,
    #1987,#1988,#1989,#1990,#1991,#1992,#1993,#1994,#1995,#1996,#1997,
    #1998,#1999,#2000,#2001,#2002,#2003,#2004,#2005,#2006,#2007,#2008,
    #2009,#2010,#2011,#2012,#2013,#2014,#2015,#2016,#2017,#2018,#2019,
    #2020,#2021,#2022,#2023,#2024,#2025,#2026,#2027,#2028,#2029,#2030,
    #2031,#2032,#2033,#2034,#2035,#2036,#2037,#2038,#2039,#2040,#2041,
    #2042,#2043,#2044,#2045,#2046,#2047,#2048,#2049,#2050,#2051,#2052,
    #2053,#2054,#2055,#2056,#2057,#2058,#2059,#2060,#2061,#2062,#2063,
    #2064,#2065,#2066,#2067,#2068,#2069,#2070,#2071,#2072,#2073,#2074,
    #2075,#2076,#2077,#2078,#2079,#2080,#2081,#2082,#2083,#2084,#2085,
    #2086,#2087,#2088,#2089,#2090,#2091,#2092,#2093,#2094),
  .UNSPECIFIED.,.F.,.F.,(4,1,1,1,1,1,1,1,1,1,1,1,1,1,1,1,1,1,1,1,1,1,1,1
    ,1,1,1,1,1,1,1,1,1,1,1,1,1,1,1,1,1,1,1,1,1,1,1,1,1,1,1,1,1,1,1,1,1,1
    ,1,1,1,1,1,1,1,1,1,1,1,1,1,1,1,1,1,1,1,1,1,1,1,1,1,1,1,1,1,1,1,1,1,1
    ,1,1,1,1,1,1,1,1,1,1,1,1,1,1,1,1,1,1,1,1,1,1,1,1,1,1,1,1,1,1,1,1,1,1
    ,1,1,1,1,1,1,1,1,1,1,1,1,1,1,1,1,1,1,1,1,1,1,1,1,1,1,1,1,1,1,1,1,1,1
    ,1,1,1,1,1,1,1,1,1,1,1,1,1,1,1,1,4),(0.,9.826400009285E-03,
    1.965280001857E-02,2.947920002786E-02,3.930560003714E-02,
    4.913200004643E-02,5.895840005571E-02,6.8784800065E-02,
    7.861120007428E-02,8.843760008357E-02,9.826400009285E-02,
    0.108090400102,0.117916800111,0.127743200121,0.13756960013,
    0.147396000139,0.157222400149,0.167048800158,0.176875200167,
    0.186701600176,0.196528000186,0.206354400195,0.216180800204,
    0.226007200214,0.235833600223,0.245660000232,0.255486400241,
    0.265312800251,0.27513920026,0.284965600269,0.294792000279,
    0.304618400288,0.314444800297,0.324271200306,0.334097600316,
    0.343924000325,0.353750400334,0.363576800344,0.373403200353,
    0.383229600362,0.393056000371,0.402882400381,0.41270880039,
    0.422535200399,0.432361600409,0.442188000418,0.452014400427,
    0.461840800436,0.471667200446,0.481493600455,0.491320000464,
    0.501146400474,0.510972800483,0.520799200492,0.530625600501,
    0.540452000511,0.55027840052,0.560104800529,0.569931200539,
    0.579757600548,0.589584000557,0.599410400566,0.609236800576,
    0.619063200585,0.628889600594,0.638716000604,0.648542400613,
    0.658368800622,0.668195200631,0.678021600641,0.68784800065,
    0.697674400659,0.707500800669,0.717327200678,0.727153600687,
    0.736980000696,0.746806400706,0.756632800715,0.766459200724,
    0.776285600734,0.786112000743,0.795938400752,0.805764800761,
    0.815591200771,0.82541760078,0.835244000789,0.845070400799,
    0.854896800808,0.864723200817,0.874549600826,0.884376000836,
    0.894202400845,0.904028800854,0.913855200864,0.923681600873,
    0.933508000882,0.943334400891,0.953160800901,0.96298720091,
    0.972813600919,0.982640000929,0.992466400938,1.002292800947,
    1.012119200956,1.021945600966,1.031772000975,1.041598400984,
    1.051424800994,1.061251201003,1.071077601012,1.080904001021,
    1.090730401031,1.10055680104,1.110383201049,1.120209601058,
    1.130036001068,1.139862401077,1.149688801086,1.159515201096,
    1.169341601105,1.179168001114,1.188994401123,1.198820801133,
    1.208647201142,1.218473601151,1.228300001161,1.23812640117,
    1.247952801179,1.257779201188,1.267605601198,1.277432001207,
    1.287258401216,1.297084801226,1.306911201235,1.316737601244,
    1.326564001253,1.336390401263,1.346216801272,1.356043201281,
    1.365869601291,1.3756960013,1.385522401309,1.395348801318,
    1.405175201328,1.415001601337,1.424828001346,1.434654401356,
    1.444480801365,1.454307201374,1.464133601383,1.473960001393,
    1.483786401402,1.493612801411,1.503439201421,1.51326560143,
    1.523092001439,1.532918401448,1.542744801458,1.552571201467,
    1.562397601476,1.572224001486,1.582050401495,1.591876801504,
    1.601703201513,1.611529601523,1.621356001532,1.631182401541,
    1.641008801551,1.65083520156,1.660661601569,1.670488001578,
    1.680314401588,1.690140801597,1.699967201606,1.709793601616,
    1.719620001625,1.729446401634),.QUASI_UNIFORM_KNOTS.);
#1916 = CARTESIAN_POINT('',(0.,-2.401923788647));
#1917 = CARTESIAN_POINT('',(1.69474578379E-02,-2.401916269381));
#1918 = CARTESIAN_POINT('',(5.062329542503E-02,-2.404168414896));
#1919 = CARTESIAN_POINT('',(0.100326387592,-2.413942690989));
#1920 = CARTESIAN_POINT('',(0.149045511355,-2.429733788192));
#1921 = CARTESIAN_POINT('',(0.196676922372,-2.451070568158));
#1922 = CARTESIAN_POINT('',(0.243150166166,-2.477463286438));
#1923 = CARTESIAN_POINT('',(0.288428839083,-2.508416628922));
#1924 = CARTESIAN_POINT('',(0.332505534463,-2.543453385258));
#1925 = CARTESIAN_POINT('',(0.375395486213,-2.582125676626));
#1926 = CARTESIAN_POINT('',(0.417150974794,-2.624044418845));
#1927 = CARTESIAN_POINT('',(0.457838789571,-2.668873222503));
#1928 = CARTESIAN_POINT('',(0.497517429831,-2.716303981701));
#1929 = CARTESIAN_POINT('',(0.53624701797,-2.76606484488));
#1930 = CARTESIAN_POINT('',(0.574087203538,-2.817916613436));
#1931 = CARTESIAN_POINT('',(0.611102332623,-2.871658400036));
#1932 = CARTESIAN_POINT('',(0.647347373334,-2.927105508572));
#1933 = CARTESIAN_POINT('',(0.682876478818,-2.984098470125));
#1934 = CARTESIAN_POINT('',(0.717741437648,-3.042497922566));
#1935 = CARTESIAN_POINT('',(0.75198983531,-3.102179614002));
#1936 = CARTESIAN_POINT('',(0.78566682474,-3.163034731931));
#1937 = CARTESIAN_POINT('',(0.818815613341,-3.224968740518));
#1938 = CARTESIAN_POINT('',(0.851463871221,-3.287872885653));
#1939 = CARTESIAN_POINT('',(0.883656673374,-3.351685222081));
#1940 = CARTESIAN_POINT('',(0.915430818019,-3.416341782766));
#1941 = CARTESIAN_POINT('',(0.946820599984,-3.481785218644));
#1942 = CARTESIAN_POINT('',(0.9778570386,-3.547961901463));
#1943 = CARTESIAN_POINT('',(1.008568730299,-3.6148222167));
#1944 = CARTESIAN_POINT('',(1.038982159799,-3.68232008586));
#1945 = CARTESIAN_POINT('',(1.069122070299,-3.750412766247));
#1946 = CARTESIAN_POINT('',(1.099011748798,-3.819060635546));
#1947 = CARTESIAN_POINT('',(1.128673279286,-3.888227029196));
#1948 = CARTESIAN_POINT('',(1.158127761254,-3.957878103326));
#1949 = CARTESIAN_POINT('',(1.187395503433,-4.027982722715));
#1950 = CARTESIAN_POINT('',(1.216496197683,-4.098512368269));
#1951 = CARTESIAN_POINT('',(1.245449076514,-4.169441058198));
#1952 = CARTESIAN_POINT('',(1.274273061273,-4.24074528981));
#1953 = CARTESIAN_POINT('',(1.302986890046,-4.312403964845));
#1954 = CARTESIAN_POINT('',(1.33160927919,-4.384398430901));
#1955 = CARTESIAN_POINT('',(1.360158929485,-4.456712143668));
#1956 = CARTESIAN_POINT('',(1.388655095122,-4.529331802845));
#1957 = CARTESIAN_POINT('',(1.41711605003,-4.602243056395));
#1958 = CARTESIAN_POINT('',(1.445565417876,-4.675446559062));
#1959 = CARTESIAN_POINT('',(1.47399990221,-4.748874212285));
#1960 = CARTESIAN_POINT('',(1.502438593746,-4.822515742154));
#1961 = CARTESIAN_POINT('',(1.530899854947,-4.896359408544));
#1962 = CARTESIAN_POINT('',(1.559401710299,-4.970392535757));
#1963 = CARTESIAN_POINT('',(1.587961895196,-5.044601333964));
#1964 = CARTESIAN_POINT('',(1.616597991062,-5.118970911448));
#1965 = CARTESIAN_POINT('',(1.64532753589,-5.193485236663));
#1966 = CARTESIAN_POINT('',(1.674168143089,-5.268127114724));
#1967 = CARTESIAN_POINT('',(1.703137622671,-5.342878160939));
#1968 = CARTESIAN_POINT('',(1.732254109178,-5.417718775879));
#1969 = CARTESIAN_POINT('',(1.76153619809,-5.492628120373));
#1970 = CARTESIAN_POINT('',(1.791003093806,-5.567584090806));
#1971 = CARTESIAN_POINT('',(1.820674771896,-5.642563292694));
#1972 = CARTESIAN_POINT('',(1.85057216213,-5.717541017539));
#1973 = CARTESIAN_POINT('',(1.880717348541,-5.792491201782));
#1974 = CARTESIAN_POINT('',(1.91113382586,-5.867386443739));
#1975 = CARTESIAN_POINT('',(1.941846696263,-5.942197791792));
#1976 = CARTESIAN_POINT('',(1.972883276654,-6.016895369933));
#1977 = CARTESIAN_POINT('',(2.004272405264,-6.091445857536));
#1978 = CARTESIAN_POINT('',(2.036048884771,-6.165821683709));
#1979 = CARTESIAN_POINT('',(2.068237230525,-6.239962146675));
#1980 = CARTESIAN_POINT('',(2.100869063725,-6.313813607581));
#1981 = CARTESIAN_POINT('',(2.133979807262,-6.387320038284));
#1982 = CARTESIAN_POINT('',(2.167606031896,-6.460415387051));
#1983 = CARTESIAN_POINT('',(2.201786649349,-6.533024742763));
#1984 = CARTESIAN_POINT('',(2.236564481258,-6.605065883502));
#1985 = CARTESIAN_POINT('',(2.271980004627,-6.676434596022));
#1986 = CARTESIAN_POINT('',(2.308082863543,-6.747025818176));
#1987 = CARTESIAN_POINT('',(2.344921307639,-6.816710134464));
#1988 = CARTESIAN_POINT('',(2.382544513846,-6.885336360002));
#1989 = CARTESIAN_POINT('',(2.421002163917,-6.952728801052));
#1990 = CARTESIAN_POINT('',(2.460349409951,-7.018693464136));
#1991 = CARTESIAN_POINT('',(2.500631718227,-7.082990684219));
#1992 = CARTESIAN_POINT('',(2.541897458993,-7.145355448303));
#1993 = CARTESIAN_POINT('',(2.58418496807,-7.205476805257));
#1994 = CARTESIAN_POINT('',(2.627519955577,-7.262997773288));
#1995 = CARTESIAN_POINT('',(2.671914738406,-7.317520587583));
#1996 = CARTESIAN_POINT('',(2.717368288144,-7.36861193831));
#1997 = CARTESIAN_POINT('',(2.763831059741,-7.415779998878));
#1998 = CARTESIAN_POINT('',(2.811235143603,-7.45852541858));
#1999 = CARTESIAN_POINT('',(2.859436303473,-7.496323591308));
#2000 = CARTESIAN_POINT('',(2.908388218485,-7.52877052143));
#2001 = CARTESIAN_POINT('',(2.957826721028,-7.555377610037));
#2002 = CARTESIAN_POINT('',(3.007449027701,-7.575792955828));
#2003 = CARTESIAN_POINT('',(3.057016767476,-7.589845659083));
#2004 = CARTESIAN_POINT('',(3.106317685779,-7.597503611693));
#2005 = CARTESIAN_POINT('',(3.155167075101,-7.598858293286));
#2006 = CARTESIAN_POINT('',(3.203399756595,-7.594105993153));
#2007 = CARTESIAN_POINT('',(3.250867224673,-7.583532222325));
#2008 = CARTESIAN_POINT('',(3.29742969106,-7.567500801888));
#2009 = CARTESIAN_POINT('',(3.342968571954,-7.546432882066));
#2010 = CARTESIAN_POINT('',(3.387326740412,-7.520831351078));
#2011 = CARTESIAN_POINT('',(3.430521107296,-7.49114150643));
#2012 = CARTESIAN_POINT('',(3.472727637053,-7.457645538313));
#2013 = CARTESIAN_POINT('',(3.513947352653,-7.420707974085));
#2014 = CARTESIAN_POINT('',(3.554229476231,-7.380639856546));
#2015 = CARTESIAN_POINT('',(3.593612456594,-7.337733675911));
#2016 = CARTESIAN_POINT('',(3.632140392556,-7.292252804525));
#2017 = CARTESIAN_POINT('',(3.669859878413,-7.244432178808));
#2018 = CARTESIAN_POINT('',(3.706819706927,-7.194479489491));
#2019 = CARTESIAN_POINT('',(3.74307868994,-7.142563091502));
#2020 = CARTESIAN_POINT('',(3.778675031838,-7.088857111119));
#2021 = CARTESIAN_POINT('',(3.813649546046,-7.033513036273));
#2022 = CARTESIAN_POINT('',(3.848044920617,-6.976661016891));
#2023 = CARTESIAN_POINT('',(3.881899621223,-6.918420548139));
#2024 = CARTESIAN_POINT('',(3.915250354432,-6.858898424895));
#2025 = CARTESIAN_POINT('',(3.948132643866,-6.798189194554));
#2026 = CARTESIAN_POINT('',(3.980579954578,-6.73637834525));
#2027 = CARTESIAN_POINT('',(4.012622038574,-6.673546353155));
#2028 = CARTESIAN_POINT('',(4.044288576939,-6.609763556399));
#2029 = CARTESIAN_POINT('',(4.075606907792,-6.545095250641));
#2030 = CARTESIAN_POINT('',(4.106602750164,-6.479601429079));
#2031 = CARTESIAN_POINT('',(4.137301792119,-6.413334212106));
#2032 = CARTESIAN_POINT('',(4.16772356523,-6.346352148179));
#2033 = CARTESIAN_POINT('',(4.197891785687,-6.278698428559));
#2034 = CARTESIAN_POINT('',(4.22782885475,-6.210413155456));
#2035 = CARTESIAN_POINT('',(4.257555624285,-6.141534632692));
#2036 = CARTESIAN_POINT('',(4.287091754349,-6.072099187763));
#2037 = CARTESIAN_POINT('',(4.316455876604,-6.002141363993));
#2038 = CARTESIAN_POINT('',(4.345665779173,-5.931693992016));
#2039 = CARTESIAN_POINT('',(4.374738559901,-5.860788274129));
#2040 = CARTESIAN_POINT('',(4.403690766912,-5.789453847268));
#2041 = CARTESIAN_POINT('',(4.432538525084,-5.717718837195));
#2042 = CARTESIAN_POINT('',(4.461297654766,-5.645609897002));
#2043 = CARTESIAN_POINT('',(4.489983776683,-5.573152254006));
#2044 = CARTESIAN_POINT('',(4.518612436868,-5.500369684873));
#2045 = CARTESIAN_POINT('',(4.547199136111,-5.427284724653));
#2046 = CARTESIAN_POINT('',(4.575759703604,-5.353917976325));
#2047 = CARTESIAN_POINT('',(4.604309380726,-5.280290757968));
#2048 = CARTESIAN_POINT('',(4.632866718166,-5.206415281609));
#2049 = CARTESIAN_POINT('',(4.66143951179,-5.132331359637));
#2050 = CARTESIAN_POINT('',(4.690036797712,-5.058075768655));
#2051 = CARTESIAN_POINT('',(4.718679229196,-4.983655330809));
#2052 = CARTESIAN_POINT('',(4.747383864256,-4.909086673908));
#2053 = CARTESIAN_POINT('',(4.776168394065,-4.834385610849));
#2054 = CARTESIAN_POINT('',(4.805050157172,-4.759570019366));
#2055 = CARTESIAN_POINT('',(4.834046549254,-4.684659107982));
#2056 = CARTESIAN_POINT('',(4.86317506135,-4.609673652947));
#2057 = CARTESIAN_POINT('',(4.892453423392,-4.534635977157));
#2058 = CARTESIAN_POINT('',(4.921899728285,-4.459570000201));
#2059 = CARTESIAN_POINT('',(4.951532573004,-4.384501271599));
#2060 = CARTESIAN_POINT('',(4.981371210314,-4.309457011495));
#2061 = CARTESIAN_POINT('',(5.011435717131,-4.23446615303));
#2062 = CARTESIAN_POINT('',(5.041747182566,-4.159559390596));
#2063 = CARTESIAN_POINT('',(5.072327923579,-4.084769230021));
#2064 = CARTESIAN_POINT('',(5.10320172666,-4.010130061291));
#2065 = CARTESIAN_POINT('',(5.13439415552,-3.935678186208));
#2066 = CARTESIAN_POINT('',(5.165932817887,-3.861452063432));
#2067 = CARTESIAN_POINT('',(5.19784804142,-3.787491803342));
#2068 = CARTESIAN_POINT('',(5.230172339801,-3.713841536864));
#2069 = CARTESIAN_POINT('',(5.262944781398,-3.640541147543));
#2070 = CARTESIAN_POINT('',(5.296197492321,-3.567657886638));
#2071 = CARTESIAN_POINT('',(5.32996237802,-3.49527151849));
#2072 = CARTESIAN_POINT('',(5.364281905096,-3.423452698336));
#2073 = CARTESIAN_POINT('',(5.399198394143,-3.352288736432));
#2074 = CARTESIAN_POINT('',(5.434757680597,-3.281877657111));
#2075 = CARTESIAN_POINT('',(5.471010095649,-3.212328710713));
#2076 = CARTESIAN_POINT('',(5.508004110824,-3.143776912088));
#2077 = CARTESIAN_POINT('',(5.545798701675,-3.076362754928));
#2078 = CARTESIAN_POINT('',(5.584450688237,-3.010258682835));
#2079 = CARTESIAN_POINT('',(5.624017698621,-2.945665933408));
#2080 = CARTESIAN_POINT('',(5.664559021458,-2.882815698176));
#2081 = CARTESIAN_POINT('',(5.706136373368,-2.821970543407));
#2082 = CARTESIAN_POINT('',(5.748799297756,-2.763447678377));
#2083 = CARTESIAN_POINT('',(5.792594469408,-2.707602755824));
#2084 = CARTESIAN_POINT('',(5.837553990532,-2.654845214098));
#2085 = CARTESIAN_POINT('',(5.883670840835,-2.605651891882));
#2086 = CARTESIAN_POINT('',(5.930995422639,-2.560461352709));
#2087 = CARTESIAN_POINT('',(5.979476765734,-2.519835435211));
#2088 = CARTESIAN_POINT('',(6.028923322697,-2.484411634921));
#2089 = CARTESIAN_POINT('',(6.079157516121,-2.454727650189));
#2090 = CARTESIAN_POINT('',(6.129969447223,-2.43124548143));
#2091 = CARTESIAN_POINT('',(6.18112014354,-2.414311500261));
#2092 = CARTESIAN_POINT('',(6.232338005115,-2.404157820465));
#2093 = CARTESIAN_POINT('',(6.266301956372,-2.401907990655));
#2094 = CARTESIAN_POINT('',(6.28318530718,-2.401923788647));
#2095 = ( GEOMETRIC_REPRESENTATION_CONTEXT(2) 
PARAMETRIC_REPRESENTATION_CONTEXT() REPRESENTATION_CONTEXT('2D SPACE',''
  ) );
#2096 = PCURVE('',#70,#2097);
#2097 = DEFINITIONAL_REPRESENTATION('',(#2098),#2278);
#2098 = B_SPLINE_CURVE_WITH_KNOTS('',3,(#2099,#2100,#2101,#2102,#2103,
    #2104,#2105,#2106,#2107,#2108,#2109,#2110,#2111,#2112,#2113,#2114,
    #2115,#2116,#2117,#2118,#2119,#2120,#2121,#2122,#2123,#2124,#2125,
    #2126,#2127,#2128,#2129,#2130,#2131,#2132,#2133,#2134,#2135,#2136,
    #2137,#2138,#2139,#2140,#2141,#2142,#2143,#2144,#2145,#2146,#2147,
    #2148,#2149,#2150,#2151,#2152,#2153,#2154,#2155,#2156,#2157,#2158,
    #2159,#2160,#2161,#2162,#2163,#2164,#2165,#2166,#2167,#2168,#2169,
    #2170,#2171,#2172,#2173,#2174,#2175,#2176,#2177,#2178,#2179,#2180,
    #2181,#2182,#2183,#2184,#2185,#2186,#2187,#2188,#2189,#2190,#2191,
    #2192,#2193,#2194,#2195,#2196,#2197,#2198,#2199,#2200,#2201,#2202,
    #2203,#2204,#2205,#2206,#2207,#2208,#2209,#2210,#2211,#2212,#2213,
    #2214,#2215,#2216,#2217,#2218,#2219,#2220,#2221,#2222,#2223,#2224,
    #2225,#2226,#2227,#2228,#2229,#2230,#2231,#2232,#2233,#2234,#2235,
    #2236,#2237,#2238,#2239,#2240,#2241,#2242,#2243,#2244,#2245,#2246,
    #2247,#2248,#2249,#2250,#2251,#2252,#2253,#2254,#2255,#2256,#2257,
    #2258,#2259,#2260,#2261,#2262,#2263,#2264,#2265,#2266,#2267,#2268,
    #2269,#2270,#2271,#2272,#2273,#2274,#2275,#2276,#2277),
  .UNSPECIFIED.,.T.,.F.,(4,1,1,1,1,1,1,1,1,1,1,1,1,1,1,1,1,1,1,1,1,1,1,1
    ,1,1,1,1,1,1,1,1,1,1,1,1,1,1,1,1,1,1,1,1,1,1,1,1,1,1,1,1,1,1,1,1,1,1
    ,1,1,1,1,1,1,1,1,1,1,1,1,1,1,1,1,1,1,1,1,1,1,1,1,1,1,1,1,1,1,1,1,1,1
    ,1,1,1,1,1,1,1,1,1,1,1,1,1,1,1,1,1,1,1,1,1,1,1,1,1,1,1,1,1,1,1,1,1,1
    ,1,1,1,1,1,1,1,1,1,1,1,1,1,1,1,1,1,1,1,1,1,1,1,1,1,1,1,1,1,1,1,1,1,1
    ,1,1,1,1,1,1,1,1,1,1,1,1,1,1,1,1,4),(0.,9.826400009285E-03,
    1.965280001857E-02,2.947920002786E-02,3.930560003714E-02,
    4.913200004643E-02,5.895840005571E-02,6.8784800065E-02,
    7.861120007428E-02,8.843760008357E-02,9.826400009285E-02,
    0.108090400102,0.117916800111,0.127743200121,0.13756960013,
    0.147396000139,0.157222400149,0.167048800158,0.176875200167,
    0.186701600176,0.196528000186,0.206354400195,0.216180800204,
    0.226007200214,0.235833600223,0.245660000232,0.255486400241,
    0.265312800251,0.27513920026,0.284965600269,0.294792000279,
    0.304618400288,0.314444800297,0.324271200306,0.334097600316,
    0.343924000325,0.353750400334,0.363576800344,0.373403200353,
    0.383229600362,0.393056000371,0.402882400381,0.41270880039,
    0.422535200399,0.432361600409,0.442188000418,0.452014400427,
    0.461840800436,0.471667200446,0.481493600455,0.491320000464,
    0.501146400474,0.510972800483,0.520799200492,0.530625600501,
    0.540452000511,0.55027840052,0.560104800529,0.569931200539,
    0.579757600548,0.589584000557,0.599410400566,0.609236800576,
    0.619063200585,0.628889600594,0.638716000604,0.648542400613,
    0.658368800622,0.668195200631,0.678021600641,0.68784800065,
    0.697674400659,0.707500800669,0.717327200678,0.727153600687,
    0.736980000696,0.746806400706,0.756632800715,0.766459200724,
    0.776285600734,0.786112000743,0.795938400752,0.805764800761,
    0.815591200771,0.82541760078,0.835244000789,0.845070400799,
    0.854896800808,0.864723200817,0.874549600826,0.884376000836,
    0.894202400845,0.904028800854,0.913855200864,0.923681600873,
    0.933508000882,0.943334400891,0.953160800901,0.96298720091,
    0.972813600919,0.982640000929,0.992466400938,1.002292800947,
    1.012119200956,1.021945600966,1.031772000975,1.041598400984,
    1.051424800994,1.061251201003,1.071077601012,1.080904001021,
    1.090730401031,1.10055680104,1.110383201049,1.120209601058,
    1.130036001068,1.139862401077,1.149688801086,1.159515201096,
    1.169341601105,1.179168001114,1.188994401123,1.198820801133,
    1.208647201142,1.218473601151,1.228300001161,1.23812640117,
    1.247952801179,1.257779201188,1.267605601198,1.277432001207,
    1.287258401216,1.297084801226,1.306911201235,1.316737601244,
    1.326564001253,1.336390401263,1.346216801272,1.356043201281,
    1.365869601291,1.3756960013,1.385522401309,1.395348801318,
    1.405175201328,1.415001601337,1.424828001346,1.434654401356,
    1.444480801365,1.454307201374,1.464133601383,1.473960001393,
    1.483786401402,1.493612801411,1.503439201421,1.51326560143,
    1.523092001439,1.532918401448,1.542744801458,1.552571201467,
    1.562397601476,1.572224001486,1.582050401495,1.591876801504,
    1.601703201513,1.611529601523,1.621356001532,1.631182401541,
    1.641008801551,1.65083520156,1.660661601569,1.670488001578,
    1.680314401588,1.690140801597,1.699967201606,1.709793601616,
    1.719620001625,1.729446401634),.QUASI_UNIFORM_KNOTS.);
#2099 = CARTESIAN_POINT('',(51.336662911068,0.824759526419));
#2100 = CARTESIAN_POINT('',(51.362701278304,0.824760466327));
#2101 = CARTESIAN_POINT('',(51.415111680725,0.824478948138));
#2102 = CARTESIAN_POINT('',(51.494227266584,0.823257163626));
#2103 = CARTESIAN_POINT('',(51.573310404883,0.821283276476));
#2104 = CARTESIAN_POINT('',(51.651938594409,0.81861617898));
#2105 = CARTESIAN_POINT('',(51.72975600585,0.815317089195));
#2106 = CARTESIAN_POINT('',(51.806479825671,0.811447921385));
#2107 = CARTESIAN_POINT('',(51.881896259719,0.807068326843));
#2108 = CARTESIAN_POINT('',(51.955851393179,0.802234290422));
#2109 = CARTESIAN_POINT('',(52.028276640317,0.796994447644));
#2110 = CARTESIAN_POINT('',(52.099149176991,0.791390847187));
#2111 = CARTESIAN_POINT('',(52.168449822154,0.785462002287));
#2112 = CARTESIAN_POINT('',(52.236177873081,0.77924189439));
#2113 = CARTESIAN_POINT('',(52.302345334668,0.772760423321));
#2114 = CARTESIAN_POINT('',(52.366983962081,0.766042699996));
#2115 = CARTESIAN_POINT('',(52.430118889003,0.759111811428));
#2116 = CARTESIAN_POINT('',(52.491781986686,0.751987691234));
#2117 = CARTESIAN_POINT('',(52.55200790149,0.744687759679));
#2118 = CARTESIAN_POINT('',(52.610829655748,0.73722754825));
#2119 = CARTESIAN_POINT('',(52.668280742312,0.729620658509));
#2120 = CARTESIAN_POINT('',(52.724395127575,0.721878907435));
#2121 = CARTESIAN_POINT('',(52.779183838986,0.714015889293));
#2122 = CARTESIAN_POINT('',(52.832689886754,0.70603934724));
#2123 = CARTESIAN_POINT('',(52.884944073846,0.697957277154));
#2124 = CARTESIAN_POINT('',(52.935974476004,0.68977684767));
#2125 = CARTESIAN_POINT('',(52.985804818379,0.681504762317));
#2126 = CARTESIAN_POINT('',(53.034455666878,0.673147222912));
#2127 = CARTESIAN_POINT('',(53.081944727513,0.664709989267));
#2128 = CARTESIAN_POINT('',(53.128287267427,0.656198404219));
#2129 = CARTESIAN_POINT('',(53.173496404247,0.647617420557));
#2130 = CARTESIAN_POINT('',(53.217583347803,0.638971621351));
#2131 = CARTESIAN_POINT('',(53.260557585703,0.630265237084));
#2132 = CARTESIAN_POINT('',(53.302427026864,0.621502159661));
#2133 = CARTESIAN_POINT('',(53.343198109248,0.612685953966));
#2134 = CARTESIAN_POINT('',(53.382875876779,0.603819867725));
#2135 = CARTESIAN_POINT('',(53.421464033287,0.594906838774));
#2136 = CARTESIAN_POINT('',(53.458964961119,0.585949504394));
#2137 = CARTESIAN_POINT('',(53.495379759825,0.576950196137));
#2138 = CARTESIAN_POINT('',(53.530708099348,0.567910982042));
#2139 = CARTESIAN_POINT('',(53.56494864809,0.558833524644));
#2140 = CARTESIAN_POINT('',(53.598097223037,0.549719617951));
#2141 = CARTESIAN_POINT('',(53.630153285673,0.540569180117));
#2142 = CARTESIAN_POINT('',(53.661084840549,0.531390723464));
#2143 = CARTESIAN_POINT('',(53.690884470869,0.522185532231));
#2144 = CARTESIAN_POINT('',(53.719541292104,0.512955073932));
#2145 = CARTESIAN_POINT('',(53.747041755591,0.50370093303));
#2146 = CARTESIAN_POINT('',(53.773369512777,0.494424833255));
#2147 = CARTESIAN_POINT('',(53.798505491944,0.485128636069));
#2148 = CARTESIAN_POINT('',(53.822427883392,0.475814345417));
#2149 = CARTESIAN_POINT('',(53.845112117344,0.466484110659));
#2150 = CARTESIAN_POINT('',(53.866530812926,0.457140229883));
#2151 = CARTESIAN_POINT('',(53.886653703109,0.447785153015));
#2152 = CARTESIAN_POINT('',(53.905447531478,0.438421484953));
#2153 = CARTESIAN_POINT('',(53.922875917222,0.429051988649));
#2154 = CARTESIAN_POINT('',(53.938899182584,0.419679588413));
#2155 = CARTESIAN_POINT('',(53.953474135918,0.410307372808));
#2156 = CARTESIAN_POINT('',(53.966553800735,0.400938599777));
#2157 = CARTESIAN_POINT('',(53.978087083891,0.391576694533));
#2158 = CARTESIAN_POINT('',(53.988018358243,0.382225276026));
#2159 = CARTESIAN_POINT('',(53.996286994049,0.372888078758));
#2160 = CARTESIAN_POINT('',(54.002826645757,0.363569267808));
#2161 = CARTESIAN_POINT('',(54.007564942669,0.354272289536));
#2162 = CARTESIAN_POINT('',(54.010420871902,0.345004731666));
#2163 = CARTESIAN_POINT('',(54.011307780172,0.335773299052));
#2164 = CARTESIAN_POINT('',(54.010131433158,0.326584995215));
#2165 = CARTESIAN_POINT('',(54.00678894157,0.317448076619));
#2166 = CARTESIAN_POINT('',(54.001168168196,0.308371907155));
#2167 = CARTESIAN_POINT('',(53.993146711212,0.299366764562));
#2168 = CARTESIAN_POINT('',(53.982592830037,0.290445675497));
#2169 = CARTESIAN_POINT('',(53.969361413591,0.281621772728));
#2170 = CARTESIAN_POINT('',(53.953296543846,0.272911233192));
#2171 = CARTESIAN_POINT('',(53.934230667846,0.264332955));
#2172 = CARTESIAN_POINT('',(53.911985066126,0.255908899868));
#2173 = CARTESIAN_POINT('',(53.886366985385,0.247663316983));
#2174 = CARTESIAN_POINT('',(53.8571802375,0.239626164473));
#2175 = CARTESIAN_POINT('',(53.82421910829,0.231830568962));
#2176 = CARTESIAN_POINT('',(53.787280606888,0.224315399343));
#2177 = CARTESIAN_POINT('',(53.74617261345,0.217125278339));
#2178 = CARTESIAN_POINT('',(53.700722115363,0.210309926552));
#2179 = CARTESIAN_POINT('',(53.650781435657,0.203923507711));
#2180 = CARTESIAN_POINT('',(53.596280233611,0.19802750014));
#2181 = CARTESIAN_POINT('',(53.537204731773,0.192684322678));
#2182 = CARTESIAN_POINT('',(53.473690156827,0.187959551087));
#2183 = CARTESIAN_POINT('',(53.405793949217,0.183903684821));
#2184 = CARTESIAN_POINT('',(53.333931790182,0.180577798745));
#2185 = CARTESIAN_POINT('',(53.258676067452,0.178025880521));
#2186 = CARTESIAN_POINT('',(53.180586303086,0.176269292615));
#2187 = CARTESIAN_POINT('',(53.100242302349,0.175312048538));
#2188 = CARTESIAN_POINT('',(53.018224286202,0.175142713339));
#2189 = CARTESIAN_POINT('',(52.935109271429,0.175736750856));
#2190 = CARTESIAN_POINT('',(52.851461981419,0.177058472209));
#2191 = CARTESIAN_POINT('',(52.767837408642,0.179062399764));
#2192 = CARTESIAN_POINT('',(52.684747701607,0.181695889742));
#2193 = CARTESIAN_POINT('',(52.602764936826,0.184896081115));
#2194 = CARTESIAN_POINT('',(52.522120178175,0.188607311696));
#2195 = CARTESIAN_POINT('',(52.442711677478,0.192794307711));
#2196 = CARTESIAN_POINT('',(52.36473580477,0.197411503239));
#2197 = CARTESIAN_POINT('',(52.288275459065,0.202420017932));
#2198 = CARTESIAN_POINT('',(52.213411656184,0.207783290511));
#2199 = CARTESIAN_POINT('',(52.140195297353,0.213468399434));
#2200 = CARTESIAN_POINT('',(52.06865523196,0.219445977649));
#2201 = CARTESIAN_POINT('',(51.998801072777,0.225690063814));
#2202 = CARTESIAN_POINT('',(51.930610774478,0.232179613562));
#2203 = CARTESIAN_POINT('',(51.86409027381,0.23889286111));
#2204 = CARTESIAN_POINT('',(51.79923104596,0.245810870466));
#2205 = CARTESIAN_POINT('',(51.73601308994,0.252917372889));
#2206 = CARTESIAN_POINT('',(51.674417563702,0.260197431483));
#2207 = CARTESIAN_POINT('',(51.614423247393,0.267637696888));
#2208 = CARTESIAN_POINT('',(51.556006447014,0.275226350681));
#2209 = CARTESIAN_POINT('',(51.499143263442,0.282952706844));
#2210 = CARTESIAN_POINT('',(51.44381326806,0.290806705856));
#2211 = CARTESIAN_POINT('',(51.389993463991,0.29877955545));
#2212 = CARTESIAN_POINT('',(51.337662841709,0.30686309367));
#2213 = CARTESIAN_POINT('',(51.2868014493,0.315049821365));
#2214 = CARTESIAN_POINT('',(51.237388213138,0.323333223487));
#2215 = CARTESIAN_POINT('',(51.189410881588,0.331705981478));
#2216 = CARTESIAN_POINT('',(51.142849740078,0.34016269643));
#2217 = CARTESIAN_POINT('',(51.097686916045,0.348698355568));
#2218 = CARTESIAN_POINT('',(51.053906825122,0.357308170914));
#2219 = CARTESIAN_POINT('',(51.011495735226,0.36598760153));
#2220 = CARTESIAN_POINT('',(50.970441616625,0.374732329501));
#2221 = CARTESIAN_POINT('',(50.930733961788,0.383538250998));
#2222 = CARTESIAN_POINT('',(50.892363656551,0.392401465734));
#2223 = CARTESIAN_POINT('',(50.855322877378,0.401318269091));
#2224 = CARTESIAN_POINT('',(50.819605018733,0.410285145351));
#2225 = CARTESIAN_POINT('',(50.785204644323,0.419298762875));
#2226 = CARTESIAN_POINT('',(50.752117467734,0.428355968249));
#2227 = CARTESIAN_POINT('',(50.720340331173,0.437453789391));
#2228 = CARTESIAN_POINT('',(50.689871286638,0.446589409418));
#2229 = CARTESIAN_POINT('',(50.660709378073,0.455760252959));
#2230 = CARTESIAN_POINT('',(50.632855610777,0.464963655254));
#2231 = CARTESIAN_POINT('',(50.606309549144,0.474198089799));
#2232 = CARTESIAN_POINT('',(50.581082277127,0.483458580045));
#2233 = CARTESIAN_POINT('',(50.557183809332,0.492740528918));
#2234 = CARTESIAN_POINT('',(50.534615911329,0.502043083649));
#2235 = CARTESIAN_POINT('',(50.513385910064,0.511364165761));
#2236 = CARTESIAN_POINT('',(50.493502853151,0.520701798644));
#2237 = CARTESIAN_POINT('',(50.474978448502,0.530053747579));
#2238 = CARTESIAN_POINT('',(50.4578267665,0.539417611502));
#2239 = CARTESIAN_POINT('',(50.442064311091,0.548790793382));
#2240 = CARTESIAN_POINT('',(50.427710025865,0.558170502855));
#2241 = CARTESIAN_POINT('',(50.414785350462,0.567553749975));
#2242 = CARTESIAN_POINT('',(50.403314297978,0.57693734105));
#2243 = CARTESIAN_POINT('',(50.39332356533,0.586317873563));
#2244 = CARTESIAN_POINT('',(50.384842679948,0.595691730871));
#2245 = CARTESIAN_POINT('',(50.37790419082,0.605055076176));
#2246 = CARTESIAN_POINT('',(50.372543913528,0.614403846247));
#2247 = CARTESIAN_POINT('',(50.36880123912,0.623733742339));
#2248 = CARTESIAN_POINT('',(50.366719525648,0.633040226724));
#2249 = CARTESIAN_POINT('',(50.366346566157,0.642318492071));
#2250 = CARTESIAN_POINT('',(50.367735229372,0.651563524582));
#2251 = CARTESIAN_POINT('',(50.370943995465,0.660769807892));
#2252 = CARTESIAN_POINT('',(50.376038513405,0.669932356557));
#2253 = CARTESIAN_POINT('',(50.383090067732,0.67904276417));
#2254 = CARTESIAN_POINT('',(50.392175508767,0.688091060189));
#2255 = CARTESIAN_POINT('',(50.403380658821,0.697068412708));
#2256 = CARTESIAN_POINT('',(50.416799202689,0.705963907946));
#2257 = CARTESIAN_POINT('',(50.432534069204,0.714765292861));
#2258 = CARTESIAN_POINT('',(50.450698641739,0.723458911161));
#2259 = CARTESIAN_POINT('',(50.471414050061,0.732027885989));
#2260 = CARTESIAN_POINT('',(50.494816509475,0.740454655634));
#2261 = CARTESIAN_POINT('',(50.521050745379,0.748717664646));
#2262 = CARTESIAN_POINT('',(50.550271341195,0.756791758324));
#2263 = CARTESIAN_POINT('',(50.582643007418,0.764648037728));
#2264 = CARTESIAN_POINT('',(50.618340672005,0.772253682074));
#2265 = CARTESIAN_POINT('',(50.657535785246,0.779569040203));
#2266 = CARTESIAN_POINT('',(50.700400172385,0.786549655522));
#2267 = CARTESIAN_POINT('',(50.747092508548,0.793144348238));
#2268 = CARTESIAN_POINT('',(50.797722143178,0.799293513515));
#2269 = CARTESIAN_POINT('',(50.852452262205,0.804942330911));
#2270 = CARTESIAN_POINT('',(50.911319952816,0.810020570599));
#2271 = CARTESIAN_POINT('',(50.974148922702,0.814448545635));
#2272 = CARTESIAN_POINT('',(51.040720413814,0.818159043726));
#2273 = CARTESIAN_POINT('',(51.110716867674,0.821094314821));
#2274 = CARTESIAN_POINT('',(51.18371852194,0.823211062467));
#2275 = CARTESIAN_POINT('',(51.259205014773,0.824480272442));
#2276 = CARTESIAN_POINT('',(51.310717786068,0.824761501168));
#2277 = CARTESIAN_POINT('',(51.336662911068,0.824759526419));
#2278 = ( GEOMETRIC_REPRESENTATION_CONTEXT(2) 
PARAMETRIC_REPRESENTATION_CONTEXT() REPRESENTATION_CONTEXT('2D SPACE',''
  ) );
#2279 = ORIENTED_EDGE('',*,*,#1752,.F.);
#2280 = ADVANCED_FACE('',(#2281,#2287,#2290,#2293),#70,.T.);
#2281 = FACE_BOUND('',#2282,.T.);
#2282 = EDGE_LOOP('',(#2283,#2284,#2285,#2286));
#2283 = ORIENTED_EDGE('',*,*,#365,.T.);
#2284 = ORIENTED_EDGE('',*,*,#268,.T.);
#2285 = ORIENTED_EDGE('',*,*,#481,.F.);
#2286 = ORIENTED_EDGE('',*,*,#55,.F.);
#2287 = FACE_BOUND('',#2288,.T.);
#2288 = EDGE_LOOP('',(#2289));
#2289 = ORIENTED_EDGE('',*,*,#658,.T.);
#2290 = FACE_BOUND('',#2291,.T.);
#2291 = EDGE_LOOP('',(#2292));
#2292 = ORIENTED_EDGE('',*,*,#1191,.T.);
#2293 = FACE_BOUND('',#2294,.T.);
#2294 = EDGE_LOOP('',(#2295));
#2295 = ORIENTED_EDGE('',*,*,#1775,.T.);
#2296 = ADVANCED_FACE('',(#2297),#43,.T.);
#2297 = FACE_BOUND('',#2298,.T.);
#2298 = EDGE_LOOP('',(#2299,#2300,#2301,#2302));
#2299 = ORIENTED_EDGE('',*,*,#21,.F.);
#2300 = ORIENTED_EDGE('',*,*,#454,.T.);
#2301 = ORIENTED_EDGE('',*,*,#505,.T.);
#2302 = ORIENTED_EDGE('',*,*,#385,.F.);
#2303 = ( GEOMETRIC_REPRESENTATION_CONTEXT(3) 
GLOBAL_UNCERTAINTY_ASSIGNED_CONTEXT((#2307)) 
GLOBAL_UNIT_ASSIGNED_CONTEXT((#2304,#2305,#2306)) REPRESENTATION_CONTEXT
('Context #1','3D Context with UNIT and UNCERTAINTY') );
#2304 = ( LENGTH_UNIT() NAMED_UNIT(*) SI_UNIT(.MILLI.,.METRE.) );
#2305 = ( NAMED_UNIT(*) PLANE_ANGLE_UNIT() SI_UNIT($,.RADIAN.) );
#2306 = ( NAMED_UNIT(*) SI_UNIT($,.STERADIAN.) SOLID_ANGLE_UNIT() );
#2307 = UNCERTAINTY_MEASURE_WITH_UNIT(LENGTH_MEASURE(5.E-07),#2304,
  'distance_accuracy_value','confusion accuracy');
#2308 = PRODUCT_RELATED_PRODUCT_CATEGORY('part',$,(#7));
ENDSEC;
END-ISO-10303-21;
