ISO-10303-21;
HEADER;
FILE_DESCRIPTION(('Open CASCADE Model'),'2;1');
FILE_NAME('Open CASCADE Shape Model','2026-07-03T16:48:04',('Author'),(
    'Open CASCADE'),'Open CASCADE STEP processor 7.8','Open CASCADE 7.8'
  ,'Unknown');
FILE_SCHEMA(('AUTOMOTIVE_DESIGN { 1 0 10303 214 1 1 1 1 }'));
ENDSEC;
DATA;
#1 = APPLICATION_PROTOCOL_DEFINITION('international standard',
  'automotive_design',2000,#2);
#2 = APPLICATION_CONTEXT(
  'core data for automotive mechanical design processes');
#3 = SHAPE_DEFINITION_REPRESENTATION(#4,#10);
#4 = PRODUCT_DEFINITION_SHAPE('','',#5);
#5 = PRODUCT_DEFINITION('design','',#6,#9);
#6 = PRODUCT_DEFINITION_FORMATION('','',#7);
#7 = PRODUCT('Open CASCADE STEP translator 7.8 184',
  'Open CASCADE STEP translator 7.8 184','',(#8));
#8 = PRODUCT_CONTEXT('',#2,'mechanical');
#9 = PRODUCT_DEFINITION_CONTEXT('part definition',#2,'design');
#10 = ADVANCED_BREP_SHAPE_REPRESENTATION('',(#11,#15),#8314);
#11 = AXIS2_PLACEMENT_3D('',#12,#13,#14);
#12 = CARTESIAN_POINT('',(0.,0.,0.));
#13 = DIRECTION('',(0.,0.,1.));
#14 = DIRECTION('',(1.,0.,-0.));
#15 = MANIFOLD_SOLID_BREP('',#16);
#16 = CLOSED_SHELL('',(#17,#3938,#4008,#4252,#4301,#4350,#4399,#4448,
    #4475,#4524,#4573,#4622,#4671,#4720,#4769,#4818,#4867,#4916,#4965,
    #5014,#5063,#5112,#5161,#5210,#5259,#5308,#5357,#5406,#5455,#5504,
    #5553,#5580,#5627,#5674,#5719,#5767,#5795,#5871,#5920,#5969,#6018,
    #6067,#6116,#6165,#6214,#6241,#6557,#6606,#6655,#6704,#6753,#6802,
    #6851,#6900,#6949,#6998,#7047,#7096,#7145,#7194,#7243,#7292,#7341,
    #7390,#7439,#7466,#7515,#7564,#7613,#7662,#7711,#7760,#7809,#7858,
    #7907,#7934,#7983,#8032,#8081,#8130,#8179,#8206,#8219,#8246,#8255,
    #8267,#8277,#8291));
#17 = ADVANCED_FACE('',(#18,#1736,#2054),#32,.T.);
#18 = FACE_BOUND('',#19,.T.);
#19 = EDGE_LOOP('',(#20,#53,#86,#119,#145,#171,#197,#230,#281,#332,#383,
    #434,#491,#554,#629,#704,#776,#833,#859,#916,#967,#1018,#1069,#1126,
    #1183,#1225,#1251,#1287,#1338,#1401,#1452,#1480,#1531,#1582,#1608,
    #1659,#1710));
#20 = ORIENTED_EDGE('',*,*,#21,.F.);
#21 = EDGE_CURVE('',#22,#24,#26,.T.);
#22 = VERTEX_POINT('',#23);
#23 = CARTESIAN_POINT('',(-30.,-21.15,0.2));
#24 = VERTEX_POINT('',#25);
#25 = CARTESIAN_POINT('',(-30.,1.719718412039,0.2));
#26 = SURFACE_CURVE('',#27,(#31,#42),.PCURVE_S1.);
#27 = LINE('',#28,#29);
#28 = CARTESIAN_POINT('',(-30.,-50.2,0.2));
#29 = VECTOR('',#30,1.);
#30 = DIRECTION('',(0.,1.,0.));
#31 = PCURVE('',#32,#37);
#32 = PLANE('',#33);
#33 = AXIS2_PLACEMENT_3D('',#34,#35,#36);
#34 = CARTESIAN_POINT('',(-50.,-50.2,0.2));
#35 = DIRECTION('',(0.,0.,1.));
#36 = DIRECTION('',(1.,0.,0.));
#37 = DEFINITIONAL_REPRESENTATION('',(#38),#41);
#38 = B_SPLINE_CURVE_WITH_KNOTS('',1,(#39,#40),.UNSPECIFIED.,.F.,.F.,(2,
    2),(0.,80.),.PIECEWISE_BEZIER_KNOTS.);
#39 = CARTESIAN_POINT('',(20.,0.));
#40 = CARTESIAN_POINT('',(20.,80.));
#41 = ( GEOMETRIC_REPRESENTATION_CONTEXT(2) 
PARAMETRIC_REPRESENTATION_CONTEXT() REPRESENTATION_CONTEXT('2D SPACE',''
  ) );
#42 = PCURVE('',#43,#48);
#43 = PLANE('',#44);
#44 = AXIS2_PLACEMENT_3D('',#45,#46,#47);
#45 = CARTESIAN_POINT('',(-30.,-50.2,-1.2));
#46 = DIRECTION('',(1.,0.,0.));
#47 = DIRECTION('',(0.,0.,1.));
#48 = DEFINITIONAL_REPRESENTATION('',(#49),#52);
#49 = B_SPLINE_CURVE_WITH_KNOTS('',1,(#50,#51),.UNSPECIFIED.,.F.,.F.,(2,
    2),(0.,80.),.PIECEWISE_BEZIER_KNOTS.);
#50 = CARTESIAN_POINT('',(1.4,0.));
#51 = CARTESIAN_POINT('',(1.4,-80.));
#52 = ( GEOMETRIC_REPRESENTATION_CONTEXT(2) 
PARAMETRIC_REPRESENTATION_CONTEXT() REPRESENTATION_CONTEXT('2D SPACE',''
  ) );
#53 = ORIENTED_EDGE('',*,*,#54,.T.);
#54 = EDGE_CURVE('',#22,#55,#57,.T.);
#55 = VERTEX_POINT('',#56);
#56 = CARTESIAN_POINT('',(9.872974025901E-02,-21.7573707202,0.2));
#57 = SURFACE_CURVE('',#58,(#63,#74),.PCURVE_S1.);
#58 = CIRCLE('',#59,15.25);
#59 = AXIS2_PLACEMENT_3D('',#60,#61,#62);
#60 = CARTESIAN_POINT('',(-15.,-23.9,0.2));
#61 = DIRECTION('',(0.,0.,-1.));
#62 = DIRECTION('',(1.,0.,0.));
#63 = PCURVE('',#32,#64);
#64 = DEFINITIONAL_REPRESENTATION('',(#65),#73);
#65 = ( BOUNDED_CURVE() B_SPLINE_CURVE(2,(#66,#67,#68,#69,#70,#71,#72),
.UNSPECIFIED.,.T.,.F.) B_SPLINE_CURVE_WITH_KNOTS((1,2,2,2,2,1),(
    -2.094395102393,0.,2.094395102393,4.188790204786,6.28318530718,
8.377580409573),.UNSPECIFIED.) CURVE() GEOMETRIC_REPRESENTATION_ITEM() 
RATIONAL_B_SPLINE_CURVE((1.,0.5,1.,0.5,1.,0.5,1.)) REPRESENTATION_ITEM(
  '') );
#66 = CARTESIAN_POINT('',(50.25,26.3));
#67 = CARTESIAN_POINT('',(50.25,-0.113774815425));
#68 = CARTESIAN_POINT('',(27.375,13.093112592287));
#69 = CARTESIAN_POINT('',(4.5,26.3));
#70 = CARTESIAN_POINT('',(27.375,39.506887407713));
#71 = CARTESIAN_POINT('',(50.25,52.713774815425));
#72 = CARTESIAN_POINT('',(50.25,26.3));
#73 = ( GEOMETRIC_REPRESENTATION_CONTEXT(2) 
PARAMETRIC_REPRESENTATION_CONTEXT() REPRESENTATION_CONTEXT('2D SPACE',''
  ) );
#74 = PCURVE('',#75,#80);
#75 = CYLINDRICAL_SURFACE('',#76,15.25);
#76 = AXIS2_PLACEMENT_3D('',#77,#78,#79);
#77 = CARTESIAN_POINT('',(-15.,-23.9,-0.2));
#78 = DIRECTION('',(-0.,-0.,-1.));
#79 = DIRECTION('',(1.,0.,0.));
#80 = DEFINITIONAL_REPRESENTATION('',(#81),#85);
#81 = LINE('',#82,#83);
#82 = CARTESIAN_POINT('',(-6.28318530718,-0.4));
#83 = VECTOR('',#84,1.);
#84 = DIRECTION('',(1.,-0.));
#85 = ( GEOMETRIC_REPRESENTATION_CONTEXT(2) 
PARAMETRIC_REPRESENTATION_CONTEXT() REPRESENTATION_CONTEXT('2D SPACE',''
  ) );
#86 = ORIENTED_EDGE('',*,*,#87,.T.);
#87 = EDGE_CURVE('',#55,#88,#90,.T.);
#88 = VERTEX_POINT('',#89);
#89 = CARTESIAN_POINT('',(30.,-22.25,0.2));
#90 = SURFACE_CURVE('',#91,(#96,#107),.PCURVE_S1.);
#91 = CIRCLE('',#92,15.25);
#92 = AXIS2_PLACEMENT_3D('',#93,#94,#95);
#93 = CARTESIAN_POINT('',(15.,-25.,0.2));
#94 = DIRECTION('',(0.,0.,-1.));
#95 = DIRECTION('',(-0.977132476049,0.212631428183,0.));
#96 = PCURVE('',#32,#97);
#97 = DEFINITIONAL_REPRESENTATION('',(#98),#106);
#98 = ( BOUNDED_CURVE() B_SPLINE_CURVE(2,(#99,#100,#101,#102,#103,#104,
#105),.UNSPECIFIED.,.T.,.F.) B_SPLINE_CURVE_WITH_KNOTS((1,2,2,2,2,1),(
    -2.094395102393,0.,2.094395102393,4.188790204786,6.28318530718,
8.377580409573),.UNSPECIFIED.) CURVE() GEOMETRIC_REPRESENTATION_ITEM() 
RATIONAL_B_SPLINE_CURVE((1.,0.5,1.,0.5,1.,0.5,1.)) REPRESENTATION_ITEM(
  '') );
#99 = CARTESIAN_POINT('',(50.098729740259,28.442629279791));
#100 = CARTESIAN_POINT('',(55.715128402968,54.252386466978));
#101 = CARTESIAN_POINT('',(75.258834461225,36.483563953698));
#102 = CARTESIAN_POINT('',(94.802540519482,18.714741440418));
#103 = CARTESIAN_POINT('',(69.642435798516,10.673806766511));
#104 = CARTESIAN_POINT('',(44.48233107755,2.632872092605));
#105 = CARTESIAN_POINT('',(50.098729740259,28.442629279791));
#106 = ( GEOMETRIC_REPRESENTATION_CONTEXT(2) 
PARAMETRIC_REPRESENTATION_CONTEXT() REPRESENTATION_CONTEXT('2D SPACE',''
  ) );
#107 = PCURVE('',#108,#113);
#108 = CYLINDRICAL_SURFACE('',#109,15.25);
#109 = AXIS2_PLACEMENT_3D('',#110,#111,#112);
#110 = CARTESIAN_POINT('',(15.,-25.,-0.2));
#111 = DIRECTION('',(-0.,-0.,-1.));
#112 = DIRECTION('',(1.,0.,0.));
#113 = DEFINITIONAL_REPRESENTATION('',(#114),#118);
#114 = LINE('',#115,#116);
#115 = CARTESIAN_POINT('',(-9.210510775708,-0.4));
#116 = VECTOR('',#117,1.);
#117 = DIRECTION('',(1.,-0.));
#118 = ( GEOMETRIC_REPRESENTATION_CONTEXT(2) 
PARAMETRIC_REPRESENTATION_CONTEXT() REPRESENTATION_CONTEXT('2D SPACE',''
  ) );
#119 = ORIENTED_EDGE('',*,*,#120,.T.);
#120 = EDGE_CURVE('',#88,#121,#123,.T.);
#121 = VERTEX_POINT('',#122);
#122 = CARTESIAN_POINT('',(30.,29.8,0.2));
#123 = SURFACE_CURVE('',#124,(#128,#134),.PCURVE_S1.);
#124 = LINE('',#125,#126);
#125 = CARTESIAN_POINT('',(30.,-50.2,0.2));
#126 = VECTOR('',#127,1.);
#127 = DIRECTION('',(0.,1.,0.));
#128 = PCURVE('',#32,#129);
#129 = DEFINITIONAL_REPRESENTATION('',(#130),#133);
#130 = B_SPLINE_CURVE_WITH_KNOTS('',1,(#131,#132),.UNSPECIFIED.,.F.,.F.,
  (2,2),(0.,80.),.PIECEWISE_BEZIER_KNOTS.);
#131 = CARTESIAN_POINT('',(80.,0.));
#132 = CARTESIAN_POINT('',(80.,80.));
#133 = ( GEOMETRIC_REPRESENTATION_CONTEXT(2) 
PARAMETRIC_REPRESENTATION_CONTEXT() REPRESENTATION_CONTEXT('2D SPACE',''
  ) );
#134 = PCURVE('',#135,#140);
#135 = PLANE('',#136);
#136 = AXIS2_PLACEMENT_3D('',#137,#138,#139);
#137 = CARTESIAN_POINT('',(30.,-50.2,-1.2));
#138 = DIRECTION('',(1.,0.,0.));
#139 = DIRECTION('',(0.,0.,1.));
#140 = DEFINITIONAL_REPRESENTATION('',(#141),#144);
#141 = B_SPLINE_CURVE_WITH_KNOTS('',1,(#142,#143),.UNSPECIFIED.,.F.,.F.,
  (2,2),(0.,80.),.PIECEWISE_BEZIER_KNOTS.);
#142 = CARTESIAN_POINT('',(1.4,0.));
#143 = CARTESIAN_POINT('',(1.4,-80.));
#144 = ( GEOMETRIC_REPRESENTATION_CONTEXT(2) 
PARAMETRIC_REPRESENTATION_CONTEXT() REPRESENTATION_CONTEXT('2D SPACE',''
  ) );
#145 = ORIENTED_EDGE('',*,*,#146,.T.);
#146 = EDGE_CURVE('',#121,#147,#149,.T.);
#147 = VERTEX_POINT('',#148);
#148 = CARTESIAN_POINT('',(-30.,29.8,0.2));
#149 = SURFACE_CURVE('',#150,(#154,#160),.PCURVE_S1.);
#150 = LINE('',#151,#152);
#151 = CARTESIAN_POINT('',(-40.,29.8,0.2));
#152 = VECTOR('',#153,1.);
#153 = DIRECTION('',(-1.,0.,0.));
#154 = PCURVE('',#32,#155);
#155 = DEFINITIONAL_REPRESENTATION('',(#156),#159);
#156 = B_SPLINE_CURVE_WITH_KNOTS('',1,(#157,#158),.UNSPECIFIED.,.F.,.F.,
  (2,2),(-70.,-10.),.PIECEWISE_BEZIER_KNOTS.);
#157 = CARTESIAN_POINT('',(80.,80.));
#158 = CARTESIAN_POINT('',(20.,80.));
#159 = ( GEOMETRIC_REPRESENTATION_CONTEXT(2) 
PARAMETRIC_REPRESENTATION_CONTEXT() REPRESENTATION_CONTEXT('2D SPACE',''
  ) );
#160 = PCURVE('',#161,#166);
#161 = PLANE('',#162);
#162 = AXIS2_PLACEMENT_3D('',#163,#164,#165);
#163 = CARTESIAN_POINT('',(-30.,29.8,-1.2));
#164 = DIRECTION('',(0.,1.,0.));
#165 = DIRECTION('',(0.,0.,1.));
#166 = DEFINITIONAL_REPRESENTATION('',(#167),#170);
#167 = B_SPLINE_CURVE_WITH_KNOTS('',1,(#168,#169),.UNSPECIFIED.,.F.,.F.,
  (2,2),(-70.,-10.),.PIECEWISE_BEZIER_KNOTS.);
#168 = CARTESIAN_POINT('',(1.4,60.));
#169 = CARTESIAN_POINT('',(1.4,0.));
#170 = ( GEOMETRIC_REPRESENTATION_CONTEXT(2) 
PARAMETRIC_REPRESENTATION_CONTEXT() REPRESENTATION_CONTEXT('2D SPACE',''
  ) );
#171 = ORIENTED_EDGE('',*,*,#172,.F.);
#172 = EDGE_CURVE('',#173,#147,#175,.T.);
#173 = VERTEX_POINT('',#174);
#174 = CARTESIAN_POINT('',(-30.,16.280281587961,0.2));
#175 = SURFACE_CURVE('',#176,(#180,#186),.PCURVE_S1.);
#176 = LINE('',#177,#178);
#177 = CARTESIAN_POINT('',(-30.,-50.2,0.2));
#178 = VECTOR('',#179,1.);
#179 = DIRECTION('',(0.,1.,0.));
#180 = PCURVE('',#32,#181);
#181 = DEFINITIONAL_REPRESENTATION('',(#182),#185);
#182 = B_SPLINE_CURVE_WITH_KNOTS('',1,(#183,#184),.UNSPECIFIED.,.F.,.F.,
  (2,2),(0.,80.),.PIECEWISE_BEZIER_KNOTS.);
#183 = CARTESIAN_POINT('',(20.,0.));
#184 = CARTESIAN_POINT('',(20.,80.));
#185 = ( GEOMETRIC_REPRESENTATION_CONTEXT(2) 
PARAMETRIC_REPRESENTATION_CONTEXT() REPRESENTATION_CONTEXT('2D SPACE',''
  ) );
#186 = PCURVE('',#187,#192);
#187 = PLANE('',#188);
#188 = AXIS2_PLACEMENT_3D('',#189,#190,#191);
#189 = CARTESIAN_POINT('',(-30.,-50.2,-1.2));
#190 = DIRECTION('',(1.,0.,0.));
#191 = DIRECTION('',(0.,0.,1.));
#192 = DEFINITIONAL_REPRESENTATION('',(#193),#196);
#193 = B_SPLINE_CURVE_WITH_KNOTS('',1,(#194,#195),.UNSPECIFIED.,.F.,.F.,
  (2,2),(0.,80.),.PIECEWISE_BEZIER_KNOTS.);
#194 = CARTESIAN_POINT('',(1.4,0.));
#195 = CARTESIAN_POINT('',(1.4,-80.));
#196 = ( GEOMETRIC_REPRESENTATION_CONTEXT(2) 
PARAMETRIC_REPRESENTATION_CONTEXT() REPRESENTATION_CONTEXT('2D SPACE',''
  ) );
#197 = ORIENTED_EDGE('',*,*,#198,.T.);
#198 = EDGE_CURVE('',#173,#199,#201,.T.);
#199 = VERTEX_POINT('',#200);
#200 = CARTESIAN_POINT('',(-6.54235156401,-2.463254683467,0.2));
#201 = SURFACE_CURVE('',#202,(#207,#218),.PCURVE_S1.);
#202 = CIRCLE('',#203,15.25);
#203 = AXIS2_PLACEMENT_3D('',#204,#205,#206);
#204 = CARTESIAN_POINT('',(-16.6,9.,0.2));
#205 = DIRECTION('',(0.,0.,-1.));
#206 = DIRECTION('',(-0.87868852459,0.477395513965,0.));
#207 = PCURVE('',#32,#208);
#208 = DEFINITIONAL_REPRESENTATION('',(#209),#217);
#209 = ( BOUNDED_CURVE() B_SPLINE_CURVE(2,(#210,#211,#212,#213,#214,#215
,#216),.UNSPECIFIED.,.T.,.F.) B_SPLINE_CURVE_WITH_KNOTS((1,2,2,2,2,1),(
    -2.094395102393,0.,2.094395102393,4.188790204786,6.28318530718,
8.377580409573),.UNSPECIFIED.) CURVE() GEOMETRIC_REPRESENTATION_ITEM() 
RATIONAL_B_SPLINE_CURVE((1.,0.5,1.,0.5,1.,0.5,1.)) REPRESENTATION_ITEM(
  '') );
#210 = CARTESIAN_POINT('',(20.,66.480281587961));
#211 = CARTESIAN_POINT('',(32.609817603756,89.689762409384));
#212 = CARTESIAN_POINT('',(46.404908801878,67.164599616731));
#213 = CARTESIAN_POINT('',(60.2,44.639436824079));
#214 = CARTESIAN_POINT('',(33.795091198122,43.955118795308));
#215 = CARTESIAN_POINT('',(7.390182396244,43.270800766538));
#216 = CARTESIAN_POINT('',(20.,66.480281587961));
#217 = ( GEOMETRIC_REPRESENTATION_CONTEXT(2) 
PARAMETRIC_REPRESENTATION_CONTEXT() REPRESENTATION_CONTEXT('2D SPACE',''
  ) );
#218 = PCURVE('',#219,#224);
#219 = CYLINDRICAL_SURFACE('',#220,15.25);
#220 = AXIS2_PLACEMENT_3D('',#221,#222,#223);
#221 = CARTESIAN_POINT('',(-16.6,9.,-0.2));
#222 = DIRECTION('',(-0.,-0.,-1.));
#223 = DIRECTION('',(1.,0.,0.));
#224 = DEFINITIONAL_REPRESENTATION('',(#225),#229);
#225 = LINE('',#226,#227);
#226 = CARTESIAN_POINT('',(-8.927089703815,-0.4));
#227 = VECTOR('',#228,1.);
#228 = DIRECTION('',(1.,-0.));
#229 = ( GEOMETRIC_REPRESENTATION_CONTEXT(2) 
PARAMETRIC_REPRESENTATION_CONTEXT() REPRESENTATION_CONTEXT('2D SPACE',''
  ) );
#230 = ORIENTED_EDGE('',*,*,#231,.F.);
#231 = EDGE_CURVE('',#232,#199,#234,.T.);
#232 = VERTEX_POINT('',#233);
#233 = CARTESIAN_POINT('',(-6.4140625,-2.642578125,0.2));
#234 = SURFACE_CURVE('',#235,(#246,#260),.PCURVE_S1.);
#235 = B_SPLINE_CURVE_WITH_KNOTS('',5,(#236,#237,#238,#239,#240,#241,
    #242,#243,#244,#245),.UNSPECIFIED.,.F.,.F.,(6,4,6),(0.,
    0.215876136825,1.),.UNSPECIFIED.);
#236 = CARTESIAN_POINT('',(-6.4140625,-2.642578125,0.2));
#237 = CARTESIAN_POINT('',(-6.432247121519,-2.61232707238,0.2));
#238 = CARTESIAN_POINT('',(-6.451338788442,-2.582720930523,0.2));
#239 = CARTESIAN_POINT('',(-6.471333643049,-2.553779977479,0.2));
#240 = CARTESIAN_POINT('',(-6.49222385417,-2.52552184598,0.2));
#241 = CARTESIAN_POINT('',(-6.593086151124,-2.397854550523,0.2));
#242 = CARTESIAN_POINT('',(-6.683847089805,-2.306934734467,0.2));
#243 = CARTESIAN_POINT('',(-6.785674802061,-2.225983895669,0.2));
#244 = CARTESIAN_POINT('',(-6.897381364929,-2.155038446967,0.2));
#245 = CARTESIAN_POINT('',(-7.017578125,-2.09375,0.2));
#246 = PCURVE('',#32,#247);
#247 = DEFINITIONAL_REPRESENTATION('',(#248),#259);
#248 = B_SPLINE_CURVE_WITH_KNOTS('',5,(#249,#250,#251,#252,#253,#254,
    #255,#256,#257,#258),.UNSPECIFIED.,.F.,.F.,(6,4,6),(0.,
    0.215876136825,1.),.UNSPECIFIED.);
#249 = CARTESIAN_POINT('',(43.5859375,47.557421875));
#250 = CARTESIAN_POINT('',(43.567752878481,47.58767292762));
#251 = CARTESIAN_POINT('',(43.548661211558,47.617279069477));
#252 = CARTESIAN_POINT('',(43.528666356951,47.646220022521));
#253 = CARTESIAN_POINT('',(43.50777614583,47.67447815402));
#254 = CARTESIAN_POINT('',(43.406913848876,47.802145449477));
#255 = CARTESIAN_POINT('',(43.316152910195,47.893065265533));
#256 = CARTESIAN_POINT('',(43.214325197939,47.974016104331));
#257 = CARTESIAN_POINT('',(43.102618635071,48.044961553033));
#258 = CARTESIAN_POINT('',(42.982421875,48.10625));
#259 = ( GEOMETRIC_REPRESENTATION_CONTEXT(2) 
PARAMETRIC_REPRESENTATION_CONTEXT() REPRESENTATION_CONTEXT('2D SPACE',''
  ) );
#260 = PCURVE('',#261,#268);
#261 = SURFACE_OF_LINEAR_EXTRUSION('',#262,#266);
#262 = B_SPLINE_CURVE_WITH_KNOTS('',2,(#263,#264,#265),.UNSPECIFIED.,.F.
  ,.F.,(3,3),(0.,1.),.PIECEWISE_BEZIER_KNOTS.);
#263 = CARTESIAN_POINT('',(-7.017578125,-2.09375,0.));
#264 = CARTESIAN_POINT('',(-6.623046875,-2.294921875,0.));
#265 = CARTESIAN_POINT('',(-6.4140625,-2.642578125,0.));
#266 = VECTOR('',#267,1.);
#267 = DIRECTION('',(-0.,-0.,-1.));
#268 = DEFINITIONAL_REPRESENTATION('',(#269),#280);
#269 = B_SPLINE_CURVE_WITH_KNOTS('',5,(#270,#271,#272,#273,#274,#275,
    #276,#277,#278,#279),.UNSPECIFIED.,.F.,.F.,(6,4,6),(0.,
    0.215876136825,1.),.UNSPECIFIED.);
#270 = CARTESIAN_POINT('',(1.,-0.2));
#271 = CARTESIAN_POINT('',(0.956492868142,-0.2));
#272 = CARTESIAN_POINT('',(0.912916314106,-0.2));
#273 = CARTESIAN_POINT('',(0.869293086254,-0.2));
#274 = CARTESIAN_POINT('',(0.825646412439,-0.2));
#275 = CARTESIAN_POINT('',(0.623463748431,-0.2));
#276 = CARTESIAN_POINT('',(0.464900285462,-0.2));
#277 = CARTESIAN_POINT('',(0.307538485787,-0.2));
#278 = CARTESIAN_POINT('',(0.152328567218,-0.2));
#279 = CARTESIAN_POINT('',(0.,-0.2));
#280 = ( GEOMETRIC_REPRESENTATION_CONTEXT(2) 
PARAMETRIC_REPRESENTATION_CONTEXT() REPRESENTATION_CONTEXT('2D SPACE',''
  ) );
#281 = ORIENTED_EDGE('',*,*,#282,.F.);
#282 = EDGE_CURVE('',#283,#232,#285,.T.);
#283 = VERTEX_POINT('',#284);
#284 = CARTESIAN_POINT('',(-6.205078125,-3.380859375,0.2));
#285 = SURFACE_CURVE('',#286,(#297,#311),.PCURVE_S1.);
#286 = B_SPLINE_CURVE_WITH_KNOTS('',5,(#287,#288,#289,#290,#291,#292,
    #293,#294,#295,#296),.UNSPECIFIED.,.F.,.F.,(6,4,6),(0.,
    0.366854449986,1.),.UNSPECIFIED.);
#287 = CARTESIAN_POINT('',(-6.205078125,-3.380859375,0.2));
#288 = CARTESIAN_POINT('',(-6.205078125,-3.323654778938,0.2));
#289 = CARTESIAN_POINT('',(-6.207879060235,-3.266807214408,0.2));
#290 = CARTESIAN_POINT('',(-6.213524646871,-3.210395019909,0.2));
#291 = CARTESIAN_POINT('',(-6.222029598272,-3.154494189942,0.2));
#292 = CARTESIAN_POINT('',(-6.252968371751,-3.003710098475,0.2));
#293 = CARTESIAN_POINT('',(-6.281032614372,-2.909976247672,0.2));
#294 = CARTESIAN_POINT('',(-6.317495046366,-2.818368799108,0.2));
#295 = CARTESIAN_POINT('',(-6.362010230597,-2.729169750736,0.2));
#296 = CARTESIAN_POINT('',(-6.4140625,-2.642578125,0.2));
#297 = PCURVE('',#32,#298);
#298 = DEFINITIONAL_REPRESENTATION('',(#299),#310);
#299 = B_SPLINE_CURVE_WITH_KNOTS('',5,(#300,#301,#302,#303,#304,#305,
    #306,#307,#308,#309),.UNSPECIFIED.,.F.,.F.,(6,4,6),(0.,
    0.366854449986,1.),.UNSPECIFIED.);
#300 = CARTESIAN_POINT('',(43.794921875,46.819140625));
#301 = CARTESIAN_POINT('',(43.794921875,46.876345221062));
#302 = CARTESIAN_POINT('',(43.792120939765,46.933192785592));
#303 = CARTESIAN_POINT('',(43.786475353129,46.989604980091));
#304 = CARTESIAN_POINT('',(43.777970401728,47.045505810058));
#305 = CARTESIAN_POINT('',(43.747031628249,47.196289901525));
#306 = CARTESIAN_POINT('',(43.718967385628,47.290023752328));
#307 = CARTESIAN_POINT('',(43.682504953634,47.381631200892));
#308 = CARTESIAN_POINT('',(43.637989769403,47.470830249264));
#309 = CARTESIAN_POINT('',(43.5859375,47.557421875));
#310 = ( GEOMETRIC_REPRESENTATION_CONTEXT(2) 
PARAMETRIC_REPRESENTATION_CONTEXT() REPRESENTATION_CONTEXT('2D SPACE',''
  ) );
#311 = PCURVE('',#312,#319);
#312 = SURFACE_OF_LINEAR_EXTRUSION('',#313,#317);
#313 = B_SPLINE_CURVE_WITH_KNOTS('',2,(#314,#315,#316),.UNSPECIFIED.,.F.
  ,.F.,(3,3),(0.,1.),.PIECEWISE_BEZIER_KNOTS.);
#314 = CARTESIAN_POINT('',(-6.4140625,-2.642578125,0.));
#315 = CARTESIAN_POINT('',(-6.205078125,-2.990234375,0.));
#316 = CARTESIAN_POINT('',(-6.205078125,-3.380859375,0.));
#317 = VECTOR('',#318,1.);
#318 = DIRECTION('',(-0.,-0.,-1.));
#319 = DEFINITIONAL_REPRESENTATION('',(#320),#331);
#320 = B_SPLINE_CURVE_WITH_KNOTS('',5,(#321,#322,#323,#324,#325,#326,
    #327,#328,#329,#330),.UNSPECIFIED.,.F.,.F.,(6,4,6),(0.,
    0.366854449986,1.),.UNSPECIFIED.);
#321 = CARTESIAN_POINT('',(1.,-0.2));
#322 = CARTESIAN_POINT('',(0.926778117041,-0.2));
#323 = CARTESIAN_POINT('',(0.853276091113,-0.2));
#324 = CARTESIAN_POINT('',(0.779582690382,-0.2));
#325 = CARTESIAN_POINT('',(0.70579131558,-0.2));
#326 = CARTESIAN_POINT('',(0.504645287277,-0.2));
#327 = CARTESIAN_POINT('',(0.377280079069,-0.2));
#328 = CARTESIAN_POINT('',(0.250426450656,-0.2));
#329 = CARTESIAN_POINT('',(0.124536270721,-0.2));
#330 = CARTESIAN_POINT('',(0.,-0.2));
#331 = ( GEOMETRIC_REPRESENTATION_CONTEXT(2) 
PARAMETRIC_REPRESENTATION_CONTEXT() REPRESENTATION_CONTEXT('2D SPACE',''
  ) );
#332 = ORIENTED_EDGE('',*,*,#333,.F.);
#333 = EDGE_CURVE('',#334,#283,#336,.T.);
#334 = VERTEX_POINT('',#335);
#335 = CARTESIAN_POINT('',(-6.404296875,-4.056640625,0.2));
#336 = SURFACE_CURVE('',#337,(#348,#362),.PCURVE_S1.);
#337 = B_SPLINE_CURVE_WITH_KNOTS('',5,(#338,#339,#340,#341,#342,#343,
    #344,#345,#346,#347),.UNSPECIFIED.,.F.,.F.,(6,4,6),(0.,
    0.441434949874,1.),.UNSPECIFIED.);
#338 = CARTESIAN_POINT('',(-6.404296875,-4.056640625,0.2));
#339 = CARTESIAN_POINT('',(-6.369340048897,-4.003177243901,0.2));
#340 = CARTESIAN_POINT('',(-6.338021166537,-3.948136655466,0.2));
#341 = CARTESIAN_POINT('',(-6.310486950418,-3.891583252398,0.2));
#342 = CARTESIAN_POINT('',(-6.286836186148,-3.833606082222,0.2));
#343 = CARTESIAN_POINT('',(-6.242144404769,-3.699310875502,0.2));
#344 = CARTESIAN_POINT('',(-6.223459213653,-3.622202858859,0.2));
#345 = CARTESIAN_POINT('',(-6.211133961786,-3.543242234931,0.2));
#346 = CARTESIAN_POINT('',(-6.205078125,-3.462699480293,0.2));
#347 = CARTESIAN_POINT('',(-6.205078125,-3.380859375,0.2));
#348 = PCURVE('',#32,#349);
#349 = DEFINITIONAL_REPRESENTATION('',(#350),#361);
#350 = B_SPLINE_CURVE_WITH_KNOTS('',5,(#351,#352,#353,#354,#355,#356,
    #357,#358,#359,#360),.UNSPECIFIED.,.F.,.F.,(6,4,6),(0.,
    0.441434949874,1.),.UNSPECIFIED.);
#351 = CARTESIAN_POINT('',(43.595703125,46.143359375));
#352 = CARTESIAN_POINT('',(43.630659951103,46.196822756099));
#353 = CARTESIAN_POINT('',(43.661978833463,46.251863344534));
#354 = CARTESIAN_POINT('',(43.689513049582,46.308416747602));
#355 = CARTESIAN_POINT('',(43.713163813852,46.366393917778));
#356 = CARTESIAN_POINT('',(43.757855595231,46.500689124498));
#357 = CARTESIAN_POINT('',(43.776540786347,46.577797141141));
#358 = CARTESIAN_POINT('',(43.788866038214,46.656757765069));
#359 = CARTESIAN_POINT('',(43.794921875,46.737300519707));
#360 = CARTESIAN_POINT('',(43.794921875,46.819140625));
#361 = ( GEOMETRIC_REPRESENTATION_CONTEXT(2) 
PARAMETRIC_REPRESENTATION_CONTEXT() REPRESENTATION_CONTEXT('2D SPACE',''
  ) );
#362 = PCURVE('',#363,#370);
#363 = SURFACE_OF_LINEAR_EXTRUSION('',#364,#368);
#364 = B_SPLINE_CURVE_WITH_KNOTS('',2,(#365,#366,#367),.UNSPECIFIED.,.F.
  ,.F.,(3,3),(0.,1.),.PIECEWISE_BEZIER_KNOTS.);
#365 = CARTESIAN_POINT('',(-6.205078125,-3.380859375,0.));
#366 = CARTESIAN_POINT('',(-6.205078125,-3.751953125,0.));
#367 = CARTESIAN_POINT('',(-6.404296875,-4.056640625,0.));
#368 = VECTOR('',#369,1.);
#369 = DIRECTION('',(-0.,-0.,-1.));
#370 = DEFINITIONAL_REPRESENTATION('',(#371),#382);
#371 = B_SPLINE_CURVE_WITH_KNOTS('',5,(#372,#373,#374,#375,#376,#377,
    #378,#379,#380,#381),.UNSPECIFIED.,.F.,.F.,(6,4,6),(0.,
    0.441434949874,1.),.UNSPECIFIED.);
#372 = CARTESIAN_POINT('',(1.,-0.2));
#373 = CARTESIAN_POINT('',(0.91226522076,-0.2));
#374 = CARTESIAN_POINT('',(0.824039245668,-0.2));
#375 = CARTESIAN_POINT('',(0.735474731841,-0.2));
#376 = CARTESIAN_POINT('',(0.646736025965,-0.2));
#377 = CARTESIAN_POINT('',(0.445718807028,-0.2));
#378 = CARTESIAN_POINT('',(0.33343395491,-0.2));
#379 = CARTESIAN_POINT('',(0.221509352007,-0.2));
#380 = CARTESIAN_POINT('',(0.110268773447,-0.2));
#381 = CARTESIAN_POINT('',(0.,-0.2));
#382 = ( GEOMETRIC_REPRESENTATION_CONTEXT(2) 
PARAMETRIC_REPRESENTATION_CONTEXT() REPRESENTATION_CONTEXT('2D SPACE',''
  ) );
#383 = ORIENTED_EDGE('',*,*,#384,.F.);
#384 = EDGE_CURVE('',#385,#334,#387,.T.);
#385 = VERTEX_POINT('',#386);
#386 = CARTESIAN_POINT('',(-6.994140625,-4.541015625,0.2));
#387 = SURFACE_CURVE('',#388,(#399,#413),.PCURVE_S1.);
#388 = B_SPLINE_CURVE_WITH_KNOTS('',5,(#389,#390,#391,#392,#393,#394,
    #395,#396,#397,#398),.UNSPECIFIED.,.F.,.F.,(6,4,6),(0.,0.50816452777
    ,1.),.UNSPECIFIED.);
#389 = CARTESIAN_POINT('',(-6.994140625,-4.541015625,0.2));
#390 = CARTESIAN_POINT('',(-6.918006498537,-4.505993926827,0.2));
#391 = CARTESIAN_POINT('',(-6.845299654185,-4.46749049354,0.2));
#392 = CARTESIAN_POINT('',(-6.776383687942,-4.425376388141,0.2));
#393 = CARTESIAN_POINT('',(-6.711632071038,-4.379567168435,0.2));
#394 = CARTESIAN_POINT('',(-6.593038819749,-4.28217933294,0.2));
#395 = CARTESIAN_POINT('',(-6.538910071745,-4.230830765297,0.2));
#396 = CARTESIAN_POINT('',(-6.489278133458,-4.176049437108,0.2));
#397 = CARTESIAN_POINT('',(-6.444367142409,-4.11792456339,0.2));
#398 = CARTESIAN_POINT('',(-6.404296875,-4.056640625,0.2));
#399 = PCURVE('',#32,#400);
#400 = DEFINITIONAL_REPRESENTATION('',(#401),#412);
#401 = B_SPLINE_CURVE_WITH_KNOTS('',5,(#402,#403,#404,#405,#406,#407,
    #408,#409,#410,#411),.UNSPECIFIED.,.F.,.F.,(6,4,6),(0.,0.50816452777
    ,1.),.UNSPECIFIED.);
#402 = CARTESIAN_POINT('',(43.005859375,45.658984375));
#403 = CARTESIAN_POINT('',(43.081993501463,45.694006073173));
#404 = CARTESIAN_POINT('',(43.154700345815,45.73250950646));
#405 = CARTESIAN_POINT('',(43.223616312058,45.774623611859));
#406 = CARTESIAN_POINT('',(43.288367928962,45.820432831565));
#407 = CARTESIAN_POINT('',(43.406961180251,45.91782066706));
#408 = CARTESIAN_POINT('',(43.461089928255,45.969169234703));
#409 = CARTESIAN_POINT('',(43.510721866542,46.023950562892));
#410 = CARTESIAN_POINT('',(43.555632857591,46.08207543661));
#411 = CARTESIAN_POINT('',(43.595703125,46.143359375));
#412 = ( GEOMETRIC_REPRESENTATION_CONTEXT(2) 
PARAMETRIC_REPRESENTATION_CONTEXT() REPRESENTATION_CONTEXT('2D SPACE',''
  ) );
#413 = PCURVE('',#414,#421);
#414 = SURFACE_OF_LINEAR_EXTRUSION('',#415,#419);
#415 = B_SPLINE_CURVE_WITH_KNOTS('',2,(#416,#417,#418),.UNSPECIFIED.,.F.
  ,.F.,(3,3),(0.,1.),.PIECEWISE_BEZIER_KNOTS.);
#416 = CARTESIAN_POINT('',(-6.404296875,-4.056640625,0.));
#417 = CARTESIAN_POINT('',(-6.603515625,-4.361328125,0.));
#418 = CARTESIAN_POINT('',(-6.994140625,-4.541015625,0.));
#419 = VECTOR('',#420,1.);
#420 = DIRECTION('',(-0.,-0.,-1.));
#421 = DEFINITIONAL_REPRESENTATION('',(#422),#433);
#422 = B_SPLINE_CURVE_WITH_KNOTS('',5,(#423,#424,#425,#426,#427,#428,
    #429,#430,#431,#432),.UNSPECIFIED.,.F.,.F.,(6,4,6),(0.,0.50816452777
    ,1.),.UNSPECIFIED.);
#423 = CARTESIAN_POINT('',(1.,-0.2));
#424 = CARTESIAN_POINT('',(0.902548318127,-0.2));
#425 = CARTESIAN_POINT('',(0.803666622484,-0.2));
#426 = CARTESIAN_POINT('',(0.703479701545,-0.2));
#427 = CARTESIAN_POINT('',(0.602170928382,-0.2));
#428 = CARTESIAN_POINT('',(0.40111217123,-0.2));
#429 = CARTESIAN_POINT('',(0.301411113643,-0.2));
#430 = CARTESIAN_POINT('',(0.201139586393,-0.2));
#431 = CARTESIAN_POINT('',(0.100568514281,-0.2));
#432 = CARTESIAN_POINT('',(0.,-0.2));
#433 = ( GEOMETRIC_REPRESENTATION_CONTEXT(2) 
PARAMETRIC_REPRESENTATION_CONTEXT() REPRESENTATION_CONTEXT('2D SPACE',''
  ) );
#434 = ORIENTED_EDGE('',*,*,#435,.F.);
#435 = EDGE_CURVE('',#436,#385,#438,.T.);
#436 = VERTEX_POINT('',#437);
#437 = CARTESIAN_POINT('',(-6.205078125,-5.02734375,0.2));
#438 = SURFACE_CURVE('',#439,(#452,#468),.PCURVE_S1.);
#439 = B_SPLINE_CURVE_WITH_KNOTS('',6,(#440,#441,#442,#443,#444,#445,
    #446,#447,#448,#449,#450,#451),.UNSPECIFIED.,.F.,.F.,(7,5,7),(0.,
    0.252255680235,1.),.UNSPECIFIED.);
#440 = CARTESIAN_POINT('',(-6.205078125,-5.02734375,0.2));
#441 = CARTESIAN_POINT('',(-6.228948997667,-4.996013229624,0.2));
#442 = CARTESIAN_POINT('',(-6.253875744845,-4.965670921789,0.2));
#443 = CARTESIAN_POINT('',(-6.27985211637,-4.936354236407,0.2));
#444 = CARTESIAN_POINT('',(-6.30686583872,-4.908095499115,0.2));
#445 = CARTESIAN_POINT('',(-6.334898615012,-4.880921951282,0.2));
#446 = CARTESIAN_POINT('',(-6.44997039441,-4.777589486151,0.2));
#447 = CARTESIAN_POINT('',(-6.54478320049,-4.710026302826,0.2));
#448 = CARTESIAN_POINT('',(-6.647668508988,-4.652810764185,0.2));
#449 = CARTESIAN_POINT('',(-6.757614105873,-4.605904524515,0.2));
#450 = CARTESIAN_POINT('',(-6.873480975436,-4.568860159515,0.2));
#451 = CARTESIAN_POINT('',(-6.994140625,-4.541015625,0.2));
#452 = PCURVE('',#32,#453);
#453 = DEFINITIONAL_REPRESENTATION('',(#454),#467);
#454 = B_SPLINE_CURVE_WITH_KNOTS('',6,(#455,#456,#457,#458,#459,#460,
    #461,#462,#463,#464,#465,#466),.UNSPECIFIED.,.F.,.F.,(7,5,7),(0.,
    0.252255680235,1.),.UNSPECIFIED.);
#455 = CARTESIAN_POINT('',(43.794921875,45.17265625));
#456 = CARTESIAN_POINT('',(43.771051002333,45.203986770376));
#457 = CARTESIAN_POINT('',(43.746124255155,45.234329078211));
#458 = CARTESIAN_POINT('',(43.72014788363,45.263645763594));
#459 = CARTESIAN_POINT('',(43.69313416128,45.291904500885));
#460 = CARTESIAN_POINT('',(43.665101384988,45.319078048718));
#461 = CARTESIAN_POINT('',(43.55002960559,45.422410513849));
#462 = CARTESIAN_POINT('',(43.45521679951,45.489973697174));
#463 = CARTESIAN_POINT('',(43.352331491012,45.547189235815));
#464 = CARTESIAN_POINT('',(43.242385894127,45.594095475485));
#465 = CARTESIAN_POINT('',(43.126519024564,45.631139840485));
#466 = CARTESIAN_POINT('',(43.005859375,45.658984375));
#467 = ( GEOMETRIC_REPRESENTATION_CONTEXT(2) 
PARAMETRIC_REPRESENTATION_CONTEXT() REPRESENTATION_CONTEXT('2D SPACE',''
  ) );
#468 = PCURVE('',#469,#476);
#469 = SURFACE_OF_LINEAR_EXTRUSION('',#470,#474);
#470 = B_SPLINE_CURVE_WITH_KNOTS('',2,(#471,#472,#473),.UNSPECIFIED.,.F.
  ,.F.,(3,3),(0.,1.),.PIECEWISE_BEZIER_KNOTS.);
#471 = CARTESIAN_POINT('',(-6.994140625,-4.541015625,0.));
#472 = CARTESIAN_POINT('',(-6.486328125,-4.658203125,0.));
#473 = CARTESIAN_POINT('',(-6.205078125,-5.02734375,0.));
#474 = VECTOR('',#475,1.);
#475 = DIRECTION('',(-0.,-0.,-1.));
#476 = DEFINITIONAL_REPRESENTATION('',(#477),#490);
#477 = B_SPLINE_CURVE_WITH_KNOTS('',6,(#478,#479,#480,#481,#482,#483,
    #484,#485,#486,#487,#488,#489),.UNSPECIFIED.,.F.,.F.,(7,5,7),(0.,
    0.252255680235,1.),.UNSPECIFIED.);
#478 = CARTESIAN_POINT('',(1.,-0.2));
#479 = CARTESIAN_POINT('',(0.957562893036,-0.2));
#480 = CARTESIAN_POINT('',(0.91498940977,-0.2));
#481 = CARTESIAN_POINT('',(0.872312076872,-0.2));
#482 = CARTESIAN_POINT('',(0.829564604539,-0.2));
#483 = CARTESIAN_POINT('',(0.786781886497,-0.2));
#484 = CARTESIAN_POINT('',(0.617184569772,-0.2));
#485 = CARTESIAN_POINT('',(0.490333843845,-0.2));
#486 = CARTESIAN_POINT('',(0.36448799043,-0.2));
#487 = CARTESIAN_POINT('',(0.240444259942,-0.2));
#488 = CARTESIAN_POINT('',(0.118803347263,-0.2));
#489 = CARTESIAN_POINT('',(0.,-0.2));
#490 = ( GEOMETRIC_REPRESENTATION_CONTEXT(2) 
PARAMETRIC_REPRESENTATION_CONTEXT() REPRESENTATION_CONTEXT('2D SPACE',''
  ) );
#491 = ORIENTED_EDGE('',*,*,#492,.F.);
#492 = EDGE_CURVE('',#493,#436,#495,.T.);
#493 = VERTEX_POINT('',#494);
#494 = CARTESIAN_POINT('',(-5.923828125,-5.951171875,0.2));
#495 = SURFACE_CURVE('',#496,(#511,#529),.PCURVE_S1.);
#496 = B_SPLINE_CURVE_WITH_KNOTS('',5,(#497,#498,#499,#500,#501,#502,
    #503,#504,#505,#506,#507,#508,#509,#510),.UNSPECIFIED.,.F.,.F.,(6,4,
    4,6),(0.,0.465996384857,0.908664268863,1.),.UNSPECIFIED.);
#497 = CARTESIAN_POINT('',(-5.923828125,-5.951171875,0.2));
#498 = CARTESIAN_POINT('',(-5.923828125,-5.854039201907,0.2));
#499 = CARTESIAN_POINT('',(-5.929218677431,-5.758497965341,0.2));
#500 = CARTESIAN_POINT('',(-5.940433796862,-5.664943747288,0.2));
#501 = CARTESIAN_POINT('',(-5.957886076252,-5.573861329571,0.2));
#502 = CARTESIAN_POINT('',(-6.004513343291,-5.402068778608,0.2));
#503 = CARTESIAN_POINT('',(-6.033059631724,-5.321059385649,0.2));
#504 = CARTESIAN_POINT('',(-6.067623875635,-5.243185253274,0.2));
#505 = CARTESIAN_POINT('',(-6.108236789547,-5.168854281842,0.2));
#506 = CARTESIAN_POINT('',(-6.164272586827,-5.083841057078,0.2));
#507 = CARTESIAN_POINT('',(-6.174105644615,-5.069464450717,0.2));
#508 = CARTESIAN_POINT('',(-6.184185693602,-5.055254489184,0.2));
#509 = CARTESIAN_POINT('',(-6.194510659801,-5.041213548074,0.2));
#510 = CARTESIAN_POINT('',(-6.205078125,-5.02734375,0.2));
#511 = PCURVE('',#32,#512);
#512 = DEFINITIONAL_REPRESENTATION('',(#513),#528);
#513 = B_SPLINE_CURVE_WITH_KNOTS('',5,(#514,#515,#516,#517,#518,#519,
    #520,#521,#522,#523,#524,#525,#526,#527),.UNSPECIFIED.,.F.,.F.,(6,4,
    4,6),(0.,0.465996384857,0.908664268863,1.),.UNSPECIFIED.);
#514 = CARTESIAN_POINT('',(44.076171875,44.248828125));
#515 = CARTESIAN_POINT('',(44.076171875,44.345960798093));
#516 = CARTESIAN_POINT('',(44.070781322569,44.441502034659));
#517 = CARTESIAN_POINT('',(44.059566203138,44.535056252712));
#518 = CARTESIAN_POINT('',(44.042113923748,44.626138670429));
#519 = CARTESIAN_POINT('',(43.995486656709,44.797931221392));
#520 = CARTESIAN_POINT('',(43.966940368276,44.878940614351));
#521 = CARTESIAN_POINT('',(43.932376124365,44.956814746726));
#522 = CARTESIAN_POINT('',(43.891763210453,45.031145718158));
#523 = CARTESIAN_POINT('',(43.835727413173,45.116158942922));
#524 = CARTESIAN_POINT('',(43.825894355385,45.130535549283));
#525 = CARTESIAN_POINT('',(43.815814306398,45.144745510816));
#526 = CARTESIAN_POINT('',(43.805489340199,45.158786451926));
#527 = CARTESIAN_POINT('',(43.794921875,45.17265625));
#528 = ( GEOMETRIC_REPRESENTATION_CONTEXT(2) 
PARAMETRIC_REPRESENTATION_CONTEXT() REPRESENTATION_CONTEXT('2D SPACE',''
  ) );
#529 = PCURVE('',#530,#537);
#530 = SURFACE_OF_LINEAR_EXTRUSION('',#531,#535);
#531 = B_SPLINE_CURVE_WITH_KNOTS('',2,(#532,#533,#534),.UNSPECIFIED.,.F.
  ,.F.,(3,3),(0.,1.),.PIECEWISE_BEZIER_KNOTS.);
#532 = CARTESIAN_POINT('',(-6.205078125,-5.02734375,0.));
#533 = CARTESIAN_POINT('',(-5.923828125,-5.396484375,0.));
#534 = CARTESIAN_POINT('',(-5.923828125,-5.951171875,0.));
#535 = VECTOR('',#536,1.);
#536 = DIRECTION('',(-0.,-0.,-1.));
#537 = DEFINITIONAL_REPRESENTATION('',(#538),#553);
#538 = B_SPLINE_CURVE_WITH_KNOTS('',5,(#539,#540,#541,#542,#543,#544,
    #545,#546,#547,#548,#549,#550,#551,#552),.UNSPECIFIED.,.F.,.F.,(6,4,
    4,6),(0.,0.465996384857,0.908664268863,1.),.UNSPECIFIED.);
#539 = CARTESIAN_POINT('',(1.,-0.2));
#540 = CARTESIAN_POINT('',(0.912443787634,-0.2));
#541 = CARTESIAN_POINT('',(0.82311646027,-0.2));
#542 = CARTESIAN_POINT('',(0.732116499422,-0.2));
#543 = CARTESIAN_POINT('',(0.639635531075,-0.2));
#544 = CARTESIAN_POINT('',(0.457052008651,-0.2));
#545 = CARTESIAN_POINT('',(0.367053573676,-0.2));
#546 = CARTESIAN_POINT('',(0.27630253622,-0.2));
#547 = CARTESIAN_POINT('',(0.185148315827,-0.2));
#548 = CARTESIAN_POINT('',(7.519335427605E-02,-0.2));
#549 = CARTESIAN_POINT('',(5.638664500669E-02,-0.2));
#550 = CARTESIAN_POINT('',(3.758327026791E-02,-0.2));
#551 = CARTESIAN_POINT('',(1.878660479849E-02,-0.2));
#552 = CARTESIAN_POINT('',(0.,-0.2));
#553 = ( GEOMETRIC_REPRESENTATION_CONTEXT(2) 
PARAMETRIC_REPRESENTATION_CONTEXT() REPRESENTATION_CONTEXT('2D SPACE',''
  ) );
#554 = ORIENTED_EDGE('',*,*,#555,.F.);
#555 = EDGE_CURVE('',#556,#493,#558,.T.);
#556 = VERTEX_POINT('',#557);
#557 = CARTESIAN_POINT('',(-6.470703125,-7.22265625,0.2));
#558 = SURFACE_CURVE('',#559,(#578,#600),.PCURVE_S1.);
#559 = B_SPLINE_CURVE_WITH_KNOTS('',5,(#560,#561,#562,#563,#564,#565,
    #566,#567,#568,#569,#570,#571,#572,#573,#574,#575,#576,#577),
  .UNSPECIFIED.,.F.,.F.,(6,4,4,4,6),(0.,0.167917308414,0.512461776447,
    0.75286988488,1.),.UNSPECIFIED.);
#560 = CARTESIAN_POINT('',(-6.470703125,-7.22265625,0.2));
#561 = CARTESIAN_POINT('',(-6.435410088585,-7.189001818847,0.2));
#562 = CARTESIAN_POINT('',(-6.401228323873,-7.154455149342,0.2));
#563 = CARTESIAN_POINT('',(-6.368227342214,-7.119012018492,0.2));
#564 = CARTESIAN_POINT('',(-6.336474875269,-7.082676950897,0.2));
#565 = CARTESIAN_POINT('',(-6.243582058938,-6.969105482509,0.2));
#566 = CARTESIAN_POINT('',(-6.186652365315,-6.889039264598,0.2));
#567 = CARTESIAN_POINT('',(-6.135831785457,-6.805406835101,0.2));
#568 = CARTESIAN_POINT('',(-6.091570033867,-6.718485553105,0.2));
#569 = CARTESIAN_POINT('',(-6.027892439209,-6.566140263263,0.2));
#570 = CARTESIAN_POINT('',(-6.005007750706,-6.502152771354,0.2));
#571 = CARTESIAN_POINT('',(-5.985475072296,-6.436946325259,0.2));
#572 = CARTESIAN_POINT('',(-5.969288592963,-6.370691404543,0.2));
#573 = CARTESIAN_POINT('',(-5.943124414486,-6.234565679014,0.2));
#574 = CARTESIAN_POINT('',(-5.933332429278,-6.164642480211,0.2));
#575 = CARTESIAN_POINT('',(-5.926943946712,-6.093988259842,0.2));
#576 = CARTESIAN_POINT('',(-5.923828125,-6.022779731655,0.2));
#577 = CARTESIAN_POINT('',(-5.923828125,-5.951171875,0.2));
#578 = PCURVE('',#32,#579);
#579 = DEFINITIONAL_REPRESENTATION('',(#580),#599);
#580 = B_SPLINE_CURVE_WITH_KNOTS('',5,(#581,#582,#583,#584,#585,#586,
    #587,#588,#589,#590,#591,#592,#593,#594,#595,#596,#597,#598),
  .UNSPECIFIED.,.F.,.F.,(6,4,4,4,6),(0.,0.167917308414,0.512461776447,
    0.75286988488,1.),.UNSPECIFIED.);
#581 = CARTESIAN_POINT('',(43.529296875,42.97734375));
#582 = CARTESIAN_POINT('',(43.564589911415,43.010998181153));
#583 = CARTESIAN_POINT('',(43.598771676127,43.045544850658));
#584 = CARTESIAN_POINT('',(43.631772657786,43.080987981508));
#585 = CARTESIAN_POINT('',(43.663525124731,43.117323049103));
#586 = CARTESIAN_POINT('',(43.756417941062,43.230894517491));
#587 = CARTESIAN_POINT('',(43.813347634685,43.310960735402));
#588 = CARTESIAN_POINT('',(43.864168214543,43.394593164899));
#589 = CARTESIAN_POINT('',(43.908429966133,43.481514446895));
#590 = CARTESIAN_POINT('',(43.972107560791,43.633859736737));
#591 = CARTESIAN_POINT('',(43.994992249294,43.697847228646));
#592 = CARTESIAN_POINT('',(44.014524927704,43.763053674741));
#593 = CARTESIAN_POINT('',(44.030711407037,43.829308595457));
#594 = CARTESIAN_POINT('',(44.056875585514,43.965434320986));
#595 = CARTESIAN_POINT('',(44.066667570722,44.035357519789));
#596 = CARTESIAN_POINT('',(44.073056053288,44.106011740158));
#597 = CARTESIAN_POINT('',(44.076171875,44.177220268345));
#598 = CARTESIAN_POINT('',(44.076171875,44.248828125));
#599 = ( GEOMETRIC_REPRESENTATION_CONTEXT(2) 
PARAMETRIC_REPRESENTATION_CONTEXT() REPRESENTATION_CONTEXT('2D SPACE',''
  ) );
#600 = PCURVE('',#601,#608);
#601 = SURFACE_OF_LINEAR_EXTRUSION('',#602,#606);
#602 = B_SPLINE_CURVE_WITH_KNOTS('',2,(#603,#604,#605),.UNSPECIFIED.,.F.
  ,.F.,(3,3),(0.,1.),.PIECEWISE_BEZIER_KNOTS.);
#603 = CARTESIAN_POINT('',(-5.923828125,-5.951171875,0.));
#604 = CARTESIAN_POINT('',(-5.923828125,-6.701171875,0.));
#605 = CARTESIAN_POINT('',(-6.470703125,-7.22265625,0.));
#606 = VECTOR('',#607,1.);
#607 = DIRECTION('',(-0.,-0.,-1.));
#608 = DEFINITIONAL_REPRESENTATION('',(#609),#628);
#609 = B_SPLINE_CURVE_WITH_KNOTS('',5,(#610,#611,#612,#613,#614,#615,
    #616,#617,#618,#619,#620,#621,#622,#623,#624,#625,#626,#627),
  .UNSPECIFIED.,.F.,.F.,(6,4,4,4,6),(0.,0.167917308414,0.512461776447,
    0.75286988488,1.),.UNSPECIFIED.);
#610 = CARTESIAN_POINT('',(1.,-0.2));
#611 = CARTESIAN_POINT('',(0.967732080992,-0.2));
#612 = CARTESIAN_POINT('',(0.935178904962,-0.2));
#613 = CARTESIAN_POINT('',(0.902357020457,-0.2));
#614 = CARTESIAN_POINT('',(0.869288311982,-0.2));
#615 = CARTESIAN_POINT('',(0.767696715175,-0.2));
#616 = CARTESIAN_POINT('',(0.698460250486,-0.2));
#617 = CARTESIAN_POINT('',(0.628548135956,-0.2));
#618 = CARTESIAN_POINT('',(0.558270555255,-0.2));
#619 = CARTESIAN_POINT('',(0.438968270181,-0.2));
#620 = CARTESIAN_POINT('',(0.389934921873,-0.2));
#621 = CARTESIAN_POINT('',(0.341022711681,-0.2));
#622 = CARTESIAN_POINT('',(0.292343673866,-0.2));
#623 = CARTESIAN_POINT('',(0.194304597604,-0.2));
#624 = CARTESIAN_POINT('',(0.144961364428,-0.2));
#625 = CARTESIAN_POINT('',(9.607890213317E-02,-0.2));
#626 = CARTESIAN_POINT('',(4.773857110317E-02,-0.2));
#627 = CARTESIAN_POINT('',(0.,-0.2));
#628 = ( GEOMETRIC_REPRESENTATION_CONTEXT(2) 
PARAMETRIC_REPRESENTATION_CONTEXT() REPRESENTATION_CONTEXT('2D SPACE',''
  ) );
#629 = ORIENTED_EDGE('',*,*,#630,.F.);
#630 = EDGE_CURVE('',#631,#556,#633,.T.);
#631 = VERTEX_POINT('',#632);
#632 = CARTESIAN_POINT('',(-7.853515625,-7.744140625,0.2));
#633 = SURFACE_CURVE('',#634,(#653,#675),.PCURVE_S1.);
#634 = B_SPLINE_CURVE_WITH_KNOTS('',5,(#635,#636,#637,#638,#639,#640,
    #641,#642,#643,#644,#645,#646,#647,#648,#649,#650,#651,#652),
  .UNSPECIFIED.,.F.,.F.,(6,4,4,4,6),(0.,0.239107810036,0.465311612214,
    0.685552607865,1.),.UNSPECIFIED.);
#635 = CARTESIAN_POINT('',(-7.853515625,-7.744140625,0.2));
#636 = CARTESIAN_POINT('',(-7.7789604423,-7.744140625,0.2));
#637 = CARTESIAN_POINT('',(-7.704783752272,-7.741548021409,0.2));
#638 = CARTESIAN_POINT('',(-7.631102802863,-7.736215824163,0.2));
#639 = CARTESIAN_POINT('',(-7.55805949277,-7.728001676006,0.2));
#640 = CARTESIAN_POINT('',(-7.417469303327,-7.706190127006,0.2));
#641 = CARTESIAN_POINT('',(-7.349837721658,-7.692907062925,0.2));
#642 = CARTESIAN_POINT('',(-7.283058779721,-7.676849896202,0.2));
#643 = CARTESIAN_POINT('',(-7.217281027508,-7.657948780864,0.2));
#644 = CARTESIAN_POINT('',(-7.089733846425,-7.614985687386,0.2));
#645 = CARTESIAN_POINT('',(-7.027902550797,-7.591072264977,0.2));
#646 = CARTESIAN_POINT('',(-6.967303000391,-7.564418729374,0.2));
#647 = CARTESIAN_POINT('',(-6.90806504358,-7.535042094139,0.2));
#648 = CARTESIAN_POINT('',(-6.767833988822,-7.457267319268,0.2));
#649 = CARTESIAN_POINT('',(-6.68836559505,-7.406103254184,0.2));
#650 = CARTESIAN_POINT('',(-6.612240983565,-7.349702450343,0.2));
#651 = CARTESIAN_POINT('',(-6.539656357802,-7.288408082707,0.2));
#652 = CARTESIAN_POINT('',(-6.470703125,-7.22265625,0.2));
#653 = PCURVE('',#32,#654);
#654 = DEFINITIONAL_REPRESENTATION('',(#655),#674);
#655 = B_SPLINE_CURVE_WITH_KNOTS('',5,(#656,#657,#658,#659,#660,#661,
    #662,#663,#664,#665,#666,#667,#668,#669,#670,#671,#672,#673),
  .UNSPECIFIED.,.F.,.F.,(6,4,4,4,6),(0.,0.239107810036,0.465311612214,
    0.685552607865,1.),.UNSPECIFIED.);
#656 = CARTESIAN_POINT('',(42.146484375,42.455859375));
#657 = CARTESIAN_POINT('',(42.2210395577,42.455859375));
#658 = CARTESIAN_POINT('',(42.295216247728,42.458451978591));
#659 = CARTESIAN_POINT('',(42.368897197137,42.463784175837));
#660 = CARTESIAN_POINT('',(42.44194050723,42.471998323994));
#661 = CARTESIAN_POINT('',(42.582530696673,42.493809872994));
#662 = CARTESIAN_POINT('',(42.650162278342,42.507092937075));
#663 = CARTESIAN_POINT('',(42.716941220279,42.523150103798));
#664 = CARTESIAN_POINT('',(42.782718972492,42.542051219136));
#665 = CARTESIAN_POINT('',(42.910266153575,42.585014312614));
#666 = CARTESIAN_POINT('',(42.972097449203,42.608927735023));
#667 = CARTESIAN_POINT('',(43.032696999609,42.635581270626));
#668 = CARTESIAN_POINT('',(43.09193495642,42.664957905861));
#669 = CARTESIAN_POINT('',(43.232166011178,42.742732680732));
#670 = CARTESIAN_POINT('',(43.31163440495,42.793896745816));
#671 = CARTESIAN_POINT('',(43.387759016435,42.850297549657));
#672 = CARTESIAN_POINT('',(43.460343642198,42.911591917293));
#673 = CARTESIAN_POINT('',(43.529296875,42.97734375));
#674 = ( GEOMETRIC_REPRESENTATION_CONTEXT(2) 
PARAMETRIC_REPRESENTATION_CONTEXT() REPRESENTATION_CONTEXT('2D SPACE',''
  ) );
#675 = PCURVE('',#676,#683);
#676 = SURFACE_OF_LINEAR_EXTRUSION('',#677,#681);
#677 = B_SPLINE_CURVE_WITH_KNOTS('',2,(#678,#679,#680),.UNSPECIFIED.,.F.
  ,.F.,(3,3),(0.,1.),.PIECEWISE_BEZIER_KNOTS.);
#678 = CARTESIAN_POINT('',(-6.470703125,-7.22265625,0.));
#679 = CARTESIAN_POINT('',(-7.017578125,-7.744140625,0.));
#680 = CARTESIAN_POINT('',(-7.853515625,-7.744140625,0.));
#681 = VECTOR('',#682,1.);
#682 = DIRECTION('',(-0.,-0.,-1.));
#683 = DEFINITIONAL_REPRESENTATION('',(#684),#703);
#684 = B_SPLINE_CURVE_WITH_KNOTS('',5,(#685,#686,#687,#688,#689,#690,
    #691,#692,#693,#694,#695,#696,#697,#698,#699,#700,#701,#702),
  .UNSPECIFIED.,.F.,.F.,(6,4,4,4,6),(0.,0.239107810036,0.465311612214,
    0.685552607865,1.),.UNSPECIFIED.);
#685 = CARTESIAN_POINT('',(1.,-0.2));
#686 = CARTESIAN_POINT('',(0.955406245862,-0.2));
#687 = CARTESIAN_POINT('',(0.910179306857,-0.2));
#688 = CARTESIAN_POINT('',(0.864340578312,-0.2));
#689 = CARTESIAN_POINT('',(0.817927735923,-0.2));
#690 = CARTESIAN_POINT('',(0.726604828249,-0.2));
#691 = CARTESIAN_POINT('',(0.681748317677,-0.2));
#692 = CARTESIAN_POINT('',(0.636482048538,-0.2));
#693 = CARTESIAN_POINT('',(0.59087171586,-0.2));
#694 = CARTESIAN_POINT('',(0.500337477638,-0.2));
#695 = CARTESIAN_POINT('',(0.455425821061,-0.2));
#696 = CARTESIAN_POINT('',(0.410342429743,-0.2));
#697 = CARTESIAN_POINT('',(0.365170610815,-0.2));
#698 = CARTESIAN_POINT('',(0.255508006899,-0.2));
#699 = CARTESIAN_POINT('',(0.191012156948,-0.2));
#700 = CARTESIAN_POINT('',(0.126780095096,-0.2));
#701 = CARTESIAN_POINT('',(6.304295570444E-02,-0.2));
#702 = CARTESIAN_POINT('',(0.,-0.2));
#703 = ( GEOMETRIC_REPRESENTATION_CONTEXT(2) 
PARAMETRIC_REPRESENTATION_CONTEXT() REPRESENTATION_CONTEXT('2D SPACE',''
  ) );
#704 = ORIENTED_EDGE('',*,*,#705,.F.);
#705 = EDGE_CURVE('',#706,#631,#708,.T.);
#706 = VERTEX_POINT('',#707);
#707 = CARTESIAN_POINT('',(-9.10546875,-7.294921875,0.2));
#708 = SURFACE_CURVE('',#709,(#727,#748),.PCURVE_S1.);
#709 = B_SPLINE_CURVE_WITH_KNOTS('',6,(#710,#711,#712,#713,#714,#715,
    #716,#717,#718,#719,#720,#721,#722,#723,#724,#725,#726),
  .UNSPECIFIED.,.F.,.F.,(7,5,5,7),(0.,0.272495253967,0.531133957558,1.),
  .UNSPECIFIED.);
#710 = CARTESIAN_POINT('',(-9.10546875,-7.294921875,0.2));
#711 = CARTESIAN_POINT('',(-9.059774190892,-7.336136575372,0.2));
#712 = CARTESIAN_POINT('',(-9.012518786505,-7.375324753529,0.2));
#713 = CARTESIAN_POINT('',(-8.963734974914,-7.412381404685,0.2));
#714 = CARTESIAN_POINT('',(-8.91347061393,-7.447217516227,0.2));
#715 = CARTESIAN_POINT('',(-8.861790994075,-7.479763075587,0.2));
#716 = CARTESIAN_POINT('',(-8.758466307228,-7.538641036103,0.2));
#717 = CARTESIAN_POINT('',(-8.706950781112,-7.565206553806,0.2));
#718 = CARTESIAN_POINT('',(-8.654306245067,-7.589625302519,0.2));
#719 = CARTESIAN_POINT('',(-8.600612157895,-7.611878449456,0.2));
#720 = CARTESIAN_POINT('',(-8.545954309338,-7.631967260529,0.2));
#721 = CARTESIAN_POINT('',(-8.389756464904,-7.682438978287,0.2));
#722 = CARTESIAN_POINT('',(-8.286214158671,-7.707919046426,0.2));
#723 = CARTESIAN_POINT('',(-8.180335654818,-7.726462786752,0.2));
#724 = CARTESIAN_POINT('',(-8.07263610019,-7.738396897616,0.2));
#725 = CARTESIAN_POINT('',(-7.963570756244,-7.744140625,0.2));
#726 = CARTESIAN_POINT('',(-7.853515625,-7.744140625,0.2));
#727 = PCURVE('',#32,#728);
#728 = DEFINITIONAL_REPRESENTATION('',(#729),#747);
#729 = B_SPLINE_CURVE_WITH_KNOTS('',6,(#730,#731,#732,#733,#734,#735,
    #736,#737,#738,#739,#740,#741,#742,#743,#744,#745,#746),
  .UNSPECIFIED.,.F.,.F.,(7,5,5,7),(0.,0.272495253967,0.531133957558,1.),
  .UNSPECIFIED.);
#730 = CARTESIAN_POINT('',(40.89453125,42.905078125));
#731 = CARTESIAN_POINT('',(40.940225809108,42.863863424628));
#732 = CARTESIAN_POINT('',(40.987481213495,42.824675246471));
#733 = CARTESIAN_POINT('',(41.036265025086,42.787618595315));
#734 = CARTESIAN_POINT('',(41.08652938607,42.752782483773));
#735 = CARTESIAN_POINT('',(41.138209005925,42.720236924413));
#736 = CARTESIAN_POINT('',(41.241533692772,42.661358963897));
#737 = CARTESIAN_POINT('',(41.293049218888,42.634793446194));
#738 = CARTESIAN_POINT('',(41.345693754933,42.610374697481));
#739 = CARTESIAN_POINT('',(41.399387842105,42.588121550544));
#740 = CARTESIAN_POINT('',(41.454045690662,42.568032739471));
#741 = CARTESIAN_POINT('',(41.610243535096,42.517561021713));
#742 = CARTESIAN_POINT('',(41.713785841329,42.492080953574));
#743 = CARTESIAN_POINT('',(41.819664345182,42.473537213248));
#744 = CARTESIAN_POINT('',(41.92736389981,42.461603102384));
#745 = CARTESIAN_POINT('',(42.036429243756,42.455859375));
#746 = CARTESIAN_POINT('',(42.146484375,42.455859375));
#747 = ( GEOMETRIC_REPRESENTATION_CONTEXT(2) 
PARAMETRIC_REPRESENTATION_CONTEXT() REPRESENTATION_CONTEXT('2D SPACE',''
  ) );
#748 = PCURVE('',#749,#756);
#749 = SURFACE_OF_LINEAR_EXTRUSION('',#750,#754);
#750 = B_SPLINE_CURVE_WITH_KNOTS('',2,(#751,#752,#753),.UNSPECIFIED.,.F.
  ,.F.,(3,3),(0.,1.),.PIECEWISE_BEZIER_KNOTS.);
#751 = CARTESIAN_POINT('',(-7.853515625,-7.744140625,0.));
#752 = CARTESIAN_POINT('',(-8.607421875,-7.744140625,0.));
#753 = CARTESIAN_POINT('',(-9.10546875,-7.294921875,0.));
#754 = VECTOR('',#755,1.);
#755 = DIRECTION('',(-0.,-0.,-1.));
#756 = DEFINITIONAL_REPRESENTATION('',(#757),#775);
#757 = B_SPLINE_CURVE_WITH_KNOTS('',6,(#758,#759,#760,#761,#762,#763,
    #764,#765,#766,#767,#768,#769,#770,#771,#772,#773,#774),
  .UNSPECIFIED.,.F.,.F.,(7,5,5,7),(0.,0.272495253967,0.531133957558,1.),
  .UNSPECIFIED.);
#758 = CARTESIAN_POINT('',(1.,-0.2));
#759 = CARTESIAN_POINT('',(0.954126246543,-0.2));
#760 = CARTESIAN_POINT('',(0.907982825131,-0.2));
#761 = CARTESIAN_POINT('',(0.861630913893,-0.2));
#762 = CARTESIAN_POINT('',(0.815135876594,-0.2));
#763 = CARTESIAN_POINT('',(0.768567461458,-0.2));
#764 = CARTESIAN_POINT('',(0.677800522447,-0.2));
#765 = CARTESIAN_POINT('',(0.633599853609,-0.2));
#766 = CARTESIAN_POINT('',(0.589461337737,-0.2));
#767 = CARTESIAN_POINT('',(0.545444786843,-0.2));
#768 = CARTESIAN_POINT('',(0.501606619562,-0.2));
#769 = CARTESIAN_POINT('',(0.378948942079,-0.2));
#770 = CARTESIAN_POINT('',(0.300653486389,-0.2));
#771 = CARTESIAN_POINT('',(0.223428782824,-0.2));
#772 = CARTESIAN_POINT('',(0.14749307525,-0.2));
#773 = CARTESIAN_POINT('',(7.298993160243E-02,-0.2));
#774 = CARTESIAN_POINT('',(0.,-0.2));
#775 = ( GEOMETRIC_REPRESENTATION_CONTEXT(2) 
PARAMETRIC_REPRESENTATION_CONTEXT() REPRESENTATION_CONTEXT('2D SPACE',''
  ) );
#776 = ORIENTED_EDGE('',*,*,#777,.F.);
#777 = EDGE_CURVE('',#778,#706,#780,.T.);
#778 = VERTEX_POINT('',#779);
#779 = CARTESIAN_POINT('',(-9.673828125,-6.130859375,0.2));
#780 = SURFACE_CURVE('',#781,(#794,#810),.PCURVE_S1.);
#781 = B_SPLINE_CURVE_WITH_KNOTS('',6,(#782,#783,#784,#785,#786,#787,
    #788,#789,#790,#791,#792,#793),.UNSPECIFIED.,.F.,.F.,(7,5,7),(0.,
    0.633676879424,1.),.UNSPECIFIED.);
#782 = CARTESIAN_POINT('',(-9.673828125,-6.130859375,0.2));
#783 = CARTESIAN_POINT('',(-9.659730758509,-6.274182600995,0.2));
#784 = CARTESIAN_POINT('',(-9.634954328696,-6.414783021653,0.2));
#785 = CARTESIAN_POINT('',(-9.598558019753,-6.551506518661,0.2));
#786 = CARTESIAN_POINT('',(-9.549835799936,-6.683099120885,0.2));
#787 = CARTESIAN_POINT('',(-9.488580925737,-6.808325928,0.2));
#788 = CARTESIAN_POINT('',(-9.37319984344,-6.994240884542,0.2));
#789 = CARTESIAN_POINT('',(-9.326958859188,-7.059884750154,0.2));
#790 = CARTESIAN_POINT('',(-9.276861349335,-7.122875286925,0.2));
#791 = CARTESIAN_POINT('',(-9.223087979677,-7.183085546362,0.2));
#792 = CARTESIAN_POINT('',(-9.165868647867,-7.240443535748,0.2));
#793 = CARTESIAN_POINT('',(-9.10546875,-7.294921875,0.2));
#794 = PCURVE('',#32,#795);
#795 = DEFINITIONAL_REPRESENTATION('',(#796),#809);
#796 = B_SPLINE_CURVE_WITH_KNOTS('',6,(#797,#798,#799,#800,#801,#802,
    #803,#804,#805,#806,#807,#808),.UNSPECIFIED.,.F.,.F.,(7,5,7),(0.,
    0.633676879424,1.),.UNSPECIFIED.);
#797 = CARTESIAN_POINT('',(40.326171875,44.069140625));
#798 = CARTESIAN_POINT('',(40.340269241491,43.925817399005));
#799 = CARTESIAN_POINT('',(40.365045671304,43.785216978347));
#800 = CARTESIAN_POINT('',(40.401441980247,43.648493481339));
#801 = CARTESIAN_POINT('',(40.450164200064,43.516900879115));
#802 = CARTESIAN_POINT('',(40.511419074263,43.391674072));
#803 = CARTESIAN_POINT('',(40.62680015656,43.205759115458));
#804 = CARTESIAN_POINT('',(40.673041140812,43.140115249846));
#805 = CARTESIAN_POINT('',(40.723138650665,43.077124713075));
#806 = CARTESIAN_POINT('',(40.776912020323,43.016914453638));
#807 = CARTESIAN_POINT('',(40.834131352133,42.959556464252));
#808 = CARTESIAN_POINT('',(40.89453125,42.905078125));
#809 = ( GEOMETRIC_REPRESENTATION_CONTEXT(2) 
PARAMETRIC_REPRESENTATION_CONTEXT() REPRESENTATION_CONTEXT('2D SPACE',''
  ) );
#810 = PCURVE('',#811,#818);
#811 = SURFACE_OF_LINEAR_EXTRUSION('',#812,#816);
#812 = B_SPLINE_CURVE_WITH_KNOTS('',2,(#813,#814,#815),.UNSPECIFIED.,.F.
  ,.F.,(3,3),(0.,1.),.PIECEWISE_BEZIER_KNOTS.);
#813 = CARTESIAN_POINT('',(-9.10546875,-7.294921875,0.));
#814 = CARTESIAN_POINT('',(-9.603515625,-6.845703125,0.));
#815 = CARTESIAN_POINT('',(-9.673828125,-6.130859375,0.));
#816 = VECTOR('',#817,1.);
#817 = DIRECTION('',(-0.,-0.,-1.));
#818 = DEFINITIONAL_REPRESENTATION('',(#819),#832);
#819 = B_SPLINE_CURVE_WITH_KNOTS('',6,(#820,#821,#822,#823,#824,#825,
    #826,#827,#828,#829,#830,#831),.UNSPECIFIED.,.F.,.F.,(7,5,7),(0.,
    0.633676879424,1.),.UNSPECIFIED.);
#820 = CARTESIAN_POINT('',(1.,-0.2));
#821 = CARTESIAN_POINT('',(0.899752060506,-0.2));
#822 = CARTESIAN_POINT('',(0.796927390734,-0.2));
#823 = CARTESIAN_POINT('',(0.69190164084,-0.2));
#824 = CARTESIAN_POINT('',(0.585212393854,-0.2));
#825 = CARTESIAN_POINT('',(0.477589049771,-0.2));
#826 = CARTESIAN_POINT('',(0.307803701331,-0.2));
#827 = CARTESIAN_POINT('',(0.245602833732,-0.2));
#828 = CARTESIAN_POINT('',(0.183572306318,-0.2));
#829 = CARTESIAN_POINT('',(0.121869759309,-0.2));
#830 = CARTESIAN_POINT('',(6.063676021115E-02,-0.2));
#831 = CARTESIAN_POINT('',(0.,-0.2));
#832 = ( GEOMETRIC_REPRESENTATION_CONTEXT(2) 
PARAMETRIC_REPRESENTATION_CONTEXT() REPRESENTATION_CONTEXT('2D SPACE',''
  ) );
#833 = ORIENTED_EDGE('',*,*,#834,.F.);
#834 = EDGE_CURVE('',#835,#778,#837,.T.);
#835 = VERTEX_POINT('',#836);
#836 = CARTESIAN_POINT('',(-8.970703125,-6.037109375,0.2));
#837 = SURFACE_CURVE('',#838,(#842,#848),.PCURVE_S1.);
#838 = LINE('',#839,#840);
#839 = CARTESIAN_POINT('',(-32.37134535343,-9.157195005459,0.2));
#840 = VECTOR('',#841,1.);
#841 = DIRECTION('',(-0.991227900683,-0.132163720091,0.));
#842 = PCURVE('',#32,#843);
#843 = DEFINITIONAL_REPRESENTATION('',(#844),#847);
#844 = B_SPLINE_CURVE_WITH_KNOTS('',1,(#845,#846),.UNSPECIFIED.,.F.,.F.,
  (2,2),(-23.60773159464,-22.89838412821),.PIECEWISE_BEZIER_KNOTS.);
#845 = CARTESIAN_POINT('',(41.029296875,44.162890625));
#846 = CARTESIAN_POINT('',(40.326171875,44.069140625));
#847 = ( GEOMETRIC_REPRESENTATION_CONTEXT(2) 
PARAMETRIC_REPRESENTATION_CONTEXT() REPRESENTATION_CONTEXT('2D SPACE',''
  ) );
#848 = PCURVE('',#849,#854);
#849 = PLANE('',#850);
#850 = AXIS2_PLACEMENT_3D('',#851,#852,#853);
#851 = CARTESIAN_POINT('',(-9.673828125,-6.130859375,0.));
#852 = DIRECTION('',(-0.132163720091,0.991227900683,0.));
#853 = DIRECTION('',(0.991227900683,0.132163720091,0.));
#854 = DEFINITIONAL_REPRESENTATION('',(#855),#858);
#855 = B_SPLINE_CURVE_WITH_KNOTS('',1,(#856,#857),.UNSPECIFIED.,.F.,.F.,
  (2,2),(-23.60773159464,-22.89838412821),.PIECEWISE_BEZIER_KNOTS.);
#856 = CARTESIAN_POINT('',(0.709347466426,-0.2));
#857 = CARTESIAN_POINT('',(0.,-0.2));
#858 = ( GEOMETRIC_REPRESENTATION_CONTEXT(2) 
PARAMETRIC_REPRESENTATION_CONTEXT() REPRESENTATION_CONTEXT('2D SPACE',''
  ) );
#859 = ORIENTED_EDGE('',*,*,#860,.F.);
#860 = EDGE_CURVE('',#861,#835,#863,.T.);
#861 = VERTEX_POINT('',#862);
#862 = CARTESIAN_POINT('',(-8.55859375,-6.8984375,0.2));
#863 = SURFACE_CURVE('',#864,(#877,#893),.PCURVE_S1.);
#864 = B_SPLINE_CURVE_WITH_KNOTS('',6,(#865,#866,#867,#868,#869,#870,
    #871,#872,#873,#874,#875,#876),.UNSPECIFIED.,.F.,.F.,(7,5,7),(0.,
    0.47419865213,1.),.UNSPECIFIED.);
#865 = CARTESIAN_POINT('',(-8.55859375,-6.8984375,0.2));
#866 = CARTESIAN_POINT('',(-8.609118661058,-6.852659896021,0.2));
#867 = CARTESIAN_POINT('',(-8.656068684501,-6.80129663083,0.2));
#868 = CARTESIAN_POINT('',(-8.699337557545,-6.744772768197,0.2));
#869 = CARTESIAN_POINT('',(-8.738977722763,-6.683620602956,0.2));
#870 = CARTESIAN_POINT('',(-8.775123509938,-6.618379518764,0.2));
#871 = CARTESIAN_POINT('',(-8.844353853017,-6.473220987856,0.2));
#872 = CARTESIAN_POINT('',(-8.876676824078,-6.39247972746,0.2));
#873 = CARTESIAN_POINT('',(-8.905178604314,-6.307967082214,0.2));
#874 = CARTESIAN_POINT('',(-8.930158955821,-6.220268609589,0.2));
#875 = CARTESIAN_POINT('',(-8.951909946606,-6.129862803847,0.2));
#876 = CARTESIAN_POINT('',(-8.970703125,-6.037109375,0.2));
#877 = PCURVE('',#32,#878);
#878 = DEFINITIONAL_REPRESENTATION('',(#879),#892);
#879 = B_SPLINE_CURVE_WITH_KNOTS('',6,(#880,#881,#882,#883,#884,#885,
    #886,#887,#888,#889,#890,#891),.UNSPECIFIED.,.F.,.F.,(7,5,7),(0.,
    0.47419865213,1.),.UNSPECIFIED.);
#880 = CARTESIAN_POINT('',(41.44140625,43.3015625));
#881 = CARTESIAN_POINT('',(41.390881338942,43.347340103979));
#882 = CARTESIAN_POINT('',(41.343931315499,43.39870336917));
#883 = CARTESIAN_POINT('',(41.300662442455,43.455227231803));
#884 = CARTESIAN_POINT('',(41.261022277237,43.516379397044));
#885 = CARTESIAN_POINT('',(41.224876490062,43.581620481236));
#886 = CARTESIAN_POINT('',(41.155646146983,43.726779012144));
#887 = CARTESIAN_POINT('',(41.123323175922,43.80752027254));
#888 = CARTESIAN_POINT('',(41.094821395686,43.892032917786));
#889 = CARTESIAN_POINT('',(41.069841044179,43.979731390411));
#890 = CARTESIAN_POINT('',(41.048090053394,44.070137196153));
#891 = CARTESIAN_POINT('',(41.029296875,44.162890625));
#892 = ( GEOMETRIC_REPRESENTATION_CONTEXT(2) 
PARAMETRIC_REPRESENTATION_CONTEXT() REPRESENTATION_CONTEXT('2D SPACE',''
  ) );
#893 = PCURVE('',#894,#901);
#894 = SURFACE_OF_LINEAR_EXTRUSION('',#895,#899);
#895 = B_SPLINE_CURVE_WITH_KNOTS('',2,(#896,#897,#898),.UNSPECIFIED.,.F.
  ,.F.,(3,3),(0.,1.),.PIECEWISE_BEZIER_KNOTS.);
#896 = CARTESIAN_POINT('',(-8.970703125,-6.037109375,0.));
#897 = CARTESIAN_POINT('',(-8.849609375,-6.634765625,0.));
#898 = CARTESIAN_POINT('',(-8.55859375,-6.8984375,0.));
#899 = VECTOR('',#900,1.);
#900 = DIRECTION('',(-0.,-0.,-1.));
#901 = DEFINITIONAL_REPRESENTATION('',(#902),#915);
#902 = B_SPLINE_CURVE_WITH_KNOTS('',6,(#903,#904,#905,#906,#907,#908,
    #909,#910,#911,#912,#913,#914),.UNSPECIFIED.,.F.,.F.,(7,5,7),(0.,
    0.47419865213,1.),.UNSPECIFIED.);
#903 = CARTESIAN_POINT('',(1.,-0.2));
#904 = CARTESIAN_POINT('',(0.913192099122,-0.2));
#905 = CARTESIAN_POINT('',(0.827246288124,-0.2));
#906 = CARTESIAN_POINT('',(0.742541859397,-0.2));
#907 = CARTESIAN_POINT('',(0.659335624257,-0.2));
#908 = CARTESIAN_POINT('',(0.577792334808,-0.2));
#909 = CARTESIAN_POINT('',(0.409524596278,-0.2));
#910 = CARTESIAN_POINT('',(0.323202875541,-0.2));
#911 = CARTESIAN_POINT('',(0.239118425548,-0.2));
#912 = CARTESIAN_POINT('',(0.157269074327,-0.2));
#913 = CARTESIAN_POINT('',(7.759763981942E-02,-0.2));
#914 = CARTESIAN_POINT('',(0.,-0.2));
#915 = ( GEOMETRIC_REPRESENTATION_CONTEXT(2) 
PARAMETRIC_REPRESENTATION_CONTEXT() REPRESENTATION_CONTEXT('2D SPACE',''
  ) );
#916 = ORIENTED_EDGE('',*,*,#917,.F.);
#917 = EDGE_CURVE('',#918,#861,#920,.T.);
#918 = VERTEX_POINT('',#919);
#919 = CARTESIAN_POINT('',(-7.849609375,-7.162109375,0.2));
#920 = SURFACE_CURVE('',#921,(#932,#946),.PCURVE_S1.);
#921 = B_SPLINE_CURVE_WITH_KNOTS('',5,(#922,#923,#924,#925,#926,#927,
    #928,#929,#930,#931),.UNSPECIFIED.,.F.,.F.,(6,4,6),(0.,
    0.621987879863,1.),.UNSPECIFIED.);
#922 = CARTESIAN_POINT('',(-7.849609375,-7.162109375,0.2));
#923 = CARTESIAN_POINT('',(-7.950540423435,-7.162109375,0.2));
#924 = CARTESIAN_POINT('',(-8.048773484859,-7.152499584913,0.2));
#925 = CARTESIAN_POINT('',(-8.143467663608,-7.13254662826,0.2));
#926 = CARTESIAN_POINT('',(-8.233795248642,-7.101854410628,0.2));
#927 = CARTESIAN_POINT('',(-8.370927494895,-7.035775141708,0.2));
#928 = CARTESIAN_POINT('',(-8.42091404861,-7.006948257541,0.2));
#929 = CARTESIAN_POINT('',(-8.468905918194,-6.974341846729,0.2));
#930 = CARTESIAN_POINT('',(-8.51481439772,-6.938103356092,0.2));
#931 = CARTESIAN_POINT('',(-8.55859375,-6.8984375,0.2));
#932 = PCURVE('',#32,#933);
#933 = DEFINITIONAL_REPRESENTATION('',(#934),#945);
#934 = B_SPLINE_CURVE_WITH_KNOTS('',5,(#935,#936,#937,#938,#939,#940,
    #941,#942,#943,#944),.UNSPECIFIED.,.F.,.F.,(6,4,6),(0.,
    0.621987879863,1.),.UNSPECIFIED.);
#935 = CARTESIAN_POINT('',(42.150390625,43.037890625));
#936 = CARTESIAN_POINT('',(42.049459576565,43.037890625));
#937 = CARTESIAN_POINT('',(41.951226515141,43.047500415087));
#938 = CARTESIAN_POINT('',(41.856532336392,43.06745337174));
#939 = CARTESIAN_POINT('',(41.766204751358,43.098145589372));
#940 = CARTESIAN_POINT('',(41.629072505105,43.164224858292));
#941 = CARTESIAN_POINT('',(41.57908595139,43.193051742459));
#942 = CARTESIAN_POINT('',(41.531094081806,43.225658153271));
#943 = CARTESIAN_POINT('',(41.48518560228,43.261896643908));
#944 = CARTESIAN_POINT('',(41.44140625,43.3015625));
#945 = ( GEOMETRIC_REPRESENTATION_CONTEXT(2) 
PARAMETRIC_REPRESENTATION_CONTEXT() REPRESENTATION_CONTEXT('2D SPACE',''
  ) );
#946 = PCURVE('',#947,#954);
#947 = SURFACE_OF_LINEAR_EXTRUSION('',#948,#952);
#948 = B_SPLINE_CURVE_WITH_KNOTS('',2,(#949,#950,#951),.UNSPECIFIED.,.F.
  ,.F.,(3,3),(0.,1.),.PIECEWISE_BEZIER_KNOTS.);
#949 = CARTESIAN_POINT('',(-8.55859375,-6.8984375,0.));
#950 = CARTESIAN_POINT('',(-8.267578125,-7.162109375,0.));
#951 = CARTESIAN_POINT('',(-7.849609375,-7.162109375,0.));
#952 = VECTOR('',#953,1.);
#953 = DIRECTION('',(-0.,-0.,-1.));
#954 = DEFINITIONAL_REPRESENTATION('',(#955),#966);
#955 = B_SPLINE_CURVE_WITH_KNOTS('',5,(#956,#957,#958,#959,#960,#961,
    #962,#963,#964,#965),.UNSPECIFIED.,.F.,.F.,(6,4,6),(0.,
    0.621987879863,1.),.UNSPECIFIED.);
#956 = CARTESIAN_POINT('',(1.,-0.2));
#957 = CARTESIAN_POINT('',(0.879260054208,-0.2));
#958 = CARTESIAN_POINT('',(0.756212580694,-0.2));
#959 = CARTESIAN_POINT('',(0.63144110211,-0.2));
#960 = CARTESIAN_POINT('',(0.505707635853,-0.2));
#961 = CARTESIAN_POINT('',(0.303601389216,-0.2));
#962 = CARTESIAN_POINT('',(0.227200743701,-0.2));
#963 = CARTESIAN_POINT('',(0.15100933876,-0.2));
#964 = CARTESIAN_POINT('',(7.521821599707E-02,-0.2));
#965 = CARTESIAN_POINT('',(0.,-0.2));
#966 = ( GEOMETRIC_REPRESENTATION_CONTEXT(2) 
PARAMETRIC_REPRESENTATION_CONTEXT() REPRESENTATION_CONTEXT('2D SPACE',''
  ) );
#967 = ORIENTED_EDGE('',*,*,#968,.F.);
#968 = EDGE_CURVE('',#969,#918,#971,.T.);
#969 = VERTEX_POINT('',#970);
#970 = CARTESIAN_POINT('',(-7.01171875,-6.818359375,0.2));
#971 = SURFACE_CURVE('',#972,(#983,#997),.PCURVE_S1.);
#972 = B_SPLINE_CURVE_WITH_KNOTS('',5,(#973,#974,#975,#976,#977,#978,
    #979,#980,#981,#982),.UNSPECIFIED.,.F.,.F.,(6,4,6),(0.,
    0.459037212665,1.),.UNSPECIFIED.);
#973 = CARTESIAN_POINT('',(-7.01171875,-6.818359375,0.2));
#974 = CARTESIAN_POINT('',(-7.073288171326,-6.880280621591,0.2));
#975 = CARTESIAN_POINT('',(-7.138931848453,-6.936180946528,0.2));
#976 = CARTESIAN_POINT('',(-7.208588351785,-6.985377672068,0.2));
#977 = CARTESIAN_POINT('',(-7.282040163476,-7.027343344607,0.2));
#978 = CARTESIAN_POINT('',(-7.449305317925,-7.102562802726,0.2));
#979 = CARTESIAN_POINT('',(-7.544446544955,-7.13293993714,0.2));
#980 = CARTESIAN_POINT('',(-7.643473153362,-7.152644794058,0.2));
#981 = CARTESIAN_POINT('',(-7.745486231543,-7.162109375,0.2));
#982 = CARTESIAN_POINT('',(-7.849609375,-7.162109375,0.2));
#983 = PCURVE('',#32,#984);
#984 = DEFINITIONAL_REPRESENTATION('',(#985),#996);
#985 = B_SPLINE_CURVE_WITH_KNOTS('',5,(#986,#987,#988,#989,#990,#991,
    #992,#993,#994,#995),.UNSPECIFIED.,.F.,.F.,(6,4,6),(0.,
    0.459037212665,1.),.UNSPECIFIED.);
#986 = CARTESIAN_POINT('',(42.98828125,43.381640625));
#987 = CARTESIAN_POINT('',(42.926711828674,43.319719378409));
#988 = CARTESIAN_POINT('',(42.861068151547,43.263819053472));
#989 = CARTESIAN_POINT('',(42.791411648215,43.214622327932));
#990 = CARTESIAN_POINT('',(42.717959836524,43.172656655393));
#991 = CARTESIAN_POINT('',(42.550694682075,43.097437197274));
#992 = CARTESIAN_POINT('',(42.455553455045,43.06706006286));
#993 = CARTESIAN_POINT('',(42.356526846638,43.047355205942));
#994 = CARTESIAN_POINT('',(42.254513768457,43.037890625));
#995 = CARTESIAN_POINT('',(42.150390625,43.037890625));
#996 = ( GEOMETRIC_REPRESENTATION_CONTEXT(2) 
PARAMETRIC_REPRESENTATION_CONTEXT() REPRESENTATION_CONTEXT('2D SPACE',''
  ) );
#997 = PCURVE('',#998,#1005);
#998 = SURFACE_OF_LINEAR_EXTRUSION('',#999,#1003);
#999 = B_SPLINE_CURVE_WITH_KNOTS('',2,(#1000,#1001,#1002),
  .UNSPECIFIED.,.F.,.F.,(3,3),(0.,1.),.PIECEWISE_BEZIER_KNOTS.);
#1000 = CARTESIAN_POINT('',(-7.849609375,-7.162109375,0.));
#1001 = CARTESIAN_POINT('',(-7.353515625,-7.162109375,0.));
#1002 = CARTESIAN_POINT('',(-7.01171875,-6.818359375,0.));
#1003 = VECTOR('',#1004,1.);
#1004 = DIRECTION('',(-0.,-0.,-1.));
#1005 = DEFINITIONAL_REPRESENTATION('',(#1006),#1017);
#1006 = B_SPLINE_CURVE_WITH_KNOTS('',5,(#1007,#1008,#1009,#1010,#1011,
    #1012,#1013,#1014,#1015,#1016),.UNSPECIFIED.,.F.,.F.,(6,4,6),(0.,
    0.459037212665,1.),.UNSPECIFIED.);
#1007 = CARTESIAN_POINT('',(1.,-0.2));
#1008 = CARTESIAN_POINT('',(0.909932732231,-0.2));
#1009 = CARTESIAN_POINT('',(0.818482980796,-0.2));
#1010 = CARTESIAN_POINT('',(0.72602150103,-0.2));
#1011 = CARTESIAN_POINT('',(0.633006142473,-0.2));
#1012 = CARTESIAN_POINT('',(0.430394807472,-0.2));
#1013 = CARTESIAN_POINT('',(0.320761882198,-0.2));
#1014 = CARTESIAN_POINT('',(0.212041098942,-0.2));
#1015 = CARTESIAN_POINT('',(0.104943010728,-0.2));
#1016 = CARTESIAN_POINT('',(0.,-0.2));
#1017 = ( GEOMETRIC_REPRESENTATION_CONTEXT(2) 
PARAMETRIC_REPRESENTATION_CONTEXT() REPRESENTATION_CONTEXT('2D SPACE',''
  ) );
#1018 = ORIENTED_EDGE('',*,*,#1019,.F.);
#1019 = EDGE_CURVE('',#1020,#969,#1022,.T.);
#1020 = VERTEX_POINT('',#1021);
#1021 = CARTESIAN_POINT('',(-6.669921875,-5.966796875,0.2));
#1022 = SURFACE_CURVE('',#1023,(#1034,#1048),.PCURVE_S1.);
#1023 = B_SPLINE_CURVE_WITH_KNOTS('',5,(#1024,#1025,#1026,#1027,#1028,
    #1029,#1030,#1031,#1032,#1033),.UNSPECIFIED.,.F.,.F.,(6,4,6),(0.,
    0.581937337045,1.),.UNSPECIFIED.);
#1024 = CARTESIAN_POINT('',(-6.669921875,-5.966796875,0.2));
#1025 = CARTESIAN_POINT('',(-6.669921875,-6.080788391658,0.2));
#1026 = CARTESIAN_POINT('',(-6.68068671964,-6.192280272097,0.2));
#1027 = CARTESIAN_POINT('',(-6.703220417075,-6.300166168284,0.2));
#1028 = CARTESIAN_POINT('',(-6.738119524485,-6.403286739613,0.2));
#1029 = CARTESIAN_POINT('',(-6.818511031073,-6.570627798844,0.2));
#1030 = CARTESIAN_POINT('',(-6.858262337842,-6.637645475083,0.2));
#1031 = CARTESIAN_POINT('',(-6.903990666582,-6.701371607237,0.2));
#1032 = CARTESIAN_POINT('',(-6.955311337506,-6.761629634435,0.2));
#1033 = CARTESIAN_POINT('',(-7.01171875,-6.818359375,0.2));
#1034 = PCURVE('',#32,#1035);
#1035 = DEFINITIONAL_REPRESENTATION('',(#1036),#1047);
#1036 = B_SPLINE_CURVE_WITH_KNOTS('',5,(#1037,#1038,#1039,#1040,#1041,
    #1042,#1043,#1044,#1045,#1046),.UNSPECIFIED.,.F.,.F.,(6,4,6),(0.,
    0.581937337045,1.),.UNSPECIFIED.);
#1037 = CARTESIAN_POINT('',(43.330078125,44.233203125));
#1038 = CARTESIAN_POINT('',(43.330078125,44.119211608342));
#1039 = CARTESIAN_POINT('',(43.31931328036,44.007719727903));
#1040 = CARTESIAN_POINT('',(43.296779582925,43.899833831716));
#1041 = CARTESIAN_POINT('',(43.261880475515,43.796713260387));
#1042 = CARTESIAN_POINT('',(43.181488968927,43.629372201156));
#1043 = CARTESIAN_POINT('',(43.141737662158,43.562354524917));
#1044 = CARTESIAN_POINT('',(43.096009333418,43.498628392763));
#1045 = CARTESIAN_POINT('',(43.044688662494,43.438370365565));
#1046 = CARTESIAN_POINT('',(42.98828125,43.381640625));
#1047 = ( GEOMETRIC_REPRESENTATION_CONTEXT(2) 
PARAMETRIC_REPRESENTATION_CONTEXT() REPRESENTATION_CONTEXT('2D SPACE',''
  ) );
#1048 = PCURVE('',#1049,#1056);
#1049 = SURFACE_OF_LINEAR_EXTRUSION('',#1050,#1054);
#1050 = B_SPLINE_CURVE_WITH_KNOTS('',2,(#1051,#1052,#1053),
  .UNSPECIFIED.,.F.,.F.,(3,3),(0.,1.),.PIECEWISE_BEZIER_KNOTS.);
#1051 = CARTESIAN_POINT('',(-7.01171875,-6.818359375,0.));
#1052 = CARTESIAN_POINT('',(-6.669921875,-6.474609375,0.));
#1053 = CARTESIAN_POINT('',(-6.669921875,-5.966796875,0.));
#1054 = VECTOR('',#1055,1.);
#1055 = DIRECTION('',(-0.,-0.,-1.));
#1056 = DEFINITIONAL_REPRESENTATION('',(#1057),#1068);
#1057 = B_SPLINE_CURVE_WITH_KNOTS('',5,(#1058,#1059,#1060,#1061,#1062,
    #1063,#1064,#1065,#1066,#1067),.UNSPECIFIED.,.F.,.F.,(6,4,6),(0.,
    0.581937337045,1.),.UNSPECIFIED.);
#1058 = CARTESIAN_POINT('',(1.,-0.2));
#1059 = CARTESIAN_POINT('',(0.887762198983,-0.2));
#1060 = CARTESIAN_POINT('',(0.772897947053,-0.2));
#1061 = CARTESIAN_POINT('',(0.656022061804,-0.2));
#1062 = CARTESIAN_POINT('',(0.537994105732,-0.2));
#1063 = CARTESIAN_POINT('',(0.33523326153,-0.2));
#1064 = CARTESIAN_POINT('',(0.250459547326,-0.2));
#1065 = CARTESIAN_POINT('',(0.16610190553,-0.2));
#1066 = CARTESIAN_POINT('',(8.25159862765E-02,-0.2));
#1067 = CARTESIAN_POINT('',(0.,-0.2));
#1068 = ( GEOMETRIC_REPRESENTATION_CONTEXT(2) 
PARAMETRIC_REPRESENTATION_CONTEXT() REPRESENTATION_CONTEXT('2D SPACE',''
  ) );
#1069 = ORIENTED_EDGE('',*,*,#1070,.F.);
#1070 = EDGE_CURVE('',#1071,#1020,#1073,.T.);
#1071 = VERTEX_POINT('',#1072);
#1072 = CARTESIAN_POINT('',(-6.986328125,-5.16796875,0.2));
#1073 = SURFACE_CURVE('',#1074,(#1087,#1103),.PCURVE_S1.);
#1074 = B_SPLINE_CURVE_WITH_KNOTS('',6,(#1075,#1076,#1077,#1078,#1079,
    #1080,#1081,#1082,#1083,#1084,#1085,#1086),.UNSPECIFIED.,.F.,.F.,(7,
    5,7),(0.,0.358952895682,1.),.UNSPECIFIED.);
#1075 = CARTESIAN_POINT('',(-6.986328125,-5.16796875,0.2));
#1076 = CARTESIAN_POINT('',(-6.948631548823,-5.205432631263,0.2));
#1077 = CARTESIAN_POINT('',(-6.913347722834,-5.244623860815,0.2));
#1078 = CARTESIAN_POINT('',(-6.880614530919,-5.285521154237,0.2));
#1079 = CARTESIAN_POINT('',(-6.850546568742,-5.328082257248,0.2));
#1080 = CARTESIAN_POINT('',(-6.823229287989,-5.372240283888,0.2));
#1081 = CARTESIAN_POINT('',(-6.754930222404,-5.499442965211,0.2));
#1082 = CARTESIAN_POINT('',(-6.720066273887,-5.585803126802,0.2));
#1083 = CARTESIAN_POINT('',(-6.694440344725,-5.676408437771,0.2));
#1084 = CARTESIAN_POINT('',(-6.677883158259,-5.770580033656,0.2));
#1085 = CARTESIAN_POINT('',(-6.669921875,-5.867605574333,0.2));
#1086 = CARTESIAN_POINT('',(-6.669921875,-5.966796875,0.2));
#1087 = PCURVE('',#32,#1088);
#1088 = DEFINITIONAL_REPRESENTATION('',(#1089),#1102);
#1089 = B_SPLINE_CURVE_WITH_KNOTS('',6,(#1090,#1091,#1092,#1093,#1094,
    #1095,#1096,#1097,#1098,#1099,#1100,#1101),.UNSPECIFIED.,.F.,.F.,(7,
    5,7),(0.,0.358952895682,1.),.UNSPECIFIED.);
#1090 = CARTESIAN_POINT('',(43.013671875,45.03203125));
#1091 = CARTESIAN_POINT('',(43.051368451177,44.994567368737));
#1092 = CARTESIAN_POINT('',(43.086652277166,44.955376139185));
#1093 = CARTESIAN_POINT('',(43.119385469081,44.914478845763));
#1094 = CARTESIAN_POINT('',(43.149453431258,44.871917742752));
#1095 = CARTESIAN_POINT('',(43.176770712011,44.827759716112));
#1096 = CARTESIAN_POINT('',(43.245069777596,44.700557034789));
#1097 = CARTESIAN_POINT('',(43.279933726113,44.614196873198));
#1098 = CARTESIAN_POINT('',(43.305559655275,44.523591562229));
#1099 = CARTESIAN_POINT('',(43.322116841741,44.429419966344));
#1100 = CARTESIAN_POINT('',(43.330078125,44.332394425667));
#1101 = CARTESIAN_POINT('',(43.330078125,44.233203125));
#1102 = ( GEOMETRIC_REPRESENTATION_CONTEXT(2) 
PARAMETRIC_REPRESENTATION_CONTEXT() REPRESENTATION_CONTEXT('2D SPACE',''
  ) );
#1103 = PCURVE('',#1104,#1111);
#1104 = SURFACE_OF_LINEAR_EXTRUSION('',#1105,#1109);
#1105 = B_SPLINE_CURVE_WITH_KNOTS('',2,(#1106,#1107,#1108),
  .UNSPECIFIED.,.F.,.F.,(3,3),(0.,1.),.PIECEWISE_BEZIER_KNOTS.);
#1106 = CARTESIAN_POINT('',(-6.669921875,-5.966796875,0.));
#1107 = CARTESIAN_POINT('',(-6.669921875,-5.482421875,0.));
#1108 = CARTESIAN_POINT('',(-6.986328125,-5.16796875,0.));
#1109 = VECTOR('',#1110,1.);
#1110 = DIRECTION('',(-0.,-0.,-1.));
#1111 = DEFINITIONAL_REPRESENTATION('',(#1112),#1125);
#1112 = B_SPLINE_CURVE_WITH_KNOTS('',6,(#1113,#1114,#1115,#1116,#1117,
    #1118,#1119,#1120,#1121,#1122,#1123,#1124),.UNSPECIFIED.,.F.,.F.,(7,
    5,7),(0.,0.358952895682,1.),.UNSPECIFIED.);
#1113 = CARTESIAN_POINT('',(1.,-0.2));
#1114 = CARTESIAN_POINT('',(0.940430101843,-0.2));
#1115 = CARTESIAN_POINT('',(0.880414668638,-0.2));
#1116 = CARTESIAN_POINT('',(0.820052108824,-0.2));
#1117 = CARTESIAN_POINT('',(0.759449567065,-0.2));
#1118 = CARTESIAN_POINT('',(0.698723458002,-0.2));
#1119 = CARTESIAN_POINT('',(0.529555138893,-0.2));
#1120 = CARTESIAN_POINT('',(0.421081958813,-0.2));
#1121 = CARTESIAN_POINT('',(0.313347884968,-0.2));
#1122 = CARTESIAN_POINT('',(0.206959840327,-0.2));
#1123 = CARTESIAN_POINT('',(0.102391020043,-0.2));
#1124 = CARTESIAN_POINT('',(0.,-0.2));
#1125 = ( GEOMETRIC_REPRESENTATION_CONTEXT(2) 
PARAMETRIC_REPRESENTATION_CONTEXT() REPRESENTATION_CONTEXT('2D SPACE',''
  ) );
#1126 = ORIENTED_EDGE('',*,*,#1127,.F.);
#1127 = EDGE_CURVE('',#1128,#1071,#1130,.T.);
#1128 = VERTEX_POINT('',#1129);
#1129 = CARTESIAN_POINT('',(-7.791015625,-4.853515625,0.2));
#1130 = SURFACE_CURVE('',#1131,(#1144,#1160),.PCURVE_S1.);
#1131 = B_SPLINE_CURVE_WITH_KNOTS('',6,(#1132,#1133,#1134,#1135,#1136,
    #1137,#1138,#1139,#1140,#1141,#1142,#1143),.UNSPECIFIED.,.F.,.F.,(7,
    5,7),(0.,0.657283895957,1.),.UNSPECIFIED.);
#1132 = CARTESIAN_POINT('',(-7.791015625,-4.853515625,0.2));
#1133 = CARTESIAN_POINT('',(-7.688665425259,-4.853515625,0.2));
#1134 = CARTESIAN_POINT('',(-7.588590147861,-4.861805495433,0.2));
#1135 = CARTESIAN_POINT('',(-7.491528931406,-4.879070091013,0.2));
#1136 = CARTESIAN_POINT('',(-7.398250658313,-4.905824224079,0.2));
#1137 = CARTESIAN_POINT('',(-7.309488881154,-4.942255018308,0.2));
#1138 = CARTESIAN_POINT('',(-7.182250949161,-5.011870658956,0.2));
#1139 = CARTESIAN_POINT('',(-7.140031362799,-5.03826898227,0.2));
#1140 = CARTESIAN_POINT('',(-7.099280571903,-5.067162775341,0.2));
#1141 = CARTESIAN_POINT('',(-7.060057233816,-5.098478904612,0.2));
#1142 = CARTESIAN_POINT('',(-7.022399563117,-5.132119975082,0.2));
#1143 = CARTESIAN_POINT('',(-6.986328125,-5.16796875,0.2));
#1144 = PCURVE('',#32,#1145);
#1145 = DEFINITIONAL_REPRESENTATION('',(#1146),#1159);
#1146 = B_SPLINE_CURVE_WITH_KNOTS('',6,(#1147,#1148,#1149,#1150,#1151,
    #1152,#1153,#1154,#1155,#1156,#1157,#1158),.UNSPECIFIED.,.F.,.F.,(7,
    5,7),(0.,0.657283895957,1.),.UNSPECIFIED.);
#1147 = CARTESIAN_POINT('',(42.208984375,45.346484375));
#1148 = CARTESIAN_POINT('',(42.311334574741,45.346484375));
#1149 = CARTESIAN_POINT('',(42.411409852139,45.338194504567));
#1150 = CARTESIAN_POINT('',(42.508471068594,45.320929908987));
#1151 = CARTESIAN_POINT('',(42.601749341687,45.294175775921));
#1152 = CARTESIAN_POINT('',(42.690511118846,45.257744981692));
#1153 = CARTESIAN_POINT('',(42.817749050839,45.188129341044));
#1154 = CARTESIAN_POINT('',(42.859968637201,45.16173101773));
#1155 = CARTESIAN_POINT('',(42.900719428097,45.132837224659));
#1156 = CARTESIAN_POINT('',(42.939942766184,45.101521095388));
#1157 = CARTESIAN_POINT('',(42.977600436883,45.067880024918));
#1158 = CARTESIAN_POINT('',(43.013671875,45.03203125));
#1159 = ( GEOMETRIC_REPRESENTATION_CONTEXT(2) 
PARAMETRIC_REPRESENTATION_CONTEXT() REPRESENTATION_CONTEXT('2D SPACE',''
  ) );
#1160 = PCURVE('',#1161,#1168);
#1161 = SURFACE_OF_LINEAR_EXTRUSION('',#1162,#1166);
#1162 = B_SPLINE_CURVE_WITH_KNOTS('',2,(#1163,#1164,#1165),
  .UNSPECIFIED.,.F.,.F.,(3,3),(0.,1.),.PIECEWISE_BEZIER_KNOTS.);
#1163 = CARTESIAN_POINT('',(-6.986328125,-5.16796875,0.));
#1164 = CARTESIAN_POINT('',(-7.302734375,-4.853515625,0.));
#1165 = CARTESIAN_POINT('',(-7.791015625,-4.853515625,0.));
#1166 = VECTOR('',#1167,1.);
#1167 = DIRECTION('',(-0.,-0.,-1.));
#1168 = DEFINITIONAL_REPRESENTATION('',(#1169),#1182);
#1169 = B_SPLINE_CURVE_WITH_KNOTS('',6,(#1170,#1171,#1172,#1173,#1174,
    #1175,#1176,#1177,#1178,#1179,#1180,#1181),.UNSPECIFIED.,.F.,.F.,(7,
    5,7),(0.,0.657283895957,1.),.UNSPECIFIED.);
#1170 = CARTESIAN_POINT('',(1.,-0.2));
#1171 = CARTESIAN_POINT('',(0.895193395466,-0.2));
#1172 = CARTESIAN_POINT('',(0.788076455481,-0.2));
#1173 = CARTESIAN_POINT('',(0.679022743516,-0.2));
#1174 = CARTESIAN_POINT('',(0.568531453738,-0.2));
#1175 = CARTESIAN_POINT('',(0.457249010514,-0.2));
#1176 = CARTESIAN_POINT('',(0.287993364364,-0.2));
#1177 = CARTESIAN_POINT('',(0.229985317181,-0.2));
#1178 = CARTESIAN_POINT('',(0.172084597483,-0.2));
#1179 = CARTESIAN_POINT('',(0.114392203376,-0.2));
#1180 = CARTESIAN_POINT('',(5.700177875225E-02,-0.2));
#1181 = CARTESIAN_POINT('',(0.,-0.2));
#1182 = ( GEOMETRIC_REPRESENTATION_CONTEXT(2) 
PARAMETRIC_REPRESENTATION_CONTEXT() REPRESENTATION_CONTEXT('2D SPACE',''
  ) );
#1183 = ORIENTED_EDGE('',*,*,#1184,.F.);
#1184 = EDGE_CURVE('',#1185,#1128,#1187,.T.);
#1185 = VERTEX_POINT('',#1186);
#1186 = CARTESIAN_POINT('',(-8.287109375,-4.931640625,0.2));
#1187 = SURFACE_CURVE('',#1188,(#1196,#1207),.PCURVE_S1.);
#1188 = B_SPLINE_CURVE_WITH_KNOTS('',6,(#1189,#1190,#1191,#1192,#1193,
    #1194,#1195),.UNSPECIFIED.,.F.,.F.,(7,7),(0.,1.),
  .PIECEWISE_BEZIER_KNOTS.);
#1189 = CARTESIAN_POINT('',(-8.287109375,-4.931640625,0.2));
#1190 = CARTESIAN_POINT('',(-8.192573783529,-4.906762837771,0.2));
#1191 = CARTESIAN_POINT('',(-8.102137912397,-4.886153548617,0.2));
#1192 = CARTESIAN_POINT('',(-8.016250721792,-4.870164020862,0.2));
#1193 = CARTESIAN_POINT('',(-7.935417025482,-4.859164066265,0.2));
#1194 = CARTESIAN_POINT('',(-7.860170561428,-4.853515625,0.2));
#1195 = CARTESIAN_POINT('',(-7.791015625,-4.853515625,0.2));
#1196 = PCURVE('',#32,#1197);
#1197 = DEFINITIONAL_REPRESENTATION('',(#1198),#1206);
#1198 = B_SPLINE_CURVE_WITH_KNOTS('',6,(#1199,#1200,#1201,#1202,#1203,
    #1204,#1205),.UNSPECIFIED.,.F.,.F.,(7,7),(0.,1.),
  .PIECEWISE_BEZIER_KNOTS.);
#1199 = CARTESIAN_POINT('',(41.712890625,45.268359375));
#1200 = CARTESIAN_POINT('',(41.807426216471,45.293237162229));
#1201 = CARTESIAN_POINT('',(41.897862087603,45.313846451383));
#1202 = CARTESIAN_POINT('',(41.983749278208,45.329835979138));
#1203 = CARTESIAN_POINT('',(42.064582974518,45.340835933735));
#1204 = CARTESIAN_POINT('',(42.139829438572,45.346484375));
#1205 = CARTESIAN_POINT('',(42.208984375,45.346484375));
#1206 = ( GEOMETRIC_REPRESENTATION_CONTEXT(2) 
PARAMETRIC_REPRESENTATION_CONTEXT() REPRESENTATION_CONTEXT('2D SPACE',''
  ) );
#1207 = PCURVE('',#1208,#1215);
#1208 = SURFACE_OF_LINEAR_EXTRUSION('',#1209,#1213);
#1209 = B_SPLINE_CURVE_WITH_KNOTS('',2,(#1210,#1211,#1212),
  .UNSPECIFIED.,.F.,.F.,(3,3),(0.,1.),.PIECEWISE_BEZIER_KNOTS.);
#1210 = CARTESIAN_POINT('',(-7.791015625,-4.853515625,0.));
#1211 = CARTESIAN_POINT('',(-7.990234375,-4.853515625,0.));
#1212 = CARTESIAN_POINT('',(-8.287109375,-4.931640625,0.));
#1213 = VECTOR('',#1214,1.);
#1214 = DIRECTION('',(-0.,-0.,-1.));
#1215 = DEFINITIONAL_REPRESENTATION('',(#1216),#1224);
#1216 = B_SPLINE_CURVE_WITH_KNOTS('',6,(#1217,#1218,#1219,#1220,#1221,
    #1222,#1223),.UNSPECIFIED.,.F.,.F.,(7,7),(0.,1.),
  .PIECEWISE_BEZIER_KNOTS.);
#1217 = CARTESIAN_POINT('',(1.,-0.2));
#1218 = CARTESIAN_POINT('',(0.840782161734,-0.2));
#1219 = CARTESIAN_POINT('',(0.678462451138,-0.2));
#1220 = CARTESIAN_POINT('',(0.513065667677,-0.2));
#1221 = CARTESIAN_POINT('',(0.344698601162,-0.2));
#1222 = CARTESIAN_POINT('',(0.173565330644,-0.2));
#1223 = CARTESIAN_POINT('',(0.,-0.2));
#1224 = ( GEOMETRIC_REPRESENTATION_CONTEXT(2) 
PARAMETRIC_REPRESENTATION_CONTEXT() REPRESENTATION_CONTEXT('2D SPACE',''
  ) );
#1225 = ORIENTED_EDGE('',*,*,#1226,.F.);
#1226 = EDGE_CURVE('',#1227,#1185,#1229,.T.);
#1227 = VERTEX_POINT('',#1228);
#1228 = CARTESIAN_POINT('',(-8.208984375,-4.314453125,0.2));
#1229 = SURFACE_CURVE('',#1230,(#1234,#1240),.PCURVE_S1.);
#1230 = LINE('',#1231,#1232);
#1231 = CARTESIAN_POINT('',(-11.43592604183,-29.80729229296,0.2));
#1232 = VECTOR('',#1233,1.);
#1233 = DIRECTION('',(-0.125580186416,-0.992083472687,0.));
#1234 = PCURVE('',#32,#1235);
#1235 = DEFINITIONAL_REPRESENTATION('',(#1236),#1239);
#1236 = B_SPLINE_CURVE_WITH_KNOTS('',1,(#1237,#1238),.UNSPECIFIED.,.F.,
  .F.,(2,2),(-25.69626434649,-25.07415187613),.PIECEWISE_BEZIER_KNOTS.);
#1237 = CARTESIAN_POINT('',(41.791015625,45.885546875));
#1238 = CARTESIAN_POINT('',(41.712890625,45.268359375));
#1239 = ( GEOMETRIC_REPRESENTATION_CONTEXT(2) 
PARAMETRIC_REPRESENTATION_CONTEXT() REPRESENTATION_CONTEXT('2D SPACE',''
  ) );
#1240 = PCURVE('',#1241,#1246);
#1241 = PLANE('',#1242);
#1242 = AXIS2_PLACEMENT_3D('',#1243,#1244,#1245);
#1243 = CARTESIAN_POINT('',(-8.287109375,-4.931640625,0.));
#1244 = DIRECTION('',(-0.992083472687,0.125580186416,0.));
#1245 = DIRECTION('',(0.125580186416,0.992083472687,0.));
#1246 = DEFINITIONAL_REPRESENTATION('',(#1247),#1250);
#1247 = B_SPLINE_CURVE_WITH_KNOTS('',1,(#1248,#1249),.UNSPECIFIED.,.F.,
  .F.,(2,2),(-25.69626434649,-25.07415187613),.PIECEWISE_BEZIER_KNOTS.);
#1248 = CARTESIAN_POINT('',(0.622112470363,-0.2));
#1249 = CARTESIAN_POINT('',(0.,-0.2));
#1250 = ( GEOMETRIC_REPRESENTATION_CONTEXT(2) 
PARAMETRIC_REPRESENTATION_CONTEXT() REPRESENTATION_CONTEXT('2D SPACE',''
  ) );
#1251 = ORIENTED_EDGE('',*,*,#1252,.F.);
#1252 = EDGE_CURVE('',#1253,#1227,#1255,.T.);
#1253 = VERTEX_POINT('',#1254);
#1254 = CARTESIAN_POINT('',(-8.095703125,-4.322265625,0.2));
#1255 = SURFACE_CURVE('',#1256,(#1262,#1271),.PCURVE_S1.);
#1256 = B_SPLINE_CURVE_WITH_KNOTS('',4,(#1257,#1258,#1259,#1260,#1261),
  .UNSPECIFIED.,.F.,.F.,(5,5),(0.,1.),.PIECEWISE_BEZIER_KNOTS.);
#1257 = CARTESIAN_POINT('',(-8.095703125,-4.322265625,0.2));
#1258 = CARTESIAN_POINT('',(-8.117248988536,-4.322265625,0.2));
#1259 = CARTESIAN_POINT('',(-8.143344728688,-4.320956062453,0.2));
#1260 = CARTESIAN_POINT('',(-8.173946539648,-4.318346217817,0.2));
#1261 = CARTESIAN_POINT('',(-8.208984375,-4.314453125,0.2));
#1262 = PCURVE('',#32,#1263);
#1263 = DEFINITIONAL_REPRESENTATION('',(#1264),#1270);
#1264 = B_SPLINE_CURVE_WITH_KNOTS('',4,(#1265,#1266,#1267,#1268,#1269),
  .UNSPECIFIED.,.F.,.F.,(5,5),(0.,1.),.PIECEWISE_BEZIER_KNOTS.);
#1265 = CARTESIAN_POINT('',(41.904296875,45.877734375));
#1266 = CARTESIAN_POINT('',(41.882751011464,45.877734375));
#1267 = CARTESIAN_POINT('',(41.856655271312,45.879043937547));
#1268 = CARTESIAN_POINT('',(41.826053460352,45.881653782183));
#1269 = CARTESIAN_POINT('',(41.791015625,45.885546875));
#1270 = ( GEOMETRIC_REPRESENTATION_CONTEXT(2) 
PARAMETRIC_REPRESENTATION_CONTEXT() REPRESENTATION_CONTEXT('2D SPACE',''
  ) );
#1271 = PCURVE('',#1272,#1279);
#1272 = SURFACE_OF_LINEAR_EXTRUSION('',#1273,#1277);
#1273 = B_SPLINE_CURVE_WITH_KNOTS('',2,(#1274,#1275,#1276),
  .UNSPECIFIED.,.F.,.F.,(3,3),(0.,1.),.PIECEWISE_BEZIER_KNOTS.);
#1274 = CARTESIAN_POINT('',(-8.208984375,-4.314453125,0.));
#1275 = CARTESIAN_POINT('',(-8.138671875,-4.322265625,0.));
#1276 = CARTESIAN_POINT('',(-8.095703125,-4.322265625,0.));
#1277 = VECTOR('',#1278,1.);
#1278 = DIRECTION('',(-0.,-0.,-1.));
#1279 = DEFINITIONAL_REPRESENTATION('',(#1280),#1286);
#1280 = B_SPLINE_CURVE_WITH_KNOTS('',4,(#1281,#1282,#1283,#1284,#1285),
  .UNSPECIFIED.,.F.,.F.,(5,5),(0.,1.),.PIECEWISE_BEZIER_KNOTS.);
#1281 = CARTESIAN_POINT('',(1.,-0.2));
#1282 = CARTESIAN_POINT('',(0.749284497039,-0.2));
#1283 = CARTESIAN_POINT('',(0.498959886286,-0.2));
#1284 = CARTESIAN_POINT('',(0.249157940279,-0.2));
#1285 = CARTESIAN_POINT('',(0.,-0.2));
#1286 = ( GEOMETRIC_REPRESENTATION_CONTEXT(2) 
PARAMETRIC_REPRESENTATION_CONTEXT() REPRESENTATION_CONTEXT('2D SPACE',''
  ) );
#1287 = ORIENTED_EDGE('',*,*,#1288,.F.);
#1288 = EDGE_CURVE('',#1289,#1253,#1291,.T.);
#1289 = VERTEX_POINT('',#1290);
#1290 = CARTESIAN_POINT('',(-7.287109375,-4.087890625,0.2));
#1291 = SURFACE_CURVE('',#1292,(#1303,#1317),.PCURVE_S1.);
#1292 = B_SPLINE_CURVE_WITH_KNOTS('',5,(#1293,#1294,#1295,#1296,#1297,
    #1298,#1299,#1300,#1301,#1302),.UNSPECIFIED.,.F.,.F.,(6,4,6),(0.,
    0.358434413442,1.),.UNSPECIFIED.);
#1293 = CARTESIAN_POINT('',(-7.287109375,-4.087890625,0.2));
#1294 = CARTESIAN_POINT('',(-7.338534279175,-4.121428605984,0.2));
#1295 = CARTESIAN_POINT('',(-7.391349546813,-4.152124446027,0.2));
#1296 = CARTESIAN_POINT('',(-7.445501506167,-4.179871245317,0.2));
#1297 = CARTESIAN_POINT('',(-7.500916947883,-4.204597204564,0.2));
#1298 = CARTESIAN_POINT('',(-7.658787328055,-4.265050162269,0.2));
#1299 = CARTESIAN_POINT('',(-7.763835520499,-4.294045279179,0.2));
#1300 = CARTESIAN_POINT('',(-7.872090393442,-4.313033031022,0.2));
#1301 = CARTESIAN_POINT('',(-7.982925307158,-4.322265625,0.2));
#1302 = CARTESIAN_POINT('',(-8.095703125,-4.322265625,0.2));
#1303 = PCURVE('',#32,#1304);
#1304 = DEFINITIONAL_REPRESENTATION('',(#1305),#1316);
#1305 = B_SPLINE_CURVE_WITH_KNOTS('',5,(#1306,#1307,#1308,#1309,#1310,
    #1311,#1312,#1313,#1314,#1315),.UNSPECIFIED.,.F.,.F.,(6,4,6),(0.,
    0.358434413442,1.),.UNSPECIFIED.);
#1306 = CARTESIAN_POINT('',(42.712890625,46.112109375));
#1307 = CARTESIAN_POINT('',(42.661465720825,46.078571394016));
#1308 = CARTESIAN_POINT('',(42.608650453187,46.047875553973));
#1309 = CARTESIAN_POINT('',(42.554498493833,46.020128754683));
#1310 = CARTESIAN_POINT('',(42.499083052117,45.995402795436));
#1311 = CARTESIAN_POINT('',(42.341212671945,45.934949837731));
#1312 = CARTESIAN_POINT('',(42.236164479501,45.905954720821));
#1313 = CARTESIAN_POINT('',(42.127909606558,45.886966968978));
#1314 = CARTESIAN_POINT('',(42.017074692842,45.877734375));
#1315 = CARTESIAN_POINT('',(41.904296875,45.877734375));
#1316 = ( GEOMETRIC_REPRESENTATION_CONTEXT(2) 
PARAMETRIC_REPRESENTATION_CONTEXT() REPRESENTATION_CONTEXT('2D SPACE',''
  ) );
#1317 = PCURVE('',#1318,#1325);
#1318 = SURFACE_OF_LINEAR_EXTRUSION('',#1319,#1323);
#1319 = B_SPLINE_CURVE_WITH_KNOTS('',2,(#1320,#1321,#1322),
  .UNSPECIFIED.,.F.,.F.,(3,3),(0.,1.),.PIECEWISE_BEZIER_KNOTS.);
#1320 = CARTESIAN_POINT('',(-8.095703125,-4.322265625,0.));
#1321 = CARTESIAN_POINT('',(-7.646484375,-4.322265625,0.));
#1322 = CARTESIAN_POINT('',(-7.287109375,-4.087890625,0.));
#1323 = VECTOR('',#1324,1.);
#1324 = DIRECTION('',(-0.,-0.,-1.));
#1325 = DEFINITIONAL_REPRESENTATION('',(#1326),#1337);
#1326 = B_SPLINE_CURVE_WITH_KNOTS('',5,(#1327,#1328,#1329,#1330,#1331,
    #1332,#1333,#1334,#1335,#1336),.UNSPECIFIED.,.F.,.F.,(6,4,6),(0.,
    0.358434413442,1.),.UNSPECIFIED.);
#1327 = CARTESIAN_POINT('',(1.,-0.2));
#1328 = CARTESIAN_POINT('',(0.928452307235,-0.2));
#1329 = CARTESIAN_POINT('',(0.856569726286,-0.2));
#1330 = CARTESIAN_POINT('',(0.784457606728,-0.2));
#1331 = CARTESIAN_POINT('',(0.712228068119,-0.2));
#1332 = CARTESIAN_POINT('',(0.510718209104,-0.2));
#1333 = CARTESIAN_POINT('',(0.38142375372,-0.2));
#1334 = CARTESIAN_POINT('',(0.252829932614,-0.2));
#1335 = CARTESIAN_POINT('',(0.125526614642,-0.2));
#1336 = CARTESIAN_POINT('',(0.,-0.2));
#1337 = ( GEOMETRIC_REPRESENTATION_CONTEXT(2) 
PARAMETRIC_REPRESENTATION_CONTEXT() REPRESENTATION_CONTEXT('2D SPACE',''
  ) );
#1338 = ORIENTED_EDGE('',*,*,#1339,.F.);
#1339 = EDGE_CURVE('',#1340,#1289,#1342,.T.);
#1340 = VERTEX_POINT('',#1341);
#1341 = CARTESIAN_POINT('',(-6.927734375,-3.365234375,0.2));
#1342 = SURFACE_CURVE('',#1343,(#1358,#1376),.PCURVE_S1.);
#1343 = B_SPLINE_CURVE_WITH_KNOTS('',5,(#1344,#1345,#1346,#1347,#1348,
    #1349,#1350,#1351,#1352,#1353,#1354,#1355,#1356,#1357),
  .UNSPECIFIED.,.F.,.F.,(6,4,4,6),(0.,0.222822553004,0.644812948161,1.),
  .UNSPECIFIED.);
#1344 = CARTESIAN_POINT('',(-6.927734375,-3.365234375,0.2));
#1345 = CARTESIAN_POINT('',(-6.927734375,-3.406006138558,0.2));
#1346 = CARTESIAN_POINT('',(-6.929300448794,-3.446211660592,0.2));
#1347 = CARTESIAN_POINT('',(-6.932515471541,-3.485771689418,0.2));
#1348 = CARTESIAN_POINT('',(-6.937458713183,-3.524596367903,0.2));
#1349 = CARTESIAN_POINT('',(-6.9569446762,-3.634546369505,0.2));
#1350 = CARTESIAN_POINT('',(-6.976121822882,-3.703543259961,0.2));
#1351 = CARTESIAN_POINT('',(-7.002142740793,-3.768889510985,0.2));
#1352 = CARTESIAN_POINT('',(-7.035188397012,-3.829936573299,0.2));
#1353 = CARTESIAN_POINT('',(-7.108388351455,-3.933619932683,0.2));
#1354 = CARTESIAN_POINT('',(-7.146598522118,-3.977654254096,0.2));
#1355 = CARTESIAN_POINT('',(-7.189380317541,-4.018070607913,0.2));
#1356 = CARTESIAN_POINT('',(-7.236368798113,-4.054798944421,0.2));
#1357 = CARTESIAN_POINT('',(-7.287109375,-4.087890625,0.2));
#1358 = PCURVE('',#32,#1359);
#1359 = DEFINITIONAL_REPRESENTATION('',(#1360),#1375);
#1360 = B_SPLINE_CURVE_WITH_KNOTS('',5,(#1361,#1362,#1363,#1364,#1365,
    #1366,#1367,#1368,#1369,#1370,#1371,#1372,#1373,#1374),
  .UNSPECIFIED.,.F.,.F.,(6,4,4,6),(0.,0.222822553004,0.644812948161,1.),
  .UNSPECIFIED.);
#1361 = CARTESIAN_POINT('',(43.072265625,46.834765625));
#1362 = CARTESIAN_POINT('',(43.072265625,46.793993861442));
#1363 = CARTESIAN_POINT('',(43.070699551206,46.753788339408));
#1364 = CARTESIAN_POINT('',(43.067484528459,46.714228310582));
#1365 = CARTESIAN_POINT('',(43.062541286817,46.675403632097));
#1366 = CARTESIAN_POINT('',(43.0430553238,46.565453630495));
#1367 = CARTESIAN_POINT('',(43.023878177118,46.496456740039));
#1368 = CARTESIAN_POINT('',(42.997857259207,46.431110489015));
#1369 = CARTESIAN_POINT('',(42.964811602988,46.370063426701));
#1370 = CARTESIAN_POINT('',(42.891611648545,46.266380067317));
#1371 = CARTESIAN_POINT('',(42.853401477882,46.222345745904));
#1372 = CARTESIAN_POINT('',(42.810619682459,46.181929392087));
#1373 = CARTESIAN_POINT('',(42.763631201887,46.145201055579));
#1374 = CARTESIAN_POINT('',(42.712890625,46.112109375));
#1375 = ( GEOMETRIC_REPRESENTATION_CONTEXT(2) 
PARAMETRIC_REPRESENTATION_CONTEXT() REPRESENTATION_CONTEXT('2D SPACE',''
  ) );
#1376 = PCURVE('',#1377,#1384);
#1377 = SURFACE_OF_LINEAR_EXTRUSION('',#1378,#1382);
#1378 = B_SPLINE_CURVE_WITH_KNOTS('',2,(#1379,#1380,#1381),
  .UNSPECIFIED.,.F.,.F.,(3,3),(0.,1.),.PIECEWISE_BEZIER_KNOTS.);
#1379 = CARTESIAN_POINT('',(-7.287109375,-4.087890625,0.));
#1380 = CARTESIAN_POINT('',(-6.927734375,-3.853515625,0.));
#1381 = CARTESIAN_POINT('',(-6.927734375,-3.365234375,0.));
#1382 = VECTOR('',#1383,1.);
#1383 = DIRECTION('',(-0.,-0.,-1.));
#1384 = DEFINITIONAL_REPRESENTATION('',(#1385),#1400);
#1385 = B_SPLINE_CURVE_WITH_KNOTS('',5,(#1386,#1387,#1388,#1389,#1390,
    #1391,#1392,#1393,#1394,#1395,#1396,#1397,#1398,#1399),
  .UNSPECIFIED.,.F.,.F.,(6,4,4,6),(0.,0.222822553004,0.644812948161,1.),
  .UNSPECIFIED.);
#1386 = CARTESIAN_POINT('',(1.,-0.2));
#1387 = CARTESIAN_POINT('',(0.958249714116,-0.2));
#1388 = CARTESIAN_POINT('',(0.915946239209,-0.2));
#1389 = CARTESIAN_POINT('',(0.873110770625,-0.2));
#1390 = CARTESIAN_POINT('',(0.82977797199,-0.2));
#1391 = CARTESIAN_POINT('',(0.703091499715,-0.2));
#1392 = CARTESIAN_POINT('',(0.618564435158,-0.2));
#1393 = CARTESIAN_POINT('',(0.532824305674,-0.2));
#1394 = CARTESIAN_POINT('',(0.446404299973,-0.2));
#1395 = CARTESIAN_POINT('',(0.287273964228,-0.2));
#1396 = CARTESIAN_POINT('',(0.214538591282,-0.2));
#1397 = CARTESIAN_POINT('',(0.142200546024,-0.2));
#1398 = CARTESIAN_POINT('',(7.059558523437E-02,-0.2));
#1399 = CARTESIAN_POINT('',(0.,-0.2));
#1400 = ( GEOMETRIC_REPRESENTATION_CONTEXT(2) 
PARAMETRIC_REPRESENTATION_CONTEXT() REPRESENTATION_CONTEXT('2D SPACE',''
  ) );
#1401 = ORIENTED_EDGE('',*,*,#1402,.F.);
#1402 = EDGE_CURVE('',#1403,#1340,#1405,.T.);
#1403 = VERTEX_POINT('',#1404);
#1404 = CARTESIAN_POINT('',(-7.053747783754,-2.892500520236,0.2));
#1405 = SURFACE_CURVE('',#1406,(#1417,#1431),.PCURVE_S1.);
#1406 = B_SPLINE_CURVE_WITH_KNOTS('',5,(#1407,#1408,#1409,#1410,#1411,
    #1412,#1413,#1414,#1415,#1416),.UNSPECIFIED.,.F.,.F.,(6,4,6),(0.,
    0.402249125685,1.),.UNSPECIFIED.);
#1407 = CARTESIAN_POINT('',(-7.189453125,-2.724609375,0.2));
#1408 = CARTESIAN_POINT('',(-7.147680790866,-2.765134773787,0.2));
#1409 = CARTESIAN_POINT('',(-7.109694713147,-2.80814411942,0.2));
#1410 = CARTESIAN_POINT('',(-7.075759433938,-2.85360533833,0.2));
#1411 = CARTESIAN_POINT('',(-7.046066746037,-2.901427913303,0.2));
#1412 = CARTESIAN_POINT('',(-6.983007109813,-3.025765875782,0.2));
#1413 = CARTESIAN_POINT('',(-6.954858587189,-3.104949556569,0.2));
#1414 = CARTESIAN_POINT('',(-6.936553850217,-3.188421153349,0.2));
#1415 = CARTESIAN_POINT('',(-6.927734375,-3.275438723598,0.2));
#1416 = CARTESIAN_POINT('',(-6.927734375,-3.365234375,0.2));
#1417 = PCURVE('',#32,#1418);
#1418 = DEFINITIONAL_REPRESENTATION('',(#1419),#1430);
#1419 = B_SPLINE_CURVE_WITH_KNOTS('',5,(#1420,#1421,#1422,#1423,#1424,
    #1425,#1426,#1427,#1428,#1429),.UNSPECIFIED.,.F.,.F.,(6,4,6),(0.,
    0.402249125685,1.),.UNSPECIFIED.);
#1420 = CARTESIAN_POINT('',(42.810546875,47.475390625));
#1421 = CARTESIAN_POINT('',(42.852319209134,47.434865226213));
#1422 = CARTESIAN_POINT('',(42.890305286853,47.39185588058));
#1423 = CARTESIAN_POINT('',(42.924240566062,47.34639466167));
#1424 = CARTESIAN_POINT('',(42.953933253963,47.298572086697));
#1425 = CARTESIAN_POINT('',(43.016992890187,47.174234124218));
#1426 = CARTESIAN_POINT('',(43.045141412811,47.095050443431));
#1427 = CARTESIAN_POINT('',(43.063446149783,47.011578846651));
#1428 = CARTESIAN_POINT('',(43.072265625,46.924561276402));
#1429 = CARTESIAN_POINT('',(43.072265625,46.834765625));
#1430 = ( GEOMETRIC_REPRESENTATION_CONTEXT(2) 
PARAMETRIC_REPRESENTATION_CONTEXT() REPRESENTATION_CONTEXT('2D SPACE',''
  ) );
#1431 = PCURVE('',#1432,#1439);
#1432 = SURFACE_OF_LINEAR_EXTRUSION('',#1433,#1437);
#1433 = B_SPLINE_CURVE_WITH_KNOTS('',2,(#1434,#1435,#1436),
  .UNSPECIFIED.,.F.,.F.,(3,3),(0.,1.),.PIECEWISE_BEZIER_KNOTS.);
#1434 = CARTESIAN_POINT('',(-6.927734375,-3.365234375,0.));
#1435 = CARTESIAN_POINT('',(-6.927734375,-2.978515625,0.));
#1436 = CARTESIAN_POINT('',(-7.189453125,-2.724609375,0.));
#1437 = VECTOR('',#1438,1.);
#1438 = DIRECTION('',(-0.,-0.,-1.));
#1439 = DEFINITIONAL_REPRESENTATION('',(#1440),#1451);
#1440 = B_SPLINE_CURVE_WITH_KNOTS('',5,(#1441,#1442,#1443,#1444,#1445,
    #1446,#1447,#1448,#1449,#1450),.UNSPECIFIED.,.F.,.F.,(6,4,6),(0.,
    0.402249125685,1.),.UNSPECIFIED.);
#1441 = CARTESIAN_POINT('',(1.,-0.2));
#1442 = CARTESIAN_POINT('',(0.920196137773,-0.2));
#1443 = CARTESIAN_POINT('',(0.839664921373,-0.2));
#1444 = CARTESIAN_POINT('',(0.758621389263,-0.2));
#1445 = CARTESIAN_POINT('',(0.677308411618,-0.2));
#1446 = CARTESIAN_POINT('',(0.475173947113,-0.2));
#1447 = CARTESIAN_POINT('',(0.35432642459,-0.2));
#1448 = CARTESIAN_POINT('',(0.234393569278,-0.2));
#1449 = CARTESIAN_POINT('',(0.116099428076,-0.2));
#1450 = CARTESIAN_POINT('',(0.,-0.2));
#1451 = ( GEOMETRIC_REPRESENTATION_CONTEXT(2) 
PARAMETRIC_REPRESENTATION_CONTEXT() REPRESENTATION_CONTEXT('2D SPACE',''
  ) );
#1452 = ORIENTED_EDGE('',*,*,#1453,.T.);
#1453 = EDGE_CURVE('',#1403,#1454,#1456,.T.);
#1454 = VERTEX_POINT('',#1455);
#1455 = CARTESIAN_POINT('',(-12.13194691619,-5.580775069943,0.2));
#1456 = SURFACE_CURVE('',#1457,(#1462,#1473),.PCURVE_S1.);
#1457 = CIRCLE('',#1458,15.25);
#1458 = AXIS2_PLACEMENT_3D('',#1459,#1460,#1461);
#1459 = CARTESIAN_POINT('',(-16.6,9.,0.2));
#1460 = DIRECTION('',(0.,0.,-1.));
#1461 = DIRECTION('',(-0.87868852459,0.477395513965,0.));
#1462 = PCURVE('',#32,#1463);
#1463 = DEFINITIONAL_REPRESENTATION('',(#1464),#1472);
#1464 = ( BOUNDED_CURVE() B_SPLINE_CURVE(2,(#1465,#1466,#1467,#1468,
#1469,#1470,#1471),.UNSPECIFIED.,.T.,.F.) B_SPLINE_CURVE_WITH_KNOTS((1,2
    ,2,2,2,1),(-2.094395102393,0.,2.094395102393,4.188790204786,
6.28318530718,8.377580409573),.UNSPECIFIED.) CURVE() 
GEOMETRIC_REPRESENTATION_ITEM() RATIONAL_B_SPLINE_CURVE((1.,0.5,1.,0.5,
1.,0.5,1.)) REPRESENTATION_ITEM('') );
#1465 = CARTESIAN_POINT('',(20.,66.480281587961));
#1466 = CARTESIAN_POINT('',(32.609817603756,89.689762409384));
#1467 = CARTESIAN_POINT('',(46.404908801878,67.164599616731));
#1468 = CARTESIAN_POINT('',(60.2,44.639436824079));
#1469 = CARTESIAN_POINT('',(33.795091198122,43.955118795308));
#1470 = CARTESIAN_POINT('',(7.390182396244,43.270800766538));
#1471 = CARTESIAN_POINT('',(20.,66.480281587961));
#1472 = ( GEOMETRIC_REPRESENTATION_CONTEXT(2) 
PARAMETRIC_REPRESENTATION_CONTEXT() REPRESENTATION_CONTEXT('2D SPACE',''
  ) );
#1473 = PCURVE('',#219,#1474);
#1474 = DEFINITIONAL_REPRESENTATION('',(#1475),#1479);
#1475 = LINE('',#1476,#1477);
#1476 = CARTESIAN_POINT('',(-8.927089703815,-0.4));
#1477 = VECTOR('',#1478,1.);
#1478 = DIRECTION('',(1.,-0.));
#1479 = ( GEOMETRIC_REPRESENTATION_CONTEXT(2) 
PARAMETRIC_REPRESENTATION_CONTEXT() REPRESENTATION_CONTEXT('2D SPACE',''
  ) );
#1480 = ORIENTED_EDGE('',*,*,#1481,.F.);
#1481 = EDGE_CURVE('',#1482,#1454,#1484,.T.);
#1482 = VERTEX_POINT('',#1483);
#1483 = CARTESIAN_POINT('',(-12.287109375,-6.068359375,0.2));
#1484 = SURFACE_CURVE('',#1485,(#1496,#1510),.PCURVE_S1.);
#1485 = B_SPLINE_CURVE_WITH_KNOTS('',5,(#1486,#1487,#1488,#1489,#1490,
    #1491,#1492,#1493,#1494,#1495),.UNSPECIFIED.,.F.,.F.,(6,4,6),(0.,
    0.497832629314,1.),.UNSPECIFIED.);
#1486 = CARTESIAN_POINT('',(-12.287109375,-6.068359375,0.2));
#1487 = CARTESIAN_POINT('',(-12.22800052635,-5.862660581724,0.2));
#1488 = CARTESIAN_POINT('',(-12.16276557923,-5.658649615049,0.2));
#1489 = CARTESIAN_POINT('',(-12.09149753212,-5.456517490053,0.2));
#1490 = CARTESIAN_POINT('',(-12.01433328093,-5.256430139844,0.2));
#1491 = CARTESIAN_POINT('',(-11.84783365814,-4.858909649139,0.2));
#1492 = CARTESIAN_POINT('',(-11.75839751099,-4.661513262599,0.2));
#1493 = CARTESIAN_POINT('',(-11.66331137362,-4.466489066514,0.2));
#1494 = CARTESIAN_POINT('',(-11.56278166595,-4.27395057675,0.2));
#1495 = CARTESIAN_POINT('',(-11.45703125,-4.083984375,0.2));
#1496 = PCURVE('',#32,#1497);
#1497 = DEFINITIONAL_REPRESENTATION('',(#1498),#1509);
#1498 = B_SPLINE_CURVE_WITH_KNOTS('',5,(#1499,#1500,#1501,#1502,#1503,
    #1504,#1505,#1506,#1507,#1508),.UNSPECIFIED.,.F.,.F.,(6,4,6),(0.,
    0.497832629314,1.),.UNSPECIFIED.);
#1499 = CARTESIAN_POINT('',(37.712890625,44.131640625));
#1500 = CARTESIAN_POINT('',(37.771999473643,44.337339418276));
#1501 = CARTESIAN_POINT('',(37.837234420761,44.541350384951));
#1502 = CARTESIAN_POINT('',(37.90850246788,44.743482509947));
#1503 = CARTESIAN_POINT('',(37.98566671907,44.943569860156));
#1504 = CARTESIAN_POINT('',(38.152166341858,45.341090350861));
#1505 = CARTESIAN_POINT('',(38.241602489001,45.538486737401));
#1506 = CARTESIAN_POINT('',(38.336688626376,45.733510933486));
#1507 = CARTESIAN_POINT('',(38.437218334046,45.92604942325));
#1508 = CARTESIAN_POINT('',(38.54296875,46.116015625));
#1509 = ( GEOMETRIC_REPRESENTATION_CONTEXT(2) 
PARAMETRIC_REPRESENTATION_CONTEXT() REPRESENTATION_CONTEXT('2D SPACE',''
  ) );
#1510 = PCURVE('',#1511,#1518);
#1511 = SURFACE_OF_LINEAR_EXTRUSION('',#1512,#1516);
#1512 = B_SPLINE_CURVE_WITH_KNOTS('',2,(#1513,#1514,#1515),
  .UNSPECIFIED.,.F.,.F.,(3,3),(0.,1.),.PIECEWISE_BEZIER_KNOTS.);
#1513 = CARTESIAN_POINT('',(-11.45703125,-4.083984375,0.));
#1514 = CARTESIAN_POINT('',(-11.994140625,-5.048828125,0.));
#1515 = CARTESIAN_POINT('',(-12.287109375,-6.068359375,0.));
#1516 = VECTOR('',#1517,1.);
#1517 = DIRECTION('',(-0.,-0.,-1.));
#1518 = DEFINITIONAL_REPRESENTATION('',(#1519),#1530);
#1519 = B_SPLINE_CURVE_WITH_KNOTS('',5,(#1520,#1521,#1522,#1523,#1524,
    #1525,#1526,#1527,#1528,#1529),.UNSPECIFIED.,.F.,.F.,(6,4,6),(0.,
    0.497832629314,1.),.UNSPECIFIED.);
#1520 = CARTESIAN_POINT('',(1.,-0.2));
#1521 = CARTESIAN_POINT('',(0.899120898317,-0.2));
#1522 = CARTESIAN_POINT('',(0.798387204515,-0.2));
#1523 = CARTESIAN_POINT('',(0.697896529761,-0.2));
#1524 = CARTESIAN_POINT('',(0.597739459074,-0.2));
#1525 = CARTESIAN_POINT('',(0.397392086883,-0.2));
#1526 = CARTESIAN_POINT('',(0.297208319107,-0.2));
#1527 = CARTESIAN_POINT('',(0.197534428432,-0.2));
#1528 = CARTESIAN_POINT('',(9.844402357884E-02,-0.2));
#1529 = CARTESIAN_POINT('',(0.,-0.2));
#1530 = ( GEOMETRIC_REPRESENTATION_CONTEXT(2) 
PARAMETRIC_REPRESENTATION_CONTEXT() REPRESENTATION_CONTEXT('2D SPACE',''
  ) );
#1531 = ORIENTED_EDGE('',*,*,#1532,.F.);
#1532 = EDGE_CURVE('',#1533,#1482,#1535,.T.);
#1533 = VERTEX_POINT('',#1534);
#1534 = CARTESIAN_POINT('',(-12.556640625,-7.642578125,0.2));
#1535 = SURFACE_CURVE('',#1536,(#1547,#1561),.PCURVE_S1.);
#1536 = B_SPLINE_CURVE_WITH_KNOTS('',5,(#1537,#1538,#1539,#1540,#1541,
    #1542,#1543,#1544,#1545,#1546),.UNSPECIFIED.,.F.,.F.,(6,4,6),(0.,
    0.549090117463,1.),.UNSPECIFIED.);
#1537 = CARTESIAN_POINT('',(-12.556640625,-7.642578125,0.2));
#1538 = CARTESIAN_POINT('',(-12.54440593577,-7.463951662346,0.2));
#1539 = CARTESIAN_POINT('',(-12.5278448526,-7.286495443144,0.2));
#1540 = CARTESIAN_POINT('',(-12.50671834731,-7.110397812149,0.2));
#1541 = CARTESIAN_POINT('',(-12.48077715205,-6.935887965879,0.2));
#1542 = CARTESIAN_POINT('',(-12.42432479858,-6.621444446192,0.2));
#1543 = CARTESIAN_POINT('',(-12.39546026983,-6.480908321167,0.2));
#1544 = CARTESIAN_POINT('',(-12.36305281065,-6.341768838846,0.2));
#1545 = CARTESIAN_POINT('',(-12.32697339563,-6.204192334202,0.2));
#1546 = CARTESIAN_POINT('',(-12.287109375,-6.068359375,0.2));
#1547 = PCURVE('',#32,#1548);
#1548 = DEFINITIONAL_REPRESENTATION('',(#1549),#1560);
#1549 = B_SPLINE_CURVE_WITH_KNOTS('',5,(#1550,#1551,#1552,#1553,#1554,
    #1555,#1556,#1557,#1558,#1559),.UNSPECIFIED.,.F.,.F.,(6,4,6),(0.,
    0.549090117463,1.),.UNSPECIFIED.);
#1550 = CARTESIAN_POINT('',(37.443359375,42.557421875));
#1551 = CARTESIAN_POINT('',(37.455594064223,42.736048337654));
#1552 = CARTESIAN_POINT('',(37.472155147393,42.913504556856));
#1553 = CARTESIAN_POINT('',(37.493281652685,43.089602187851));
#1554 = CARTESIAN_POINT('',(37.519222847941,43.264112034121));
#1555 = CARTESIAN_POINT('',(37.57567520142,43.578555553808));
#1556 = CARTESIAN_POINT('',(37.604539730165,43.719091678833));
#1557 = CARTESIAN_POINT('',(37.636947189342,43.858231161154));
#1558 = CARTESIAN_POINT('',(37.673026604365,43.995807665798));
#1559 = CARTESIAN_POINT('',(37.712890625,44.131640625));
#1560 = ( GEOMETRIC_REPRESENTATION_CONTEXT(2) 
PARAMETRIC_REPRESENTATION_CONTEXT() REPRESENTATION_CONTEXT('2D SPACE',''
  ) );
#1561 = PCURVE('',#1562,#1569);
#1562 = SURFACE_OF_LINEAR_EXTRUSION('',#1563,#1567);
#1563 = B_SPLINE_CURVE_WITH_KNOTS('',2,(#1564,#1565,#1566),
  .UNSPECIFIED.,.F.,.F.,(3,3),(0.,1.),.PIECEWISE_BEZIER_KNOTS.);
#1564 = CARTESIAN_POINT('',(-12.287109375,-6.068359375,0.));
#1565 = CARTESIAN_POINT('',(-12.498046875,-6.787109375,0.));
#1566 = CARTESIAN_POINT('',(-12.556640625,-7.642578125,0.));
#1567 = VECTOR('',#1568,1.);
#1568 = DIRECTION('',(-0.,-0.,-1.));
#1569 = DEFINITIONAL_REPRESENTATION('',(#1570),#1581);
#1570 = B_SPLINE_CURVE_WITH_KNOTS('',5,(#1571,#1572,#1573,#1574,#1575,
    #1576,#1577,#1578,#1579,#1580),.UNSPECIFIED.,.F.,.F.,(6,4,6),(0.,
    0.549090117463,1.),.UNSPECIFIED.);
#1571 = CARTESIAN_POINT('',(1.,-0.2));
#1572 = CARTESIAN_POINT('',(0.895597318631,-0.2));
#1573 = CARTESIAN_POINT('',(0.789701102124,-0.2));
#1574 = CARTESIAN_POINT('',(0.682296941785,-0.2));
#1575 = CARTESIAN_POINT('',(0.573387863103,-0.2));
#1576 = CARTESIAN_POINT('',(0.372350074237,-0.2));
#1577 = CARTESIAN_POINT('',(0.280703325406,-0.2));
#1578 = CARTESIAN_POINT('',(0.188074854982,-0.2));
#1579 = CARTESIAN_POINT('',(9.449249335777E-02,-0.2));
#1580 = CARTESIAN_POINT('',(0.,-0.2));
#1581 = ( GEOMETRIC_REPRESENTATION_CONTEXT(2) 
PARAMETRIC_REPRESENTATION_CONTEXT() REPRESENTATION_CONTEXT('2D SPACE',''
  ) );
#1582 = ORIENTED_EDGE('',*,*,#1583,.F.);
#1583 = EDGE_CURVE('',#1584,#1533,#1586,.T.);
#1584 = VERTEX_POINT('',#1585);
#1585 = CARTESIAN_POINT('',(-13.279296875,-7.642578125,0.2));
#1586 = SURFACE_CURVE('',#1587,(#1591,#1597),.PCURVE_S1.);
#1587 = LINE('',#1588,#1589);
#1588 = CARTESIAN_POINT('',(-31.2783203125,-7.642578125,0.2));
#1589 = VECTOR('',#1590,1.);
#1590 = DIRECTION('',(1.,0.,-0.));
#1591 = PCURVE('',#32,#1592);
#1592 = DEFINITIONAL_REPRESENTATION('',(#1593),#1596);
#1593 = B_SPLINE_CURVE_WITH_KNOTS('',1,(#1594,#1595),.UNSPECIFIED.,.F.,
  .F.,(2,2),(17.9990234375,18.7216796875),.PIECEWISE_BEZIER_KNOTS.);
#1594 = CARTESIAN_POINT('',(36.720703125,42.557421875));
#1595 = CARTESIAN_POINT('',(37.443359375,42.557421875));
#1596 = ( GEOMETRIC_REPRESENTATION_CONTEXT(2) 
PARAMETRIC_REPRESENTATION_CONTEXT() REPRESENTATION_CONTEXT('2D SPACE',''
  ) );
#1597 = PCURVE('',#1598,#1603);
#1598 = PLANE('',#1599);
#1599 = AXIS2_PLACEMENT_3D('',#1600,#1601,#1602);
#1600 = CARTESIAN_POINT('',(-12.556640625,-7.642578125,0.));
#1601 = DIRECTION('',(0.,-1.,0.));
#1602 = DIRECTION('',(-1.,0.,0.));
#1603 = DEFINITIONAL_REPRESENTATION('',(#1604),#1607);
#1604 = B_SPLINE_CURVE_WITH_KNOTS('',1,(#1605,#1606),.UNSPECIFIED.,.F.,
  .F.,(2,2),(17.9990234375,18.7216796875),.PIECEWISE_BEZIER_KNOTS.);
#1605 = CARTESIAN_POINT('',(0.72265625,-0.2));
#1606 = CARTESIAN_POINT('',(0.,-0.2));
#1607 = ( GEOMETRIC_REPRESENTATION_CONTEXT(2) 
PARAMETRIC_REPRESENTATION_CONTEXT() REPRESENTATION_CONTEXT('2D SPACE',''
  ) );
#1608 = ORIENTED_EDGE('',*,*,#1609,.F.);
#1609 = EDGE_CURVE('',#1610,#1584,#1612,.T.);
#1610 = VERTEX_POINT('',#1611);
#1611 = CARTESIAN_POINT('',(-13.013671875,-6.009765625,0.2));
#1612 = SURFACE_CURVE('',#1613,(#1624,#1638),.PCURVE_S1.);
#1613 = B_SPLINE_CURVE_WITH_KNOTS('',5,(#1614,#1615,#1616,#1617,#1618,
    #1619,#1620,#1621,#1622,#1623),.UNSPECIFIED.,.F.,.F.,(6,4,6),(0.,
    0.548706792513,1.),.UNSPECIFIED.);
#1614 = CARTESIAN_POINT('',(-13.013671875,-6.009765625,0.2));
#1615 = CARTESIAN_POINT('',(-13.06237212073,-6.193328089681,0.2));
#1616 = CARTESIAN_POINT('',(-13.10706977174,-6.376324534859,0.2));
#1617 = CARTESIAN_POINT('',(-13.14721903174,-6.558576883284,0.2));
#1618 = CARTESIAN_POINT('',(-13.18210185805,-6.73974283182,0.2));
#1619 = CARTESIAN_POINT('',(-13.23422563998,-7.06695910767,0.2));
#1620 = CARTESIAN_POINT('',(-13.25349559957,-7.213512957867,0.2));
#1621 = CARTESIAN_POINT('',(-13.26794867185,-7.358666378505,0.2));
#1622 = CARTESIAN_POINT('',(-13.27685782649,-7.501926327917,0.2));
#1623 = CARTESIAN_POINT('',(-13.279296875,-7.642578125,0.2));
#1624 = PCURVE('',#32,#1625);
#1625 = DEFINITIONAL_REPRESENTATION('',(#1626),#1637);
#1626 = B_SPLINE_CURVE_WITH_KNOTS('',5,(#1627,#1628,#1629,#1630,#1631,
    #1632,#1633,#1634,#1635,#1636),.UNSPECIFIED.,.F.,.F.,(6,4,6),(0.,
    0.548706792513,1.),.UNSPECIFIED.);
#1627 = CARTESIAN_POINT('',(36.986328125,44.190234375));
#1628 = CARTESIAN_POINT('',(36.937627879268,44.006671910319));
#1629 = CARTESIAN_POINT('',(36.892930228252,43.823675465141));
#1630 = CARTESIAN_POINT('',(36.852780968252,43.641423116716));
#1631 = CARTESIAN_POINT('',(36.817898141947,43.46025716818));
#1632 = CARTESIAN_POINT('',(36.765774360016,43.13304089233));
#1633 = CARTESIAN_POINT('',(36.746504400424,42.986487042133));
#1634 = CARTESIAN_POINT('',(36.732051328145,42.841333621495));
#1635 = CARTESIAN_POINT('',(36.723142173504,42.698073672083));
#1636 = CARTESIAN_POINT('',(36.720703125,42.557421875));
#1637 = ( GEOMETRIC_REPRESENTATION_CONTEXT(2) 
PARAMETRIC_REPRESENTATION_CONTEXT() REPRESENTATION_CONTEXT('2D SPACE',''
  ) );
#1638 = PCURVE('',#1639,#1646);
#1639 = SURFACE_OF_LINEAR_EXTRUSION('',#1640,#1644);
#1640 = B_SPLINE_CURVE_WITH_KNOTS('',2,(#1641,#1642,#1643),
  .UNSPECIFIED.,.F.,.F.,(3,3),(0.,1.),.PIECEWISE_BEZIER_KNOTS.);
#1641 = CARTESIAN_POINT('',(-13.279296875,-7.642578125,0.));
#1642 = CARTESIAN_POINT('',(-13.267578125,-6.966796875,0.));
#1643 = CARTESIAN_POINT('',(-13.013671875,-6.009765625,0.));
#1644 = VECTOR('',#1645,1.);
#1645 = DIRECTION('',(-0.,-0.,-1.));
#1646 = DEFINITIONAL_REPRESENTATION('',(#1647),#1658);
#1647 = B_SPLINE_CURVE_WITH_KNOTS('',5,(#1648,#1649,#1650,#1651,#1652,
    #1653,#1654,#1655,#1656,#1657),.UNSPECIFIED.,.F.,.F.,(6,4,6),(0.,
    0.548706792513,1.),.UNSPECIFIED.);
#1648 = CARTESIAN_POINT('',(1.,-0.2));
#1649 = CARTESIAN_POINT('',(0.904097977636,-0.2));
#1650 = CARTESIAN_POINT('',(0.805113559256,-0.2));
#1651 = CARTESIAN_POINT('',(0.702702611879,-0.2));
#1652 = CARTESIAN_POINT('',(0.596493968648,-0.2));
#1653 = CARTESIAN_POINT('',(0.395122361525,-0.2));
#1654 = CARTESIAN_POINT('',(0.30135838364,-0.2));
#1655 = CARTESIAN_POINT('',(0.204428028544,-0.2));
#1656 = CARTESIAN_POINT('',(0.104066069518,-0.2));
#1657 = CARTESIAN_POINT('',(0.,-0.2));
#1658 = ( GEOMETRIC_REPRESENTATION_CONTEXT(2) 
PARAMETRIC_REPRESENTATION_CONTEXT() REPRESENTATION_CONTEXT('2D SPACE',''
  ) );
#1659 = ORIENTED_EDGE('',*,*,#1660,.F.);
#1660 = EDGE_CURVE('',#1661,#1610,#1663,.T.);
#1661 = VERTEX_POINT('',#1662);
#1662 = CARTESIAN_POINT('',(-12.95765496327,-5.80864013451,0.2));
#1663 = SURFACE_CURVE('',#1664,(#1675,#1689),.PCURVE_S1.);
#1664 = B_SPLINE_CURVE_WITH_KNOTS('',5,(#1665,#1666,#1667,#1668,#1669,
    #1670,#1671,#1672,#1673,#1674),.UNSPECIFIED.,.F.,.F.,(6,4,6),(0.,
    0.824674339541,1.),.UNSPECIFIED.);
#1665 = CARTESIAN_POINT('',(-12.28515625,-4.1640625,0.2));
#1666 = CARTESIAN_POINT('',(-12.44008293646,-4.454151563138,0.2));
#1667 = CARTESIAN_POINT('',(-12.58141597031,-4.750861583324,0.2));
#1668 = CARTESIAN_POINT('',(-12.70840051076,-5.053694430276,0.2));
#1669 = CARTESIAN_POINT('',(-12.82049792416,-5.362012340074,0.2));
#1670 = CARTESIAN_POINT('',(-12.9380745798,-5.741550989355,0.2));
#1671 = CARTESIAN_POINT('',(-12.95800483849,-5.808305730063,0.2));
#1672 = CARTESIAN_POINT('',(-12.97724883403,-5.87526486707,0.2));
#1673 = CARTESIAN_POINT('',(-12.99580487089,-5.942420763368,0.2));
#1674 = CARTESIAN_POINT('',(-13.013671875,-6.009765625,0.2));
#1675 = PCURVE('',#32,#1676);
#1676 = DEFINITIONAL_REPRESENTATION('',(#1677),#1688);
#1677 = B_SPLINE_CURVE_WITH_KNOTS('',5,(#1678,#1679,#1680,#1681,#1682,
    #1683,#1684,#1685,#1686,#1687),.UNSPECIFIED.,.F.,.F.,(6,4,6),(0.,
    0.824674339541,1.),.UNSPECIFIED.);
#1678 = CARTESIAN_POINT('',(37.71484375,46.0359375));
#1679 = CARTESIAN_POINT('',(37.559917063533,45.745848436862));
#1680 = CARTESIAN_POINT('',(37.418584029686,45.449138416676));
#1681 = CARTESIAN_POINT('',(37.291599489233,45.146305569724));
#1682 = CARTESIAN_POINT('',(37.179502075833,44.837987659926));
#1683 = CARTESIAN_POINT('',(37.061925420196,44.458449010645));
#1684 = CARTESIAN_POINT('',(37.041995161508,44.391694269937));
#1685 = CARTESIAN_POINT('',(37.022751165963,44.32473513293));
#1686 = CARTESIAN_POINT('',(37.004195129106,44.257579236632));
#1687 = CARTESIAN_POINT('',(36.986328125,44.190234375));
#1688 = ( GEOMETRIC_REPRESENTATION_CONTEXT(2) 
PARAMETRIC_REPRESENTATION_CONTEXT() REPRESENTATION_CONTEXT('2D SPACE',''
  ) );
#1689 = PCURVE('',#1690,#1697);
#1690 = SURFACE_OF_LINEAR_EXTRUSION('',#1691,#1695);
#1691 = B_SPLINE_CURVE_WITH_KNOTS('',2,(#1692,#1693,#1694),
  .UNSPECIFIED.,.F.,.F.,(3,3),(0.,1.),.PIECEWISE_BEZIER_KNOTS.);
#1692 = CARTESIAN_POINT('',(-13.013671875,-6.009765625,0.));
#1693 = CARTESIAN_POINT('',(-12.759765625,-5.052734375,0.));
#1694 = CARTESIAN_POINT('',(-12.28515625,-4.1640625,0.));
#1695 = VECTOR('',#1696,1.);
#1696 = DIRECTION('',(-0.,-0.,-1.));
#1697 = DEFINITIONAL_REPRESENTATION('',(#1698),#1709);
#1698 = B_SPLINE_CURVE_WITH_KNOTS('',5,(#1699,#1700,#1701,#1702,#1703,
    #1704,#1705,#1706,#1707,#1708),.UNSPECIFIED.,.F.,.F.,(6,4,6),(0.,
    0.824674339541,1.),.UNSPECIFIED.);
#1699 = CARTESIAN_POINT('',(1.,-0.2));
#1700 = CARTESIAN_POINT('',(0.836785054586,-0.2));
#1701 = CARTESIAN_POINT('',(0.672406358872,-0.2));
#1702 = CARTESIAN_POINT('',(0.507217272105,-0.2));
#1703 = CARTESIAN_POINT('',(0.341606235411,-0.2));
#1704 = CARTESIAN_POINT('',(0.140792135262,-0.2));
#1705 = CARTESIAN_POINT('',(0.105584253802,-0.2));
#1706 = CARTESIAN_POINT('',(7.038031329156E-02,-0.2));
#1707 = CARTESIAN_POINT('',(3.518425424019E-02,-0.2));
#1708 = CARTESIAN_POINT('',(0.,-0.2));
#1709 = ( GEOMETRIC_REPRESENTATION_CONTEXT(2) 
PARAMETRIC_REPRESENTATION_CONTEXT() REPRESENTATION_CONTEXT('2D SPACE',''
  ) );
#1710 = ORIENTED_EDGE('',*,*,#1711,.T.);
#1711 = EDGE_CURVE('',#1661,#24,#1712,.T.);
#1712 = SURFACE_CURVE('',#1713,(#1718,#1729),.PCURVE_S1.);
#1713 = CIRCLE('',#1714,15.25);
#1714 = AXIS2_PLACEMENT_3D('',#1715,#1716,#1717);
#1715 = CARTESIAN_POINT('',(-16.6,9.,0.2));
#1716 = DIRECTION('',(0.,0.,-1.));
#1717 = DIRECTION('',(-0.87868852459,0.477395513965,0.));
#1718 = PCURVE('',#32,#1719);
#1719 = DEFINITIONAL_REPRESENTATION('',(#1720),#1728);
#1720 = ( BOUNDED_CURVE() B_SPLINE_CURVE(2,(#1721,#1722,#1723,#1724,
#1725,#1726,#1727),.UNSPECIFIED.,.T.,.F.) B_SPLINE_CURVE_WITH_KNOTS((1,2
    ,2,2,2,1),(-2.094395102393,0.,2.094395102393,4.188790204786,
6.28318530718,8.377580409573),.UNSPECIFIED.) CURVE() 
GEOMETRIC_REPRESENTATION_ITEM() RATIONAL_B_SPLINE_CURVE((1.,0.5,1.,0.5,
1.,0.5,1.)) REPRESENTATION_ITEM('') );
#1721 = CARTESIAN_POINT('',(20.,66.480281587961));
#1722 = CARTESIAN_POINT('',(32.609817603756,89.689762409384));
#1723 = CARTESIAN_POINT('',(46.404908801878,67.164599616731));
#1724 = CARTESIAN_POINT('',(60.2,44.639436824079));
#1725 = CARTESIAN_POINT('',(33.795091198122,43.955118795308));
#1726 = CARTESIAN_POINT('',(7.390182396244,43.270800766538));
#1727 = CARTESIAN_POINT('',(20.,66.480281587961));
#1728 = ( GEOMETRIC_REPRESENTATION_CONTEXT(2) 
PARAMETRIC_REPRESENTATION_CONTEXT() REPRESENTATION_CONTEXT('2D SPACE',''
  ) );
#1729 = PCURVE('',#219,#1730);
#1730 = DEFINITIONAL_REPRESENTATION('',(#1731),#1735);
#1731 = LINE('',#1732,#1733);
#1732 = CARTESIAN_POINT('',(-8.927089703815,-0.4));
#1733 = VECTOR('',#1734,1.);
#1734 = DIRECTION('',(1.,-0.));
#1735 = ( GEOMETRIC_REPRESENTATION_CONTEXT(2) 
PARAMETRIC_REPRESENTATION_CONTEXT() REPRESENTATION_CONTEXT('2D SPACE',''
  ) );
#1736 = FACE_BOUND('',#1737,.T.);
#1737 = EDGE_LOOP('',(#1738,#1766,#1792,#1818,#1860,#1902,#1928,#1979,
    #2030));
#1738 = ORIENTED_EDGE('',*,*,#1739,.F.);
#1739 = EDGE_CURVE('',#1740,#1742,#1744,.T.);
#1740 = VERTEX_POINT('',#1741);
#1741 = CARTESIAN_POINT('',(-0.357421875,-7.642578125,0.2));
#1742 = VERTEX_POINT('',#1743);
#1743 = CARTESIAN_POINT('',(-0.357421875,-1.892578125,0.2));
#1744 = SURFACE_CURVE('',#1745,(#1749,#1755),.PCURVE_S1.);
#1745 = LINE('',#1746,#1747);
#1746 = CARTESIAN_POINT('',(-0.357421875,-26.0462890625,0.2));
#1747 = VECTOR('',#1748,1.);
#1748 = DIRECTION('',(-0.,1.,0.));
#1749 = PCURVE('',#32,#1750);
#1750 = DEFINITIONAL_REPRESENTATION('',(#1751),#1754);
#1751 = B_SPLINE_CURVE_WITH_KNOTS('',1,(#1752,#1753),.UNSPECIFIED.,.F.,
  .F.,(2,2),(18.4037109375,24.1537109375),.PIECEWISE_BEZIER_KNOTS.);
#1752 = CARTESIAN_POINT('',(49.642578125,42.557421875));
#1753 = CARTESIAN_POINT('',(49.642578125,48.307421875));
#1754 = ( GEOMETRIC_REPRESENTATION_CONTEXT(2) 
PARAMETRIC_REPRESENTATION_CONTEXT() REPRESENTATION_CONTEXT('2D SPACE',''
  ) );
#1755 = PCURVE('',#1756,#1761);
#1756 = PLANE('',#1757);
#1757 = AXIS2_PLACEMENT_3D('',#1758,#1759,#1760);
#1758 = CARTESIAN_POINT('',(-0.357421875,-1.892578125,0.));
#1759 = DIRECTION('',(1.,0.,-0.));
#1760 = DIRECTION('',(0.,-1.,0.));
#1761 = DEFINITIONAL_REPRESENTATION('',(#1762),#1765);
#1762 = B_SPLINE_CURVE_WITH_KNOTS('',1,(#1763,#1764),.UNSPECIFIED.,.F.,
  .F.,(2,2),(18.4037109375,24.1537109375),.PIECEWISE_BEZIER_KNOTS.);
#1763 = CARTESIAN_POINT('',(5.75,-0.2));
#1764 = CARTESIAN_POINT('',(0.,-0.2));
#1765 = ( GEOMETRIC_REPRESENTATION_CONTEXT(2) 
PARAMETRIC_REPRESENTATION_CONTEXT() REPRESENTATION_CONTEXT('2D SPACE',''
  ) );
#1766 = ORIENTED_EDGE('',*,*,#1767,.F.);
#1767 = EDGE_CURVE('',#1768,#1740,#1770,.T.);
#1768 = VERTEX_POINT('',#1769);
#1769 = CARTESIAN_POINT('',(-1.060546875,-7.642578125,0.2));
#1770 = SURFACE_CURVE('',#1771,(#1775,#1781),.PCURVE_S1.);
#1771 = LINE('',#1772,#1773);
#1772 = CARTESIAN_POINT('',(-25.1787109375,-7.642578125,0.2));
#1773 = VECTOR('',#1774,1.);
#1774 = DIRECTION('',(1.,0.,-0.));
#1775 = PCURVE('',#32,#1776);
#1776 = DEFINITIONAL_REPRESENTATION('',(#1777),#1780);
#1777 = B_SPLINE_CURVE_WITH_KNOTS('',1,(#1778,#1779),.UNSPECIFIED.,.F.,
  .F.,(2,2),(24.1181640625,24.8212890625),.PIECEWISE_BEZIER_KNOTS.);
#1778 = CARTESIAN_POINT('',(48.939453125,42.557421875));
#1779 = CARTESIAN_POINT('',(49.642578125,42.557421875));
#1780 = ( GEOMETRIC_REPRESENTATION_CONTEXT(2) 
PARAMETRIC_REPRESENTATION_CONTEXT() REPRESENTATION_CONTEXT('2D SPACE',''
  ) );
#1781 = PCURVE('',#1782,#1787);
#1782 = PLANE('',#1783);
#1783 = AXIS2_PLACEMENT_3D('',#1784,#1785,#1786);
#1784 = CARTESIAN_POINT('',(-0.357421875,-7.642578125,0.));
#1785 = DIRECTION('',(0.,-1.,0.));
#1786 = DIRECTION('',(-1.,0.,0.));
#1787 = DEFINITIONAL_REPRESENTATION('',(#1788),#1791);
#1788 = B_SPLINE_CURVE_WITH_KNOTS('',1,(#1789,#1790),.UNSPECIFIED.,.F.,
  .F.,(2,2),(24.1181640625,24.8212890625),.PIECEWISE_BEZIER_KNOTS.);
#1789 = CARTESIAN_POINT('',(0.703125,-0.2));
#1790 = CARTESIAN_POINT('',(0.,-0.2));
#1791 = ( GEOMETRIC_REPRESENTATION_CONTEXT(2) 
PARAMETRIC_REPRESENTATION_CONTEXT() REPRESENTATION_CONTEXT('2D SPACE',''
  ) );
#1792 = ORIENTED_EDGE('',*,*,#1793,.F.);
#1793 = EDGE_CURVE('',#1794,#1768,#1796,.T.);
#1794 = VERTEX_POINT('',#1795);
#1795 = CARTESIAN_POINT('',(-1.060546875,-3.162109375,0.2));
#1796 = SURFACE_CURVE('',#1797,(#1801,#1807),.PCURVE_S1.);
#1797 = LINE('',#1798,#1799);
#1798 = CARTESIAN_POINT('',(-1.060546875,-28.9212890625,0.2));
#1799 = VECTOR('',#1800,1.);
#1800 = DIRECTION('',(0.,-1.,0.));
#1801 = PCURVE('',#32,#1802);
#1802 = DEFINITIONAL_REPRESENTATION('',(#1803),#1806);
#1803 = B_SPLINE_CURVE_WITH_KNOTS('',1,(#1804,#1805),.UNSPECIFIED.,.F.,
  .F.,(2,2),(-25.7591796875,-21.2787109375),.PIECEWISE_BEZIER_KNOTS.);
#1804 = CARTESIAN_POINT('',(48.939453125,47.037890625));
#1805 = CARTESIAN_POINT('',(48.939453125,42.557421875));
#1806 = ( GEOMETRIC_REPRESENTATION_CONTEXT(2) 
PARAMETRIC_REPRESENTATION_CONTEXT() REPRESENTATION_CONTEXT('2D SPACE',''
  ) );
#1807 = PCURVE('',#1808,#1813);
#1808 = PLANE('',#1809);
#1809 = AXIS2_PLACEMENT_3D('',#1810,#1811,#1812);
#1810 = CARTESIAN_POINT('',(-1.060546875,-7.642578125,0.));
#1811 = DIRECTION('',(-1.,0.,0.));
#1812 = DIRECTION('',(0.,1.,0.));
#1813 = DEFINITIONAL_REPRESENTATION('',(#1814),#1817);
#1814 = B_SPLINE_CURVE_WITH_KNOTS('',1,(#1815,#1816),.UNSPECIFIED.,.F.,
  .F.,(2,2),(-25.7591796875,-21.2787109375),.PIECEWISE_BEZIER_KNOTS.);
#1815 = CARTESIAN_POINT('',(4.48046875,-0.2));
#1816 = CARTESIAN_POINT('',(0.,-0.2));
#1817 = ( GEOMETRIC_REPRESENTATION_CONTEXT(2) 
PARAMETRIC_REPRESENTATION_CONTEXT() REPRESENTATION_CONTEXT('2D SPACE',''
  ) );
#1818 = ORIENTED_EDGE('',*,*,#1819,.F.);
#1819 = EDGE_CURVE('',#1820,#1794,#1822,.T.);
#1820 = VERTEX_POINT('',#1821);
#1821 = CARTESIAN_POINT('',(-1.7265625,-3.646484375,0.2));
#1822 = SURFACE_CURVE('',#1823,(#1831,#1842),.PCURVE_S1.);
#1823 = B_SPLINE_CURVE_WITH_KNOTS('',6,(#1824,#1825,#1826,#1827,#1828,
    #1829,#1830),.UNSPECIFIED.,.F.,.F.,(7,7),(0.,1.),
  .PIECEWISE_BEZIER_KNOTS.);
#1824 = CARTESIAN_POINT('',(-1.7265625,-3.646484375,0.2));
#1825 = CARTESIAN_POINT('',(-1.597693787649,-3.570751103286,0.2));
#1826 = CARTESIAN_POINT('',(-1.474821240006,-3.493086949123,0.2));
#1827 = CARTESIAN_POINT('',(-1.358687490935,-3.413406384678,0.2));
#1828 = CARTESIAN_POINT('',(-1.250211602713,-3.331666242924,0.2));
#1829 = CARTESIAN_POINT('',(-1.150460526905,-3.247873166048,0.2));
#1830 = CARTESIAN_POINT('',(-1.060546875,-3.162109375,0.2));
#1831 = PCURVE('',#32,#1832);
#1832 = DEFINITIONAL_REPRESENTATION('',(#1833),#1841);
#1833 = B_SPLINE_CURVE_WITH_KNOTS('',6,(#1834,#1835,#1836,#1837,#1838,
    #1839,#1840),.UNSPECIFIED.,.F.,.F.,(7,7),(0.,1.),
  .PIECEWISE_BEZIER_KNOTS.);
#1834 = CARTESIAN_POINT('',(48.2734375,46.553515625));
#1835 = CARTESIAN_POINT('',(48.402306212351,46.629248896714));
#1836 = CARTESIAN_POINT('',(48.525178759994,46.706913050877));
#1837 = CARTESIAN_POINT('',(48.641312509065,46.786593615322));
#1838 = CARTESIAN_POINT('',(48.749788397287,46.868333757076));
#1839 = CARTESIAN_POINT('',(48.849539473095,46.952126833952));
#1840 = CARTESIAN_POINT('',(48.939453125,47.037890625));
#1841 = ( GEOMETRIC_REPRESENTATION_CONTEXT(2) 
PARAMETRIC_REPRESENTATION_CONTEXT() REPRESENTATION_CONTEXT('2D SPACE',''
  ) );
#1842 = PCURVE('',#1843,#1850);
#1843 = SURFACE_OF_LINEAR_EXTRUSION('',#1844,#1848);
#1844 = B_SPLINE_CURVE_WITH_KNOTS('',2,(#1845,#1846,#1847),
  .UNSPECIFIED.,.F.,.F.,(3,3),(0.,1.),.PIECEWISE_BEZIER_KNOTS.);
#1845 = CARTESIAN_POINT('',(-1.060546875,-3.162109375,0.));
#1846 = CARTESIAN_POINT('',(-1.314453125,-3.404296875,0.));
#1847 = CARTESIAN_POINT('',(-1.7265625,-3.646484375,0.));
#1848 = VECTOR('',#1849,1.);
#1849 = DIRECTION('',(-0.,-0.,-1.));
#1850 = DEFINITIONAL_REPRESENTATION('',(#1851),#1859);
#1851 = B_SPLINE_CURVE_WITH_KNOTS('',6,(#1852,#1853,#1854,#1855,#1856,
    #1857,#1858),.UNSPECIFIED.,.F.,.F.,(7,7),(0.,1.),
  .PIECEWISE_BEZIER_KNOTS.);
#1852 = CARTESIAN_POINT('',(1.,-0.2));
#1853 = CARTESIAN_POINT('',(0.843647439043,-0.2));
#1854 = CARTESIAN_POINT('',(0.683308540126,-0.2));
#1855 = CARTESIAN_POINT('',(0.518806729658,-0.2));
#1856 = CARTESIAN_POINT('',(0.350052888617,-0.2));
#1857 = CARTESIAN_POINT('',(0.177060729906,-0.2));
#1858 = CARTESIAN_POINT('',(0.,-0.2));
#1859 = ( GEOMETRIC_REPRESENTATION_CONTEXT(2) 
PARAMETRIC_REPRESENTATION_CONTEXT() REPRESENTATION_CONTEXT('2D SPACE',''
  ) );
#1860 = ORIENTED_EDGE('',*,*,#1861,.F.);
#1861 = EDGE_CURVE('',#1862,#1820,#1864,.T.);
#1862 = VERTEX_POINT('',#1863);
#1863 = CARTESIAN_POINT('',(-2.466796875,-4.009765625,0.2));
#1864 = SURFACE_CURVE('',#1865,(#1873,#1884),.PCURVE_S1.);
#1865 = B_SPLINE_CURVE_WITH_KNOTS('',6,(#1866,#1867,#1868,#1869,#1870,
    #1871,#1872),.UNSPECIFIED.,.F.,.F.,(7,7),(0.,1.),
  .PIECEWISE_BEZIER_KNOTS.);
#1866 = CARTESIAN_POINT('',(-2.466796875,-4.009765625,0.2));
#1867 = CARTESIAN_POINT('',(-2.350457335883,-3.966830795088,0.2));
#1868 = CARTESIAN_POINT('',(-2.230600400722,-3.915801895047,0.2));
#1869 = CARTESIAN_POINT('',(-2.107823608256,-3.857516878342,0.2));
#1870 = CARTESIAN_POINT('',(-1.982639354307,-3.792764663782,0.2));
#1871 = CARTESIAN_POINT('',(-1.855453999661,-3.722231038308,0.2));
#1872 = CARTESIAN_POINT('',(-1.7265625,-3.646484375,0.2));
#1873 = PCURVE('',#32,#1874);
#1874 = DEFINITIONAL_REPRESENTATION('',(#1875),#1883);
#1875 = B_SPLINE_CURVE_WITH_KNOTS('',6,(#1876,#1877,#1878,#1879,#1880,
    #1881,#1882),.UNSPECIFIED.,.F.,.F.,(7,7),(0.,1.),
  .PIECEWISE_BEZIER_KNOTS.);
#1876 = CARTESIAN_POINT('',(47.533203125,46.190234375));
#1877 = CARTESIAN_POINT('',(47.649542664117,46.233169204912));
#1878 = CARTESIAN_POINT('',(47.769399599278,46.284198104953));
#1879 = CARTESIAN_POINT('',(47.892176391744,46.342483121658));
#1880 = CARTESIAN_POINT('',(48.017360645693,46.407235336218));
#1881 = CARTESIAN_POINT('',(48.144546000339,46.477768961692));
#1882 = CARTESIAN_POINT('',(48.2734375,46.553515625));
#1883 = ( GEOMETRIC_REPRESENTATION_CONTEXT(2) 
PARAMETRIC_REPRESENTATION_CONTEXT() REPRESENTATION_CONTEXT('2D SPACE',''
  ) );
#1884 = PCURVE('',#1885,#1892);
#1885 = SURFACE_OF_LINEAR_EXTRUSION('',#1886,#1890);
#1886 = B_SPLINE_CURVE_WITH_KNOTS('',2,(#1887,#1888,#1889),
  .UNSPECIFIED.,.F.,.F.,(3,3),(0.,1.),.PIECEWISE_BEZIER_KNOTS.);
#1887 = CARTESIAN_POINT('',(-1.7265625,-3.646484375,0.));
#1888 = CARTESIAN_POINT('',(-2.138671875,-3.888671875,0.));
#1889 = CARTESIAN_POINT('',(-2.466796875,-4.009765625,0.));
#1890 = VECTOR('',#1891,1.);
#1891 = DIRECTION('',(-0.,-0.,-1.));
#1892 = DEFINITIONAL_REPRESENTATION('',(#1893),#1901);
#1893 = B_SPLINE_CURVE_WITH_KNOTS('',6,(#1894,#1895,#1896,#1897,#1898,
    #1899,#1900),.UNSPECIFIED.,.F.,.F.,(7,7),(0.,1.),
  .PIECEWISE_BEZIER_KNOTS.);
#1894 = CARTESIAN_POINT('',(1.,-0.2));
#1895 = CARTESIAN_POINT('',(0.822720702297,-0.2));
#1896 = CARTESIAN_POINT('',(0.649734490269,-0.2));
#1897 = CARTESIAN_POINT('',(0.481074904962,-0.2));
#1898 = CARTESIAN_POINT('',(0.316670762923,-0.2));
#1899 = CARTESIAN_POINT('',(0.156380208119,-0.2));
#1900 = CARTESIAN_POINT('',(0.,-0.2));
#1901 = ( GEOMETRIC_REPRESENTATION_CONTEXT(2) 
PARAMETRIC_REPRESENTATION_CONTEXT() REPRESENTATION_CONTEXT('2D SPACE',''
  ) );
#1902 = ORIENTED_EDGE('',*,*,#1903,.F.);
#1903 = EDGE_CURVE('',#1904,#1862,#1906,.T.);
#1904 = VERTEX_POINT('',#1905);
#1905 = CARTESIAN_POINT('',(-2.466796875,-3.330078125,0.2));
#1906 = SURFACE_CURVE('',#1907,(#1911,#1917),.PCURVE_S1.);
#1907 = LINE('',#1908,#1909);
#1908 = CARTESIAN_POINT('',(-2.466796875,-27.1048828125,0.2));
#1909 = VECTOR('',#1910,1.);
#1910 = DIRECTION('',(0.,-1.,0.));
#1911 = PCURVE('',#32,#1912);
#1912 = DEFINITIONAL_REPRESENTATION('',(#1913),#1916);
#1913 = B_SPLINE_CURVE_WITH_KNOTS('',1,(#1914,#1915),.UNSPECIFIED.,.F.,
  .F.,(2,2),(-23.7748046875,-23.0951171875),.PIECEWISE_BEZIER_KNOTS.);
#1914 = CARTESIAN_POINT('',(47.533203125,46.869921875));
#1915 = CARTESIAN_POINT('',(47.533203125,46.190234375));
#1916 = ( GEOMETRIC_REPRESENTATION_CONTEXT(2) 
PARAMETRIC_REPRESENTATION_CONTEXT() REPRESENTATION_CONTEXT('2D SPACE',''
  ) );
#1917 = PCURVE('',#1918,#1923);
#1918 = PLANE('',#1919);
#1919 = AXIS2_PLACEMENT_3D('',#1920,#1921,#1922);
#1920 = CARTESIAN_POINT('',(-2.466796875,-4.009765625,0.));
#1921 = DIRECTION('',(-1.,0.,0.));
#1922 = DIRECTION('',(0.,1.,0.));
#1923 = DEFINITIONAL_REPRESENTATION('',(#1924),#1927);
#1924 = B_SPLINE_CURVE_WITH_KNOTS('',1,(#1925,#1926),.UNSPECIFIED.,.F.,
  .F.,(2,2),(-23.7748046875,-23.0951171875),.PIECEWISE_BEZIER_KNOTS.);
#1925 = CARTESIAN_POINT('',(0.6796875,-0.2));
#1926 = CARTESIAN_POINT('',(0.,-0.2));
#1927 = ( GEOMETRIC_REPRESENTATION_CONTEXT(2) 
PARAMETRIC_REPRESENTATION_CONTEXT() REPRESENTATION_CONTEXT('2D SPACE',''
  ) );
#1928 = ORIENTED_EDGE('',*,*,#1929,.F.);
#1929 = EDGE_CURVE('',#1930,#1904,#1932,.T.);
#1930 = VERTEX_POINT('',#1931);
#1931 = CARTESIAN_POINT('',(-1.435546875,-2.658203125,0.2));
#1932 = SURFACE_CURVE('',#1933,(#1944,#1958),.PCURVE_S1.);
#1933 = B_SPLINE_CURVE_WITH_KNOTS('',5,(#1934,#1935,#1936,#1937,#1938,
    #1939,#1940,#1941,#1942,#1943),.UNSPECIFIED.,.F.,.F.,(6,4,6),(0.,
    0.494646079604,1.),.UNSPECIFIED.);
#1934 = CARTESIAN_POINT('',(-1.435546875,-2.658203125,0.2));
#1935 = CARTESIAN_POINT('',(-1.525110537469,-2.738255602074,0.2));
#1936 = CARTESIAN_POINT('',(-1.61812942361,-2.814967023535,0.2));
#1937 = CARTESIAN_POINT('',(-1.714433277442,-2.888289896623,0.2));
#1938 = CARTESIAN_POINT('',(-1.813831537,-2.958219473843,0.2));
#1939 = CARTESIAN_POINT('',(-2.020634058981,-3.092782973184,0.2));
#1940 = CARTESIAN_POINT('',(-2.128165912088,-3.157270032864,0.2));
#1941 = CARTESIAN_POINT('',(-2.23851059254,-3.218269504199,0.2));
#1942 = CARTESIAN_POINT('',(-2.351455140066,-3.275844594004,0.2));
#1943 = CARTESIAN_POINT('',(-2.466796875,-3.330078125,0.2));
#1944 = PCURVE('',#32,#1945);
#1945 = DEFINITIONAL_REPRESENTATION('',(#1946),#1957);
#1946 = B_SPLINE_CURVE_WITH_KNOTS('',5,(#1947,#1948,#1949,#1950,#1951,
    #1952,#1953,#1954,#1955,#1956),.UNSPECIFIED.,.F.,.F.,(6,4,6),(0.,
    0.494646079604,1.),.UNSPECIFIED.);
#1947 = CARTESIAN_POINT('',(48.564453125,47.541796875));
#1948 = CARTESIAN_POINT('',(48.474889462531,47.461744397926));
#1949 = CARTESIAN_POINT('',(48.38187057639,47.385032976465));
#1950 = CARTESIAN_POINT('',(48.285566722558,47.311710103377));
#1951 = CARTESIAN_POINT('',(48.186168463,47.241780526157));
#1952 = CARTESIAN_POINT('',(47.979365941019,47.107217026816));
#1953 = CARTESIAN_POINT('',(47.871834087912,47.042729967136));
#1954 = CARTESIAN_POINT('',(47.76148940746,46.981730495801));
#1955 = CARTESIAN_POINT('',(47.648544859934,46.924155405996));
#1956 = CARTESIAN_POINT('',(47.533203125,46.869921875));
#1957 = ( GEOMETRIC_REPRESENTATION_CONTEXT(2) 
PARAMETRIC_REPRESENTATION_CONTEXT() REPRESENTATION_CONTEXT('2D SPACE',''
  ) );
#1958 = PCURVE('',#1959,#1966);
#1959 = SURFACE_OF_LINEAR_EXTRUSION('',#1960,#1964);
#1960 = B_SPLINE_CURVE_WITH_KNOTS('',2,(#1961,#1962,#1963),
  .UNSPECIFIED.,.F.,.F.,(3,3),(0.,1.),.PIECEWISE_BEZIER_KNOTS.);
#1961 = CARTESIAN_POINT('',(-2.466796875,-3.330078125,0.));
#1962 = CARTESIAN_POINT('',(-1.876953125,-3.052734375,0.));
#1963 = CARTESIAN_POINT('',(-1.435546875,-2.658203125,0.));
#1964 = VECTOR('',#1965,1.);
#1965 = DIRECTION('',(-0.,-0.,-1.));
#1966 = DEFINITIONAL_REPRESENTATION('',(#1967),#1978);
#1967 = B_SPLINE_CURVE_WITH_KNOTS('',5,(#1968,#1969,#1970,#1971,#1972,
    #1973,#1974,#1975,#1976,#1977),.UNSPECIFIED.,.F.,.F.,(6,4,6),(0.,
    0.494646079604,1.),.UNSPECIFIED.);
#1968 = CARTESIAN_POINT('',(1.,-0.2));
#1969 = CARTESIAN_POINT('',(0.898547355787,-0.2));
#1970 = CARTESIAN_POINT('',(0.797507389439,-0.2));
#1971 = CARTESIAN_POINT('',(0.697002512098,-0.2));
#1972 = CARTESIAN_POINT('',(0.597137157879,-0.2));
#1973 = CARTESIAN_POINT('',(0.396716772543,-0.2));
#1974 = CARTESIAN_POINT('',(0.296192786072,-0.2));
#1975 = CARTESIAN_POINT('',(0.19652136915,-0.2));
#1976 = CARTESIAN_POINT('',(9.777312630179E-02,-0.2));
#1977 = CARTESIAN_POINT('',(0.,-0.2));
#1978 = ( GEOMETRIC_REPRESENTATION_CONTEXT(2) 
PARAMETRIC_REPRESENTATION_CONTEXT() REPRESENTATION_CONTEXT('2D SPACE',''
  ) );
#1979 = ORIENTED_EDGE('',*,*,#1980,.F.);
#1980 = EDGE_CURVE('',#1981,#1930,#1983,.T.);
#1981 = VERTEX_POINT('',#1982);
#1982 = CARTESIAN_POINT('',(-0.810546875,-1.892578125,0.2));
#1983 = SURFACE_CURVE('',#1984,(#1995,#2009),.PCURVE_S1.);
#1984 = B_SPLINE_CURVE_WITH_KNOTS('',5,(#1985,#1986,#1987,#1988,#1989,
    #1990,#1991,#1992,#1993,#1994),.UNSPECIFIED.,.F.,.F.,(6,4,6),(0.,
    0.443838943956,1.),.UNSPECIFIED.);
#1985 = CARTESIAN_POINT('',(-0.810546875,-1.892578125,0.2));
#1986 = CARTESIAN_POINT('',(-0.84599572291,-1.964230051627,0.2));
#1987 = CARTESIAN_POINT('',(-0.886882613207,-2.035277211127,0.2));
#1988 = CARTESIAN_POINT('',(-0.932760669633,-2.105564227034,0.2));
#1989 = CARTESIAN_POINT('',(-0.983154223852,-2.17499649594,0.2));
#1990 = CARTESIAN_POINT('',(-1.105918479084,-2.329400697606,0.2));
#1991 = CARTESIAN_POINT('',(-1.180619521538,-2.413853560134,0.2));
#1992 = CARTESIAN_POINT('',(-1.260916954569,-2.496802999716,0.2));
#1993 = CARTESIAN_POINT('',(-1.346081251455,-2.578238275637,0.2));
#1994 = CARTESIAN_POINT('',(-1.435546875,-2.658203125,0.2));
#1995 = PCURVE('',#32,#1996);
#1996 = DEFINITIONAL_REPRESENTATION('',(#1997),#2008);
#1997 = B_SPLINE_CURVE_WITH_KNOTS('',5,(#1998,#1999,#2000,#2001,#2002,
    #2003,#2004,#2005,#2006,#2007),.UNSPECIFIED.,.F.,.F.,(6,4,6),(0.,
    0.443838943956,1.),.UNSPECIFIED.);
#1998 = CARTESIAN_POINT('',(49.189453125,48.307421875));
#1999 = CARTESIAN_POINT('',(49.15400427709,48.235769948373));
#2000 = CARTESIAN_POINT('',(49.113117386793,48.164722788873));
#2001 = CARTESIAN_POINT('',(49.067239330367,48.094435772966));
#2002 = CARTESIAN_POINT('',(49.016845776148,48.02500350406));
#2003 = CARTESIAN_POINT('',(48.894081520916,47.870599302394));
#2004 = CARTESIAN_POINT('',(48.819380478462,47.786146439866));
#2005 = CARTESIAN_POINT('',(48.739083045431,47.703197000284));
#2006 = CARTESIAN_POINT('',(48.653918748545,47.621761724363));
#2007 = CARTESIAN_POINT('',(48.564453125,47.541796875));
#2008 = ( GEOMETRIC_REPRESENTATION_CONTEXT(2) 
PARAMETRIC_REPRESENTATION_CONTEXT() REPRESENTATION_CONTEXT('2D SPACE',''
  ) );
#2009 = PCURVE('',#2010,#2017);
#2010 = SURFACE_OF_LINEAR_EXTRUSION('',#2011,#2015);
#2011 = B_SPLINE_CURVE_WITH_KNOTS('',2,(#2012,#2013,#2014),
  .UNSPECIFIED.,.F.,.F.,(3,3),(0.,1.),.PIECEWISE_BEZIER_KNOTS.);
#2012 = CARTESIAN_POINT('',(-1.435546875,-2.658203125,0.));
#2013 = CARTESIAN_POINT('',(-0.994140625,-2.263671875,0.));
#2014 = CARTESIAN_POINT('',(-0.810546875,-1.892578125,0.));
#2015 = VECTOR('',#2016,1.);
#2016 = DIRECTION('',(-0.,-0.,-1.));
#2017 = DEFINITIONAL_REPRESENTATION('',(#2018),#2029);
#2018 = B_SPLINE_CURVE_WITH_KNOTS('',5,(#2019,#2020,#2021,#2022,#2023,
    #2024,#2025,#2026,#2027,#2028),.UNSPECIFIED.,.F.,.F.,(6,4,6),(0.,
    0.443838943956,1.),.UNSPECIFIED.);
#2019 = CARTESIAN_POINT('',(1.,-0.2));
#2020 = CARTESIAN_POINT('',(0.903458456755,-0.2));
#2021 = CARTESIAN_POINT('',(0.808467596417,-0.2));
#2022 = CARTESIAN_POINT('',(0.715189312674,-0.2));
#2023 = CARTESIAN_POINT('',(0.623696066502,-0.2));
#2024 = CARTESIAN_POINT('',(0.421604592278,-0.2));
#2025 = CARTESIAN_POINT('',(0.312037561211,-0.2));
#2026 = CARTESIAN_POINT('',(0.205309365316,-0.2));
#2027 = CARTESIAN_POINT('',(0.101341591272,-0.2));
#2028 = CARTESIAN_POINT('',(0.,-0.2));
#2029 = ( GEOMETRIC_REPRESENTATION_CONTEXT(2) 
PARAMETRIC_REPRESENTATION_CONTEXT() REPRESENTATION_CONTEXT('2D SPACE',''
  ) );
#2030 = ORIENTED_EDGE('',*,*,#2031,.F.);
#2031 = EDGE_CURVE('',#1742,#1981,#2032,.T.);
#2032 = SURFACE_CURVE('',#2033,(#2037,#2043),.PCURVE_S1.);
#2033 = LINE('',#2034,#2035);
#2034 = CARTESIAN_POINT('',(-25.4052734375,-1.892578125,0.2));
#2035 = VECTOR('',#2036,1.);
#2036 = DIRECTION('',(-1.,0.,0.));
#2037 = PCURVE('',#32,#2038);
#2038 = DEFINITIONAL_REPRESENTATION('',(#2039),#2042);
#2039 = B_SPLINE_CURVE_WITH_KNOTS('',1,(#2040,#2041),.UNSPECIFIED.,.F.,
  .F.,(2,2),(-25.0478515625,-24.5947265625),.PIECEWISE_BEZIER_KNOTS.);
#2040 = CARTESIAN_POINT('',(49.642578125,48.307421875));
#2041 = CARTESIAN_POINT('',(49.189453125,48.307421875));
#2042 = ( GEOMETRIC_REPRESENTATION_CONTEXT(2) 
PARAMETRIC_REPRESENTATION_CONTEXT() REPRESENTATION_CONTEXT('2D SPACE',''
  ) );
#2043 = PCURVE('',#2044,#2049);
#2044 = PLANE('',#2045);
#2045 = AXIS2_PLACEMENT_3D('',#2046,#2047,#2048);
#2046 = CARTESIAN_POINT('',(-0.810546875,-1.892578125,0.));
#2047 = DIRECTION('',(0.,1.,0.));
#2048 = DIRECTION('',(1.,0.,0.));
#2049 = DEFINITIONAL_REPRESENTATION('',(#2050),#2053);
#2050 = B_SPLINE_CURVE_WITH_KNOTS('',1,(#2051,#2052),.UNSPECIFIED.,.F.,
  .F.,(2,2),(-25.0478515625,-24.5947265625),.PIECEWISE_BEZIER_KNOTS.);
#2051 = CARTESIAN_POINT('',(0.453125,-0.2));
#2052 = CARTESIAN_POINT('',(0.,-0.2));
#2053 = ( GEOMETRIC_REPRESENTATION_CONTEXT(2) 
PARAMETRIC_REPRESENTATION_CONTEXT() REPRESENTATION_CONTEXT('2D SPACE',''
  ) );
#2054 = FACE_BOUND('',#2055,.T.);
#2055 = EDGE_LOOP('',(#2056,#2091,#2119,#2176,#2251,#2326,#2401,#2464,
    #2521,#2549,#2575,#2601,#2627,#2653,#2679,#2705,#2731,#2757,#2783,
    #2809,#2837,#2894,#2920,#2962,#3013,#3064,#3115,#3172,#3235,#3286,
    #3361,#3436,#3487,#3538,#3589,#3664,#3736,#3808,#3883));
#2056 = ORIENTED_EDGE('',*,*,#2057,.T.);
#2057 = EDGE_CURVE('',#2058,#2060,#2062,.T.);
#2058 = VERTEX_POINT('',#2059);
#2059 = CARTESIAN_POINT('',(3.774815527941,-1.914066577158,0.2));
#2060 = VERTEX_POINT('',#2061);
#2061 = CARTESIAN_POINT('',(29.25,9.4,0.2));
#2062 = SURFACE_CURVE('',#2063,(#2068,#2079),.PCURVE_S1.);
#2063 = CIRCLE('',#2064,15.25);
#2064 = AXIS2_PLACEMENT_3D('',#2065,#2066,#2067);
#2065 = CARTESIAN_POINT('',(14.,9.4,0.2));
#2066 = DIRECTION('',(0.,0.,-1.));
#2067 = DIRECTION('',(1.,0.,0.));
#2068 = PCURVE('',#32,#2069);
#2069 = DEFINITIONAL_REPRESENTATION('',(#2070),#2078);
#2070 = ( BOUNDED_CURVE() B_SPLINE_CURVE(2,(#2071,#2072,#2073,#2074,
#2075,#2076,#2077),.UNSPECIFIED.,.T.,.F.) B_SPLINE_CURVE_WITH_KNOTS((1,2
    ,2,2,2,1),(-2.094395102393,0.,2.094395102393,4.188790204786,
6.28318530718,8.377580409573),.UNSPECIFIED.) CURVE() 
GEOMETRIC_REPRESENTATION_ITEM() RATIONAL_B_SPLINE_CURVE((1.,0.5,1.,0.5,
1.,0.5,1.)) REPRESENTATION_ITEM('') );
#2071 = CARTESIAN_POINT('',(79.25,59.6));
#2072 = CARTESIAN_POINT('',(79.25,33.186225184575));
#2073 = CARTESIAN_POINT('',(56.375,46.393112592287));
#2074 = CARTESIAN_POINT('',(33.5,59.6));
#2075 = CARTESIAN_POINT('',(56.375,72.806887407713));
#2076 = CARTESIAN_POINT('',(79.25,86.013774815425));
#2077 = CARTESIAN_POINT('',(79.25,59.6));
#2078 = ( GEOMETRIC_REPRESENTATION_CONTEXT(2) 
PARAMETRIC_REPRESENTATION_CONTEXT() REPRESENTATION_CONTEXT('2D SPACE',''
  ) );
#2079 = PCURVE('',#2080,#2085);
#2080 = CYLINDRICAL_SURFACE('',#2081,15.25);
#2081 = AXIS2_PLACEMENT_3D('',#2082,#2083,#2084);
#2082 = CARTESIAN_POINT('',(14.,9.4,-0.2));
#2083 = DIRECTION('',(-0.,-0.,-1.));
#2084 = DIRECTION('',(1.,0.,0.));
#2085 = DEFINITIONAL_REPRESENTATION('',(#2086),#2090);
#2086 = LINE('',#2087,#2088);
#2087 = CARTESIAN_POINT('',(-6.28318530718,-0.4));
#2088 = VECTOR('',#2089,1.);
#2089 = DIRECTION('',(1.,-0.));
#2090 = ( GEOMETRIC_REPRESENTATION_CONTEXT(2) 
PARAMETRIC_REPRESENTATION_CONTEXT() REPRESENTATION_CONTEXT('2D SPACE',''
  ) );
#2091 = ORIENTED_EDGE('',*,*,#2092,.T.);
#2092 = EDGE_CURVE('',#2060,#2093,#2095,.T.);
#2093 = VERTEX_POINT('',#2094);
#2094 = CARTESIAN_POINT('',(14.101212586033,-5.849664127856,0.2));
#2095 = SURFACE_CURVE('',#2096,(#2101,#2112),.PCURVE_S1.);
#2096 = CIRCLE('',#2097,15.25);
#2097 = AXIS2_PLACEMENT_3D('',#2098,#2099,#2100);
#2098 = CARTESIAN_POINT('',(14.,9.4,0.2));
#2099 = DIRECTION('',(0.,0.,-1.));
#2100 = DIRECTION('',(1.,0.,0.));
#2101 = PCURVE('',#32,#2102);
#2102 = DEFINITIONAL_REPRESENTATION('',(#2103),#2111);
#2103 = ( BOUNDED_CURVE() B_SPLINE_CURVE(2,(#2104,#2105,#2106,#2107,
#2108,#2109,#2110),.UNSPECIFIED.,.T.,.F.) B_SPLINE_CURVE_WITH_KNOTS((1,2
    ,2,2,2,1),(-2.094395102393,0.,2.094395102393,4.188790204786,
6.28318530718,8.377580409573),.UNSPECIFIED.) CURVE() 
GEOMETRIC_REPRESENTATION_ITEM() RATIONAL_B_SPLINE_CURVE((1.,0.5,1.,0.5,
1.,0.5,1.)) REPRESENTATION_ITEM('') );
#2104 = CARTESIAN_POINT('',(79.25,59.6));
#2105 = CARTESIAN_POINT('',(79.25,33.186225184575));
#2106 = CARTESIAN_POINT('',(56.375,46.393112592287));
#2107 = CARTESIAN_POINT('',(33.5,59.6));
#2108 = CARTESIAN_POINT('',(56.375,72.806887407713));
#2109 = CARTESIAN_POINT('',(79.25,86.013774815425));
#2110 = CARTESIAN_POINT('',(79.25,59.6));
#2111 = ( GEOMETRIC_REPRESENTATION_CONTEXT(2) 
PARAMETRIC_REPRESENTATION_CONTEXT() REPRESENTATION_CONTEXT('2D SPACE',''
  ) );
#2112 = PCURVE('',#2080,#2113);
#2113 = DEFINITIONAL_REPRESENTATION('',(#2114),#2118);
#2114 = LINE('',#2115,#2116);
#2115 = CARTESIAN_POINT('',(-6.28318530718,-0.4));
#2116 = VECTOR('',#2117,1.);
#2117 = DIRECTION('',(1.,-0.));
#2118 = ( GEOMETRIC_REPRESENTATION_CONTEXT(2) 
PARAMETRIC_REPRESENTATION_CONTEXT() REPRESENTATION_CONTEXT('2D SPACE',''
  ) );
#2119 = ORIENTED_EDGE('',*,*,#2120,.F.);
#2120 = EDGE_CURVE('',#2121,#2093,#2123,.T.);
#2121 = VERTEX_POINT('',#2122);
#2122 = CARTESIAN_POINT('',(14.107421875,-6.005859375,0.2));
#2123 = SURFACE_CURVE('',#2124,(#2137,#2153),.PCURVE_S1.);
#2124 = B_SPLINE_CURVE_WITH_KNOTS('',6,(#2125,#2126,#2127,#2128,#2129,
    #2130,#2131,#2132,#2133,#2134,#2135,#2136),.UNSPECIFIED.,.F.,.F.,(7,
    5,7),(0.,0.809191865139,1.),.UNSPECIFIED.);
#2125 = CARTESIAN_POINT('',(14.107421875,-6.005859375,0.2));
#2126 = CARTESIAN_POINT('',(14.107421875,-5.868977202616,0.2));
#2127 = CARTESIAN_POINT('',(14.096452043184,-5.734805430069,0.2));
#2128 = CARTESIAN_POINT('',(14.073550585868,-5.604361523186,0.2));
#2129 = CARTESIAN_POINT('',(14.037982230299,-5.478724667658,0.2));
#2130 = CARTESIAN_POINT('',(13.989470424636,-5.358943891125,0.2));
#2131 = CARTESIAN_POINT('',(13.914145626743,-5.219262343096,0.2));
#2132 = CARTESIAN_POINT('',(13.899080246954,-5.192983407006,0.2));
#2133 = CARTESIAN_POINT('',(13.883327833341,-5.16708850075,0.2));
#2134 = CARTESIAN_POINT('',(13.866895830524,-5.141587082018,0.2));
#2135 = CARTESIAN_POINT('',(13.84979336597,-5.116487475924,0.2));
#2136 = CARTESIAN_POINT('',(13.83203125,-5.091796875,0.2));
#2137 = PCURVE('',#32,#2138);
#2138 = DEFINITIONAL_REPRESENTATION('',(#2139),#2152);
#2139 = B_SPLINE_CURVE_WITH_KNOTS('',6,(#2140,#2141,#2142,#2143,#2144,
    #2145,#2146,#2147,#2148,#2149,#2150,#2151),.UNSPECIFIED.,.F.,.F.,(7,
    5,7),(0.,0.809191865139,1.),.UNSPECIFIED.);
#2140 = CARTESIAN_POINT('',(64.107421875,44.194140625));
#2141 = CARTESIAN_POINT('',(64.107421875,44.331022797384));
#2142 = CARTESIAN_POINT('',(64.096452043184,44.465194569931));
#2143 = CARTESIAN_POINT('',(64.073550585868,44.595638476814));
#2144 = CARTESIAN_POINT('',(64.037982230299,44.721275332342));
#2145 = CARTESIAN_POINT('',(63.989470424636,44.841056108875));
#2146 = CARTESIAN_POINT('',(63.914145626743,44.980737656904));
#2147 = CARTESIAN_POINT('',(63.899080246954,45.007016592994));
#2148 = CARTESIAN_POINT('',(63.883327833341,45.03291149925));
#2149 = CARTESIAN_POINT('',(63.866895830524,45.058412917982));
#2150 = CARTESIAN_POINT('',(63.84979336597,45.083512524076));
#2151 = CARTESIAN_POINT('',(63.83203125,45.108203125));
#2152 = ( GEOMETRIC_REPRESENTATION_CONTEXT(2) 
PARAMETRIC_REPRESENTATION_CONTEXT() REPRESENTATION_CONTEXT('2D SPACE',''
  ) );
#2153 = PCURVE('',#2154,#2161);
#2154 = SURFACE_OF_LINEAR_EXTRUSION('',#2155,#2159);
#2155 = B_SPLINE_CURVE_WITH_KNOTS('',2,(#2156,#2157,#2158),
  .UNSPECIFIED.,.F.,.F.,(3,3),(0.,1.),.PIECEWISE_BEZIER_KNOTS.);
#2156 = CARTESIAN_POINT('',(13.83203125,-5.091796875,0.));
#2157 = CARTESIAN_POINT('',(14.107421875,-5.474609375,0.));
#2158 = CARTESIAN_POINT('',(14.107421875,-6.005859375,0.));
#2159 = VECTOR('',#2160,1.);
#2160 = DIRECTION('',(-0.,-0.,-1.));
#2161 = DEFINITIONAL_REPRESENTATION('',(#2162),#2175);
#2162 = B_SPLINE_CURVE_WITH_KNOTS('',6,(#2163,#2164,#2165,#2166,#2167,
    #2168,#2169,#2170,#2171,#2172,#2173,#2174),.UNSPECIFIED.,.F.,.F.,(7,
    5,7),(0.,0.809191865139,1.),.UNSPECIFIED.);
#2163 = CARTESIAN_POINT('',(1.,-0.2));
#2164 = CARTESIAN_POINT('',(0.871169720109,-0.2));
#2165 = CARTESIAN_POINT('',(0.739325400396,-0.2));
#2166 = CARTESIAN_POINT('',(0.604936737056,-0.2));
#2167 = CARTESIAN_POINT('',(0.468646429821,-0.2));
#2168 = CARTESIAN_POINT('',(0.331301503853,-0.2));
#2169 = CARTESIAN_POINT('',(0.161624187795,-0.2));
#2170 = CARTESIAN_POINT('',(0.129248392366,-0.2));
#2171 = CARTESIAN_POINT('',(9.688550397771E-02,-0.2));
#2172 = CARTESIAN_POINT('',(6.454820064654E-02,-0.2));
#2173 = CARTESIAN_POINT('',(3.224894814502E-02,-0.2));
#2174 = CARTESIAN_POINT('',(0.,-0.2));
#2175 = ( GEOMETRIC_REPRESENTATION_CONTEXT(2) 
PARAMETRIC_REPRESENTATION_CONTEXT() REPRESENTATION_CONTEXT('2D SPACE',''
  ) );
#2176 = ORIENTED_EDGE('',*,*,#2177,.F.);
#2177 = EDGE_CURVE('',#2178,#2121,#2180,.T.);
#2178 = VERTEX_POINT('',#2179);
#2179 = CARTESIAN_POINT('',(13.587890625,-7.240234375,0.2));
#2180 = SURFACE_CURVE('',#2181,(#2200,#2222),.PCURVE_S1.);
#2181 = B_SPLINE_CURVE_WITH_KNOTS('',5,(#2182,#2183,#2184,#2185,#2186,
    #2187,#2188,#2189,#2190,#2191,#2192,#2193,#2194,#2195,#2196,#2197,
    #2198,#2199),.UNSPECIFIED.,.F.,.F.,(6,4,4,4,6),(0.,0.237364855604,
    0.468910298074,0.825616865629,1.),.UNSPECIFIED.);
#2182 = CARTESIAN_POINT('',(13.587890625,-7.240234375,0.2));
#2183 = CARTESIAN_POINT('',(13.635765694434,-7.194159120206,0.2));
#2184 = CARTESIAN_POINT('',(13.681431121296,-7.146312836768,0.2));
#2185 = CARTESIAN_POINT('',(13.724703130617,-7.096694271041,0.2));
#2186 = CARTESIAN_POINT('',(13.765402738911,-7.045330034837,0.2));
#2187 = CARTESIAN_POINT('',(13.840424600414,-6.940552340409,0.2));
#2188 = CARTESIAN_POINT('',(13.87488011476,-6.887218133431,0.2));
#2189 = CARTESIAN_POINT('',(13.906604261754,-6.83235580548,0.2));
#2190 = CARTESIAN_POINT('',(13.935491989644,-6.776060506794,0.2));
#2191 = CARTESIAN_POINT('',(14.001529835717,-6.62972611104,0.2));
#2192 = CARTESIAN_POINT('',(14.034711359108,-6.537882735599,0.2));
#2193 = CARTESIAN_POINT('',(14.060806957649,-6.44341645524,0.2));
#2194 = CARTESIAN_POINT('',(14.079933507612,-6.346865518698,0.2));
#2195 = CARTESIAN_POINT('',(14.098505544155,-6.200819163224,0.2));
#2196 = CARTESIAN_POINT('',(14.103013836728,-6.152493295391,0.2));
#2197 = CARTESIAN_POINT('',(14.105970556838,-6.103855681696,0.2));
#2198 = CARTESIAN_POINT('',(14.107421875,-6.054961123335,0.2));
#2199 = CARTESIAN_POINT('',(14.107421875,-6.005859375,0.2));
#2200 = PCURVE('',#32,#2201);
#2201 = DEFINITIONAL_REPRESENTATION('',(#2202),#2221);
#2202 = B_SPLINE_CURVE_WITH_KNOTS('',5,(#2203,#2204,#2205,#2206,#2207,
    #2208,#2209,#2210,#2211,#2212,#2213,#2214,#2215,#2216,#2217,#2218,
    #2219,#2220),.UNSPECIFIED.,.F.,.F.,(6,4,4,4,6),(0.,0.237364855604,
    0.468910298074,0.825616865629,1.),.UNSPECIFIED.);
#2203 = CARTESIAN_POINT('',(63.587890625,42.959765625));
#2204 = CARTESIAN_POINT('',(63.635765694434,43.005840879794));
#2205 = CARTESIAN_POINT('',(63.681431121296,43.053687163232));
#2206 = CARTESIAN_POINT('',(63.724703130617,43.103305728959));
#2207 = CARTESIAN_POINT('',(63.765402738911,43.154669965163));
#2208 = CARTESIAN_POINT('',(63.840424600414,43.259447659591));
#2209 = CARTESIAN_POINT('',(63.87488011476,43.312781866569));
#2210 = CARTESIAN_POINT('',(63.906604261754,43.36764419452));
#2211 = CARTESIAN_POINT('',(63.935491989644,43.423939493206));
#2212 = CARTESIAN_POINT('',(64.001529835717,43.57027388896));
#2213 = CARTESIAN_POINT('',(64.034711359108,43.662117264401));
#2214 = CARTESIAN_POINT('',(64.060806957649,43.75658354476));
#2215 = CARTESIAN_POINT('',(64.079933507612,43.853134481302));
#2216 = CARTESIAN_POINT('',(64.098505544155,43.999180836776));
#2217 = CARTESIAN_POINT('',(64.103013836728,44.047506704609));
#2218 = CARTESIAN_POINT('',(64.105970556838,44.096144318304));
#2219 = CARTESIAN_POINT('',(64.107421875,44.145038876665));
#2220 = CARTESIAN_POINT('',(64.107421875,44.194140625));
#2221 = ( GEOMETRIC_REPRESENTATION_CONTEXT(2) 
PARAMETRIC_REPRESENTATION_CONTEXT() REPRESENTATION_CONTEXT('2D SPACE',''
  ) );
#2222 = PCURVE('',#2223,#2230);
#2223 = SURFACE_OF_LINEAR_EXTRUSION('',#2224,#2228);
#2224 = B_SPLINE_CURVE_WITH_KNOTS('',2,(#2225,#2226,#2227),
  .UNSPECIFIED.,.F.,.F.,(3,3),(0.,1.),.PIECEWISE_BEZIER_KNOTS.);
#2225 = CARTESIAN_POINT('',(14.107421875,-6.005859375,0.));
#2226 = CARTESIAN_POINT('',(14.107421875,-6.740234375,0.));
#2227 = CARTESIAN_POINT('',(13.587890625,-7.240234375,0.));
#2228 = VECTOR('',#2229,1.);
#2229 = DIRECTION('',(-0.,-0.,-1.));
#2230 = DEFINITIONAL_REPRESENTATION('',(#2231),#2250);
#2231 = B_SPLINE_CURVE_WITH_KNOTS('',5,(#2232,#2233,#2234,#2235,#2236,
    #2237,#2238,#2239,#2240,#2241,#2242,#2243,#2244,#2245,#2246,#2247,
    #2248,#2249),.UNSPECIFIED.,.F.,.F.,(6,4,4,4,6),(0.,0.237364855604,
    0.468910298074,0.825616865629,1.),.UNSPECIFIED.);
#2232 = CARTESIAN_POINT('',(1.,-0.2));
#2233 = CARTESIAN_POINT('',(0.953924745206,-0.2));
#2234 = CARTESIAN_POINT('',(0.907322377283,-0.2));
#2235 = CARTESIAN_POINT('',(0.860248489324,-0.2));
#2236 = CARTESIAN_POINT('',(0.812776174941,-0.2));
#2237 = CARTESIAN_POINT('',(0.718395141256,-0.2));
#2238 = CARTESIAN_POINT('',(0.671499448975,-0.2));
#2239 = CARTESIAN_POINT('',(0.624402275725,-0.2));
#2240 = CARTESIAN_POINT('',(0.57720067138,-0.2));
#2241 = CARTESIAN_POINT('',(0.457285161415,-0.2));
#2242 = CARTESIAN_POINT('',(0.384561768233,-0.2));
#2243 = CARTESIAN_POINT('',(0.312229015328,-0.2));
#2244 = CARTESIAN_POINT('',(0.240617471279,-0.2));
#2245 = CARTESIAN_POINT('',(0.135477237867,-0.2));
#2246 = CARTESIAN_POINT('',(0.10118979342,-0.2));
#2247 = CARTESIAN_POINT('',(6.716666328138E-02,-0.2));
#2248 = CARTESIAN_POINT('',(3.343097759003E-02,-0.2));
#2249 = CARTESIAN_POINT('',(0.,-0.2));
#2250 = ( GEOMETRIC_REPRESENTATION_CONTEXT(2) 
PARAMETRIC_REPRESENTATION_CONTEXT() REPRESENTATION_CONTEXT('2D SPACE',''
  ) );
#2251 = ORIENTED_EDGE('',*,*,#2252,.F.);
#2252 = EDGE_CURVE('',#2253,#2178,#2255,.T.);
#2253 = VERTEX_POINT('',#2254);
#2254 = CARTESIAN_POINT('',(12.220703125,-7.740234375,0.2));
#2255 = SURFACE_CURVE('',#2256,(#2275,#2297),.PCURVE_S1.);
#2256 = B_SPLINE_CURVE_WITH_KNOTS('',5,(#2257,#2258,#2259,#2260,#2261,
    #2262,#2263,#2264,#2265,#2266,#2267,#2268,#2269,#2270,#2271,#2272,
    #2273,#2274),.UNSPECIFIED.,.F.,.F.,(6,4,4,4,6),(0.,0.288230173881,
    0.540720433444,0.785016852079,1.),.UNSPECIFIED.);
#2257 = CARTESIAN_POINT('',(12.220703125,-7.740234375,0.2));
#2258 = CARTESIAN_POINT('',(12.309987856424,-7.740234375,0.2));
#2259 = CARTESIAN_POINT('',(12.398684981793,-7.736767158238,0.2));
#2260 = CARTESIAN_POINT('',(12.486604153999,-7.72957138875,0.2));
#2261 = CARTESIAN_POINT('',(12.573496347948,-7.718378067506,0.2));
#2262 = CARTESIAN_POINT('',(12.734030096607,-7.689472264833,0.2));
#2263 = CARTESIAN_POINT('',(12.807979322174,-7.672740190417,0.2));
#2264 = CARTESIAN_POINT('',(12.880714973786,-7.652629196691,0.2));
#2265 = CARTESIAN_POINT('',(12.952014929892,-7.629026991426,0.2));
#2266 = CARTESIAN_POINT('',(13.089031536918,-7.575646204242,0.2));
#2267 = CARTESIAN_POINT('',(13.154857487663,-7.546091731531,0.2));
#2268 = CARTESIAN_POINT('',(13.218922554915,-7.513200264999,0.2));
#2269 = CARTESIAN_POINT('',(13.281038551923,-7.476998927419,0.2));
#2270 = CARTESIAN_POINT('',(13.393855821661,-7.402914237944,0.2));
#2271 = CARTESIAN_POINT('',(13.445034980816,-7.36575224758,0.2));
#2272 = CARTESIAN_POINT('',(13.494477692153,-7.326176616065,0.2));
#2273 = CARTESIAN_POINT('',(13.542111045631,-7.28429291755,0.2));
#2274 = CARTESIAN_POINT('',(13.587890625,-7.240234375,0.2));
#2275 = PCURVE('',#32,#2276);
#2276 = DEFINITIONAL_REPRESENTATION('',(#2277),#2296);
#2277 = B_SPLINE_CURVE_WITH_KNOTS('',5,(#2278,#2279,#2280,#2281,#2282,
    #2283,#2284,#2285,#2286,#2287,#2288,#2289,#2290,#2291,#2292,#2293,
    #2294,#2295),.UNSPECIFIED.,.F.,.F.,(6,4,4,4,6),(0.,0.288230173881,
    0.540720433444,0.785016852079,1.),.UNSPECIFIED.);
#2278 = CARTESIAN_POINT('',(62.220703125,42.459765625));
#2279 = CARTESIAN_POINT('',(62.309987856424,42.459765625));
#2280 = CARTESIAN_POINT('',(62.398684981793,42.463232841762));
#2281 = CARTESIAN_POINT('',(62.486604153999,42.47042861125));
#2282 = CARTESIAN_POINT('',(62.573496347948,42.481621932494));
#2283 = CARTESIAN_POINT('',(62.734030096607,42.510527735167));
#2284 = CARTESIAN_POINT('',(62.807979322174,42.527259809583));
#2285 = CARTESIAN_POINT('',(62.880714973786,42.547370803309));
#2286 = CARTESIAN_POINT('',(62.952014929892,42.570973008574));
#2287 = CARTESIAN_POINT('',(63.089031536918,42.624353795758));
#2288 = CARTESIAN_POINT('',(63.154857487663,42.653908268469));
#2289 = CARTESIAN_POINT('',(63.218922554915,42.686799735001));
#2290 = CARTESIAN_POINT('',(63.281038551923,42.723001072581));
#2291 = CARTESIAN_POINT('',(63.393855821661,42.797085762056));
#2292 = CARTESIAN_POINT('',(63.445034980816,42.83424775242));
#2293 = CARTESIAN_POINT('',(63.494477692153,42.873823383935));
#2294 = CARTESIAN_POINT('',(63.542111045631,42.91570708245));
#2295 = CARTESIAN_POINT('',(63.587890625,42.959765625));
#2296 = ( GEOMETRIC_REPRESENTATION_CONTEXT(2) 
PARAMETRIC_REPRESENTATION_CONTEXT() REPRESENTATION_CONTEXT('2D SPACE',''
  ) );
#2297 = PCURVE('',#2298,#2305);
#2298 = SURFACE_OF_LINEAR_EXTRUSION('',#2299,#2303);
#2299 = B_SPLINE_CURVE_WITH_KNOTS('',2,(#2300,#2301,#2302),
  .UNSPECIFIED.,.F.,.F.,(3,3),(0.,1.),.PIECEWISE_BEZIER_KNOTS.);
#2300 = CARTESIAN_POINT('',(13.587890625,-7.240234375,0.));
#2301 = CARTESIAN_POINT('',(13.068359375,-7.740234375,0.));
#2302 = CARTESIAN_POINT('',(12.220703125,-7.740234375,0.));
#2303 = VECTOR('',#2304,1.);
#2304 = DIRECTION('',(-0.,-0.,-1.));
#2305 = DEFINITIONAL_REPRESENTATION('',(#2306),#2325);
#2306 = B_SPLINE_CURVE_WITH_KNOTS('',5,(#2307,#2308,#2309,#2310,#2311,
    #2312,#2313,#2314,#2315,#2316,#2317,#2318,#2319,#2320,#2321,#2322,
    #2323,#2324),.UNSPECIFIED.,.F.,.F.,(6,4,4,4,6),(0.,0.288230173881,
    0.540720433444,0.785016852079,1.),.UNSPECIFIED.);
#2307 = CARTESIAN_POINT('',(1.,-0.2));
#2308 = CARTESIAN_POINT('',(0.947334351971,-0.2));
#2309 = CARTESIAN_POINT('',(0.893673161855,-0.2));
#2310 = CARTESIAN_POINT('',(0.839027545821,-0.2));
#2311 = CARTESIAN_POINT('',(0.783440265591,-0.2));
#2312 = CARTESIAN_POINT('',(0.677558204518,-0.2));
#2313 = CARTESIAN_POINT('',(0.627461452796,-0.2));
#2314 = CARTESIAN_POINT('',(0.576772573168,-0.2));
#2315 = CARTESIAN_POINT('',(0.52557911868,-0.2));
#2316 = CARTESIAN_POINT('',(0.4240947324,-0.2));
#2317 = CARTESIAN_POINT('',(0.373826080773,-0.2));
#2318 = CARTESIAN_POINT('',(0.323304367423,-0.2));
#2319 = CARTESIAN_POINT('',(0.272651095655,-0.2));
#2320 = CARTESIAN_POINT('',(0.177426559053,-0.2));
#2321 = CARTESIAN_POINT('',(0.13285264402,-0.2));
#2322 = CARTESIAN_POINT('',(8.83686804328E-02,-0.2));
#2323 = CARTESIAN_POINT('',(4.405854255038E-02,-0.2));
#2324 = CARTESIAN_POINT('',(0.,-0.2));
#2325 = ( GEOMETRIC_REPRESENTATION_CONTEXT(2) 
PARAMETRIC_REPRESENTATION_CONTEXT() REPRESENTATION_CONTEXT('2D SPACE',''
  ) );
#2326 = ORIENTED_EDGE('',*,*,#2327,.F.);
#2327 = EDGE_CURVE('',#2328,#2253,#2330,.T.);
#2328 = VERTEX_POINT('',#2329);
#2329 = CARTESIAN_POINT('',(10.853515625,-7.23828125,0.2));
#2330 = SURFACE_CURVE('',#2331,(#2350,#2372),.PCURVE_S1.);
#2331 = B_SPLINE_CURVE_WITH_KNOTS('',5,(#2332,#2333,#2334,#2335,#2336,
    #2337,#2338,#2339,#2340,#2341,#2342,#2343,#2344,#2345,#2346,#2347,
    #2348,#2349),.UNSPECIFIED.,.F.,.F.,(6,4,4,4,6),(0.,0.219939034296,
    0.4633616584,0.713923847132,1.),.UNSPECIFIED.);
#2332 = CARTESIAN_POINT('',(10.853515625,-7.23828125,0.2));
#2333 = CARTESIAN_POINT('',(10.900310499138,-7.283492838923,0.2));
#2334 = CARTESIAN_POINT('',(10.949048353018,-7.326429034131,0.2));
#2335 = CARTESIAN_POINT('',(10.999682573285,-7.366945634843,0.2));
#2336 = CARTESIAN_POINT('',(11.052135299121,-7.404928588557,0.2));
#2337 = CARTESIAN_POINT('',(11.16622858343,-7.47945408358,0.2));
#2338 = CARTESIAN_POINT('',(11.22825554285,-7.515412009316,0.2));
#2339 = CARTESIAN_POINT('',(11.292214251825,-7.548073355424,0.2));
#2340 = CARTESIAN_POINT('',(11.357917663108,-7.577411768016,0.2));
#2341 = CARTESIAN_POINT('',(11.49437213902,-7.630272589033,0.2));
#2342 = CARTESIAN_POINT('',(11.565218077909,-7.65360040908,0.2));
#2343 = CARTESIAN_POINT('',(11.637475004279,-7.673480632629,0.2));
#2344 = CARTESIAN_POINT('',(11.710925214953,-7.690023414163,0.2));
#2345 = CARTESIAN_POINT('',(11.870369085448,-7.718609225362,0.2));
#2346 = CARTESIAN_POINT('',(11.95666585511,-7.729682212597,0.2));
#2347 = CARTESIAN_POINT('',(12.043974014088,-7.736802604991,0.2));
#2348 = CARTESIAN_POINT('',(12.132048910709,-7.740234375,0.2));
#2349 = CARTESIAN_POINT('',(12.220703125,-7.740234375,0.2));
#2350 = PCURVE('',#32,#2351);
#2351 = DEFINITIONAL_REPRESENTATION('',(#2352),#2371);
#2352 = B_SPLINE_CURVE_WITH_KNOTS('',5,(#2353,#2354,#2355,#2356,#2357,
    #2358,#2359,#2360,#2361,#2362,#2363,#2364,#2365,#2366,#2367,#2368,
    #2369,#2370),.UNSPECIFIED.,.F.,.F.,(6,4,4,4,6),(0.,0.219939034296,
    0.4633616584,0.713923847132,1.),.UNSPECIFIED.);
#2353 = CARTESIAN_POINT('',(60.853515625,42.96171875));
#2354 = CARTESIAN_POINT('',(60.900310499138,42.916507161077));
#2355 = CARTESIAN_POINT('',(60.949048353018,42.873570965869));
#2356 = CARTESIAN_POINT('',(60.999682573285,42.833054365157));
#2357 = CARTESIAN_POINT('',(61.052135299121,42.795071411443));
#2358 = CARTESIAN_POINT('',(61.16622858343,42.72054591642));
#2359 = CARTESIAN_POINT('',(61.22825554285,42.684587990684));
#2360 = CARTESIAN_POINT('',(61.292214251825,42.651926644576));
#2361 = CARTESIAN_POINT('',(61.357917663108,42.622588231984));
#2362 = CARTESIAN_POINT('',(61.49437213902,42.569727410967));
#2363 = CARTESIAN_POINT('',(61.565218077909,42.54639959092));
#2364 = CARTESIAN_POINT('',(61.637475004279,42.526519367371));
#2365 = CARTESIAN_POINT('',(61.710925214953,42.509976585837));
#2366 = CARTESIAN_POINT('',(61.870369085448,42.481390774638));
#2367 = CARTESIAN_POINT('',(61.95666585511,42.470317787403));
#2368 = CARTESIAN_POINT('',(62.043974014088,42.463197395009));
#2369 = CARTESIAN_POINT('',(62.132048910709,42.459765625));
#2370 = CARTESIAN_POINT('',(62.220703125,42.459765625));
#2371 = ( GEOMETRIC_REPRESENTATION_CONTEXT(2) 
PARAMETRIC_REPRESENTATION_CONTEXT() REPRESENTATION_CONTEXT('2D SPACE',''
  ) );
#2372 = PCURVE('',#2373,#2380);
#2373 = SURFACE_OF_LINEAR_EXTRUSION('',#2374,#2378);
#2374 = B_SPLINE_CURVE_WITH_KNOTS('',2,(#2375,#2376,#2377),
  .UNSPECIFIED.,.F.,.F.,(3,3),(0.,1.),.PIECEWISE_BEZIER_KNOTS.);
#2375 = CARTESIAN_POINT('',(12.220703125,-7.740234375,0.));
#2376 = CARTESIAN_POINT('',(11.373046875,-7.740234375,0.));
#2377 = CARTESIAN_POINT('',(10.853515625,-7.23828125,0.));
#2378 = VECTOR('',#2379,1.);
#2379 = DIRECTION('',(-0.,-0.,-1.));
#2380 = DEFINITIONAL_REPRESENTATION('',(#2381),#2400);
#2381 = B_SPLINE_CURVE_WITH_KNOTS('',5,(#2382,#2383,#2384,#2385,#2386,
    #2387,#2388,#2389,#2390,#2391,#2392,#2393,#2394,#2395,#2396,#2397,
    #2398,#2399),.UNSPECIFIED.,.F.,.F.,(6,4,4,4,6),(0.,0.219939034296,
    0.4633616584,0.713923847132,1.),.UNSPECIFIED.);
#2382 = CARTESIAN_POINT('',(1.,-0.2));
#2383 = CARTESIAN_POINT('',(0.954964331657,-0.2));
#2384 = CARTESIAN_POINT('',(0.909659944219,-0.2));
#2385 = CARTESIAN_POINT('',(0.864169935583,-0.2));
#2386 = CARTESIAN_POINT('',(0.818584210435,-0.2));
#2387 = CARTESIAN_POINT('',(0.722548618519,-0.2));
#2388 = CARTESIAN_POINT('',(0.672096250857,-0.2));
#2389 = CARTESIAN_POINT('',(0.621775548009,-0.2));
#2390 = CARTESIAN_POINT('',(0.571707003801,-0.2));
#2391 = CARTESIAN_POINT('',(0.470835094053,-0.2));
#2392 = CARTESIAN_POINT('',(0.420050797258,-0.2));
#2393 = CARTESIAN_POINT('',(0.369763573584,-0.2));
#2394 = CARTESIAN_POINT('',(0.32005936328,-0.2));
#2395 = CARTESIAN_POINT('',(0.21498710364,-0.2));
#2396 = CARTESIAN_POINT('',(0.159814300608,-0.2));
#2397 = CARTESIAN_POINT('',(0.105569000965,-0.2));
#2398 = CARTESIAN_POINT('',(5.229373008858E-02,-0.2));
#2399 = CARTESIAN_POINT('',(0.,-0.2));
#2400 = ( GEOMETRIC_REPRESENTATION_CONTEXT(2) 
PARAMETRIC_REPRESENTATION_CONTEXT() REPRESENTATION_CONTEXT('2D SPACE',''
  ) );
#2401 = ORIENTED_EDGE('',*,*,#2402,.F.);
#2402 = EDGE_CURVE('',#2403,#2328,#2405,.T.);
#2403 = VERTEX_POINT('',#2404);
#2404 = CARTESIAN_POINT('',(10.333984375,-5.986328125,0.2));
#2405 = SURFACE_CURVE('',#2406,(#2421,#2439),.PCURVE_S1.);
#2406 = B_SPLINE_CURVE_WITH_KNOTS('',5,(#2407,#2408,#2409,#2410,#2411,
    #2412,#2413,#2414,#2415,#2416,#2417,#2418,#2419,#2420),
  .UNSPECIFIED.,.F.,.F.,(6,4,4,6),(0.,0.187545947022,0.563243476355,1.),
  .UNSPECIFIED.);
#2407 = CARTESIAN_POINT('',(10.333984375,-5.986328125,0.2));
#2408 = CARTESIAN_POINT('',(10.333984375,-6.039900853439,0.2));
#2409 = CARTESIAN_POINT('',(10.335641133143,-6.093230340184,0.2));
#2410 = CARTESIAN_POINT('',(10.339022349694,-6.146255725204,0.2));
#2411 = CARTESIAN_POINT('',(10.344190312722,-6.198908023386,0.2));
#2412 = CARTESIAN_POINT('',(10.365221973514,-6.355687993983,0.2));
#2413 = CARTESIAN_POINT('',(10.386616934097,-6.458482121602,0.2));
#2414 = CARTESIAN_POINT('',(10.415765185113,-6.558845273421,0.2));
#2415 = CARTESIAN_POINT('',(10.452816596886,-6.656130796059,0.2));
#2416 = CARTESIAN_POINT('',(10.549427626369,-6.858611525316,0.2));
#2417 = CARTESIAN_POINT('',(10.611685986693,-6.962562714532,0.2));
#2418 = CARTESIAN_POINT('',(10.683834419182,-7.060687709788,0.2));
#2419 = CARTESIAN_POINT('',(10.764849803353,-7.152615399762,0.2));
#2420 = CARTESIAN_POINT('',(10.853515625,-7.23828125,0.2));
#2421 = PCURVE('',#32,#2422);
#2422 = DEFINITIONAL_REPRESENTATION('',(#2423),#2438);
#2423 = B_SPLINE_CURVE_WITH_KNOTS('',5,(#2424,#2425,#2426,#2427,#2428,
    #2429,#2430,#2431,#2432,#2433,#2434,#2435,#2436,#2437),
  .UNSPECIFIED.,.F.,.F.,(6,4,4,6),(0.,0.187545947022,0.563243476355,1.),
  .UNSPECIFIED.);
#2424 = CARTESIAN_POINT('',(60.333984375,44.213671875));
#2425 = CARTESIAN_POINT('',(60.333984375,44.160099146561));
#2426 = CARTESIAN_POINT('',(60.335641133143,44.106769659816));
#2427 = CARTESIAN_POINT('',(60.339022349694,44.053744274796));
#2428 = CARTESIAN_POINT('',(60.344190312722,44.001091976614));
#2429 = CARTESIAN_POINT('',(60.365221973514,43.844312006017));
#2430 = CARTESIAN_POINT('',(60.386616934097,43.741517878398));
#2431 = CARTESIAN_POINT('',(60.415765185113,43.641154726579));
#2432 = CARTESIAN_POINT('',(60.452816596886,43.543869203941));
#2433 = CARTESIAN_POINT('',(60.549427626369,43.341388474684));
#2434 = CARTESIAN_POINT('',(60.611685986693,43.237437285468));
#2435 = CARTESIAN_POINT('',(60.683834419182,43.139312290212));
#2436 = CARTESIAN_POINT('',(60.764849803353,43.047384600238));
#2437 = CARTESIAN_POINT('',(60.853515625,42.96171875));
#2438 = ( GEOMETRIC_REPRESENTATION_CONTEXT(2) 
PARAMETRIC_REPRESENTATION_CONTEXT() REPRESENTATION_CONTEXT('2D SPACE',''
  ) );
#2439 = PCURVE('',#2440,#2447);
#2440 = SURFACE_OF_LINEAR_EXTRUSION('',#2441,#2445);
#2441 = B_SPLINE_CURVE_WITH_KNOTS('',2,(#2442,#2443,#2444),
  .UNSPECIFIED.,.F.,.F.,(3,3),(0.,1.),.PIECEWISE_BEZIER_KNOTS.);
#2442 = CARTESIAN_POINT('',(10.853515625,-7.23828125,0.));
#2443 = CARTESIAN_POINT('',(10.333984375,-6.736328125,0.));
#2444 = CARTESIAN_POINT('',(10.333984375,-5.986328125,0.));
#2445 = VECTOR('',#2446,1.);
#2446 = DIRECTION('',(-0.,-0.,-1.));
#2447 = DEFINITIONAL_REPRESENTATION('',(#2448),#2463);
#2448 = B_SPLINE_CURVE_WITH_KNOTS('',5,(#2449,#2450,#2451,#2452,#2453,
    #2454,#2455,#2456,#2457,#2458,#2459,#2460,#2461,#2462),
  .UNSPECIFIED.,.F.,.F.,(6,4,4,6),(0.,0.187545947022,0.563243476355,1.),
  .UNSPECIFIED.);
#2449 = CARTESIAN_POINT('',(1.,-0.2));
#2450 = CARTESIAN_POINT('',(0.964284847707,-0.2));
#2451 = CARTESIAN_POINT('',(0.928204517486,-0.2));
#2452 = CARTESIAN_POINT('',(0.891778033984,-0.2));
#2453 = CARTESIAN_POINT('',(0.855031561249,-0.2));
#2454 = CARTESIAN_POINT('',(0.74381729283,-0.2));
#2455 = CARTESIAN_POINT('',(0.66847794962,-0.2));
#2456 = CARTESIAN_POINT('',(0.592291417633,-0.2));
#2457 = CARTESIAN_POINT('',(0.515641096037,-0.2));
#2458 = CARTESIAN_POINT('',(0.349903064141,-0.2));
#2459 = CARTESIAN_POINT('',(0.2607857005,-0.2));
#2460 = CARTESIAN_POINT('',(0.172404498334,-0.2));
#2461 = CARTESIAN_POINT('',(8.533252008166E-02,-0.2));
#2462 = CARTESIAN_POINT('',(0.,-0.2));
#2463 = ( GEOMETRIC_REPRESENTATION_CONTEXT(2) 
PARAMETRIC_REPRESENTATION_CONTEXT() REPRESENTATION_CONTEXT('2D SPACE',''
  ) );
#2464 = ORIENTED_EDGE('',*,*,#2465,.F.);
#2465 = EDGE_CURVE('',#2466,#2403,#2468,.T.);
#2466 = VERTEX_POINT('',#2467);
#2467 = CARTESIAN_POINT('',(10.420619701415,-5.423985182066,0.2));
#2468 = SURFACE_CURVE('',#2469,(#2482,#2498),.PCURVE_S1.);
#2469 = B_SPLINE_CURVE_WITH_KNOTS('',6,(#2470,#2471,#2472,#2473,#2474,
    #2475,#2476,#2477,#2478,#2479,#2480,#2481),.UNSPECIFIED.,.F.,.F.,(7,
    5,7),(0.,0.101203590662,1.),.UNSPECIFIED.);
#2470 = CARTESIAN_POINT('',(10.6171875,-5.05078125,0.2));
#2471 = CARTESIAN_POINT('',(10.607378238521,-5.063837715278,0.2));
#2472 = CARTESIAN_POINT('',(10.597767766812,-5.077031674211,0.2));
#2473 = CARTESIAN_POINT('',(10.588357741864,-5.090361702741,0.2));
#2474 = CARTESIAN_POINT('',(10.57914965117,-5.103826254122,0.2));
#2475 = CARTESIAN_POINT('',(10.57014481272,-5.117423658917,0.2));
#2476 = CARTESIAN_POINT('',(10.483187051023,-5.253075625347,0.2));
#2477 = CARTESIAN_POINT('',(10.421116796238,-5.38538994392,0.2));
#2478 = CARTESIAN_POINT('',(10.376086822784,-5.526668428496,0.2));
#2479 = CARTESIAN_POINT('',(10.347488266803,-5.675099081053,0.2));
#2480 = CARTESIAN_POINT('',(10.333984375,-5.82885789968,0.2));
#2481 = CARTESIAN_POINT('',(10.333984375,-5.986328125,0.2));
#2482 = PCURVE('',#32,#2483);
#2483 = DEFINITIONAL_REPRESENTATION('',(#2484),#2497);
#2484 = B_SPLINE_CURVE_WITH_KNOTS('',6,(#2485,#2486,#2487,#2488,#2489,
    #2490,#2491,#2492,#2493,#2494,#2495,#2496),.UNSPECIFIED.,.F.,.F.,(7,
    5,7),(0.,0.101203590662,1.),.UNSPECIFIED.);
#2485 = CARTESIAN_POINT('',(60.6171875,45.14921875));
#2486 = CARTESIAN_POINT('',(60.607378238521,45.136162284722));
#2487 = CARTESIAN_POINT('',(60.597767766812,45.122968325789));
#2488 = CARTESIAN_POINT('',(60.588357741864,45.109638297259));
#2489 = CARTESIAN_POINT('',(60.57914965117,45.096173745878));
#2490 = CARTESIAN_POINT('',(60.57014481272,45.082576341083));
#2491 = CARTESIAN_POINT('',(60.483187051023,44.946924374653));
#2492 = CARTESIAN_POINT('',(60.421116796238,44.81461005608));
#2493 = CARTESIAN_POINT('',(60.376086822784,44.673331571504));
#2494 = CARTESIAN_POINT('',(60.347488266803,44.524900918947));
#2495 = CARTESIAN_POINT('',(60.333984375,44.37114210032));
#2496 = CARTESIAN_POINT('',(60.333984375,44.213671875));
#2497 = ( GEOMETRIC_REPRESENTATION_CONTEXT(2) 
PARAMETRIC_REPRESENTATION_CONTEXT() REPRESENTATION_CONTEXT('2D SPACE',''
  ) );
#2498 = PCURVE('',#2499,#2506);
#2499 = SURFACE_OF_LINEAR_EXTRUSION('',#2500,#2504);
#2500 = B_SPLINE_CURVE_WITH_KNOTS('',2,(#2501,#2502,#2503),
  .UNSPECIFIED.,.F.,.F.,(3,3),(0.,1.),.PIECEWISE_BEZIER_KNOTS.);
#2501 = CARTESIAN_POINT('',(10.333984375,-5.986328125,0.));
#2502 = CARTESIAN_POINT('',(10.333984375,-5.427734375,0.));
#2503 = CARTESIAN_POINT('',(10.6171875,-5.05078125,0.));
#2504 = VECTOR('',#2505,1.);
#2505 = DIRECTION('',(-0.,-0.,-1.));
#2506 = DEFINITIONAL_REPRESENTATION('',(#2507),#2520);
#2507 = B_SPLINE_CURVE_WITH_KNOTS('',6,(#2508,#2509,#2510,#2511,#2512,
    #2513,#2514,#2515,#2516,#2517,#2518,#2519),.UNSPECIFIED.,.F.,.F.,(7,
    5,7),(0.,0.101203590662,1.),.UNSPECIFIED.);
#2508 = CARTESIAN_POINT('',(1.,-0.2));
#2509 = CARTESIAN_POINT('',(0.982681579734,-0.2));
#2510 = CARTESIAN_POINT('',(0.965354213782,-0.2));
#2511 = CARTESIAN_POINT('',(0.948020128106,-0.2));
#2512 = CARTESIAN_POINT('',(0.930681561178,-0.2));
#2513 = CARTESIAN_POINT('',(0.91334076398,-0.2));
#2514 = CARTESIAN_POINT('',(0.741995420735,-0.2));
#2515 = CARTESIAN_POINT('',(0.587925583953,-0.2));
#2516 = CARTESIAN_POINT('',(0.43561473381,-0.2));
#2517 = CARTESIAN_POINT('',(0.286335248791,-0.2));
#2518 = CARTESIAN_POINT('',(0.140952369517,-0.2));
#2519 = CARTESIAN_POINT('',(0.,-0.2));
#2520 = ( GEOMETRIC_REPRESENTATION_CONTEXT(2) 
PARAMETRIC_REPRESENTATION_CONTEXT() REPRESENTATION_CONTEXT('2D SPACE',''
  ) );
#2521 = ORIENTED_EDGE('',*,*,#2522,.T.);
#2522 = EDGE_CURVE('',#2466,#2523,#2525,.T.);
#2523 = VERTEX_POINT('',#2524);
#2524 = CARTESIAN_POINT('',(8.849609375,-4.953953337318,0.2));
#2525 = SURFACE_CURVE('',#2526,(#2531,#2542),.PCURVE_S1.);
#2526 = CIRCLE('',#2527,15.25);
#2527 = AXIS2_PLACEMENT_3D('',#2528,#2529,#2530);
#2528 = CARTESIAN_POINT('',(14.,9.4,0.2));
#2529 = DIRECTION('',(0.,0.,-1.));
#2530 = DIRECTION('',(1.,0.,0.));
#2531 = PCURVE('',#32,#2532);
#2532 = DEFINITIONAL_REPRESENTATION('',(#2533),#2541);
#2533 = ( BOUNDED_CURVE() B_SPLINE_CURVE(2,(#2534,#2535,#2536,#2537,
#2538,#2539,#2540),.UNSPECIFIED.,.T.,.F.) B_SPLINE_CURVE_WITH_KNOTS((1,2
    ,2,2,2,1),(-2.094395102393,0.,2.094395102393,4.188790204786,
6.28318530718,8.377580409573),.UNSPECIFIED.) CURVE() 
GEOMETRIC_REPRESENTATION_ITEM() RATIONAL_B_SPLINE_CURVE((1.,0.5,1.,0.5,
1.,0.5,1.)) REPRESENTATION_ITEM('') );
#2534 = CARTESIAN_POINT('',(79.25,59.6));
#2535 = CARTESIAN_POINT('',(79.25,33.186225184575));
#2536 = CARTESIAN_POINT('',(56.375,46.393112592287));
#2537 = CARTESIAN_POINT('',(33.5,59.6));
#2538 = CARTESIAN_POINT('',(56.375,72.806887407713));
#2539 = CARTESIAN_POINT('',(79.25,86.013774815425));
#2540 = CARTESIAN_POINT('',(79.25,59.6));
#2541 = ( GEOMETRIC_REPRESENTATION_CONTEXT(2) 
PARAMETRIC_REPRESENTATION_CONTEXT() REPRESENTATION_CONTEXT('2D SPACE',''
  ) );
#2542 = PCURVE('',#2080,#2543);
#2543 = DEFINITIONAL_REPRESENTATION('',(#2544),#2548);
#2544 = LINE('',#2545,#2546);
#2545 = CARTESIAN_POINT('',(-6.28318530718,-0.4));
#2546 = VECTOR('',#2547,1.);
#2547 = DIRECTION('',(1.,-0.));
#2548 = ( GEOMETRIC_REPRESENTATION_CONTEXT(2) 
PARAMETRIC_REPRESENTATION_CONTEXT() REPRESENTATION_CONTEXT('2D SPACE',''
  ) );
#2549 = ORIENTED_EDGE('',*,*,#2550,.F.);
#2550 = EDGE_CURVE('',#2551,#2523,#2553,.T.);
#2551 = VERTEX_POINT('',#2552);
#2552 = CARTESIAN_POINT('',(8.849609375,-5.626953125,0.2));
#2553 = SURFACE_CURVE('',#2554,(#2558,#2564),.PCURVE_S1.);
#2554 = LINE('',#2555,#2556);
#2555 = CARTESIAN_POINT('',(8.849609375,-26.0580078125,0.2));
#2556 = VECTOR('',#2557,1.);
#2557 = DIRECTION('',(-0.,1.,0.));
#2558 = PCURVE('',#32,#2559);
#2559 = DEFINITIONAL_REPRESENTATION('',(#2560),#2563);
#2560 = B_SPLINE_CURVE_WITH_KNOTS('',1,(#2561,#2562),.UNSPECIFIED.,.F.,
  .F.,(2,2),(20.4310546875,24.1419921875),.PIECEWISE_BEZIER_KNOTS.);
#2561 = CARTESIAN_POINT('',(58.849609375,44.573046875));
#2562 = CARTESIAN_POINT('',(58.849609375,48.283984375));
#2563 = ( GEOMETRIC_REPRESENTATION_CONTEXT(2) 
PARAMETRIC_REPRESENTATION_CONTEXT() REPRESENTATION_CONTEXT('2D SPACE',''
  ) );
#2564 = PCURVE('',#2565,#2570);
#2565 = PLANE('',#2566);
#2566 = AXIS2_PLACEMENT_3D('',#2567,#2568,#2569);
#2567 = CARTESIAN_POINT('',(8.849609375,-1.916015625,0.));
#2568 = DIRECTION('',(1.,0.,-0.));
#2569 = DIRECTION('',(0.,-1.,0.));
#2570 = DEFINITIONAL_REPRESENTATION('',(#2571),#2574);
#2571 = B_SPLINE_CURVE_WITH_KNOTS('',1,(#2572,#2573),.UNSPECIFIED.,.F.,
  .F.,(2,2),(20.4310546875,24.1419921875),.PIECEWISE_BEZIER_KNOTS.);
#2572 = CARTESIAN_POINT('',(3.7109375,-0.2));
#2573 = CARTESIAN_POINT('',(0.,-0.2));
#2574 = ( GEOMETRIC_REPRESENTATION_CONTEXT(2) 
PARAMETRIC_REPRESENTATION_CONTEXT() REPRESENTATION_CONTEXT('2D SPACE',''
  ) );
#2575 = ORIENTED_EDGE('',*,*,#2576,.F.);
#2576 = EDGE_CURVE('',#2577,#2551,#2579,.T.);
#2577 = VERTEX_POINT('',#2578);
#2578 = CARTESIAN_POINT('',(9.623046875,-5.626953125,0.2));
#2579 = SURFACE_CURVE('',#2580,(#2584,#2590),.PCURVE_S1.);
#2580 = LINE('',#2581,#2582);
#2581 = CARTESIAN_POINT('',(-20.5751953125,-5.626953125,0.2));
#2582 = VECTOR('',#2583,1.);
#2583 = DIRECTION('',(-1.,0.,0.));
#2584 = PCURVE('',#32,#2585);
#2585 = DEFINITIONAL_REPRESENTATION('',(#2586),#2589);
#2586 = B_SPLINE_CURVE_WITH_KNOTS('',1,(#2587,#2588),.UNSPECIFIED.,.F.,
  .F.,(2,2),(-30.1982421875,-29.4248046875),.PIECEWISE_BEZIER_KNOTS.);
#2587 = CARTESIAN_POINT('',(59.623046875,44.573046875));
#2588 = CARTESIAN_POINT('',(58.849609375,44.573046875));
#2589 = ( GEOMETRIC_REPRESENTATION_CONTEXT(2) 
PARAMETRIC_REPRESENTATION_CONTEXT() REPRESENTATION_CONTEXT('2D SPACE',''
  ) );
#2590 = PCURVE('',#2591,#2596);
#2591 = PLANE('',#2592);
#2592 = AXIS2_PLACEMENT_3D('',#2593,#2594,#2595);
#2593 = CARTESIAN_POINT('',(8.849609375,-5.626953125,0.));
#2594 = DIRECTION('',(0.,1.,0.));
#2595 = DIRECTION('',(1.,0.,0.));
#2596 = DEFINITIONAL_REPRESENTATION('',(#2597),#2600);
#2597 = B_SPLINE_CURVE_WITH_KNOTS('',1,(#2598,#2599),.UNSPECIFIED.,.F.,
  .F.,(2,2),(-30.1982421875,-29.4248046875),.PIECEWISE_BEZIER_KNOTS.);
#2598 = CARTESIAN_POINT('',(0.7734375,-0.2));
#2599 = CARTESIAN_POINT('',(0.,-0.2));
#2600 = ( GEOMETRIC_REPRESENTATION_CONTEXT(2) 
PARAMETRIC_REPRESENTATION_CONTEXT() REPRESENTATION_CONTEXT('2D SPACE',''
  ) );
#2601 = ORIENTED_EDGE('',*,*,#2602,.F.);
#2602 = EDGE_CURVE('',#2603,#2577,#2605,.T.);
#2603 = VERTEX_POINT('',#2604);
#2604 = CARTESIAN_POINT('',(9.623046875,-6.271484375,0.2));
#2605 = SURFACE_CURVE('',#2606,(#2610,#2616),.PCURVE_S1.);
#2606 = LINE('',#2607,#2608);
#2607 = CARTESIAN_POINT('',(9.623046875,-27.9134765625,0.2));
#2608 = VECTOR('',#2609,1.);
#2609 = DIRECTION('',(-0.,1.,0.));
#2610 = PCURVE('',#32,#2611);
#2611 = DEFINITIONAL_REPRESENTATION('',(#2612),#2615);
#2612 = B_SPLINE_CURVE_WITH_KNOTS('',1,(#2613,#2614),.UNSPECIFIED.,.F.,
  .F.,(2,2),(21.6419921875,22.2865234375),.PIECEWISE_BEZIER_KNOTS.);
#2613 = CARTESIAN_POINT('',(59.623046875,43.928515625));
#2614 = CARTESIAN_POINT('',(59.623046875,44.573046875));
#2615 = ( GEOMETRIC_REPRESENTATION_CONTEXT(2) 
PARAMETRIC_REPRESENTATION_CONTEXT() REPRESENTATION_CONTEXT('2D SPACE',''
  ) );
#2616 = PCURVE('',#2617,#2622);
#2617 = PLANE('',#2618);
#2618 = AXIS2_PLACEMENT_3D('',#2619,#2620,#2621);
#2619 = CARTESIAN_POINT('',(9.623046875,-5.626953125,0.));
#2620 = DIRECTION('',(1.,0.,-0.));
#2621 = DIRECTION('',(0.,-1.,0.));
#2622 = DEFINITIONAL_REPRESENTATION('',(#2623),#2626);
#2623 = B_SPLINE_CURVE_WITH_KNOTS('',1,(#2624,#2625),.UNSPECIFIED.,.F.,
  .F.,(2,2),(21.6419921875,22.2865234375),.PIECEWISE_BEZIER_KNOTS.);
#2624 = CARTESIAN_POINT('',(0.64453125,-0.2));
#2625 = CARTESIAN_POINT('',(0.,-0.2));
#2626 = ( GEOMETRIC_REPRESENTATION_CONTEXT(2) 
PARAMETRIC_REPRESENTATION_CONTEXT() REPRESENTATION_CONTEXT('2D SPACE',''
  ) );
#2627 = ORIENTED_EDGE('',*,*,#2628,.F.);
#2628 = EDGE_CURVE('',#2629,#2603,#2631,.T.);
#2629 = VERTEX_POINT('',#2630);
#2630 = CARTESIAN_POINT('',(8.849609375,-6.271484375,0.2));
#2631 = SURFACE_CURVE('',#2632,(#2636,#2642),.PCURVE_S1.);
#2632 = LINE('',#2633,#2634);
#2633 = CARTESIAN_POINT('',(-20.1884765625,-6.271484375,0.2));
#2634 = VECTOR('',#2635,1.);
#2635 = DIRECTION('',(1.,0.,-0.));
#2636 = PCURVE('',#32,#2637);
#2637 = DEFINITIONAL_REPRESENTATION('',(#2638),#2641);
#2638 = B_SPLINE_CURVE_WITH_KNOTS('',1,(#2639,#2640),.UNSPECIFIED.,.F.,
  .F.,(2,2),(29.0380859375,29.8115234375),.PIECEWISE_BEZIER_KNOTS.);
#2639 = CARTESIAN_POINT('',(58.849609375,43.928515625));
#2640 = CARTESIAN_POINT('',(59.623046875,43.928515625));
#2641 = ( GEOMETRIC_REPRESENTATION_CONTEXT(2) 
PARAMETRIC_REPRESENTATION_CONTEXT() REPRESENTATION_CONTEXT('2D SPACE',''
  ) );
#2642 = PCURVE('',#2643,#2648);
#2643 = PLANE('',#2644);
#2644 = AXIS2_PLACEMENT_3D('',#2645,#2646,#2647);
#2645 = CARTESIAN_POINT('',(9.623046875,-6.271484375,0.));
#2646 = DIRECTION('',(0.,-1.,0.));
#2647 = DIRECTION('',(-1.,0.,0.));
#2648 = DEFINITIONAL_REPRESENTATION('',(#2649),#2652);
#2649 = B_SPLINE_CURVE_WITH_KNOTS('',1,(#2650,#2651),.UNSPECIFIED.,.F.,
  .F.,(2,2),(29.0380859375,29.8115234375),.PIECEWISE_BEZIER_KNOTS.);
#2650 = CARTESIAN_POINT('',(0.7734375,-0.2));
#2651 = CARTESIAN_POINT('',(0.,-0.2));
#2652 = ( GEOMETRIC_REPRESENTATION_CONTEXT(2) 
PARAMETRIC_REPRESENTATION_CONTEXT() REPRESENTATION_CONTEXT('2D SPACE',''
  ) );
#2653 = ORIENTED_EDGE('',*,*,#2654,.F.);
#2654 = EDGE_CURVE('',#2655,#2629,#2657,.T.);
#2655 = VERTEX_POINT('',#2656);
#2656 = CARTESIAN_POINT('',(8.849609375,-7.642578125,0.2));
#2657 = SURFACE_CURVE('',#2658,(#2662,#2668),.PCURVE_S1.);
#2658 = LINE('',#2659,#2660);
#2659 = CARTESIAN_POINT('',(8.849609375,-28.2357421875,0.2));
#2660 = VECTOR('',#2661,1.);
#2661 = DIRECTION('',(-0.,1.,0.));
#2662 = PCURVE('',#32,#2663);
#2663 = DEFINITIONAL_REPRESENTATION('',(#2664),#2667);
#2664 = B_SPLINE_CURVE_WITH_KNOTS('',1,(#2665,#2666),.UNSPECIFIED.,.F.,
  .F.,(2,2),(20.5931640625,21.9642578125),.PIECEWISE_BEZIER_KNOTS.);
#2665 = CARTESIAN_POINT('',(58.849609375,42.557421875));
#2666 = CARTESIAN_POINT('',(58.849609375,43.928515625));
#2667 = ( GEOMETRIC_REPRESENTATION_CONTEXT(2) 
PARAMETRIC_REPRESENTATION_CONTEXT() REPRESENTATION_CONTEXT('2D SPACE',''
  ) );
#2668 = PCURVE('',#2669,#2674);
#2669 = PLANE('',#2670);
#2670 = AXIS2_PLACEMENT_3D('',#2671,#2672,#2673);
#2671 = CARTESIAN_POINT('',(8.849609375,-6.271484375,0.));
#2672 = DIRECTION('',(1.,0.,-0.));
#2673 = DIRECTION('',(0.,-1.,0.));
#2674 = DEFINITIONAL_REPRESENTATION('',(#2675),#2678);
#2675 = B_SPLINE_CURVE_WITH_KNOTS('',1,(#2676,#2677),.UNSPECIFIED.,.F.,
  .F.,(2,2),(20.5931640625,21.9642578125),.PIECEWISE_BEZIER_KNOTS.);
#2676 = CARTESIAN_POINT('',(1.37109375,-0.2));
#2677 = CARTESIAN_POINT('',(0.,-0.2));
#2678 = ( GEOMETRIC_REPRESENTATION_CONTEXT(2) 
PARAMETRIC_REPRESENTATION_CONTEXT() REPRESENTATION_CONTEXT('2D SPACE',''
  ) );
#2679 = ORIENTED_EDGE('',*,*,#2680,.F.);
#2680 = EDGE_CURVE('',#2681,#2655,#2683,.T.);
#2681 = VERTEX_POINT('',#2682);
#2682 = CARTESIAN_POINT('',(8.146484375,-7.642578125,0.2));
#2683 = SURFACE_CURVE('',#2684,(#2688,#2694),.PCURVE_S1.);
#2684 = LINE('',#2685,#2686);
#2685 = CARTESIAN_POINT('',(-20.5751953125,-7.642578125,0.2));
#2686 = VECTOR('',#2687,1.);
#2687 = DIRECTION('',(1.,0.,-0.));
#2688 = PCURVE('',#32,#2689);
#2689 = DEFINITIONAL_REPRESENTATION('',(#2690),#2693);
#2690 = B_SPLINE_CURVE_WITH_KNOTS('',1,(#2691,#2692),.UNSPECIFIED.,.F.,
  .F.,(2,2),(28.7216796875,29.4248046875),.PIECEWISE_BEZIER_KNOTS.);
#2691 = CARTESIAN_POINT('',(58.146484375,42.557421875));
#2692 = CARTESIAN_POINT('',(58.849609375,42.557421875));
#2693 = ( GEOMETRIC_REPRESENTATION_CONTEXT(2) 
PARAMETRIC_REPRESENTATION_CONTEXT() REPRESENTATION_CONTEXT('2D SPACE',''
  ) );
#2694 = PCURVE('',#2695,#2700);
#2695 = PLANE('',#2696);
#2696 = AXIS2_PLACEMENT_3D('',#2697,#2698,#2699);
#2697 = CARTESIAN_POINT('',(8.849609375,-7.642578125,0.));
#2698 = DIRECTION('',(0.,-1.,0.));
#2699 = DIRECTION('',(-1.,0.,0.));
#2700 = DEFINITIONAL_REPRESENTATION('',(#2701),#2704);
#2701 = B_SPLINE_CURVE_WITH_KNOTS('',1,(#2702,#2703),.UNSPECIFIED.,.F.,
  .F.,(2,2),(28.7216796875,29.4248046875),.PIECEWISE_BEZIER_KNOTS.);
#2702 = CARTESIAN_POINT('',(0.703125,-0.2));
#2703 = CARTESIAN_POINT('',(0.,-0.2));
#2704 = ( GEOMETRIC_REPRESENTATION_CONTEXT(2) 
PARAMETRIC_REPRESENTATION_CONTEXT() REPRESENTATION_CONTEXT('2D SPACE',''
  ) );
#2705 = ORIENTED_EDGE('',*,*,#2706,.F.);
#2706 = EDGE_CURVE('',#2707,#2681,#2709,.T.);
#2707 = VERTEX_POINT('',#2708);
#2708 = CARTESIAN_POINT('',(8.146484375,-6.271484375,0.2));
#2709 = SURFACE_CURVE('',#2710,(#2714,#2720),.PCURVE_S1.);
#2710 = LINE('',#2711,#2712);
#2711 = CARTESIAN_POINT('',(8.146484375,-28.9212890625,0.2));
#2712 = VECTOR('',#2713,1.);
#2713 = DIRECTION('',(0.,-1.,0.));
#2714 = PCURVE('',#32,#2715);
#2715 = DEFINITIONAL_REPRESENTATION('',(#2716),#2719);
#2716 = B_SPLINE_CURVE_WITH_KNOTS('',1,(#2717,#2718),.UNSPECIFIED.,.F.,
  .F.,(2,2),(-22.6498046875,-21.2787109375),.PIECEWISE_BEZIER_KNOTS.);
#2717 = CARTESIAN_POINT('',(58.146484375,43.928515625));
#2718 = CARTESIAN_POINT('',(58.146484375,42.557421875));
#2719 = ( GEOMETRIC_REPRESENTATION_CONTEXT(2) 
PARAMETRIC_REPRESENTATION_CONTEXT() REPRESENTATION_CONTEXT('2D SPACE',''
  ) );
#2720 = PCURVE('',#2721,#2726);
#2721 = PLANE('',#2722);
#2722 = AXIS2_PLACEMENT_3D('',#2723,#2724,#2725);
#2723 = CARTESIAN_POINT('',(8.146484375,-7.642578125,0.));
#2724 = DIRECTION('',(-1.,0.,0.));
#2725 = DIRECTION('',(0.,1.,0.));
#2726 = DEFINITIONAL_REPRESENTATION('',(#2727),#2730);
#2727 = B_SPLINE_CURVE_WITH_KNOTS('',1,(#2728,#2729),.UNSPECIFIED.,.F.,
  .F.,(2,2),(-22.6498046875,-21.2787109375),.PIECEWISE_BEZIER_KNOTS.);
#2728 = CARTESIAN_POINT('',(1.37109375,-0.2));
#2729 = CARTESIAN_POINT('',(0.,-0.2));
#2730 = ( GEOMETRIC_REPRESENTATION_CONTEXT(2) 
PARAMETRIC_REPRESENTATION_CONTEXT() REPRESENTATION_CONTEXT('2D SPACE',''
  ) );
#2731 = ORIENTED_EDGE('',*,*,#2732,.F.);
#2732 = EDGE_CURVE('',#2733,#2707,#2735,.T.);
#2733 = VERTEX_POINT('',#2734);
#2734 = CARTESIAN_POINT('',(5.662109375,-6.271484375,0.2));
#2735 = SURFACE_CURVE('',#2736,(#2740,#2746),.PCURVE_S1.);
#2736 = LINE('',#2737,#2738);
#2737 = CARTESIAN_POINT('',(-20.9267578125,-6.271484375,0.2));
#2738 = VECTOR('',#2739,1.);
#2739 = DIRECTION('',(1.,0.,-0.));
#2740 = PCURVE('',#32,#2741);
#2741 = DEFINITIONAL_REPRESENTATION('',(#2742),#2745);
#2742 = B_SPLINE_CURVE_WITH_KNOTS('',1,(#2743,#2744),.UNSPECIFIED.,.F.,
  .F.,(2,2),(26.5888671875,29.0732421875),.PIECEWISE_BEZIER_KNOTS.);
#2743 = CARTESIAN_POINT('',(55.662109375,43.928515625));
#2744 = CARTESIAN_POINT('',(58.146484375,43.928515625));
#2745 = ( GEOMETRIC_REPRESENTATION_CONTEXT(2) 
PARAMETRIC_REPRESENTATION_CONTEXT() REPRESENTATION_CONTEXT('2D SPACE',''
  ) );
#2746 = PCURVE('',#2747,#2752);
#2747 = PLANE('',#2748);
#2748 = AXIS2_PLACEMENT_3D('',#2749,#2750,#2751);
#2749 = CARTESIAN_POINT('',(8.146484375,-6.271484375,0.));
#2750 = DIRECTION('',(0.,-1.,0.));
#2751 = DIRECTION('',(-1.,0.,0.));
#2752 = DEFINITIONAL_REPRESENTATION('',(#2753),#2756);
#2753 = B_SPLINE_CURVE_WITH_KNOTS('',1,(#2754,#2755),.UNSPECIFIED.,.F.,
  .F.,(2,2),(26.5888671875,29.0732421875),.PIECEWISE_BEZIER_KNOTS.);
#2754 = CARTESIAN_POINT('',(2.484375,-0.2));
#2755 = CARTESIAN_POINT('',(0.,-0.2));
#2756 = ( GEOMETRIC_REPRESENTATION_CONTEXT(2) 
PARAMETRIC_REPRESENTATION_CONTEXT() REPRESENTATION_CONTEXT('2D SPACE',''
  ) );
#2757 = ORIENTED_EDGE('',*,*,#2758,.F.);
#2758 = EDGE_CURVE('',#2759,#2733,#2761,.T.);
#2759 = VERTEX_POINT('',#2760);
#2760 = CARTESIAN_POINT('',(5.662109375,-5.626953125,0.2));
#2761 = SURFACE_CURVE('',#2762,(#2766,#2772),.PCURVE_S1.);
#2762 = LINE('',#2763,#2764);
#2763 = CARTESIAN_POINT('',(5.662109375,-28.2357421875,0.2));
#2764 = VECTOR('',#2765,1.);
#2765 = DIRECTION('',(0.,-1.,0.));
#2766 = PCURVE('',#32,#2767);
#2767 = DEFINITIONAL_REPRESENTATION('',(#2768),#2771);
#2768 = B_SPLINE_CURVE_WITH_KNOTS('',1,(#2769,#2770),.UNSPECIFIED.,.F.,
  .F.,(2,2),(-22.6087890625,-21.9642578125),.PIECEWISE_BEZIER_KNOTS.);
#2769 = CARTESIAN_POINT('',(55.662109375,44.573046875));
#2770 = CARTESIAN_POINT('',(55.662109375,43.928515625));
#2771 = ( GEOMETRIC_REPRESENTATION_CONTEXT(2) 
PARAMETRIC_REPRESENTATION_CONTEXT() REPRESENTATION_CONTEXT('2D SPACE',''
  ) );
#2772 = PCURVE('',#2773,#2778);
#2773 = PLANE('',#2774);
#2774 = AXIS2_PLACEMENT_3D('',#2775,#2776,#2777);
#2775 = CARTESIAN_POINT('',(5.662109375,-6.271484375,0.));
#2776 = DIRECTION('',(-1.,0.,0.));
#2777 = DIRECTION('',(0.,1.,0.));
#2778 = DEFINITIONAL_REPRESENTATION('',(#2779),#2782);
#2779 = B_SPLINE_CURVE_WITH_KNOTS('',1,(#2780,#2781),.UNSPECIFIED.,.F.,
  .F.,(2,2),(-22.6087890625,-21.9642578125),.PIECEWISE_BEZIER_KNOTS.);
#2780 = CARTESIAN_POINT('',(0.64453125,-0.2));
#2781 = CARTESIAN_POINT('',(0.,-0.2));
#2782 = ( GEOMETRIC_REPRESENTATION_CONTEXT(2) 
PARAMETRIC_REPRESENTATION_CONTEXT() REPRESENTATION_CONTEXT('2D SPACE',''
  ) );
#2783 = ORIENTED_EDGE('',*,*,#2784,.F.);
#2784 = EDGE_CURVE('',#2785,#2759,#2787,.T.);
#2785 = VERTEX_POINT('',#2786);
#2786 = CARTESIAN_POINT('',(6.783545053676,-4.03448093555,0.2));
#2787 = SURFACE_CURVE('',#2788,(#2792,#2798),.PCURVE_S1.);
#2788 = LINE('',#2789,#2790);
#2789 = CARTESIAN_POINT('',(-14.05573643914,-33.62688365331,0.2));
#2790 = VECTOR('',#2791,1.);
#2791 = DIRECTION('',(-0.575770516134,-0.817611345781,0.));
#2792 = PCURVE('',#32,#2793);
#2793 = DEFINITIONAL_REPRESENTATION('',(#2794),#2797);
#2794 = B_SPLINE_CURVE_WITH_KNOTS('',1,(#2795,#2796),.UNSPECIFIED.,.F.,
  .F.,(2,2),(-38.78477004011,-34.2460151425),.PIECEWISE_BEZIER_KNOTS.);
#2795 = CARTESIAN_POINT('',(58.275390625,48.283984375));
#2796 = CARTESIAN_POINT('',(55.662109375,44.573046875));
#2797 = ( GEOMETRIC_REPRESENTATION_CONTEXT(2) 
PARAMETRIC_REPRESENTATION_CONTEXT() REPRESENTATION_CONTEXT('2D SPACE',''
  ) );
#2798 = PCURVE('',#2799,#2804);
#2799 = PLANE('',#2800);
#2800 = AXIS2_PLACEMENT_3D('',#2801,#2802,#2803);
#2801 = CARTESIAN_POINT('',(5.662109375,-5.626953125,0.));
#2802 = DIRECTION('',(-0.817611345781,0.575770516134,0.));
#2803 = DIRECTION('',(0.575770516134,0.817611345781,0.));
#2804 = DEFINITIONAL_REPRESENTATION('',(#2805),#2808);
#2805 = B_SPLINE_CURVE_WITH_KNOTS('',1,(#2806,#2807),.UNSPECIFIED.,.F.,
  .F.,(2,2),(-38.78477004011,-34.2460151425),.PIECEWISE_BEZIER_KNOTS.);
#2806 = CARTESIAN_POINT('',(4.538754897602,-0.2));
#2807 = CARTESIAN_POINT('',(0.,-0.2));
#2808 = ( GEOMETRIC_REPRESENTATION_CONTEXT(2) 
PARAMETRIC_REPRESENTATION_CONTEXT() REPRESENTATION_CONTEXT('2D SPACE',''
  ) );
#2809 = ORIENTED_EDGE('',*,*,#2810,.T.);
#2810 = EDGE_CURVE('',#2785,#2811,#2813,.T.);
#2811 = VERTEX_POINT('',#2812);
#2812 = CARTESIAN_POINT('',(4.997531853814,-2.909267536166,0.2));
#2813 = SURFACE_CURVE('',#2814,(#2819,#2830),.PCURVE_S1.);
#2814 = CIRCLE('',#2815,15.25);
#2815 = AXIS2_PLACEMENT_3D('',#2816,#2817,#2818);
#2816 = CARTESIAN_POINT('',(14.,9.4,0.2));
#2817 = DIRECTION('',(0.,0.,-1.));
#2818 = DIRECTION('',(1.,0.,0.));
#2819 = PCURVE('',#32,#2820);
#2820 = DEFINITIONAL_REPRESENTATION('',(#2821),#2829);
#2821 = ( BOUNDED_CURVE() B_SPLINE_CURVE(2,(#2822,#2823,#2824,#2825,
#2826,#2827,#2828),.UNSPECIFIED.,.T.,.F.) B_SPLINE_CURVE_WITH_KNOTS((1,2
    ,2,2,2,1),(-2.094395102393,0.,2.094395102393,4.188790204786,
6.28318530718,8.377580409573),.UNSPECIFIED.) CURVE() 
GEOMETRIC_REPRESENTATION_ITEM() RATIONAL_B_SPLINE_CURVE((1.,0.5,1.,0.5,
1.,0.5,1.)) REPRESENTATION_ITEM('') );
#2822 = CARTESIAN_POINT('',(79.25,59.6));
#2823 = CARTESIAN_POINT('',(79.25,33.186225184575));
#2824 = CARTESIAN_POINT('',(56.375,46.393112592287));
#2825 = CARTESIAN_POINT('',(33.5,59.6));
#2826 = CARTESIAN_POINT('',(56.375,72.806887407713));
#2827 = CARTESIAN_POINT('',(79.25,86.013774815425));
#2828 = CARTESIAN_POINT('',(79.25,59.6));
#2829 = ( GEOMETRIC_REPRESENTATION_CONTEXT(2) 
PARAMETRIC_REPRESENTATION_CONTEXT() REPRESENTATION_CONTEXT('2D SPACE',''
  ) );
#2830 = PCURVE('',#2080,#2831);
#2831 = DEFINITIONAL_REPRESENTATION('',(#2832),#2836);
#2832 = LINE('',#2833,#2834);
#2833 = CARTESIAN_POINT('',(-6.28318530718,-0.4));
#2834 = VECTOR('',#2835,1.);
#2835 = DIRECTION('',(1.,-0.));
#2836 = ( GEOMETRIC_REPRESENTATION_CONTEXT(2) 
PARAMETRIC_REPRESENTATION_CONTEXT() REPRESENTATION_CONTEXT('2D SPACE',''
  ) );
#2837 = ORIENTED_EDGE('',*,*,#2838,.F.);
#2838 = EDGE_CURVE('',#2839,#2811,#2841,.T.);
#2839 = VERTEX_POINT('',#2840);
#2840 = CARTESIAN_POINT('',(5.091796875,-3.318359375,0.2));
#2841 = SURFACE_CURVE('',#2842,(#2855,#2871),.PCURVE_S1.);
#2842 = B_SPLINE_CURVE_WITH_KNOTS('',6,(#2843,#2844,#2845,#2846,#2847,
    #2848,#2849,#2850,#2851,#2852,#2853,#2854),.UNSPECIFIED.,.F.,.F.,(7,
    5,7),(0.,0.80933045315,1.),.UNSPECIFIED.);
#2843 = CARTESIAN_POINT('',(5.091796875,-3.318359375,0.2));
#2844 = CARTESIAN_POINT('',(5.070267657586,-3.15101863965,0.2));
#2845 = CARTESIAN_POINT('',(5.03494326172,-2.988523408381,0.2));
#2846 = CARTESIAN_POINT('',(4.984139249421,-2.832944982136,0.2));
#2847 = CARTESIAN_POINT('',(4.916440003278,-2.686695098747,0.2));
#2848 = CARTESIAN_POINT('',(4.831279733203,-2.552181449492,0.2));
#2849 = CARTESIAN_POINT('',(4.706314227384,-2.402599533946,0.2));
#2850 = CARTESIAN_POINT('',(4.681597403276,-2.374822132494,0.2));
#2851 = CARTESIAN_POINT('',(4.656007576907,-2.347807837445,0.2));
#2852 = CARTESIAN_POINT('',(4.62956489449,-2.321572631685,0.2));
#2853 = CARTESIAN_POINT('',(4.602292942963,-2.296128689185,0.2));
#2854 = CARTESIAN_POINT('',(4.57421875,-2.271484375,0.2));
#2855 = PCURVE('',#32,#2856);
#2856 = DEFINITIONAL_REPRESENTATION('',(#2857),#2870);
#2857 = B_SPLINE_CURVE_WITH_KNOTS('',6,(#2858,#2859,#2860,#2861,#2862,
    #2863,#2864,#2865,#2866,#2867,#2868,#2869),.UNSPECIFIED.,.F.,.F.,(7,
    5,7),(0.,0.80933045315,1.),.UNSPECIFIED.);
#2858 = CARTESIAN_POINT('',(55.091796875,46.881640625));
#2859 = CARTESIAN_POINT('',(55.070267657586,47.04898136035));
#2860 = CARTESIAN_POINT('',(55.03494326172,47.211476591619));
#2861 = CARTESIAN_POINT('',(54.984139249421,47.367055017864));
#2862 = CARTESIAN_POINT('',(54.916440003278,47.513304901253));
#2863 = CARTESIAN_POINT('',(54.831279733203,47.647818550508));
#2864 = CARTESIAN_POINT('',(54.706314227384,47.797400466054));
#2865 = CARTESIAN_POINT('',(54.681597403276,47.825177867506));
#2866 = CARTESIAN_POINT('',(54.656007576907,47.852192162555));
#2867 = CARTESIAN_POINT('',(54.62956489449,47.878427368315));
#2868 = CARTESIAN_POINT('',(54.602292942963,47.903871310815));
#2869 = CARTESIAN_POINT('',(54.57421875,47.928515625));
#2870 = ( GEOMETRIC_REPRESENTATION_CONTEXT(2) 
PARAMETRIC_REPRESENTATION_CONTEXT() REPRESENTATION_CONTEXT('2D SPACE',''
  ) );
#2871 = PCURVE('',#2872,#2879);
#2872 = SURFACE_OF_LINEAR_EXTRUSION('',#2873,#2877);
#2873 = B_SPLINE_CURVE_WITH_KNOTS('',2,(#2874,#2875,#2876),
  .UNSPECIFIED.,.F.,.F.,(3,3),(0.,1.),.PIECEWISE_BEZIER_KNOTS.);
#2874 = CARTESIAN_POINT('',(4.57421875,-2.271484375,0.));
#2875 = CARTESIAN_POINT('',(5.005859375,-2.650390625,0.));
#2876 = CARTESIAN_POINT('',(5.091796875,-3.318359375,0.));
#2877 = VECTOR('',#2878,1.);
#2878 = DIRECTION('',(-0.,-0.,-1.));
#2879 = DEFINITIONAL_REPRESENTATION('',(#2880),#2893);
#2880 = B_SPLINE_CURVE_WITH_KNOTS('',6,(#2881,#2882,#2883,#2884,#2885,
    #2886,#2887,#2888,#2889,#2890,#2891,#2892),.UNSPECIFIED.,.F.,.F.,(7,
    5,7),(0.,0.80933045315,1.),.UNSPECIFIED.);
#2881 = CARTESIAN_POINT('',(1.,-0.2));
#2882 = CARTESIAN_POINT('',(0.874739098685,-0.2));
#2883 = CARTESIAN_POINT('',(0.744957238025,-0.2));
#2884 = CARTESIAN_POINT('',(0.611102391084,-0.2));
#2885 = CARTESIAN_POINT('',(0.474004521651,-0.2));
#2886 = CARTESIAN_POINT('',(0.334971100006,-0.2));
#2887 = CARTESIAN_POINT('',(0.163259904085,-0.2));
#2888 = CARTESIAN_POINT('',(0.130519387926,-0.2));
#2889 = CARTESIAN_POINT('',(9.780126784848E-02,-0.2));
#2890 = CARTESIAN_POINT('',(6.512773035436E-02,-0.2));
#2891 = CARTESIAN_POINT('',(3.252033212051E-02,-0.2));
#2892 = CARTESIAN_POINT('',(0.,-0.2));
#2893 = ( GEOMETRIC_REPRESENTATION_CONTEXT(2) 
PARAMETRIC_REPRESENTATION_CONTEXT() REPRESENTATION_CONTEXT('2D SPACE',''
  ) );
#2894 = ORIENTED_EDGE('',*,*,#2895,.F.);
#2895 = EDGE_CURVE('',#2896,#2839,#2898,.T.);
#2896 = VERTEX_POINT('',#2897);
#2897 = CARTESIAN_POINT('',(4.392578125,-3.373046875,0.2));
#2898 = SURFACE_CURVE('',#2899,(#2903,#2909),.PCURVE_S1.);
#2899 = LINE('',#2900,#2901);
#2900 = CARTESIAN_POINT('',(-24.10883679249,-5.602207818268,0.2));
#2901 = VECTOR('',#2902,1.);
#2902 = DIRECTION('',(0.996955380034,7.797416380157E-02,-0.));
#2903 = PCURVE('',#32,#2904);
#2904 = DEFINITIONAL_REPRESENTATION('',(#2905),#2908);
#2905 = B_SPLINE_CURVE_WITH_KNOTS('',1,(#2906,#2907),.UNSPECIFIED.,.F.,
  .F.,(2,2),(28.588455901119,29.289810007836),.PIECEWISE_BEZIER_KNOTS.);
#2906 = CARTESIAN_POINT('',(54.392578125,46.826953125));
#2907 = CARTESIAN_POINT('',(55.091796875,46.881640625));
#2908 = ( GEOMETRIC_REPRESENTATION_CONTEXT(2) 
PARAMETRIC_REPRESENTATION_CONTEXT() REPRESENTATION_CONTEXT('2D SPACE',''
  ) );
#2909 = PCURVE('',#2910,#2915);
#2910 = PLANE('',#2911);
#2911 = AXIS2_PLACEMENT_3D('',#2912,#2913,#2914);
#2912 = CARTESIAN_POINT('',(5.091796875,-3.318359375,0.));
#2913 = DIRECTION('',(7.797416380157E-02,-0.996955380034,0.));
#2914 = DIRECTION('',(-0.996955380034,-7.797416380157E-02,0.));
#2915 = DEFINITIONAL_REPRESENTATION('',(#2916),#2919);
#2916 = B_SPLINE_CURVE_WITH_KNOTS('',1,(#2917,#2918),.UNSPECIFIED.,.F.,
  .F.,(2,2),(28.588455901119,29.289810007836),.PIECEWISE_BEZIER_KNOTS.);
#2917 = CARTESIAN_POINT('',(0.701354106716,-0.2));
#2918 = CARTESIAN_POINT('',(0.,-0.2));
#2919 = ( GEOMETRIC_REPRESENTATION_CONTEXT(2) 
PARAMETRIC_REPRESENTATION_CONTEXT() REPRESENTATION_CONTEXT('2D SPACE',''
  ) );
#2920 = ORIENTED_EDGE('',*,*,#2921,.F.);
#2921 = EDGE_CURVE('',#2922,#2896,#2924,.T.);
#2922 = VERTEX_POINT('',#2923);
#2923 = CARTESIAN_POINT('',(4.126953125,-2.771484375,0.2));
#2924 = SURFACE_CURVE('',#2925,(#2933,#2944),.PCURVE_S1.);
#2925 = B_SPLINE_CURVE_WITH_KNOTS('',6,(#2926,#2927,#2928,#2929,#2930,
    #2931,#2932),.UNSPECIFIED.,.F.,.F.,(7,7),(0.,1.),
  .PIECEWISE_BEZIER_KNOTS.);
#2926 = CARTESIAN_POINT('',(4.126953125,-2.771484375,0.2));
#2927 = CARTESIAN_POINT('',(4.188420866101,-2.838540092564,0.2));
#2928 = CARTESIAN_POINT('',(4.242652839156,-2.921630066495,0.2));
#2929 = CARTESIAN_POINT('',(4.289598006752,-3.018880248432,0.2));
#2930 = CARTESIAN_POINT('',(4.329801477423,-3.127849019631,0.2));
#2931 = CARTESIAN_POINT('',(4.363911105617,-3.246434206058,0.2));
#2932 = CARTESIAN_POINT('',(4.392578125,-3.373046875,0.2));
#2933 = PCURVE('',#32,#2934);
#2934 = DEFINITIONAL_REPRESENTATION('',(#2935),#2943);
#2935 = B_SPLINE_CURVE_WITH_KNOTS('',6,(#2936,#2937,#2938,#2939,#2940,
    #2941,#2942),.UNSPECIFIED.,.F.,.F.,(7,7),(0.,1.),
  .PIECEWISE_BEZIER_KNOTS.);
#2936 = CARTESIAN_POINT('',(54.126953125,47.428515625));
#2937 = CARTESIAN_POINT('',(54.188420866101,47.361459907436));
#2938 = CARTESIAN_POINT('',(54.242652839156,47.278369933505));
#2939 = CARTESIAN_POINT('',(54.289598006752,47.181119751568));
#2940 = CARTESIAN_POINT('',(54.329801477423,47.072150980369));
#2941 = CARTESIAN_POINT('',(54.363911105617,46.953565793942));
#2942 = CARTESIAN_POINT('',(54.392578125,46.826953125));
#2943 = ( GEOMETRIC_REPRESENTATION_CONTEXT(2) 
PARAMETRIC_REPRESENTATION_CONTEXT() REPRESENTATION_CONTEXT('2D SPACE',''
  ) );
#2944 = PCURVE('',#2945,#2952);
#2945 = SURFACE_OF_LINEAR_EXTRUSION('',#2946,#2950);
#2946 = B_SPLINE_CURVE_WITH_KNOTS('',2,(#2947,#2948,#2949),
  .UNSPECIFIED.,.F.,.F.,(3,3),(0.,1.),.PIECEWISE_BEZIER_KNOTS.);
#2947 = CARTESIAN_POINT('',(4.392578125,-3.373046875,0.));
#2948 = CARTESIAN_POINT('',(4.298828125,-2.958984375,0.));
#2949 = CARTESIAN_POINT('',(4.126953125,-2.771484375,0.));
#2950 = VECTOR('',#2951,1.);
#2951 = DIRECTION('',(-0.,-0.,-1.));
#2952 = DEFINITIONAL_REPRESENTATION('',(#2953),#2961);
#2953 = B_SPLINE_CURVE_WITH_KNOTS('',6,(#2954,#2955,#2956,#2957,#2958,
    #2959,#2960),.UNSPECIFIED.,.F.,.F.,(7,7),(0.,1.),
  .PIECEWISE_BEZIER_KNOTS.);
#2954 = CARTESIAN_POINT('',(1.,-0.2));
#2955 = CARTESIAN_POINT('',(0.821184753161,-0.2));
#2956 = CARTESIAN_POINT('',(0.645977321149,-0.2));
#2957 = CARTESIAN_POINT('',(0.475851640628,-0.2));
#2958 = CARTESIAN_POINT('',(0.311435176924,-0.2));
#2959 = CARTESIAN_POINT('',(0.152890770044,-0.2));
#2960 = CARTESIAN_POINT('',(0.,-0.2));
#2961 = ( GEOMETRIC_REPRESENTATION_CONTEXT(2) 
PARAMETRIC_REPRESENTATION_CONTEXT() REPRESENTATION_CONTEXT('2D SPACE',''
  ) );
#2962 = ORIENTED_EDGE('',*,*,#2963,.F.);
#2963 = EDGE_CURVE('',#2964,#2922,#2966,.T.);
#2964 = VERTEX_POINT('',#2965);
#2965 = CARTESIAN_POINT('',(3.423828125,-2.470703125,0.2));
#2966 = SURFACE_CURVE('',#2967,(#2978,#2992),.PCURVE_S1.);
#2967 = B_SPLINE_CURVE_WITH_KNOTS('',5,(#2968,#2969,#2970,#2971,#2972,
    #2973,#2974,#2975,#2976,#2977),.UNSPECIFIED.,.F.,.F.,(6,4,6),(0.,
    0.514290048934,1.),.UNSPECIFIED.);
#2968 = CARTESIAN_POINT('',(3.423828125,-2.470703125,0.2));
#2969 = CARTESIAN_POINT('',(3.507808322481,-2.470703125,0.2));
#2970 = CARTESIAN_POINT('',(3.589831915635,-2.478292402892,0.2));
#2971 = CARTESIAN_POINT('',(3.669308547923,-2.493974597668,0.2));
#2972 = CARTESIAN_POINT('',(3.745662309397,-2.518006380168,0.2));
#2973 = CARTESIAN_POINT('',(3.887117815884,-2.580542974107,0.2));
#2974 = CARTESIAN_POINT('',(3.952627354927,-2.618177339403,0.2));
#2975 = CARTESIAN_POINT('',(4.014533557191,-2.662895457611,0.2));
#2976 = CARTESIAN_POINT('',(4.072655277641,-2.714211303128,0.2));
#2977 = CARTESIAN_POINT('',(4.126953125,-2.771484375,0.2));
#2978 = PCURVE('',#32,#2979);
#2979 = DEFINITIONAL_REPRESENTATION('',(#2980),#2991);
#2980 = B_SPLINE_CURVE_WITH_KNOTS('',5,(#2981,#2982,#2983,#2984,#2985,
    #2986,#2987,#2988,#2989,#2990),.UNSPECIFIED.,.F.,.F.,(6,4,6),(0.,
    0.514290048934,1.),.UNSPECIFIED.);
#2981 = CARTESIAN_POINT('',(53.423828125,47.729296875));
#2982 = CARTESIAN_POINT('',(53.507808322481,47.729296875));
#2983 = CARTESIAN_POINT('',(53.589831915635,47.721707597108));
#2984 = CARTESIAN_POINT('',(53.669308547923,47.706025402332));
#2985 = CARTESIAN_POINT('',(53.745662309397,47.681993619832));
#2986 = CARTESIAN_POINT('',(53.887117815884,47.619457025893));
#2987 = CARTESIAN_POINT('',(53.952627354927,47.581822660597));
#2988 = CARTESIAN_POINT('',(54.014533557191,47.537104542389));
#2989 = CARTESIAN_POINT('',(54.072655277641,47.485788696872));
#2990 = CARTESIAN_POINT('',(54.126953125,47.428515625));
#2991 = ( GEOMETRIC_REPRESENTATION_CONTEXT(2) 
PARAMETRIC_REPRESENTATION_CONTEXT() REPRESENTATION_CONTEXT('2D SPACE',''
  ) );
#2992 = PCURVE('',#2993,#3000);
#2993 = SURFACE_OF_LINEAR_EXTRUSION('',#2994,#2998);
#2994 = B_SPLINE_CURVE_WITH_KNOTS('',2,(#2995,#2996,#2997),
  .UNSPECIFIED.,.F.,.F.,(3,3),(0.,1.),.PIECEWISE_BEZIER_KNOTS.);
#2995 = CARTESIAN_POINT('',(4.126953125,-2.771484375,0.));
#2996 = CARTESIAN_POINT('',(3.841796875,-2.470703125,0.));
#2997 = CARTESIAN_POINT('',(3.423828125,-2.470703125,0.));
#2998 = VECTOR('',#2999,1.);
#2999 = DIRECTION('',(-0.,-0.,-1.));
#3000 = DEFINITIONAL_REPRESENTATION('',(#3001),#3012);
#3001 = B_SPLINE_CURVE_WITH_KNOTS('',5,(#3002,#3003,#3004,#3005,#3006,
    #3007,#3008,#3009,#3010,#3011),.UNSPECIFIED.,.F.,.F.,(6,4,6),(0.,
    0.514290048934,1.),.UNSPECIFIED.);
#3002 = CARTESIAN_POINT('',(1.,-0.2));
#3003 = CARTESIAN_POINT('',(0.899537707687,-0.2));
#3004 = CARTESIAN_POINT('',(0.797407222007,-0.2));
#3005 = CARTESIAN_POINT('',(0.694048731961,-0.2));
#3006 = CARTESIAN_POINT('',(0.590015598021,-0.2));
#3007 = CARTESIAN_POINT('',(0.387764750982,-0.2));
#3008 = CARTESIAN_POINT('',(0.289518996087,-0.2));
#3009 = CARTESIAN_POINT('',(0.191841998883,-0.2));
#3010 = CARTESIAN_POINT('',(9.520718440979E-02,-0.2));
#3011 = CARTESIAN_POINT('',(0.,-0.2));
#3012 = ( GEOMETRIC_REPRESENTATION_CONTEXT(2) 
PARAMETRIC_REPRESENTATION_CONTEXT() REPRESENTATION_CONTEXT('2D SPACE',''
  ) );
#3013 = ORIENTED_EDGE('',*,*,#3014,.F.);
#3014 = EDGE_CURVE('',#3015,#2964,#3017,.T.);
#3015 = VERTEX_POINT('',#3016);
#3016 = CARTESIAN_POINT('',(2.833984375,-2.658203125,0.2));
#3017 = SURFACE_CURVE('',#3018,(#3029,#3043),.PCURVE_S1.);
#3018 = B_SPLINE_CURVE_WITH_KNOTS('',5,(#3019,#3020,#3021,#3022,#3023,
    #3024,#3025,#3026,#3027,#3028),.UNSPECIFIED.,.F.,.F.,(6,4,6),(0.,
    0.340587874743,1.),.UNSPECIFIED.);
#3019 = CARTESIAN_POINT('',(2.833984375,-2.658203125,0.2));
#3020 = CARTESIAN_POINT('',(2.868555931737,-2.632673360025,0.2));
#3021 = CARTESIAN_POINT('',(2.904198780436,-2.609226775332,0.2));
#3022 = CARTESIAN_POINT('',(2.940887919521,-2.587922754314,0.2));
#3023 = CARTESIAN_POINT('',(2.978587525533,-2.568801467988,0.2));
#3024 = CARTESIAN_POINT('',(3.092107208585,-2.519129726148,0.2));
#3025 = CARTESIAN_POINT('',(3.170583734702,-2.49463223311,0.2));
#3026 = CARTESIAN_POINT('',(3.25232684141,-2.478549886164,0.2));
#3027 = CARTESIAN_POINT('',(3.336899412823,-2.470703125,0.2));
#3028 = CARTESIAN_POINT('',(3.423828125,-2.470703125,0.2));
#3029 = PCURVE('',#32,#3030);
#3030 = DEFINITIONAL_REPRESENTATION('',(#3031),#3042);
#3031 = B_SPLINE_CURVE_WITH_KNOTS('',5,(#3032,#3033,#3034,#3035,#3036,
    #3037,#3038,#3039,#3040,#3041),.UNSPECIFIED.,.F.,.F.,(6,4,6),(0.,
    0.340587874743,1.),.UNSPECIFIED.);
#3032 = CARTESIAN_POINT('',(52.833984375,47.541796875));
#3033 = CARTESIAN_POINT('',(52.868555931737,47.567326639975));
#3034 = CARTESIAN_POINT('',(52.904198780436,47.590773224668));
#3035 = CARTESIAN_POINT('',(52.940887919521,47.612077245686));
#3036 = CARTESIAN_POINT('',(52.978587525533,47.631198532012));
#3037 = CARTESIAN_POINT('',(53.092107208585,47.680870273852));
#3038 = CARTESIAN_POINT('',(53.170583734702,47.70536776689));
#3039 = CARTESIAN_POINT('',(53.25232684141,47.721450113836));
#3040 = CARTESIAN_POINT('',(53.336899412823,47.729296875));
#3041 = CARTESIAN_POINT('',(53.423828125,47.729296875));
#3042 = ( GEOMETRIC_REPRESENTATION_CONTEXT(2) 
PARAMETRIC_REPRESENTATION_CONTEXT() REPRESENTATION_CONTEXT('2D SPACE',''
  ) );
#3043 = PCURVE('',#3044,#3051);
#3044 = SURFACE_OF_LINEAR_EXTRUSION('',#3045,#3049);
#3045 = B_SPLINE_CURVE_WITH_KNOTS('',2,(#3046,#3047,#3048),
  .UNSPECIFIED.,.F.,.F.,(3,3),(0.,1.),.PIECEWISE_BEZIER_KNOTS.);
#3046 = CARTESIAN_POINT('',(3.423828125,-2.470703125,0.));
#3047 = CARTESIAN_POINT('',(3.087890625,-2.470703125,0.));
#3048 = CARTESIAN_POINT('',(2.833984375,-2.658203125,0.));
#3049 = VECTOR('',#3050,1.);
#3050 = DIRECTION('',(-0.,-0.,-1.));
#3051 = DEFINITIONAL_REPRESENTATION('',(#3052),#3063);
#3052 = B_SPLINE_CURVE_WITH_KNOTS('',5,(#3053,#3054,#3055,#3056,#3057,
    #3058,#3059,#3060,#3061,#3062),.UNSPECIFIED.,.F.,.F.,(6,4,6),(0.,
    0.340587874743,1.),.UNSPECIFIED.);
#3053 = CARTESIAN_POINT('',(1.,-0.2));
#3054 = CARTESIAN_POINT('',(0.931920626733,-0.2));
#3055 = CARTESIAN_POINT('',(0.863603261893,-0.2));
#3056 = CARTESIAN_POINT('',(0.795123785382,-0.2));
#3057 = CARTESIAN_POINT('',(0.726561673711,-0.2));
#3058 = CARTESIAN_POINT('',(0.525257755412,-0.2));
#3059 = CARTESIAN_POINT('',(0.39250362805,-0.2));
#3060 = CARTESIAN_POINT('',(0.26036724331,-0.2));
#3061 = CARTESIAN_POINT('',(0.129382269287,-0.2));
#3062 = CARTESIAN_POINT('',(0.,-0.2));
#3063 = ( GEOMETRIC_REPRESENTATION_CONTEXT(2) 
PARAMETRIC_REPRESENTATION_CONTEXT() REPRESENTATION_CONTEXT('2D SPACE',''
  ) );
#3064 = ORIENTED_EDGE('',*,*,#3065,.F.);
#3065 = EDGE_CURVE('',#3066,#3015,#3068,.T.);
#3066 = VERTEX_POINT('',#3067);
#3067 = CARTESIAN_POINT('',(2.310546875,-3.365234375,0.2));
#3068 = SURFACE_CURVE('',#3069,(#3080,#3094),.PCURVE_S1.);
#3069 = B_SPLINE_CURVE_WITH_KNOTS('',5,(#3070,#3071,#3072,#3073,#3074,
    #3075,#3076,#3077,#3078,#3079),.UNSPECIFIED.,.F.,.F.,(6,4,6),(0.,
    0.511638684813,1.),.UNSPECIFIED.);
#3070 = CARTESIAN_POINT('',(2.310546875,-3.365234375,0.2));
#3071 = CARTESIAN_POINT('',(2.347563185412,-3.275337621142,0.2));
#3072 = CARTESIAN_POINT('',(2.388548982042,-3.188988904016,0.2));
#3073 = CARTESIAN_POINT('',(2.433712168068,-3.106651848932,0.2));
#3074 = CARTESIAN_POINT('',(2.483219831859,-3.028845786818,0.2));
#3075 = CARTESIAN_POINT('',(2.588547174651,-2.886575271553,0.2));
#3076 = CARTESIAN_POINT('',(2.643980188548,-2.821660531964,0.2));
#3077 = CARTESIAN_POINT('',(2.703434063256,-2.761740453776,0.2));
#3078 = CARTESIAN_POINT('',(2.766840525633,-2.707178638656,0.2));
#3079 = CARTESIAN_POINT('',(2.833984375,-2.658203125,0.2));
#3080 = PCURVE('',#32,#3081);
#3081 = DEFINITIONAL_REPRESENTATION('',(#3082),#3093);
#3082 = B_SPLINE_CURVE_WITH_KNOTS('',5,(#3083,#3084,#3085,#3086,#3087,
    #3088,#3089,#3090,#3091,#3092),.UNSPECIFIED.,.F.,.F.,(6,4,6),(0.,
    0.511638684813,1.),.UNSPECIFIED.);
#3083 = CARTESIAN_POINT('',(52.310546875,46.834765625));
#3084 = CARTESIAN_POINT('',(52.347563185412,46.924662378858));
#3085 = CARTESIAN_POINT('',(52.388548982042,47.011011095984));
#3086 = CARTESIAN_POINT('',(52.433712168068,47.093348151068));
#3087 = CARTESIAN_POINT('',(52.483219831859,47.171154213182));
#3088 = CARTESIAN_POINT('',(52.588547174651,47.313424728447));
#3089 = CARTESIAN_POINT('',(52.643980188548,47.378339468036));
#3090 = CARTESIAN_POINT('',(52.703434063256,47.438259546224));
#3091 = CARTESIAN_POINT('',(52.766840525633,47.492821361344));
#3092 = CARTESIAN_POINT('',(52.833984375,47.541796875));
#3093 = ( GEOMETRIC_REPRESENTATION_CONTEXT(2) 
PARAMETRIC_REPRESENTATION_CONTEXT() REPRESENTATION_CONTEXT('2D SPACE',''
  ) );
#3094 = PCURVE('',#3095,#3102);
#3095 = SURFACE_OF_LINEAR_EXTRUSION('',#3096,#3100);
#3096 = B_SPLINE_CURVE_WITH_KNOTS('',2,(#3097,#3098,#3099),
  .UNSPECIFIED.,.F.,.F.,(3,3),(0.,1.),.PIECEWISE_BEZIER_KNOTS.);
#3097 = CARTESIAN_POINT('',(2.833984375,-2.658203125,0.));
#3098 = CARTESIAN_POINT('',(2.501953125,-2.900390625,0.));
#3099 = CARTESIAN_POINT('',(2.310546875,-3.365234375,0.));
#3100 = VECTOR('',#3101,1.);
#3101 = DIRECTION('',(-0.,-0.,-1.));
#3102 = DEFINITIONAL_REPRESENTATION('',(#3103),#3114);
#3103 = B_SPLINE_CURVE_WITH_KNOTS('',5,(#3104,#3105,#3106,#3107,#3108,
    #3109,#3110,#3111,#3112,#3113),.UNSPECIFIED.,.F.,.F.,(6,4,6),(0.,
    0.511638684813,1.),.UNSPECIFIED.);
#3104 = CARTESIAN_POINT('',(1.,-0.2));
#3105 = CARTESIAN_POINT('',(0.903304331985,-0.2));
#3106 = CARTESIAN_POINT('',(0.804826550336,-0.2));
#3107 = CARTESIAN_POINT('',(0.704654195514,-0.2));
#3108 = CARTESIAN_POINT('',(0.602953157046,-0.2));
#3109 = CARTESIAN_POINT('',(0.401730770815,-0.2));
#3110 = CARTESIAN_POINT('',(0.302314861614,-0.2));
#3111 = CARTESIAN_POINT('',(0.202005805495,-0.2));
#3112 = CARTESIAN_POINT('',(0.10111073787,-0.2));
#3113 = CARTESIAN_POINT('',(0.,-0.2));
#3114 = ( GEOMETRIC_REPRESENTATION_CONTEXT(2) 
PARAMETRIC_REPRESENTATION_CONTEXT() REPRESENTATION_CONTEXT('2D SPACE',''
  ) );
#3115 = ORIENTED_EDGE('',*,*,#3116,.F.);
#3116 = EDGE_CURVE('',#3117,#3066,#3119,.T.);
#3117 = VERTEX_POINT('',#3118);
#3118 = CARTESIAN_POINT('',(2.111328125,-4.689453125,0.2));
#3119 = SURFACE_CURVE('',#3120,(#3133,#3149),.PCURVE_S1.);
#3120 = B_SPLINE_CURVE_WITH_KNOTS('',6,(#3121,#3122,#3123,#3124,#3125,
    #3126,#3127,#3128,#3129,#3130,#3131,#3132),.UNSPECIFIED.,.F.,.F.,(7,
    5,7),(0.,0.542803632185,1.),.UNSPECIFIED.);
#3121 = CARTESIAN_POINT('',(2.111328125,-4.689453125,0.2));
#3122 = CARTESIAN_POINT('',(2.112523743061,-4.557935138279,0.2));
#3123 = CARTESIAN_POINT('',(2.116336704111,-4.427856873505,0.2));
#3124 = CARTESIAN_POINT('',(2.123072324526,-4.299449413555,0.2));
#3125 = CARTESIAN_POINT('',(2.133108123089,-4.173083363597,0.2));
#3126 = CARTESIAN_POINT('',(2.146901352389,-4.049273363533,0.2));
#3127 = CARTESIAN_POINT('',(2.180316217426,-3.827162790051,0.2));
#3128 = CARTESIAN_POINT('',(2.198670618518,-3.727951340128,0.2));
#3129 = CARTESIAN_POINT('',(2.220452395837,-3.631472188028,0.2));
#3130 = CARTESIAN_POINT('',(2.24606266648,-3.538315732636,0.2));
#3131 = CARTESIAN_POINT('',(2.275947281901,-3.449261958241,0.2));
#3132 = CARTESIAN_POINT('',(2.310546875,-3.365234375,0.2));
#3133 = PCURVE('',#32,#3134);
#3134 = DEFINITIONAL_REPRESENTATION('',(#3135),#3148);
#3135 = B_SPLINE_CURVE_WITH_KNOTS('',6,(#3136,#3137,#3138,#3139,#3140,
    #3141,#3142,#3143,#3144,#3145,#3146,#3147),.UNSPECIFIED.,.F.,.F.,(7,
    5,7),(0.,0.542803632185,1.),.UNSPECIFIED.);
#3136 = CARTESIAN_POINT('',(52.111328125,45.510546875));
#3137 = CARTESIAN_POINT('',(52.112523743061,45.642064861721));
#3138 = CARTESIAN_POINT('',(52.116336704111,45.772143126495));
#3139 = CARTESIAN_POINT('',(52.123072324526,45.900550586445));
#3140 = CARTESIAN_POINT('',(52.133108123089,46.026916636403));
#3141 = CARTESIAN_POINT('',(52.146901352389,46.150726636467));
#3142 = CARTESIAN_POINT('',(52.180316217426,46.372837209949));
#3143 = CARTESIAN_POINT('',(52.198670618518,46.472048659872));
#3144 = CARTESIAN_POINT('',(52.220452395837,46.568527811972));
#3145 = CARTESIAN_POINT('',(52.24606266648,46.661684267364));
#3146 = CARTESIAN_POINT('',(52.275947281901,46.750738041759));
#3147 = CARTESIAN_POINT('',(52.310546875,46.834765625));
#3148 = ( GEOMETRIC_REPRESENTATION_CONTEXT(2) 
PARAMETRIC_REPRESENTATION_CONTEXT() REPRESENTATION_CONTEXT('2D SPACE',''
  ) );
#3149 = PCURVE('',#3150,#3157);
#3150 = SURFACE_OF_LINEAR_EXTRUSION('',#3151,#3155);
#3151 = B_SPLINE_CURVE_WITH_KNOTS('',2,(#3152,#3153,#3154),
  .UNSPECIFIED.,.F.,.F.,(3,3),(0.,1.),.PIECEWISE_BEZIER_KNOTS.);
#3152 = CARTESIAN_POINT('',(2.310546875,-3.365234375,0.));
#3153 = CARTESIAN_POINT('',(2.119140625,-3.830078125,0.));
#3154 = CARTESIAN_POINT('',(2.111328125,-4.689453125,0.));
#3155 = VECTOR('',#3156,1.);
#3156 = DIRECTION('',(-0.,-0.,-1.));
#3157 = DEFINITIONAL_REPRESENTATION('',(#3158),#3171);
#3158 = B_SPLINE_CURVE_WITH_KNOTS('',6,(#3159,#3160,#3161,#3162,#3163,
    #3164,#3165,#3166,#3167,#3168,#3169,#3170),.UNSPECIFIED.,.F.,.F.,(7,
    5,7),(0.,0.542803632185,1.),.UNSPECIFIED.);
#3159 = CARTESIAN_POINT('',(1.,-0.2));
#3160 = CARTESIAN_POINT('',(0.92348044409,-0.2));
#3161 = CARTESIAN_POINT('',(0.844572760411,-0.2));
#3162 = CARTESIAN_POINT('',(0.763034401486,-0.2));
#3163 = CARTESIAN_POINT('',(0.678613896804,-0.2));
#3164 = CARTESIAN_POINT('',(0.59104419193,-0.2));
#3165 = CARTESIAN_POINT('',(0.423314673313,-0.2));
#3166 = CARTESIAN_POINT('',(0.34418910131,-0.2));
#3167 = CARTESIAN_POINT('',(0.26241966513,-0.2));
#3168 = CARTESIAN_POINT('',(0.177851384489,-0.2));
#3169 = CARTESIAN_POINT('',(9.038261054524E-02,-0.2));
#3170 = CARTESIAN_POINT('',(0.,-0.2));
#3171 = ( GEOMETRIC_REPRESENTATION_CONTEXT(2) 
PARAMETRIC_REPRESENTATION_CONTEXT() REPRESENTATION_CONTEXT('2D SPACE',''
  ) );
#3172 = ORIENTED_EDGE('',*,*,#3173,.F.);
#3173 = EDGE_CURVE('',#3174,#3117,#3176,.T.);
#3174 = VERTEX_POINT('',#3175);
#3175 = CARTESIAN_POINT('',(2.732421875,-4.115234375,0.2));
#3176 = SURFACE_CURVE('',#3177,(#3192,#3210),.PCURVE_S1.);
#3177 = B_SPLINE_CURVE_WITH_KNOTS('',5,(#3178,#3179,#3180,#3181,#3182,
    #3183,#3184,#3185,#3186,#3187,#3188,#3189,#3190,#3191),
  .UNSPECIFIED.,.F.,.F.,(6,4,4,6),(0.,7.875384658295E-02,0.533504566877,
    1.),.UNSPECIFIED.);
#3178 = CARTESIAN_POINT('',(2.732421875,-4.115234375,0.2));
#3179 = CARTESIAN_POINT('',(2.720675055366,-4.121232750983,0.2));
#3180 = CARTESIAN_POINT('',(2.708998323888,-4.127359769463,0.2));
#3181 = CARTESIAN_POINT('',(2.697392520535,-4.133615134502,0.2));
#3182 = CARTESIAN_POINT('',(2.68585844866,-4.139998481062,0.2));
#3183 = CARTESIAN_POINT('',(2.608213963261,-4.184105426956,0.2));
#3184 = CARTESIAN_POINT('',(2.544446663214,-4.225955221441,0.2));
#3185 = CARTESIAN_POINT('',(2.483247792946,-4.271972855752,0.2));
#3186 = CARTESIAN_POINT('',(2.4247131202,-4.322000761426,0.2));
#3187 = CARTESIAN_POINT('',(2.311629584023,-4.431042506675,0.2));
#3188 = CARTESIAN_POINT('',(2.257220493738,-4.490257261658,0.2));
#3189 = CARTESIAN_POINT('',(2.205716469697,-4.553244189333,0.2));
#3190 = CARTESIAN_POINT('',(2.157103018116,-4.619734441638,0.2));
#3191 = CARTESIAN_POINT('',(2.111328125,-4.689453125,0.2));
#3192 = PCURVE('',#32,#3193);
#3193 = DEFINITIONAL_REPRESENTATION('',(#3194),#3209);
#3194 = B_SPLINE_CURVE_WITH_KNOTS('',5,(#3195,#3196,#3197,#3198,#3199,
    #3200,#3201,#3202,#3203,#3204,#3205,#3206,#3207,#3208),
  .UNSPECIFIED.,.F.,.F.,(6,4,4,6),(0.,7.875384658295E-02,0.533504566877,
    1.),.UNSPECIFIED.);
#3195 = CARTESIAN_POINT('',(52.732421875,46.084765625));
#3196 = CARTESIAN_POINT('',(52.720675055366,46.078767249017));
#3197 = CARTESIAN_POINT('',(52.708998323888,46.072640230537));
#3198 = CARTESIAN_POINT('',(52.697392520535,46.066384865498));
#3199 = CARTESIAN_POINT('',(52.68585844866,46.060001518938));
#3200 = CARTESIAN_POINT('',(52.608213963261,46.015894573044));
#3201 = CARTESIAN_POINT('',(52.544446663214,45.974044778559));
#3202 = CARTESIAN_POINT('',(52.483247792946,45.928027144248));
#3203 = CARTESIAN_POINT('',(52.4247131202,45.877999238574));
#3204 = CARTESIAN_POINT('',(52.311629584023,45.768957493325));
#3205 = CARTESIAN_POINT('',(52.257220493738,45.709742738342));
#3206 = CARTESIAN_POINT('',(52.205716469697,45.646755810667));
#3207 = CARTESIAN_POINT('',(52.157103018116,45.580265558362));
#3208 = CARTESIAN_POINT('',(52.111328125,45.510546875));
#3209 = ( GEOMETRIC_REPRESENTATION_CONTEXT(2) 
PARAMETRIC_REPRESENTATION_CONTEXT() REPRESENTATION_CONTEXT('2D SPACE',''
  ) );
#3210 = PCURVE('',#3211,#3218);
#3211 = SURFACE_OF_LINEAR_EXTRUSION('',#3212,#3216);
#3212 = B_SPLINE_CURVE_WITH_KNOTS('',2,(#3213,#3214,#3215),
  .UNSPECIFIED.,.F.,.F.,(3,3),(0.,1.),.PIECEWISE_BEZIER_KNOTS.);
#3213 = CARTESIAN_POINT('',(2.111328125,-4.689453125,0.));
#3214 = CARTESIAN_POINT('',(2.365234375,-4.302734375,0.));
#3215 = CARTESIAN_POINT('',(2.732421875,-4.115234375,0.));
#3216 = VECTOR('',#3217,1.);
#3217 = DIRECTION('',(-0.,-0.,-1.));
#3218 = DEFINITIONAL_REPRESENTATION('',(#3219),#3234);
#3219 = B_SPLINE_CURVE_WITH_KNOTS('',5,(#3220,#3221,#3222,#3223,#3224,
    #3225,#3226,#3227,#3228,#3229,#3230,#3231,#3232,#3233),
  .UNSPECIFIED.,.F.,.F.,(6,4,4,6),(0.,7.875384658295E-02,0.533504566877,
    1.),.UNSPECIFIED.);
#3220 = CARTESIAN_POINT('',(1.,-0.2));
#3221 = CARTESIAN_POINT('',(0.984004330711,-0.2));
#3222 = CARTESIAN_POINT('',(0.968005430665,-0.2));
#3223 = CARTESIAN_POINT('',(0.952004363851,-0.2));
#3224 = CARTESIAN_POINT('',(0.936002197082,-0.2));
#3225 = CARTESIAN_POINT('',(0.827598028986,-0.2));
#3226 = CARTESIAN_POINT('',(0.735192698912,-0.2));
#3227 = CARTESIAN_POINT('',(0.642996823764,-0.2));
#3228 = CARTESIAN_POINT('',(0.551206017176,-0.2));
#3229 = CARTESIAN_POINT('',(0.366438431898,-0.2));
#3230 = CARTESIAN_POINT('',(0.273488591634,-0.2));
#3231 = CARTESIAN_POINT('',(0.181340879951,-0.2));
#3232 = CARTESIAN_POINT('',(9.014132798316E-02,-0.2));
#3233 = CARTESIAN_POINT('',(0.,-0.2));
#3234 = ( GEOMETRIC_REPRESENTATION_CONTEXT(2) 
PARAMETRIC_REPRESENTATION_CONTEXT() REPRESENTATION_CONTEXT('2D SPACE',''
  ) );
#3235 = ORIENTED_EDGE('',*,*,#3236,.F.);
#3236 = EDGE_CURVE('',#3237,#3174,#3239,.T.);
#3237 = VERTEX_POINT('',#3238);
#3238 = CARTESIAN_POINT('',(3.501953125,-3.927734375,0.2));
#3239 = SURFACE_CURVE('',#3240,(#3251,#3265),.PCURVE_S1.);
#3240 = B_SPLINE_CURVE_WITH_KNOTS('',5,(#3241,#3242,#3243,#3244,#3245,
    #3246,#3247,#3248,#3249,#3250),.UNSPECIFIED.,.F.,.F.,(6,4,6),(0.,
    0.387223726542,1.),.UNSPECIFIED.);
#3241 = CARTESIAN_POINT('',(3.501953125,-3.927734375,0.2));
#3242 = CARTESIAN_POINT('',(3.439787822889,-3.927734375,0.2));
#3243 = CARTESIAN_POINT('',(3.377940410425,-3.930531799129,0.2));
#3244 = CARTESIAN_POINT('',(3.316483900161,-3.93616448133,0.2));
#3245 = CARTESIAN_POINT('',(3.255489564861,-3.944645139401,0.2));
#3246 = CARTESIAN_POINT('',(3.099345653171,-3.973869163714,0.2));
#3247 = CARTESIAN_POINT('',(3.004991093527,-3.998878468235,0.2));
#3248 = CARTESIAN_POINT('',(2.912245531603,-4.030938037669,0.2));
#3249 = CARTESIAN_POINT('',(2.821331259893,-4.069833838033,0.2));
#3250 = CARTESIAN_POINT('',(2.732421875,-4.115234375,0.2));
#3251 = PCURVE('',#32,#3252);
#3252 = DEFINITIONAL_REPRESENTATION('',(#3253),#3264);
#3253 = B_SPLINE_CURVE_WITH_KNOTS('',5,(#3254,#3255,#3256,#3257,#3258,
    #3259,#3260,#3261,#3262,#3263),.UNSPECIFIED.,.F.,.F.,(6,4,6),(0.,
    0.387223726542,1.),.UNSPECIFIED.);
#3254 = CARTESIAN_POINT('',(53.501953125,46.272265625));
#3255 = CARTESIAN_POINT('',(53.439787822889,46.272265625));
#3256 = CARTESIAN_POINT('',(53.377940410425,46.269468200871));
#3257 = CARTESIAN_POINT('',(53.316483900161,46.26383551867));
#3258 = CARTESIAN_POINT('',(53.255489564861,46.255354860599));
#3259 = CARTESIAN_POINT('',(53.099345653171,46.226130836286));
#3260 = CARTESIAN_POINT('',(53.004991093527,46.201121531765));
#3261 = CARTESIAN_POINT('',(52.912245531603,46.169061962331));
#3262 = CARTESIAN_POINT('',(52.821331259893,46.130166161967));
#3263 = CARTESIAN_POINT('',(52.732421875,46.084765625));
#3264 = ( GEOMETRIC_REPRESENTATION_CONTEXT(2) 
PARAMETRIC_REPRESENTATION_CONTEXT() REPRESENTATION_CONTEXT('2D SPACE',''
  ) );
#3265 = PCURVE('',#3266,#3273);
#3266 = SURFACE_OF_LINEAR_EXTRUSION('',#3267,#3271);
#3267 = B_SPLINE_CURVE_WITH_KNOTS('',2,(#3268,#3269,#3270),
  .UNSPECIFIED.,.F.,.F.,(3,3),(0.,1.),.PIECEWISE_BEZIER_KNOTS.);
#3268 = CARTESIAN_POINT('',(2.732421875,-4.115234375,0.));
#3269 = CARTESIAN_POINT('',(3.099609375,-3.927734375,0.));
#3270 = CARTESIAN_POINT('',(3.501953125,-3.927734375,0.));
#3271 = VECTOR('',#3272,1.);
#3272 = DIRECTION('',(-0.,-0.,-1.));
#3273 = DEFINITIONAL_REPRESENTATION('',(#3274),#3285);
#3274 = B_SPLINE_CURVE_WITH_KNOTS('',5,(#3275,#3276,#3277,#3278,#3279,
    #3280,#3281,#3282,#3283,#3284),.UNSPECIFIED.,.F.,.F.,(6,4,6),(0.,
    0.387223726542,1.),.UNSPECIFIED.);
#3275 = CARTESIAN_POINT('',(1.,-0.2));
#3276 = CARTESIAN_POINT('',(0.922746032328,-0.2));
#3277 = CARTESIAN_POINT('',(0.845235285003,-0.2));
#3278 = CARTESIAN_POINT('',(0.767549676395,-0.2));
#3279 = CARTESIAN_POINT('',(0.689774815113,-0.2));
#3280 = CARTESIAN_POINT('',(0.488922414338,-0.2));
#3281 = CARTESIAN_POINT('',(0.365838851785,-0.2));
#3282 = CARTESIAN_POINT('',(0.243112040205,-0.2));
#3283 = CARTESIAN_POINT('',(0.121068098578,-0.2));
#3284 = CARTESIAN_POINT('',(0.,-0.2));
#3285 = ( GEOMETRIC_REPRESENTATION_CONTEXT(2) 
PARAMETRIC_REPRESENTATION_CONTEXT() REPRESENTATION_CONTEXT('2D SPACE',''
  ) );
#3286 = ORIENTED_EDGE('',*,*,#3287,.F.);
#3287 = EDGE_CURVE('',#3288,#3237,#3290,.T.);
#3288 = VERTEX_POINT('',#3289);
#3289 = CARTESIAN_POINT('',(4.69921875,-4.4453125,0.2));
#3290 = SURFACE_CURVE('',#3291,(#3310,#3332),.PCURVE_S1.);
#3291 = B_SPLINE_CURVE_WITH_KNOTS('',5,(#3292,#3293,#3294,#3295,#3296,
    #3297,#3298,#3299,#3300,#3301,#3302,#3303,#3304,#3305,#3306,#3307,
    #3308,#3309),.UNSPECIFIED.,.F.,.F.,(6,4,4,4,6),(0.,0.174303581567,
    0.529037466067,0.761601591879,1.),.UNSPECIFIED.);
#3292 = CARTESIAN_POINT('',(4.69921875,-4.4453125,0.2));
#3293 = CARTESIAN_POINT('',(4.666174019386,-4.410700430385,0.2));
#3294 = CARTESIAN_POINT('',(4.632246876884,-4.377222142063,0.2));
#3295 = CARTESIAN_POINT('',(4.59743290241,-4.344948984939,0.2));
#3296 = CARTESIAN_POINT('',(4.561736578252,-4.313950405201,0.2));
#3297 = CARTESIAN_POINT('',(4.450755451159,-4.223938609397,0.2));
#3298 = CARTESIAN_POINT('',(4.372731377399,-4.169133141373,0.2));
#3299 = CARTESIAN_POINT('',(4.291239559733,-4.120460687548,0.2));
#3300 = CARTESIAN_POINT('',(4.206553665361,-4.078368019985,0.2));
#3301 = CARTESIAN_POINT('',(4.06183931943,-4.019883030231,0.2));
#3302 = CARTESIAN_POINT('',(4.003358087615,-3.999629983087,0.2));
#3303 = CARTESIAN_POINT('',(3.943828830699,-3.982335509418,0.2));
#3304 = CARTESIAN_POINT('',(3.883390319506,-3.967995559217,0.2));
#3305 = CARTESIAN_POINT('',(3.75945138792,-3.944840407338,0.2));
#3306 = CARTESIAN_POINT('',(3.695909842715,-3.936172423225,0.2));
#3307 = CARTESIAN_POINT('',(3.631718781391,-3.930504879714,0.2));
#3308 = CARTESIAN_POINT('',(3.567023300168,-3.927734375,0.2));
#3309 = CARTESIAN_POINT('',(3.501953125,-3.927734375,0.2));
#3310 = PCURVE('',#32,#3311);
#3311 = DEFINITIONAL_REPRESENTATION('',(#3312),#3331);
#3312 = B_SPLINE_CURVE_WITH_KNOTS('',5,(#3313,#3314,#3315,#3316,#3317,
    #3318,#3319,#3320,#3321,#3322,#3323,#3324,#3325,#3326,#3327,#3328,
    #3329,#3330),.UNSPECIFIED.,.F.,.F.,(6,4,4,4,6),(0.,0.174303581567,
    0.529037466067,0.761601591879,1.),.UNSPECIFIED.);
#3313 = CARTESIAN_POINT('',(54.69921875,45.7546875));
#3314 = CARTESIAN_POINT('',(54.666174019386,45.789299569615));
#3315 = CARTESIAN_POINT('',(54.632246876884,45.822777857937));
#3316 = CARTESIAN_POINT('',(54.59743290241,45.855051015061));
#3317 = CARTESIAN_POINT('',(54.561736578252,45.886049594799));
#3318 = CARTESIAN_POINT('',(54.450755451159,45.976061390603));
#3319 = CARTESIAN_POINT('',(54.372731377399,46.030866858627));
#3320 = CARTESIAN_POINT('',(54.291239559733,46.079539312452));
#3321 = CARTESIAN_POINT('',(54.206553665361,46.121631980015));
#3322 = CARTESIAN_POINT('',(54.06183931943,46.180116969769));
#3323 = CARTESIAN_POINT('',(54.003358087615,46.200370016913));
#3324 = CARTESIAN_POINT('',(53.943828830699,46.217664490582));
#3325 = CARTESIAN_POINT('',(53.883390319506,46.232004440783));
#3326 = CARTESIAN_POINT('',(53.75945138792,46.255159592662));
#3327 = CARTESIAN_POINT('',(53.695909842715,46.263827576775));
#3328 = CARTESIAN_POINT('',(53.631718781391,46.269495120286));
#3329 = CARTESIAN_POINT('',(53.567023300168,46.272265625));
#3330 = CARTESIAN_POINT('',(53.501953125,46.272265625));
#3331 = ( GEOMETRIC_REPRESENTATION_CONTEXT(2) 
PARAMETRIC_REPRESENTATION_CONTEXT() REPRESENTATION_CONTEXT('2D SPACE',''
  ) );
#3332 = PCURVE('',#3333,#3340);
#3333 = SURFACE_OF_LINEAR_EXTRUSION('',#3334,#3338);
#3334 = B_SPLINE_CURVE_WITH_KNOTS('',2,(#3335,#3336,#3337),
  .UNSPECIFIED.,.F.,.F.,(3,3),(0.,1.),.PIECEWISE_BEZIER_KNOTS.);
#3335 = CARTESIAN_POINT('',(3.501953125,-3.927734375,0.));
#3336 = CARTESIAN_POINT('',(4.205078125,-3.927734375,0.));
#3337 = CARTESIAN_POINT('',(4.69921875,-4.4453125,0.));
#3338 = VECTOR('',#3339,1.);
#3339 = DIRECTION('',(-0.,-0.,-1.));
#3340 = DEFINITIONAL_REPRESENTATION('',(#3341),#3360);
#3341 = B_SPLINE_CURVE_WITH_KNOTS('',5,(#3342,#3343,#3344,#3345,#3346,
    #3347,#3348,#3349,#3350,#3351,#3352,#3353,#3354,#3355,#3356,#3357,
    #3358,#3359),.UNSPECIFIED.,.F.,.F.,(6,4,4,4,6),(0.,0.174303581567,
    0.529037466067,0.761601591879,1.),.UNSPECIFIED.);
#3342 = CARTESIAN_POINT('',(1.,-0.2));
#3343 = CARTESIAN_POINT('',(0.966563434636,-0.2));
#3344 = CARTESIAN_POINT('',(0.932824916595,-0.2));
#3345 = CARTESIAN_POINT('',(0.898801789256,-0.2));
#3346 = CARTESIAN_POINT('',(0.864517179956,-0.2));
#3347 = CARTESIAN_POINT('',(0.759752371019,-0.2));
#3348 = CARTESIAN_POINT('',(0.688532407246,-0.2));
#3349 = CARTESIAN_POINT('',(0.616607451631,-0.2));
#3350 = CARTESIAN_POINT('',(0.544300392679,-0.2));
#3351 = CARTESIAN_POINT('',(0.424599742078,-0.2));
#3352 = CARTESIAN_POINT('',(0.3771978738,-0.2));
#3353 = CARTESIAN_POINT('',(0.329900232166,-0.2));
#3354 = CARTESIAN_POINT('',(0.28280433578,-0.2));
#3355 = CARTESIAN_POINT('',(0.188021494699,-0.2));
#3356 = CARTESIAN_POINT('',(0.140347575962,-0.2));
#3357 = CARTESIAN_POINT('',(9.30732892529E-02,-0.2));
#3358 = CARTESIAN_POINT('',(4.627212456389E-02,-0.2));
#3359 = CARTESIAN_POINT('',(0.,-0.2));
#3360 = ( GEOMETRIC_REPRESENTATION_CONTEXT(2) 
PARAMETRIC_REPRESENTATION_CONTEXT() REPRESENTATION_CONTEXT('2D SPACE',''
  ) );
#3361 = ORIENTED_EDGE('',*,*,#3362,.F.);
#3362 = EDGE_CURVE('',#3363,#3288,#3365,.T.);
#3363 = VERTEX_POINT('',#3364);
#3364 = CARTESIAN_POINT('',(5.193359375,-5.783203125,0.2));
#3365 = SURFACE_CURVE('',#3366,(#3385,#3407),.PCURVE_S1.);
#3366 = B_SPLINE_CURVE_WITH_KNOTS('',5,(#3367,#3368,#3369,#3370,#3371,
    #3372,#3373,#3374,#3375,#3376,#3377,#3378,#3379,#3380,#3381,#3382,
    #3383,#3384),.UNSPECIFIED.,.F.,.F.,(6,4,4,4,6),(0.,0.267815478611,
    0.509742700406,0.745531565179,1.),.UNSPECIFIED.);
#3367 = CARTESIAN_POINT('',(5.193359375,-5.783203125,0.2));
#3368 = CARTESIAN_POINT('',(5.193359375,-5.702124104647,0.2));
#3369 = CARTESIAN_POINT('',(5.190342204788,-5.621545754251,0.2));
#3370 = CARTESIAN_POINT('',(5.18410773038,-5.541620918118,0.2));
#3371 = CARTESIAN_POINT('',(5.174456026833,-5.462541589964,0.2));
#3372 = CARTESIAN_POINT('',(5.149278427372,-5.31405756059,0.2));
#3373 = CARTESIAN_POINT('',(5.134410452295,-5.244455848777,0.2));
#3374 = CARTESIAN_POINT('',(5.116507580325,-5.175890098261,0.2));
#3375 = CARTESIAN_POINT('',(5.095481408413,-5.108540659301,0.2));
#3376 = CARTESIAN_POINT('',(5.047736471295,-4.978313904631,0.2));
#3377 = CARTESIAN_POINT('',(5.021174808597,-4.915363994581,0.2));
#3378 = CARTESIAN_POINT('',(4.991590233684,-4.853912964859,0.2));
#3379 = CARTESIAN_POINT('',(4.959004114747,-4.794117209452,0.2));
#3380 = CARTESIAN_POINT('',(4.885180703259,-4.673509133396,0.2));
#3381 = CARTESIAN_POINT('',(4.843460218066,-4.612987725298,0.2));
#3382 = CARTESIAN_POINT('',(4.798440422954,-4.55471664606,0.2));
#3383 = CARTESIAN_POINT('',(4.75028868688,-4.498804726377,0.2));
#3384 = CARTESIAN_POINT('',(4.69921875,-4.4453125,0.2));
#3385 = PCURVE('',#32,#3386);
#3386 = DEFINITIONAL_REPRESENTATION('',(#3387),#3406);
#3387 = B_SPLINE_CURVE_WITH_KNOTS('',5,(#3388,#3389,#3390,#3391,#3392,
    #3393,#3394,#3395,#3396,#3397,#3398,#3399,#3400,#3401,#3402,#3403,
    #3404,#3405),.UNSPECIFIED.,.F.,.F.,(6,4,4,4,6),(0.,0.267815478611,
    0.509742700406,0.745531565179,1.),.UNSPECIFIED.);
#3388 = CARTESIAN_POINT('',(55.193359375,44.416796875));
#3389 = CARTESIAN_POINT('',(55.193359375,44.497875895353));
#3390 = CARTESIAN_POINT('',(55.190342204788,44.578454245749));
#3391 = CARTESIAN_POINT('',(55.18410773038,44.658379081882));
#3392 = CARTESIAN_POINT('',(55.174456026833,44.737458410036));
#3393 = CARTESIAN_POINT('',(55.149278427372,44.88594243941));
#3394 = CARTESIAN_POINT('',(55.134410452295,44.955544151223));
#3395 = CARTESIAN_POINT('',(55.116507580325,45.024109901739));
#3396 = CARTESIAN_POINT('',(55.095481408413,45.091459340699));
#3397 = CARTESIAN_POINT('',(55.047736471295,45.221686095369));
#3398 = CARTESIAN_POINT('',(55.021174808597,45.284636005419));
#3399 = CARTESIAN_POINT('',(54.991590233684,45.346087035141));
#3400 = CARTESIAN_POINT('',(54.959004114747,45.405882790548));
#3401 = CARTESIAN_POINT('',(54.885180703259,45.526490866604));
#3402 = CARTESIAN_POINT('',(54.843460218066,45.587012274702));
#3403 = CARTESIAN_POINT('',(54.798440422954,45.64528335394));
#3404 = CARTESIAN_POINT('',(54.75028868688,45.701195273623));
#3405 = CARTESIAN_POINT('',(54.69921875,45.7546875));
#3406 = ( GEOMETRIC_REPRESENTATION_CONTEXT(2) 
PARAMETRIC_REPRESENTATION_CONTEXT() REPRESENTATION_CONTEXT('2D SPACE',''
  ) );
#3407 = PCURVE('',#3408,#3415);
#3408 = SURFACE_OF_LINEAR_EXTRUSION('',#3409,#3413);
#3409 = B_SPLINE_CURVE_WITH_KNOTS('',2,(#3410,#3411,#3412),
  .UNSPECIFIED.,.F.,.F.,(3,3),(0.,1.),.PIECEWISE_BEZIER_KNOTS.);
#3410 = CARTESIAN_POINT('',(4.69921875,-4.4453125,0.));
#3411 = CARTESIAN_POINT('',(5.193359375,-4.962890625,0.));
#3412 = CARTESIAN_POINT('',(5.193359375,-5.783203125,0.));
#3413 = VECTOR('',#3414,1.);
#3414 = DIRECTION('',(-0.,-0.,-1.));
#3415 = DEFINITIONAL_REPRESENTATION('',(#3416),#3435);
#3416 = B_SPLINE_CURVE_WITH_KNOTS('',5,(#3417,#3418,#3419,#3420,#3421,
    #3422,#3423,#3424,#3425,#3426,#3427,#3428,#3429,#3430,#3431,#3432,
    #3433,#3434),.UNSPECIFIED.,.F.,.F.,(6,4,4,4,6),(0.,0.267815478611,
    0.509742700406,0.745531565179,1.),.UNSPECIFIED.);
#3417 = CARTESIAN_POINT('',(1.,-0.2));
#3418 = CARTESIAN_POINT('',(0.950580406642,-0.2));
#3419 = CARTESIAN_POINT('',(0.900339300747,-0.2));
#3420 = CARTESIAN_POINT('',(0.849295109789,-0.2));
#3421 = CARTESIAN_POINT('',(0.797490201802,-0.2));
#3422 = CARTESIAN_POINT('',(0.697583738777,-0.2));
#3423 = CARTESIAN_POINT('',(0.649607784309,-0.2));
#3424 = CARTESIAN_POINT('',(0.601129970558,-0.2));
#3425 = CARTESIAN_POINT('',(0.552227213509,-0.2));
#3426 = CARTESIAN_POINT('',(0.455021815887,-0.2));
#3427 = CARTESIAN_POINT('',(0.406733593132,-0.2));
#3428 = CARTESIAN_POINT('',(0.358230146627,-0.2));
#3429 = CARTESIAN_POINT('',(0.30961478162,-0.2));
#3430 = CARTESIAN_POINT('',(0.208533877819,-0.2));
#3431 = CARTESIAN_POINT('',(0.156065221579,-0.2));
#3432 = CARTESIAN_POINT('',(0.103736153914,-0.2));
#3433 = CARTESIAN_POINT('',(5.167550925445E-02,-0.2));
#3434 = CARTESIAN_POINT('',(0.,-0.2));
#3435 = ( GEOMETRIC_REPRESENTATION_CONTEXT(2) 
PARAMETRIC_REPRESENTATION_CONTEXT() REPRESENTATION_CONTEXT('2D SPACE',''
  ) );
#3436 = ORIENTED_EDGE('',*,*,#3437,.F.);
#3437 = EDGE_CURVE('',#3438,#3363,#3440,.T.);
#3438 = VERTEX_POINT('',#3439);
#3439 = CARTESIAN_POINT('',(4.9609375,-6.78515625,0.2));
#3440 = SURFACE_CURVE('',#3441,(#3452,#3466),.PCURVE_S1.);
#3441 = B_SPLINE_CURVE_WITH_KNOTS('',5,(#3442,#3443,#3444,#3445,#3446,
    #3447,#3448,#3449,#3450,#3451),.UNSPECIFIED.,.F.,.F.,(6,4,6),(0.,
    0.312465405949,1.),.UNSPECIFIED.);
#3442 = CARTESIAN_POINT('',(4.9609375,-6.78515625,0.2));
#3443 = CARTESIAN_POINT('',(4.990018867579,-6.727237896081,0.2));
#3444 = CARTESIAN_POINT('',(5.016908587284,-6.668409973849,0.2));
#3445 = CARTESIAN_POINT('',(5.041553916841,-6.608716808093,0.2));
#3446 = CARTESIAN_POINT('',(5.063918540757,-6.54821045363,0.2));
#3447 = CARTESIAN_POINT('',(5.128130543665,-6.352157523765,0.2));
#3448 = CARTESIAN_POINT('',(5.161145171938,-6.213702639611,0.2));
#3449 = CARTESIAN_POINT('',(5.182803029238,-6.0722544138,0.2));
#3450 = CARTESIAN_POINT('',(5.193359375,-5.928520470393,0.2));
#3451 = CARTESIAN_POINT('',(5.193359375,-5.783203125,0.2));
#3452 = PCURVE('',#32,#3453);
#3453 = DEFINITIONAL_REPRESENTATION('',(#3454),#3465);
#3454 = B_SPLINE_CURVE_WITH_KNOTS('',5,(#3455,#3456,#3457,#3458,#3459,
    #3460,#3461,#3462,#3463,#3464),.UNSPECIFIED.,.F.,.F.,(6,4,6),(0.,
    0.312465405949,1.),.UNSPECIFIED.);
#3455 = CARTESIAN_POINT('',(54.9609375,43.41484375));
#3456 = CARTESIAN_POINT('',(54.990018867579,43.472762103919));
#3457 = CARTESIAN_POINT('',(55.016908587284,43.531590026151));
#3458 = CARTESIAN_POINT('',(55.041553916841,43.591283191907));
#3459 = CARTESIAN_POINT('',(55.063918540757,43.65178954637));
#3460 = CARTESIAN_POINT('',(55.128130543665,43.847842476235));
#3461 = CARTESIAN_POINT('',(55.161145171938,43.986297360389));
#3462 = CARTESIAN_POINT('',(55.182803029238,44.1277455862));
#3463 = CARTESIAN_POINT('',(55.193359375,44.271479529607));
#3464 = CARTESIAN_POINT('',(55.193359375,44.416796875));
#3465 = ( GEOMETRIC_REPRESENTATION_CONTEXT(2) 
PARAMETRIC_REPRESENTATION_CONTEXT() REPRESENTATION_CONTEXT('2D SPACE',''
  ) );
#3466 = PCURVE('',#3467,#3474);
#3467 = SURFACE_OF_LINEAR_EXTRUSION('',#3468,#3472);
#3468 = B_SPLINE_CURVE_WITH_KNOTS('',2,(#3469,#3470,#3471),
  .UNSPECIFIED.,.F.,.F.,(3,3),(0.,1.),.PIECEWISE_BEZIER_KNOTS.);
#3469 = CARTESIAN_POINT('',(5.193359375,-5.783203125,0.));
#3470 = CARTESIAN_POINT('',(5.193359375,-6.322265625,0.));
#3471 = CARTESIAN_POINT('',(4.9609375,-6.78515625,0.));
#3472 = VECTOR('',#3473,1.);
#3473 = DIRECTION('',(-0.,-0.,-1.));
#3474 = DEFINITIONAL_REPRESENTATION('',(#3475),#3486);
#3475 = B_SPLINE_CURVE_WITH_KNOTS('',5,(#3476,#3477,#3478,#3479,#3480,
    #3481,#3482,#3483,#3484,#3485),.UNSPECIFIED.,.F.,.F.,(6,4,6),(0.,
    0.312465405949,1.),.UNSPECIFIED.);
#3476 = CARTESIAN_POINT('',(1.,-0.2));
#3477 = CARTESIAN_POINT('',(0.937438402518,-0.2));
#3478 = CARTESIAN_POINT('',(0.874699369989,-0.2));
#3479 = CARTESIAN_POINT('',(0.811840047984,-0.2));
#3480 = CARTESIAN_POINT('',(0.748919758509,-0.2));
#3481 = CARTESIAN_POINT('',(0.547554239923,-0.2));
#3482 = CARTESIAN_POINT('',(0.409096450386,-0.2));
#3483 = CARTESIAN_POINT('',(0.271314487215,-0.2));
#3484 = CARTESIAN_POINT('',(0.134787102973,-0.2));
#3485 = CARTESIAN_POINT('',(0.,-0.2));
#3486 = ( GEOMETRIC_REPRESENTATION_CONTEXT(2) 
PARAMETRIC_REPRESENTATION_CONTEXT() REPRESENTATION_CONTEXT('2D SPACE',''
  ) );
#3487 = ORIENTED_EDGE('',*,*,#3488,.F.);
#3488 = EDGE_CURVE('',#3489,#3438,#3491,.T.);
#3489 = VERTEX_POINT('',#3490);
#3490 = CARTESIAN_POINT('',(4.322265625,-7.494140625,0.2));
#3491 = SURFACE_CURVE('',#3492,(#3503,#3517),.PCURVE_S1.);
#3492 = B_SPLINE_CURVE_WITH_KNOTS('',5,(#3493,#3494,#3495,#3496,#3497,
    #3498,#3499,#3500,#3501,#3502),.UNSPECIFIED.,.F.,.F.,(6,4,6),(0.,
    0.221456833068,1.),.UNSPECIFIED.);
#3493 = CARTESIAN_POINT('',(4.322265625,-7.494140625,0.2));
#3494 = CARTESIAN_POINT('',(4.358566866222,-7.472150450029,0.2));
#3495 = CARTESIAN_POINT('',(4.394074349772,-7.449033748809,0.2));
#3496 = CARTESIAN_POINT('',(4.42875696274,-7.424796178526,0.2));
#3497 = CARTESIAN_POINT('',(4.462587692158,-7.399449709462,0.2));
#3498 = CARTESIAN_POINT('',(4.611401943611,-7.280071661398,0.2));
#3499 = CARTESIAN_POINT('',(4.716477799582,-7.173628120435,0.2));
#3500 = CARTESIAN_POINT('',(4.809678699276,-7.05454094993,0.2));
#3501 = CARTESIAN_POINT('',(4.890999581816,-6.92444437277,0.2));
#3502 = CARTESIAN_POINT('',(4.9609375,-6.78515625,0.2));
#3503 = PCURVE('',#32,#3504);
#3504 = DEFINITIONAL_REPRESENTATION('',(#3505),#3516);
#3505 = B_SPLINE_CURVE_WITH_KNOTS('',5,(#3506,#3507,#3508,#3509,#3510,
    #3511,#3512,#3513,#3514,#3515),.UNSPECIFIED.,.F.,.F.,(6,4,6),(0.,
    0.221456833068,1.),.UNSPECIFIED.);
#3506 = CARTESIAN_POINT('',(54.322265625,42.705859375));
#3507 = CARTESIAN_POINT('',(54.358566866222,42.727849549971));
#3508 = CARTESIAN_POINT('',(54.394074349772,42.750966251191));
#3509 = CARTESIAN_POINT('',(54.42875696274,42.775203821474));
#3510 = CARTESIAN_POINT('',(54.462587692158,42.800550290538));
#3511 = CARTESIAN_POINT('',(54.611401943611,42.919928338602));
#3512 = CARTESIAN_POINT('',(54.716477799582,43.026371879565));
#3513 = CARTESIAN_POINT('',(54.809678699276,43.14545905007));
#3514 = CARTESIAN_POINT('',(54.890999581816,43.27555562723));
#3515 = CARTESIAN_POINT('',(54.9609375,43.41484375));
#3516 = ( GEOMETRIC_REPRESENTATION_CONTEXT(2) 
PARAMETRIC_REPRESENTATION_CONTEXT() REPRESENTATION_CONTEXT('2D SPACE',''
  ) );
#3517 = PCURVE('',#3518,#3525);
#3518 = SURFACE_OF_LINEAR_EXTRUSION('',#3519,#3523);
#3519 = B_SPLINE_CURVE_WITH_KNOTS('',2,(#3520,#3521,#3522),
  .UNSPECIFIED.,.F.,.F.,(3,3),(0.,1.),.PIECEWISE_BEZIER_KNOTS.);
#3520 = CARTESIAN_POINT('',(4.9609375,-6.78515625,0.));
#3521 = CARTESIAN_POINT('',(4.728515625,-7.248046875,0.));
#3522 = CARTESIAN_POINT('',(4.322265625,-7.494140625,0.));
#3523 = VECTOR('',#3524,1.);
#3524 = DIRECTION('',(-0.,-0.,-1.));
#3525 = DEFINITIONAL_REPRESENTATION('',(#3526),#3537);
#3526 = B_SPLINE_CURVE_WITH_KNOTS('',5,(#3527,#3528,#3529,#3530,#3531,
    #3532,#3533,#3534,#3535,#3536),.UNSPECIFIED.,.F.,.F.,(6,4,6),(0.,
    0.221456833068,1.),.UNSPECIFIED.);
#3527 = CARTESIAN_POINT('',(1.,-0.2));
#3528 = CARTESIAN_POINT('',(0.955321549265,-0.2));
#3529 = CARTESIAN_POINT('',(0.910552393731,-0.2));
#3530 = CARTESIAN_POINT('',(0.865722065137,-0.2));
#3531 = CARTESIAN_POINT('',(0.820860892077,-0.2));
#3532 = CARTESIAN_POINT('',(0.618289169834,-0.2));
#3533 = CARTESIAN_POINT('',(0.460541949247,-0.2));
#3534 = CARTESIAN_POINT('',(0.304233895533,-0.2));
#3535 = CARTESIAN_POINT('',(0.150454681136,-0.2));
#3536 = CARTESIAN_POINT('',(0.,-0.2));
#3537 = ( GEOMETRIC_REPRESENTATION_CONTEXT(2) 
PARAMETRIC_REPRESENTATION_CONTEXT() REPRESENTATION_CONTEXT('2D SPACE',''
  ) );
#3538 = ORIENTED_EDGE('',*,*,#3539,.F.);
#3539 = EDGE_CURVE('',#3540,#3489,#3542,.T.);
#3540 = VERTEX_POINT('',#3541);
#3541 = CARTESIAN_POINT('',(3.400390625,-7.740234375,0.2));
#3542 = SURFACE_CURVE('',#3543,(#3554,#3568),.PCURVE_S1.);
#3543 = B_SPLINE_CURVE_WITH_KNOTS('',5,(#3544,#3545,#3546,#3547,#3548,
    #3549,#3550,#3551,#3552,#3553),.UNSPECIFIED.,.F.,.F.,(6,4,6),(0.,
    0.780382841245,1.),.UNSPECIFIED.);
#3544 = CARTESIAN_POINT('',(3.400390625,-7.740234375,0.2));
#3545 = CARTESIAN_POINT('',(3.556212075509,-7.740234375,0.2));
#3546 = CARTESIAN_POINT('',(3.709055862817,-7.726187488654,0.2));
#3547 = CARTESIAN_POINT('',(3.85760068452,-7.696919126166,0.2));
#3548 = CARTESIAN_POINT('',(4.000478272961,-7.651767877035,0.2));
#3549 = CARTESIAN_POINT('',(4.174779791844,-7.574254497431,0.2));
#3550 = CARTESIAN_POINT('',(4.212518933618,-7.556015304269,0.2));
#3551 = CARTESIAN_POINT('',(4.24969318876,-7.536571153407,0.2));
#3552 = CARTESIAN_POINT('',(4.286281389628,-7.515938767581,0.2));
#3553 = CARTESIAN_POINT('',(4.322265625,-7.494140625,0.2));
#3554 = PCURVE('',#32,#3555);
#3555 = DEFINITIONAL_REPRESENTATION('',(#3556),#3567);
#3556 = B_SPLINE_CURVE_WITH_KNOTS('',5,(#3557,#3558,#3559,#3560,#3561,
    #3562,#3563,#3564,#3565,#3566),.UNSPECIFIED.,.F.,.F.,(6,4,6),(0.,
    0.780382841245,1.),.UNSPECIFIED.);
#3557 = CARTESIAN_POINT('',(53.400390625,42.459765625));
#3558 = CARTESIAN_POINT('',(53.556212075509,42.459765625));
#3559 = CARTESIAN_POINT('',(53.709055862817,42.473812511346));
#3560 = CARTESIAN_POINT('',(53.85760068452,42.503080873834));
#3561 = CARTESIAN_POINT('',(54.000478272961,42.548232122965));
#3562 = CARTESIAN_POINT('',(54.174779791844,42.625745502569));
#3563 = CARTESIAN_POINT('',(54.212518933618,42.643984695731));
#3564 = CARTESIAN_POINT('',(54.24969318876,42.663428846593));
#3565 = CARTESIAN_POINT('',(54.286281389628,42.684061232419));
#3566 = CARTESIAN_POINT('',(54.322265625,42.705859375));
#3567 = ( GEOMETRIC_REPRESENTATION_CONTEXT(2) 
PARAMETRIC_REPRESENTATION_CONTEXT() REPRESENTATION_CONTEXT('2D SPACE',''
  ) );
#3568 = PCURVE('',#3569,#3576);
#3569 = SURFACE_OF_LINEAR_EXTRUSION('',#3570,#3574);
#3570 = B_SPLINE_CURVE_WITH_KNOTS('',2,(#3571,#3572,#3573),
  .UNSPECIFIED.,.F.,.F.,(3,3),(0.,1.),.PIECEWISE_BEZIER_KNOTS.);
#3571 = CARTESIAN_POINT('',(4.322265625,-7.494140625,0.));
#3572 = CARTESIAN_POINT('',(3.916015625,-7.740234375,0.));
#3573 = CARTESIAN_POINT('',(3.400390625,-7.740234375,0.));
#3574 = VECTOR('',#3575,1.);
#3575 = DIRECTION('',(-0.,-0.,-1.));
#3576 = DEFINITIONAL_REPRESENTATION('',(#3577),#3588);
#3577 = B_SPLINE_CURVE_WITH_KNOTS('',5,(#3578,#3579,#3580,#3581,#3582,
    #3583,#3584,#3585,#3586,#3587),.UNSPECIFIED.,.F.,.F.,(6,4,6),(0.,
    0.780382841245,1.),.UNSPECIFIED.);
#3578 = CARTESIAN_POINT('',(1.,-0.2));
#3579 = CARTESIAN_POINT('',(0.848900411628,-0.2));
#3580 = CARTESIAN_POINT('',(0.694634377295,-0.2));
#3581 = CARTESIAN_POINT('',(0.53797693942,-0.2));
#3582 = CARTESIAN_POINT('',(0.379969850666,-0.2));
#3583 = CARTESIAN_POINT('',(0.177543756297,-0.2));
#3584 = CARTESIAN_POINT('',(0.133087562506,-0.2));
#3585 = CARTESIAN_POINT('',(8.865982920221E-02,-0.2));
#3586 = CARTESIAN_POINT('',(4.428828968887E-02,-0.2));
#3587 = CARTESIAN_POINT('',(0.,-0.2));
#3588 = ( GEOMETRIC_REPRESENTATION_CONTEXT(2) 
PARAMETRIC_REPRESENTATION_CONTEXT() REPRESENTATION_CONTEXT('2D SPACE',''
  ) );
#3589 = ORIENTED_EDGE('',*,*,#3590,.F.);
#3590 = EDGE_CURVE('',#3591,#3540,#3593,.T.);
#3591 = VERTEX_POINT('',#3592);
#3592 = CARTESIAN_POINT('',(1.966796875,-7.09375,0.2));
#3593 = SURFACE_CURVE('',#3594,(#3613,#3635),.PCURVE_S1.);
#3594 = B_SPLINE_CURVE_WITH_KNOTS('',5,(#3595,#3596,#3597,#3598,#3599,
    #3600,#3601,#3602,#3603,#3604,#3605,#3606,#3607,#3608,#3609,#3610,
    #3611,#3612),.UNSPECIFIED.,.F.,.F.,(6,4,4,4,6),(0.,0.148629632719,
    0.452919036853,0.813659447497,1.),.UNSPECIFIED.);
#3595 = CARTESIAN_POINT('',(1.966796875,-7.09375,0.2));
#3596 = CARTESIAN_POINT('',(1.99866973653,-7.130897595657,0.2));
#3597 = CARTESIAN_POINT('',(2.031490946876,-7.167037013232,0.2));
#3598 = CARTESIAN_POINT('',(2.065268091602,-7.202101395912,0.2));
#3599 = CARTESIAN_POINT('',(2.099999985357,-7.236024956328,0.2));
#3600 = CARTESIAN_POINT('',(2.208717541879,-7.335726569937,0.2));
#3601 = CARTESIAN_POINT('',(2.285726908982,-7.39766649759,0.2));
#3602 = CARTESIAN_POINT('',(2.366593155236,-7.453991748612,0.2));
#3603 = CARTESIAN_POINT('',(2.451065159861,-7.504249456869,0.2));
#3604 = CARTESIAN_POINT('',(2.642557419866,-7.600331136405,0.2));
#3605 = CARTESIAN_POINT('',(2.750884782145,-7.643618447592,0.2));
#3606 = CARTESIAN_POINT('',(2.86289160922,-7.677677746656,0.2));
#3607 = CARTESIAN_POINT('',(2.977709628456,-7.702727016182,0.2));
#3608 = CARTESIAN_POINT('',(3.154811509386,-7.727843007008,0.2));
#3609 = CARTESIAN_POINT('',(3.215664617307,-7.73413397896,0.2));
#3610 = CARTESIAN_POINT('',(3.276940452837,-7.738233573992,0.2));
#3611 = CARTESIAN_POINT('',(3.338542955093,-7.740234375,0.2));
#3612 = CARTESIAN_POINT('',(3.400390625,-7.740234375,0.2));
#3613 = PCURVE('',#32,#3614);
#3614 = DEFINITIONAL_REPRESENTATION('',(#3615),#3634);
#3615 = B_SPLINE_CURVE_WITH_KNOTS('',5,(#3616,#3617,#3618,#3619,#3620,
    #3621,#3622,#3623,#3624,#3625,#3626,#3627,#3628,#3629,#3630,#3631,
    #3632,#3633),.UNSPECIFIED.,.F.,.F.,(6,4,4,4,6),(0.,0.148629632719,
    0.452919036853,0.813659447497,1.),.UNSPECIFIED.);
#3616 = CARTESIAN_POINT('',(51.966796875,43.10625));
#3617 = CARTESIAN_POINT('',(51.99866973653,43.069102404343));
#3618 = CARTESIAN_POINT('',(52.031490946876,43.032962986768));
#3619 = CARTESIAN_POINT('',(52.065268091602,42.997898604088));
#3620 = CARTESIAN_POINT('',(52.099999985357,42.963975043672));
#3621 = CARTESIAN_POINT('',(52.208717541879,42.864273430063));
#3622 = CARTESIAN_POINT('',(52.285726908982,42.80233350241));
#3623 = CARTESIAN_POINT('',(52.366593155236,42.746008251388));
#3624 = CARTESIAN_POINT('',(52.451065159861,42.695750543131));
#3625 = CARTESIAN_POINT('',(52.642557419866,42.599668863595));
#3626 = CARTESIAN_POINT('',(52.750884782145,42.556381552408));
#3627 = CARTESIAN_POINT('',(52.86289160922,42.522322253344));
#3628 = CARTESIAN_POINT('',(52.977709628456,42.497272983818));
#3629 = CARTESIAN_POINT('',(53.154811509386,42.472156992992));
#3630 = CARTESIAN_POINT('',(53.215664617307,42.46586602104));
#3631 = CARTESIAN_POINT('',(53.276940452837,42.461766426008));
#3632 = CARTESIAN_POINT('',(53.338542955093,42.459765625));
#3633 = CARTESIAN_POINT('',(53.400390625,42.459765625));
#3634 = ( GEOMETRIC_REPRESENTATION_CONTEXT(2) 
PARAMETRIC_REPRESENTATION_CONTEXT() REPRESENTATION_CONTEXT('2D SPACE',''
  ) );
#3635 = PCURVE('',#3636,#3643);
#3636 = SURFACE_OF_LINEAR_EXTRUSION('',#3637,#3641);
#3637 = B_SPLINE_CURVE_WITH_KNOTS('',2,(#3638,#3639,#3640),
  .UNSPECIFIED.,.F.,.F.,(3,3),(0.,1.),.PIECEWISE_BEZIER_KNOTS.);
#3638 = CARTESIAN_POINT('',(3.400390625,-7.740234375,0.));
#3639 = CARTESIAN_POINT('',(2.521484375,-7.740234375,0.));
#3640 = CARTESIAN_POINT('',(1.966796875,-7.09375,0.));
#3641 = VECTOR('',#3642,1.);
#3642 = DIRECTION('',(-0.,-0.,-1.));
#3643 = DEFINITIONAL_REPRESENTATION('',(#3644),#3663);
#3644 = B_SPLINE_CURVE_WITH_KNOTS('',5,(#3645,#3646,#3647,#3648,#3649,
    #3650,#3651,#3652,#3653,#3654,#3655,#3656,#3657,#3658,#3659,#3660,
    #3661,#3662),.UNSPECIFIED.,.F.,.F.,(6,4,4,4,6),(0.,0.148629632719,
    0.452919036853,0.813659447497,1.),.UNSPECIFIED.);
#3645 = CARTESIAN_POINT('',(1.,-0.2));
#3646 = CARTESIAN_POINT('',(0.971269533268,-0.2));
#3647 = CARTESIAN_POINT('',(0.942287198464,-0.2));
#3648 = CARTESIAN_POINT('',(0.913067754746,-0.2));
#3649 = CARTESIAN_POINT('',(0.883630645832,-0.2));
#3650 = CARTESIAN_POINT('',(0.793337187347,-0.2));
#3651 = CARTESIAN_POINT('',(0.731855717751,-0.2));
#3652 = CARTESIAN_POINT('',(0.669782001,-0.2));
#3653 = CARTESIAN_POINT('',(0.607388101342,-0.2));
#3654 = CARTESIAN_POINT('',(0.471037814686,-0.2));
#3655 = CARTESIAN_POINT('',(0.397061547843,-0.2));
#3656 = CARTESIAN_POINT('',(0.323624861224,-0.2));
#3657 = CARTESIAN_POINT('',(0.251159514223,-0.2));
#3658 = CARTESIAN_POINT('',(0.143242534507,-0.2));
#3659 = CARTESIAN_POINT('',(0.106829039396,-0.2));
#3660 = CARTESIAN_POINT('',(7.080026739217E-02,-0.2));
#3661 = CARTESIAN_POINT('',(3.518445221371E-02,-0.2));
#3662 = CARTESIAN_POINT('',(0.,-0.2));
#3663 = ( GEOMETRIC_REPRESENTATION_CONTEXT(2) 
PARAMETRIC_REPRESENTATION_CONTEXT() REPRESENTATION_CONTEXT('2D SPACE',''
  ) );
#3664 = ORIENTED_EDGE('',*,*,#3665,.F.);
#3665 = EDGE_CURVE('',#3666,#3591,#3668,.T.);
#3666 = VERTEX_POINT('',#3667);
#3667 = CARTESIAN_POINT('',(1.412109375,-4.962890625,0.2));
#3668 = SURFACE_CURVE('',#3669,(#3687,#3708),.PCURVE_S1.);
#3669 = B_SPLINE_CURVE_WITH_KNOTS('',6,(#3670,#3671,#3672,#3673,#3674,
    #3675,#3676,#3677,#3678,#3679,#3680,#3681,#3682,#3683,#3684,#3685,
    #3686),.UNSPECIFIED.,.F.,.F.,(7,5,5,7),(0.,0.349189819034,
    0.648669164939,1.),.UNSPECIFIED.);
#3670 = CARTESIAN_POINT('',(1.412109375,-4.962890625,0.2));
#3671 = CARTESIAN_POINT('',(1.412109375,-5.098735597992,0.2));
#3672 = CARTESIAN_POINT('',(1.414896334202,-5.234140455607,0.2));
#3673 = CARTESIAN_POINT('',(1.420762398189,-5.369002827106,0.2));
#3674 = CARTESIAN_POINT('',(1.430053521619,-5.503150466953,0.2));
#3675 = CARTESIAN_POINT('',(1.44319364559,-5.63633538889,0.2));
#3676 = CARTESIAN_POINT('',(1.475730645857,-5.881344450572,0.2));
#3677 = CARTESIAN_POINT('',(1.493968066746,-5.993488220662,0.2));
#3678 = CARTESIAN_POINT('',(1.51575355065,-6.104464065354,0.2));
#3679 = CARTESIAN_POINT('',(1.541473202014,-6.213963374574,0.2));
#3680 = CARTESIAN_POINT('',(1.571563398878,-6.321565673837,0.2));
#3681 = CARTESIAN_POINT('',(1.647501508583,-6.550124352525,0.2));
#3682 = CARTESIAN_POINT('',(1.695169369711,-6.670150545526,0.2));
#3683 = CARTESIAN_POINT('',(1.750283589607,-6.785942043647,0.2));
#3684 = CARTESIAN_POINT('',(1.813607451666,-6.896210860197,0.2));
#3685 = CARTESIAN_POINT('',(1.885785981579,-6.999332374217,0.2));
#3686 = CARTESIAN_POINT('',(1.966796875,-7.09375,0.2));
#3687 = PCURVE('',#32,#3688);
#3688 = DEFINITIONAL_REPRESENTATION('',(#3689),#3707);
#3689 = B_SPLINE_CURVE_WITH_KNOTS('',6,(#3690,#3691,#3692,#3693,#3694,
    #3695,#3696,#3697,#3698,#3699,#3700,#3701,#3702,#3703,#3704,#3705,
    #3706),.UNSPECIFIED.,.F.,.F.,(7,5,5,7),(0.,0.349189819034,
    0.648669164939,1.),.UNSPECIFIED.);
#3690 = CARTESIAN_POINT('',(51.412109375,45.237109375));
#3691 = CARTESIAN_POINT('',(51.412109375,45.101264402008));
#3692 = CARTESIAN_POINT('',(51.414896334202,44.965859544393));
#3693 = CARTESIAN_POINT('',(51.420762398189,44.830997172894));
#3694 = CARTESIAN_POINT('',(51.430053521619,44.696849533047));
#3695 = CARTESIAN_POINT('',(51.44319364559,44.56366461111));
#3696 = CARTESIAN_POINT('',(51.475730645857,44.318655549428));
#3697 = CARTESIAN_POINT('',(51.493968066746,44.206511779338));
#3698 = CARTESIAN_POINT('',(51.51575355065,44.095535934646));
#3699 = CARTESIAN_POINT('',(51.541473202014,43.986036625426));
#3700 = CARTESIAN_POINT('',(51.571563398878,43.878434326163));
#3701 = CARTESIAN_POINT('',(51.647501508583,43.649875647475));
#3702 = CARTESIAN_POINT('',(51.695169369711,43.529849454474));
#3703 = CARTESIAN_POINT('',(51.750283589607,43.414057956353));
#3704 = CARTESIAN_POINT('',(51.813607451666,43.303789139803));
#3705 = CARTESIAN_POINT('',(51.885785981579,43.200667625783));
#3706 = CARTESIAN_POINT('',(51.966796875,43.10625));
#3707 = ( GEOMETRIC_REPRESENTATION_CONTEXT(2) 
PARAMETRIC_REPRESENTATION_CONTEXT() REPRESENTATION_CONTEXT('2D SPACE',''
  ) );
#3708 = PCURVE('',#3709,#3716);
#3709 = SURFACE_OF_LINEAR_EXTRUSION('',#3710,#3714);
#3710 = B_SPLINE_CURVE_WITH_KNOTS('',2,(#3711,#3712,#3713),
  .UNSPECIFIED.,.F.,.F.,(3,3),(0.,1.),.PIECEWISE_BEZIER_KNOTS.);
#3711 = CARTESIAN_POINT('',(1.966796875,-7.09375,0.));
#3712 = CARTESIAN_POINT('',(1.412109375,-6.447265625,0.));
#3713 = CARTESIAN_POINT('',(1.412109375,-4.962890625,0.));
#3714 = VECTOR('',#3715,1.);
#3715 = DIRECTION('',(-0.,-0.,-1.));
#3716 = DEFINITIONAL_REPRESENTATION('',(#3717),#3735);
#3717 = B_SPLINE_CURVE_WITH_KNOTS('',6,(#3718,#3719,#3720,#3721,#3722,
    #3723,#3724,#3725,#3726,#3727,#3728,#3729,#3730,#3731,#3732,#3733,
    #3734),.UNSPECIFIED.,.F.,.F.,(7,5,5,7),(0.,0.349189819034,
    0.648669164939,1.),.UNSPECIFIED.);
#3718 = CARTESIAN_POINT('',(1.,-0.2));
#3719 = CARTESIAN_POINT('',(0.954241693308,-0.2));
#3720 = CARTESIAN_POINT('',(0.907213571665,-0.2));
#3721 = CARTESIAN_POINT('',(0.858801467937,-0.2));
#3722 = CARTESIAN_POINT('',(0.808887372555,-0.2));
#3723 = CARTESIAN_POINT('',(0.757339107454,-0.2));
#3724 = CARTESIAN_POINT('',(0.658254218936,-0.2));
#3725 = CARTESIAN_POINT('',(0.611199886224,-0.2));
#3726 = CARTESIAN_POINT('',(0.562733629753,-0.2));
#3727 = CARTESIAN_POINT('',(0.512762944204,-0.2));
#3728 = CARTESIAN_POINT('',(0.461207424625,-0.2));
#3729 = CARTESIAN_POINT('',(0.345580306687,-0.2));
#3730 = CARTESIAN_POINT('',(0.28089600574,-0.2));
#3731 = CARTESIAN_POINT('',(0.213849262017,-0.2));
#3732 = CARTESIAN_POINT('',(0.144485548779,-0.2));
#3733 = CARTESIAN_POINT('',(7.302390392912E-02,-0.2));
#3734 = CARTESIAN_POINT('',(0.,-0.2));
#3735 = ( GEOMETRIC_REPRESENTATION_CONTEXT(2) 
PARAMETRIC_REPRESENTATION_CONTEXT() REPRESENTATION_CONTEXT('2D SPACE',''
  ) );
#3736 = ORIENTED_EDGE('',*,*,#3737,.F.);
#3737 = EDGE_CURVE('',#3738,#3666,#3740,.T.);
#3738 = VERTEX_POINT('',#3739);
#3739 = CARTESIAN_POINT('',(2.025390625,-2.548828125,0.2));
#3740 = SURFACE_CURVE('',#3741,(#3759,#3780),.PCURVE_S1.);
#3741 = B_SPLINE_CURVE_WITH_KNOTS('',6,(#3742,#3743,#3744,#3745,#3746,
    #3747,#3748,#3749,#3750,#3751,#3752,#3753,#3754,#3755,#3756,#3757,
    #3758),.UNSPECIFIED.,.F.,.F.,(7,5,5,7),(0.,0.344826315611,
    0.64781102823,1.),.UNSPECIFIED.);
#3742 = CARTESIAN_POINT('',(2.025390625,-2.548828125,0.2));
#3743 = CARTESIAN_POINT('',(1.9373007896,-2.657116903549,0.2));
#3744 = CARTESIAN_POINT('',(1.858787130268,-2.77418562994,0.2));
#3745 = CARTESIAN_POINT('',(1.78976985904,-2.898390002529,0.2));
#3746 = CARTESIAN_POINT('',(1.729536433328,-3.028081207406,0.2));
#3747 = CARTESIAN_POINT('',(1.677270486844,-3.161968901958,0.2));
#3748 = CARTESIAN_POINT('',(1.592514440832,-3.419754610124,0.2));
#3749 = CARTESIAN_POINT('',(1.558401123352,-3.542874236869,0.2));
#3750 = CARTESIAN_POINT('',(1.529257066301,-3.667965935184,0.2));
#3751 = CARTESIAN_POINT('',(1.504581870242,-3.794573681775,0.2));
#3752 = CARTESIAN_POINT('',(1.48393492762,-3.922366017121,0.2));
#3753 = CARTESIAN_POINT('',(1.447179352623,-4.200819857894,0.2));
#3754 = CARTESIAN_POINT('',(1.432356014048,-4.351791162578,0.2));
#3755 = CARTESIAN_POINT('',(1.421873583805,-4.503703934437,0.2));
#3756 = CARTESIAN_POINT('',(1.415254474939,-4.656298206722,0.2));
#3757 = CARTESIAN_POINT('',(1.412109375,-4.809395028692,0.2));
#3758 = CARTESIAN_POINT('',(1.412109375,-4.962890625,0.2));
#3759 = PCURVE('',#32,#3760);
#3760 = DEFINITIONAL_REPRESENTATION('',(#3761),#3779);
#3761 = B_SPLINE_CURVE_WITH_KNOTS('',6,(#3762,#3763,#3764,#3765,#3766,
    #3767,#3768,#3769,#3770,#3771,#3772,#3773,#3774,#3775,#3776,#3777,
    #3778),.UNSPECIFIED.,.F.,.F.,(7,5,5,7),(0.,0.344826315611,
    0.64781102823,1.),.UNSPECIFIED.);
#3762 = CARTESIAN_POINT('',(52.025390625,47.651171875));
#3763 = CARTESIAN_POINT('',(51.9373007896,47.542883096451));
#3764 = CARTESIAN_POINT('',(51.858787130268,47.42581437006));
#3765 = CARTESIAN_POINT('',(51.78976985904,47.301609997471));
#3766 = CARTESIAN_POINT('',(51.729536433328,47.171918792594));
#3767 = CARTESIAN_POINT('',(51.677270486844,47.038031098042));
#3768 = CARTESIAN_POINT('',(51.592514440832,46.780245389876));
#3769 = CARTESIAN_POINT('',(51.558401123352,46.657125763131));
#3770 = CARTESIAN_POINT('',(51.529257066301,46.532034064816));
#3771 = CARTESIAN_POINT('',(51.504581870242,46.405426318225));
#3772 = CARTESIAN_POINT('',(51.48393492762,46.277633982879));
#3773 = CARTESIAN_POINT('',(51.447179352623,45.999180142106));
#3774 = CARTESIAN_POINT('',(51.432356014048,45.848208837422));
#3775 = CARTESIAN_POINT('',(51.421873583805,45.696296065563));
#3776 = CARTESIAN_POINT('',(51.415254474939,45.543701793278));
#3777 = CARTESIAN_POINT('',(51.412109375,45.390604971308));
#3778 = CARTESIAN_POINT('',(51.412109375,45.237109375));
#3779 = ( GEOMETRIC_REPRESENTATION_CONTEXT(2) 
PARAMETRIC_REPRESENTATION_CONTEXT() REPRESENTATION_CONTEXT('2D SPACE',''
  ) );
#3780 = PCURVE('',#3781,#3788);
#3781 = SURFACE_OF_LINEAR_EXTRUSION('',#3782,#3786);
#3782 = B_SPLINE_CURVE_WITH_KNOTS('',2,(#3783,#3784,#3785),
  .UNSPECIFIED.,.F.,.F.,(3,3),(0.,1.),.PIECEWISE_BEZIER_KNOTS.);
#3783 = CARTESIAN_POINT('',(1.412109375,-4.962890625,0.));
#3784 = CARTESIAN_POINT('',(1.412109375,-3.302734375,0.));
#3785 = CARTESIAN_POINT('',(2.025390625,-2.548828125,0.));
#3786 = VECTOR('',#3787,1.);
#3787 = DIRECTION('',(-0.,-0.,-1.));
#3788 = DEFINITIONAL_REPRESENTATION('',(#3789),#3807);
#3789 = B_SPLINE_CURVE_WITH_KNOTS('',6,(#3790,#3791,#3792,#3793,#3794,
    #3795,#3796,#3797,#3798,#3799,#3800,#3801,#3802,#3803,#3804,#3805,
    #3806),.UNSPECIFIED.,.F.,.F.,(7,5,5,7),(0.,0.344826315611,
    0.64781102823,1.),.UNSPECIFIED.);
#3790 = CARTESIAN_POINT('',(1.,-0.2));
#3791 = CARTESIAN_POINT('',(0.92818153547,-0.2));
#3792 = CARTESIAN_POINT('',(0.857980639957,-0.2));
#3793 = CARTESIAN_POINT('',(0.789857028748,-0.2));
#3794 = CARTESIAN_POINT('',(0.723990168304,-0.2));
#3795 = CARTESIAN_POINT('',(0.660405355168,-0.2));
#3796 = CARTESIAN_POINT('',(0.545045637915,-0.2));
#3797 = CARTESIAN_POINT('',(0.492782751517,-0.2));
#3798 = CARTESIAN_POINT('',(0.442137495802,-0.2));
#3799 = CARTESIAN_POINT('',(0.393024511199,-0.2));
#3800 = CARTESIAN_POINT('',(0.345347532867,-0.2));
#3801 = CARTESIAN_POINT('',(0.245125697883,-0.2));
#3802 = CARTESIAN_POINT('',(0.193059557737,-0.2));
#3803 = CARTESIAN_POINT('',(0.142641793604,-0.2));
#3804 = CARTESIAN_POINT('',(9.373815100027E-02,-0.2));
#3805 = CARTESIAN_POINT('',(4.622926194681E-02,-0.2));
#3806 = CARTESIAN_POINT('',(0.,-0.2));
#3807 = ( GEOMETRIC_REPRESENTATION_CONTEXT(2) 
PARAMETRIC_REPRESENTATION_CONTEXT() REPRESENTATION_CONTEXT('2D SPACE',''
  ) );
#3808 = ORIENTED_EDGE('',*,*,#3809,.F.);
#3809 = EDGE_CURVE('',#3810,#3738,#3812,.T.);
#3810 = VERTEX_POINT('',#3811);
#3811 = CARTESIAN_POINT('',(3.466796875,-1.892578125,0.2));
#3812 = SURFACE_CURVE('',#3813,(#3832,#3854),.PCURVE_S1.);
#3813 = B_SPLINE_CURVE_WITH_KNOTS('',5,(#3814,#3815,#3816,#3817,#3818,
    #3819,#3820,#3821,#3822,#3823,#3824,#3825,#3826,#3827,#3828,#3829,
    #3830,#3831),.UNSPECIFIED.,.F.,.F.,(6,4,4,4,6),(0.,0.210302034062,
    0.596450851947,0.86885615661,1.),.UNSPECIFIED.);
#3814 = CARTESIAN_POINT('',(3.466796875,-1.892578125,0.2));
#3815 = CARTESIAN_POINT('',(3.396011345188,-1.892578125,0.2));
#3816 = CARTESIAN_POINT('',(3.325555920003,-1.89508049069,0.2));
#3817 = CARTESIAN_POINT('',(3.255547803036,-1.900238320617,0.2));
#3818 = CARTESIAN_POINT('',(3.186132271881,-1.908202136029,0.2));
#3819 = CARTESIAN_POINT('',(2.991414540334,-1.93908552702,0.2));
#3820 = CARTESIAN_POINT('',(2.867872064189,-1.968949566558,0.2));
#3821 = CARTESIAN_POINT('',(2.747994656586,-2.00941439862,0.2));
#3822 = CARTESIAN_POINT('',(2.632978775429,-2.06081929996,0.2));
#3823 = CARTESIAN_POINT('',(2.446869257985,-2.166131704187,0.2));
#3824 = CARTESIAN_POINT('',(2.372797449743,-2.214852936984,0.2));
#3825 = CARTESIAN_POINT('',(2.301985824216,-2.268538110562,0.2));
#3826 = CARTESIAN_POINT('',(2.234626604603,-2.326833108068,0.2));
#3827 = CARTESIAN_POINT('',(2.140076065332,-2.419364121257,0.2));
#3828 = CARTESIAN_POINT('',(2.110167466456,-2.450401529256,0.2));
#3829 = CARTESIAN_POINT('',(2.081084216548,-2.482357702636,0.2));
#3830 = CARTESIAN_POINT('',(2.052827143642,-2.515183343016,0.2));
#3831 = CARTESIAN_POINT('',(2.025390625,-2.548828125,0.2));
#3832 = PCURVE('',#32,#3833);
#3833 = DEFINITIONAL_REPRESENTATION('',(#3834),#3853);
#3834 = B_SPLINE_CURVE_WITH_KNOTS('',5,(#3835,#3836,#3837,#3838,#3839,
    #3840,#3841,#3842,#3843,#3844,#3845,#3846,#3847,#3848,#3849,#3850,
    #3851,#3852),.UNSPECIFIED.,.F.,.F.,(6,4,4,4,6),(0.,0.210302034062,
    0.596450851947,0.86885615661,1.),.UNSPECIFIED.);
#3835 = CARTESIAN_POINT('',(53.466796875,48.307421875));
#3836 = CARTESIAN_POINT('',(53.396011345188,48.307421875));
#3837 = CARTESIAN_POINT('',(53.325555920003,48.30491950931));
#3838 = CARTESIAN_POINT('',(53.255547803036,48.299761679383));
#3839 = CARTESIAN_POINT('',(53.186132271881,48.291797863971));
#3840 = CARTESIAN_POINT('',(52.991414540334,48.26091447298));
#3841 = CARTESIAN_POINT('',(52.867872064189,48.231050433442));
#3842 = CARTESIAN_POINT('',(52.747994656586,48.19058560138));
#3843 = CARTESIAN_POINT('',(52.632978775429,48.13918070004));
#3844 = CARTESIAN_POINT('',(52.446869257985,48.033868295813));
#3845 = CARTESIAN_POINT('',(52.372797449743,47.985147063016));
#3846 = CARTESIAN_POINT('',(52.301985824216,47.931461889438));
#3847 = CARTESIAN_POINT('',(52.234626604603,47.873166891932));
#3848 = CARTESIAN_POINT('',(52.140076065332,47.780635878743));
#3849 = CARTESIAN_POINT('',(52.110167466456,47.749598470744));
#3850 = CARTESIAN_POINT('',(52.081084216548,47.717642297364));
#3851 = CARTESIAN_POINT('',(52.052827143642,47.684816656984));
#3852 = CARTESIAN_POINT('',(52.025390625,47.651171875));
#3853 = ( GEOMETRIC_REPRESENTATION_CONTEXT(2) 
PARAMETRIC_REPRESENTATION_CONTEXT() REPRESENTATION_CONTEXT('2D SPACE',''
  ) );
#3854 = PCURVE('',#3855,#3862);
#3855 = SURFACE_OF_LINEAR_EXTRUSION('',#3856,#3860);
#3856 = B_SPLINE_CURVE_WITH_KNOTS('',2,(#3857,#3858,#3859),
  .UNSPECIFIED.,.F.,.F.,(3,3),(0.,1.),.PIECEWISE_BEZIER_KNOTS.);
#3857 = CARTESIAN_POINT('',(2.025390625,-2.548828125,0.));
#3858 = CARTESIAN_POINT('',(2.560546875,-1.892578125,0.));
#3859 = CARTESIAN_POINT('',(3.466796875,-1.892578125,0.));
#3860 = VECTOR('',#3861,1.);
#3861 = DIRECTION('',(-0.,-0.,-1.));
#3862 = DEFINITIONAL_REPRESENTATION('',(#3863),#3882);
#3863 = B_SPLINE_CURVE_WITH_KNOTS('',5,(#3864,#3865,#3866,#3867,#3868,
    #3869,#3870,#3871,#3872,#3873,#3874,#3875,#3876,#3877,#3878,#3879,
    #3880,#3881),.UNSPECIFIED.,.F.,.F.,(6,4,4,4,6),(0.,0.210302034062,
    0.596450851947,0.86885615661,1.),.UNSPECIFIED.);
#3864 = CARTESIAN_POINT('',(1.,-0.2));
#3865 = CARTESIAN_POINT('',(0.960945914586,-0.2));
#3866 = CARTESIAN_POINT('',(0.92129325064,-0.2));
#3867 = CARTESIAN_POINT('',(0.881058907476,-0.2));
#3868 = CARTESIAN_POINT('',(0.840276077597,-0.2));
#3869 = CARTESIAN_POINT('',(0.723210392724,-0.2));
#3870 = CARTESIAN_POINT('',(0.645731838541,-0.2));
#3871 = CARTESIAN_POINT('',(0.566968083128,-0.2));
#3872 = CARTESIAN_POINT('',(0.4874733913,-0.2));
#3873 = CARTESIAN_POINT('',(0.351936191523,-0.2));
#3874 = CARTESIAN_POINT('',(0.295868602359,-0.2));
#3875 = CARTESIAN_POINT('',(0.240051050378,-0.2));
#3876 = CARTESIAN_POINT('',(0.184700069563,-0.2));
#3877 = CARTESIAN_POINT('',(0.103665794192,-0.2));
#3878 = CARTESIAN_POINT('',(7.74812346809E-02,-0.2));
#3879 = CARTESIAN_POINT('',(5.146539738837E-02,-0.2));
#3880 = CARTESIAN_POINT('',(2.563411960676E-02,-0.2));
#3881 = CARTESIAN_POINT('',(0.,-0.2));
#3882 = ( GEOMETRIC_REPRESENTATION_CONTEXT(2) 
PARAMETRIC_REPRESENTATION_CONTEXT() REPRESENTATION_CONTEXT('2D SPACE',''
  ) );
#3883 = ORIENTED_EDGE('',*,*,#3884,.F.);
#3884 = EDGE_CURVE('',#2058,#3810,#3885,.T.);
#3885 = SURFACE_CURVE('',#3886,(#3899,#3915),.PCURVE_S1.);
#3886 = B_SPLINE_CURVE_WITH_KNOTS('',6,(#3887,#3888,#3889,#3890,#3891,
    #3892,#3893,#3894,#3895,#3896,#3897,#3898),.UNSPECIFIED.,.F.,.F.,(7,
    5,7),(0.,0.182721297992,1.),.UNSPECIFIED.);
#3887 = CARTESIAN_POINT('',(4.57421875,-2.271484375,0.2));
#3888 = CARTESIAN_POINT('',(4.54728121137,-2.247837847877,0.2));
#3889 = CARTESIAN_POINT('',(4.519706625455,-2.225018273875,0.2));
#3890 = CARTESIAN_POINT('',(4.491505630099,-2.20304804222,0.2));
#3891 = CARTESIAN_POINT('',(4.462691690008,-2.181946235065,0.2));
#3892 = CARTESIAN_POINT('',(4.433281096748,-2.161728627489,0.2));
#3893 = CARTESIAN_POINT('',(4.269161597117,-2.055988682549,0.2));
#3894 = CARTESIAN_POINT('',(4.123409026464,-1.987463744098,0.2));
#3895 = CARTESIAN_POINT('',(3.967983452832,-1.938137104758,0.2));
#3896 = CARTESIAN_POINT('',(3.805282432321,-1.9070997248,0.2));
#3897 = CARTESIAN_POINT('',(3.637589999027,-1.892578125,0.2));
#3898 = CARTESIAN_POINT('',(3.466796875,-1.892578125,0.2));
#3899 = PCURVE('',#32,#3900);
#3900 = DEFINITIONAL_REPRESENTATION('',(#3901),#3914);
#3901 = B_SPLINE_CURVE_WITH_KNOTS('',6,(#3902,#3903,#3904,#3905,#3906,
    #3907,#3908,#3909,#3910,#3911,#3912,#3913),.UNSPECIFIED.,.F.,.F.,(7,
    5,7),(0.,0.182721297992,1.),.UNSPECIFIED.);
#3902 = CARTESIAN_POINT('',(54.57421875,47.928515625));
#3903 = CARTESIAN_POINT('',(54.54728121137,47.952162152123));
#3904 = CARTESIAN_POINT('',(54.519706625455,47.974981726125));
#3905 = CARTESIAN_POINT('',(54.491505630099,47.99695195778));
#3906 = CARTESIAN_POINT('',(54.462691690008,48.018053764935));
#3907 = CARTESIAN_POINT('',(54.433281096748,48.038271372511));
#3908 = CARTESIAN_POINT('',(54.269161597117,48.144011317451));
#3909 = CARTESIAN_POINT('',(54.123409026464,48.212536255902));
#3910 = CARTESIAN_POINT('',(53.967983452832,48.261862895242));
#3911 = CARTESIAN_POINT('',(53.805282432321,48.2929002752));
#3912 = CARTESIAN_POINT('',(53.637589999027,48.307421875));
#3913 = CARTESIAN_POINT('',(53.466796875,48.307421875));
#3914 = ( GEOMETRIC_REPRESENTATION_CONTEXT(2) 
PARAMETRIC_REPRESENTATION_CONTEXT() REPRESENTATION_CONTEXT('2D SPACE',''
  ) );
#3915 = PCURVE('',#3916,#3923);
#3916 = SURFACE_OF_LINEAR_EXTRUSION('',#3917,#3921);
#3917 = B_SPLINE_CURVE_WITH_KNOTS('',2,(#3918,#3919,#3920),
  .UNSPECIFIED.,.F.,.F.,(3,3),(0.,1.),.PIECEWISE_BEZIER_KNOTS.);
#3918 = CARTESIAN_POINT('',(3.466796875,-1.892578125,0.));
#3919 = CARTESIAN_POINT('',(4.142578125,-1.892578125,0.));
#3920 = CARTESIAN_POINT('',(4.57421875,-2.271484375,0.));
#3921 = VECTOR('',#3922,1.);
#3922 = DIRECTION('',(-0.,-0.,-1.));
#3923 = DEFINITIONAL_REPRESENTATION('',(#3924),#3937);
#3924 = B_SPLINE_CURVE_WITH_KNOTS('',6,(#3925,#3926,#3927,#3928,#3929,
    #3930,#3931,#3932,#3933,#3934,#3935,#3936),.UNSPECIFIED.,.F.,.F.,(7,
    5,7),(0.,0.182721297992,1.),.UNSPECIFIED.);
#3925 = CARTESIAN_POINT('',(1.,-0.2));
#3926 = CARTESIAN_POINT('',(0.968796335342,-0.2));
#3927 = CARTESIAN_POINT('',(0.937515562401,-0.2));
#3928 = CARTESIAN_POINT('',(0.906176225557,-0.2));
#3929 = CARTESIAN_POINT('',(0.874797384164,-0.2));
#3930 = CARTESIAN_POINT('',(0.843398612546,-0.2));
#3931 = CARTESIAN_POINT('',(0.671559790847,-0.2));
#3932 = CARTESIAN_POINT('',(0.531051869696,-0.2));
#3933 = CARTESIAN_POINT('',(0.392539442729,-0.2));
#3934 = CARTESIAN_POINT('',(0.257363058107,-0.2));
#3935 = CARTESIAN_POINT('',(0.12636716691,-0.2));
#3936 = CARTESIAN_POINT('',(0.,-0.2));
#3937 = ( GEOMETRIC_REPRESENTATION_CONTEXT(2) 
PARAMETRIC_REPRESENTATION_CONTEXT() REPRESENTATION_CONTEXT('2D SPACE',''
  ) );
#3938 = ADVANCED_FACE('',(#3939),#43,.F.);
#3939 = FACE_BOUND('',#3940,.F.);
#3940 = EDGE_LOOP('',(#3941,#3942,#3963,#3989));
#3941 = ORIENTED_EDGE('',*,*,#21,.F.);
#3942 = ORIENTED_EDGE('',*,*,#3943,.T.);
#3943 = EDGE_CURVE('',#22,#3944,#3946,.T.);
#3944 = VERTEX_POINT('',#3945);
#3945 = CARTESIAN_POINT('',(-30.,-21.15,-0.2));
#3946 = SURFACE_CURVE('',#3947,(#3951,#3957),.PCURVE_S1.);
#3947 = LINE('',#3948,#3949);
#3948 = CARTESIAN_POINT('',(-30.,-21.15,-0.2));
#3949 = VECTOR('',#3950,1.);
#3950 = DIRECTION('',(-0.,-0.,-1.));
#3951 = PCURVE('',#43,#3952);
#3952 = DEFINITIONAL_REPRESENTATION('',(#3953),#3956);
#3953 = B_SPLINE_CURVE_WITH_KNOTS('',1,(#3954,#3955),.UNSPECIFIED.,.F.,
  .F.,(2,2),(-0.4000006,5.999999999895E-07),.PIECEWISE_BEZIER_KNOTS.);
#3954 = CARTESIAN_POINT('',(1.4000006,-29.05));
#3955 = CARTESIAN_POINT('',(0.9999994,-29.05));
#3956 = ( GEOMETRIC_REPRESENTATION_CONTEXT(2) 
PARAMETRIC_REPRESENTATION_CONTEXT() REPRESENTATION_CONTEXT('2D SPACE',''
  ) );
#3957 = PCURVE('',#75,#3958);
#3958 = DEFINITIONAL_REPRESENTATION('',(#3959),#3962);
#3959 = B_SPLINE_CURVE_WITH_KNOTS('',1,(#3960,#3961),.UNSPECIFIED.,.F.,
  .F.,(2,2),(-0.4000006,5.999999999895E-07),.PIECEWISE_BEZIER_KNOTS.);
#3960 = CARTESIAN_POINT('',(-2.960272879188,-0.4000006));
#3961 = CARTESIAN_POINT('',(-2.960272879188,5.999999999895E-07));
#3962 = ( GEOMETRIC_REPRESENTATION_CONTEXT(2) 
PARAMETRIC_REPRESENTATION_CONTEXT() REPRESENTATION_CONTEXT('2D SPACE',''
  ) );
#3963 = ORIENTED_EDGE('',*,*,#3964,.T.);
#3964 = EDGE_CURVE('',#3944,#3965,#3967,.T.);
#3965 = VERTEX_POINT('',#3966);
#3966 = CARTESIAN_POINT('',(-30.,1.719718412039,-0.2));
#3967 = SURFACE_CURVE('',#3968,(#3972,#3978),.PCURVE_S1.);
#3968 = LINE('',#3969,#3970);
#3969 = CARTESIAN_POINT('',(-30.,-50.2,-0.2));
#3970 = VECTOR('',#3971,1.);
#3971 = DIRECTION('',(0.,1.,0.));
#3972 = PCURVE('',#43,#3973);
#3973 = DEFINITIONAL_REPRESENTATION('',(#3974),#3977);
#3974 = B_SPLINE_CURVE_WITH_KNOTS('',1,(#3975,#3976),.UNSPECIFIED.,.F.,
  .F.,(2,2),(0.,80.),.PIECEWISE_BEZIER_KNOTS.);
#3975 = CARTESIAN_POINT('',(1.,0.));
#3976 = CARTESIAN_POINT('',(1.,-80.));
#3977 = ( GEOMETRIC_REPRESENTATION_CONTEXT(2) 
PARAMETRIC_REPRESENTATION_CONTEXT() REPRESENTATION_CONTEXT('2D SPACE',''
  ) );
#3978 = PCURVE('',#3979,#3984);
#3979 = PLANE('',#3980);
#3980 = AXIS2_PLACEMENT_3D('',#3981,#3982,#3983);
#3981 = CARTESIAN_POINT('',(-50.,-50.2,-0.2));
#3982 = DIRECTION('',(0.,0.,1.));
#3983 = DIRECTION('',(1.,0.,0.));
#3984 = DEFINITIONAL_REPRESENTATION('',(#3985),#3988);
#3985 = B_SPLINE_CURVE_WITH_KNOTS('',1,(#3986,#3987),.UNSPECIFIED.,.F.,
  .F.,(2,2),(0.,80.),.PIECEWISE_BEZIER_KNOTS.);
#3986 = CARTESIAN_POINT('',(20.,0.));
#3987 = CARTESIAN_POINT('',(20.,80.));
#3988 = ( GEOMETRIC_REPRESENTATION_CONTEXT(2) 
PARAMETRIC_REPRESENTATION_CONTEXT() REPRESENTATION_CONTEXT('2D SPACE',''
  ) );
#3989 = ORIENTED_EDGE('',*,*,#3990,.F.);
#3990 = EDGE_CURVE('',#24,#3965,#3991,.T.);
#3991 = SURFACE_CURVE('',#3992,(#3996,#4002),.PCURVE_S1.);
#3992 = LINE('',#3993,#3994);
#3993 = CARTESIAN_POINT('',(-30.,1.719718412039,-0.2));
#3994 = VECTOR('',#3995,1.);
#3995 = DIRECTION('',(-0.,-0.,-1.));
#3996 = PCURVE('',#43,#3997);
#3997 = DEFINITIONAL_REPRESENTATION('',(#3998),#4001);
#3998 = B_SPLINE_CURVE_WITH_KNOTS('',1,(#3999,#4000),.UNSPECIFIED.,.F.,
  .F.,(2,2),(-0.4000006,5.999999999895E-07),.PIECEWISE_BEZIER_KNOTS.);
#3999 = CARTESIAN_POINT('',(1.4000006,-51.91971841203));
#4000 = CARTESIAN_POINT('',(0.9999994,-51.91971841203));
#4001 = ( GEOMETRIC_REPRESENTATION_CONTEXT(2) 
PARAMETRIC_REPRESENTATION_CONTEXT() REPRESENTATION_CONTEXT('2D SPACE',''
  ) );
#4002 = PCURVE('',#219,#4003);
#4003 = DEFINITIONAL_REPRESENTATION('',(#4004),#4007);
#4004 = B_SPLINE_CURVE_WITH_KNOTS('',1,(#4005,#4006),.UNSPECIFIED.,.F.,
  .F.,(2,2),(-0.4,-0.),.PIECEWISE_BEZIER_KNOTS.);
#4005 = CARTESIAN_POINT('',(-3.639280910544,-0.4));
#4006 = CARTESIAN_POINT('',(-3.639280910544,0.));
#4007 = ( GEOMETRIC_REPRESENTATION_CONTEXT(2) 
PARAMETRIC_REPRESENTATION_CONTEXT() REPRESENTATION_CONTEXT('2D SPACE',''
  ) );
#4008 = ADVANCED_FACE('',(#4009),#219,.F.);
#4009 = FACE_BOUND('',#4010,.T.);
#4010 = EDGE_LOOP('',(#4011,#4012,#4033,#4059,#4060,#4061,#4093,#4126,
    #4156,#4157,#4189,#4222));
#4011 = ORIENTED_EDGE('',*,*,#198,.F.);
#4012 = ORIENTED_EDGE('',*,*,#4013,.T.);
#4013 = EDGE_CURVE('',#173,#4014,#4016,.T.);
#4014 = VERTEX_POINT('',#4015);
#4015 = CARTESIAN_POINT('',(-30.,16.280281587961,-0.2));
#4016 = SURFACE_CURVE('',#4017,(#4021,#4027),.PCURVE_S1.);
#4017 = LINE('',#4018,#4019);
#4018 = CARTESIAN_POINT('',(-30.,16.280281587961,-0.2));
#4019 = VECTOR('',#4020,1.);
#4020 = DIRECTION('',(-0.,-0.,-1.));
#4021 = PCURVE('',#219,#4022);
#4022 = DEFINITIONAL_REPRESENTATION('',(#4023),#4026);
#4023 = B_SPLINE_CURVE_WITH_KNOTS('',1,(#4024,#4025),.UNSPECIFIED.,.F.,
  .F.,(2,2),(-0.4,-0.),.PIECEWISE_BEZIER_KNOTS.);
#4024 = CARTESIAN_POINT('',(-8.927089703815,-0.4));
#4025 = CARTESIAN_POINT('',(-8.927089703815,0.));
#4026 = ( GEOMETRIC_REPRESENTATION_CONTEXT(2) 
PARAMETRIC_REPRESENTATION_CONTEXT() REPRESENTATION_CONTEXT('2D SPACE',''
  ) );
#4027 = PCURVE('',#187,#4028);
#4028 = DEFINITIONAL_REPRESENTATION('',(#4029),#4032);
#4029 = B_SPLINE_CURVE_WITH_KNOTS('',1,(#4030,#4031),.UNSPECIFIED.,.F.,
  .F.,(2,2),(-0.4000006,5.999999999895E-07),.PIECEWISE_BEZIER_KNOTS.);
#4030 = CARTESIAN_POINT('',(1.4000006,-66.48028158796));
#4031 = CARTESIAN_POINT('',(0.9999994,-66.48028158796));
#4032 = ( GEOMETRIC_REPRESENTATION_CONTEXT(2) 
PARAMETRIC_REPRESENTATION_CONTEXT() REPRESENTATION_CONTEXT('2D SPACE',''
  ) );
#4033 = ORIENTED_EDGE('',*,*,#4034,.T.);
#4034 = EDGE_CURVE('',#4014,#3965,#4035,.T.);
#4035 = SURFACE_CURVE('',#4036,(#4041,#4048),.PCURVE_S1.);
#4036 = CIRCLE('',#4037,15.25);
#4037 = AXIS2_PLACEMENT_3D('',#4038,#4039,#4040);
#4038 = CARTESIAN_POINT('',(-16.6,9.,-0.2));
#4039 = DIRECTION('',(0.,0.,-1.));
#4040 = DIRECTION('',(-0.87868852459,0.477395513965,0.));
#4041 = PCURVE('',#219,#4042);
#4042 = DEFINITIONAL_REPRESENTATION('',(#4043),#4047);
#4043 = LINE('',#4044,#4045);
#4044 = CARTESIAN_POINT('',(-8.927089703815,0.));
#4045 = VECTOR('',#4046,1.);
#4046 = DIRECTION('',(1.,-0.));
#4047 = ( GEOMETRIC_REPRESENTATION_CONTEXT(2) 
PARAMETRIC_REPRESENTATION_CONTEXT() REPRESENTATION_CONTEXT('2D SPACE',''
  ) );
#4048 = PCURVE('',#3979,#4049);
#4049 = DEFINITIONAL_REPRESENTATION('',(#4050),#4058);
#4050 = ( BOUNDED_CURVE() B_SPLINE_CURVE(2,(#4051,#4052,#4053,#4054,
#4055,#4056,#4057),.UNSPECIFIED.,.T.,.F.) B_SPLINE_CURVE_WITH_KNOTS((1,2
    ,2,2,2,1),(-2.094395102393,0.,2.094395102393,4.188790204786,
6.28318530718,8.377580409573),.UNSPECIFIED.) CURVE() 
GEOMETRIC_REPRESENTATION_ITEM() RATIONAL_B_SPLINE_CURVE((1.,0.5,1.,0.5,
1.,0.5,1.)) REPRESENTATION_ITEM('') );
#4051 = CARTESIAN_POINT('',(20.,66.480281587961));
#4052 = CARTESIAN_POINT('',(32.609817603756,89.689762409384));
#4053 = CARTESIAN_POINT('',(46.404908801878,67.164599616731));
#4054 = CARTESIAN_POINT('',(60.2,44.639436824079));
#4055 = CARTESIAN_POINT('',(33.795091198122,43.955118795308));
#4056 = CARTESIAN_POINT('',(7.390182396244,43.270800766538));
#4057 = CARTESIAN_POINT('',(20.,66.480281587961));
#4058 = ( GEOMETRIC_REPRESENTATION_CONTEXT(2) 
PARAMETRIC_REPRESENTATION_CONTEXT() REPRESENTATION_CONTEXT('2D SPACE',''
  ) );
#4059 = ORIENTED_EDGE('',*,*,#3990,.F.);
#4060 = ORIENTED_EDGE('',*,*,#1711,.F.);
#4061 = ORIENTED_EDGE('',*,*,#4062,.T.);
#4062 = EDGE_CURVE('',#1661,#4063,#4065,.T.);
#4063 = VERTEX_POINT('',#4064);
#4064 = CARTESIAN_POINT('',(-12.95765496327,-5.80864013451,0.));
#4065 = SURFACE_CURVE('',#4066,(#4073,#4083),.PCURVE_S1.);
#4066 = B_SPLINE_CURVE_WITH_KNOTS('',5,(#4067,#4068,#4069,#4070,#4071,
    #4072),.UNSPECIFIED.,.F.,.F.,(6,6),(0.,1.),
  .PIECEWISE_BEZIER_KNOTS.);
#4067 = CARTESIAN_POINT('',(-12.95765496327,-5.80864013451,0.2000006));
#4068 = CARTESIAN_POINT('',(-12.95765496327,-5.80864013451,0.17290324677
    ));
#4069 = CARTESIAN_POINT('',(-12.95765496327,-5.80864013451,
    0.124839329145));
#4070 = CARTESIAN_POINT('',(-12.95765496327,-5.80864013451,
    7.89867658644E-02));
#4071 = CARTESIAN_POINT('',(-12.95765496327,-5.80864013451,
    4.063914964092E-02));
#4072 = CARTESIAN_POINT('',(-12.95765496327,-5.80864013451,-6.E-07));
#4073 = PCURVE('',#219,#4074);
#4074 = DEFINITIONAL_REPRESENTATION('',(#4075),#4082);
#4075 = B_SPLINE_CURVE_WITH_KNOTS('',5,(#4076,#4077,#4078,#4079,#4080,
    #4081),.UNSPECIFIED.,.F.,.F.,(6,6),(0.,1.),
  .PIECEWISE_BEZIER_KNOTS.);
#4076 = CARTESIAN_POINT('',(-4.953562449369,-0.4000006));
#4077 = CARTESIAN_POINT('',(-4.953562449369,-0.37290324677));
#4078 = CARTESIAN_POINT('',(-4.953562449369,-0.324839329145));
#4079 = CARTESIAN_POINT('',(-4.953562449369,-0.278986765864));
#4080 = CARTESIAN_POINT('',(-4.953562449369,-0.240639149641));
#4081 = CARTESIAN_POINT('',(-4.953562449369,-0.1999994));
#4082 = ( GEOMETRIC_REPRESENTATION_CONTEXT(2) 
PARAMETRIC_REPRESENTATION_CONTEXT() REPRESENTATION_CONTEXT('2D SPACE',''
  ) );
#4083 = PCURVE('',#1690,#4084);
#4084 = DEFINITIONAL_REPRESENTATION('',(#4085),#4092);
#4085 = B_SPLINE_CURVE_WITH_KNOTS('',5,(#4086,#4087,#4088,#4089,#4090,
    #4091),.UNSPECIFIED.,.F.,.F.,(6,6),(0.,1.),
  .PIECEWISE_BEZIER_KNOTS.);
#4086 = CARTESIAN_POINT('',(0.105475128805,-0.2000006));
#4087 = CARTESIAN_POINT('',(0.105475128805,-0.17290324677));
#4088 = CARTESIAN_POINT('',(0.105475128805,-0.124839329145));
#4089 = CARTESIAN_POINT('',(0.105475128805,-7.89867658644E-02));
#4090 = CARTESIAN_POINT('',(0.105475128805,-4.063914964092E-02));
#4091 = CARTESIAN_POINT('',(0.105475128805,5.999999999895E-07));
#4092 = ( GEOMETRIC_REPRESENTATION_CONTEXT(2) 
PARAMETRIC_REPRESENTATION_CONTEXT() REPRESENTATION_CONTEXT('2D SPACE',''
  ) );
#4093 = ORIENTED_EDGE('',*,*,#4094,.F.);
#4094 = EDGE_CURVE('',#4095,#4063,#4097,.T.);
#4095 = VERTEX_POINT('',#4096);
#4096 = CARTESIAN_POINT('',(-12.13194691619,-5.580775069943,0.));
#4097 = SURFACE_CURVE('',#4098,(#4103,#4110),.PCURVE_S1.);
#4098 = CIRCLE('',#4099,15.25);
#4099 = AXIS2_PLACEMENT_3D('',#4100,#4101,#4102);
#4100 = CARTESIAN_POINT('',(-16.6,9.,0.));
#4101 = DIRECTION('',(0.,0.,-1.));
#4102 = DIRECTION('',(1.,0.,0.));
#4103 = PCURVE('',#219,#4104);
#4104 = DEFINITIONAL_REPRESENTATION('',(#4105),#4109);
#4105 = LINE('',#4106,#4107);
#4106 = CARTESIAN_POINT('',(-6.28318530718,-0.2));
#4107 = VECTOR('',#4108,1.);
#4108 = DIRECTION('',(1.,-0.));
#4109 = ( GEOMETRIC_REPRESENTATION_CONTEXT(2) 
PARAMETRIC_REPRESENTATION_CONTEXT() REPRESENTATION_CONTEXT('2D SPACE',''
  ) );
#4110 = PCURVE('',#4111,#4116);
#4111 = PLANE('',#4112);
#4112 = AXIS2_PLACEMENT_3D('',#4113,#4114,#4115);
#4113 = CARTESIAN_POINT('',(-14.458984375,-7.642578125,0.));
#4114 = DIRECTION('',(0.,0.,1.));
#4115 = DIRECTION('',(1.,0.,0.));
#4116 = DEFINITIONAL_REPRESENTATION('',(#4117),#4125);
#4117 = ( BOUNDED_CURVE() B_SPLINE_CURVE(2,(#4118,#4119,#4120,#4121,
#4122,#4123,#4124),.UNSPECIFIED.,.T.,.F.) B_SPLINE_CURVE_WITH_KNOTS((1,2
    ,2,2,2,1),(-2.094395102393,0.,2.094395102393,4.188790204786,
6.28318530718,8.377580409573),.UNSPECIFIED.) CURVE() 
GEOMETRIC_REPRESENTATION_ITEM() RATIONAL_B_SPLINE_CURVE((1.,0.5,1.,0.5,
1.,0.5,1.)) REPRESENTATION_ITEM('') );
#4118 = CARTESIAN_POINT('',(13.108984375,16.642578125));
#4119 = CARTESIAN_POINT('',(13.108984375,-9.771196690425));
#4120 = CARTESIAN_POINT('',(-9.766015625,3.435690717287));
#4121 = CARTESIAN_POINT('',(-32.641015625,16.642578125));
#4122 = CARTESIAN_POINT('',(-9.766015625,29.849465532713));
#4123 = CARTESIAN_POINT('',(13.108984375,43.056352940425));
#4124 = CARTESIAN_POINT('',(13.108984375,16.642578125));
#4125 = ( GEOMETRIC_REPRESENTATION_CONTEXT(2) 
PARAMETRIC_REPRESENTATION_CONTEXT() REPRESENTATION_CONTEXT('2D SPACE',''
  ) );
#4126 = ORIENTED_EDGE('',*,*,#4127,.F.);
#4127 = EDGE_CURVE('',#1454,#4095,#4128,.T.);
#4128 = SURFACE_CURVE('',#4129,(#4136,#4146),.PCURVE_S1.);
#4129 = B_SPLINE_CURVE_WITH_KNOTS('',5,(#4130,#4131,#4132,#4133,#4134,
    #4135),.UNSPECIFIED.,.F.,.F.,(6,6),(0.,1.),
  .PIECEWISE_BEZIER_KNOTS.);
#4130 = CARTESIAN_POINT('',(-12.13194691619,-5.580775069943,0.2000006));
#4131 = CARTESIAN_POINT('',(-12.13194691619,-5.580775069943,
    0.17290324677));
#4132 = CARTESIAN_POINT('',(-12.13194691619,-5.580775069943,
    0.124839329145));
#4133 = CARTESIAN_POINT('',(-12.13194691619,-5.580775069943,
    7.89867658644E-02));
#4134 = CARTESIAN_POINT('',(-12.13194691619,-5.580775069943,
    4.063914964092E-02));
#4135 = CARTESIAN_POINT('',(-12.13194691619,-5.580775069943,-6.E-07));
#4136 = PCURVE('',#219,#4137);
#4137 = DEFINITIONAL_REPRESENTATION('',(#4138),#4145);
#4138 = B_SPLINE_CURVE_WITH_KNOTS('',5,(#4139,#4140,#4141,#4142,#4143,
    #4144),.UNSPECIFIED.,.F.,.F.,(6,6),(0.,1.),
  .PIECEWISE_BEZIER_KNOTS.);
#4139 = CARTESIAN_POINT('',(-5.00973851724,-0.4000006));
#4140 = CARTESIAN_POINT('',(-5.00973851724,-0.37290324677));
#4141 = CARTESIAN_POINT('',(-5.00973851724,-0.324839329145));
#4142 = CARTESIAN_POINT('',(-5.00973851724,-0.278986765864));
#4143 = CARTESIAN_POINT('',(-5.00973851724,-0.240639149641));
#4144 = CARTESIAN_POINT('',(-5.00973851724,-0.1999994));
#4145 = ( GEOMETRIC_REPRESENTATION_CONTEXT(2) 
PARAMETRIC_REPRESENTATION_CONTEXT() REPRESENTATION_CONTEXT('2D SPACE',''
  ) );
#4146 = PCURVE('',#1511,#4147);
#4147 = DEFINITIONAL_REPRESENTATION('',(#4148),#4155);
#4148 = B_SPLINE_CURVE_WITH_KNOTS('',5,(#4149,#4150,#4151,#4152,#4153,
    #4154),.UNSPECIFIED.,.F.,.F.,(6,6),(0.,1.),
  .PIECEWISE_BEZIER_KNOTS.);
#4149 = CARTESIAN_POINT('',(0.759324661388,-0.2000006));
#4150 = CARTESIAN_POINT('',(0.759324661388,-0.17290324677));
#4151 = CARTESIAN_POINT('',(0.759324661388,-0.124839329145));
#4152 = CARTESIAN_POINT('',(0.759324661388,-7.89867658644E-02));
#4153 = CARTESIAN_POINT('',(0.759324661388,-4.063914964092E-02));
#4154 = CARTESIAN_POINT('',(0.759324661388,5.999999999895E-07));
#4155 = ( GEOMETRIC_REPRESENTATION_CONTEXT(2) 
PARAMETRIC_REPRESENTATION_CONTEXT() REPRESENTATION_CONTEXT('2D SPACE',''
  ) );
#4156 = ORIENTED_EDGE('',*,*,#1453,.F.);
#4157 = ORIENTED_EDGE('',*,*,#4158,.T.);
#4158 = EDGE_CURVE('',#1403,#4159,#4161,.T.);
#4159 = VERTEX_POINT('',#4160);
#4160 = CARTESIAN_POINT('',(-7.053747783754,-2.892500520236,0.));
#4161 = SURFACE_CURVE('',#4162,(#4169,#4179),.PCURVE_S1.);
#4162 = B_SPLINE_CURVE_WITH_KNOTS('',5,(#4163,#4164,#4165,#4166,#4167,
    #4168),.UNSPECIFIED.,.F.,.F.,(6,6),(0.,1.),
  .PIECEWISE_BEZIER_KNOTS.);
#4163 = CARTESIAN_POINT('',(-7.053747783754,-2.892500520236,0.2000006));
#4164 = CARTESIAN_POINT('',(-7.053747783754,-2.892500520236,
    0.17290324677));
#4165 = CARTESIAN_POINT('',(-7.053747783754,-2.892500520236,
    0.124839329145));
#4166 = CARTESIAN_POINT('',(-7.053747783754,-2.892500520236,
    7.89867658644E-02));
#4167 = CARTESIAN_POINT('',(-7.053747783754,-2.892500520236,
    4.063914964092E-02));
#4168 = CARTESIAN_POINT('',(-7.053747783754,-2.892500520236,-6.E-07));
#4169 = PCURVE('',#219,#4170);
#4170 = DEFINITIONAL_REPRESENTATION('',(#4171),#4178);
#4171 = B_SPLINE_CURVE_WITH_KNOTS('',5,(#4172,#4173,#4174,#4175,#4176,
    #4177),.UNSPECIFIED.,.F.,.F.,(6,6),(0.,1.),
  .PIECEWISE_BEZIER_KNOTS.);
#4172 = CARTESIAN_POINT('',(-5.388781361045,-0.4000006));
#4173 = CARTESIAN_POINT('',(-5.388781361045,-0.37290324677));
#4174 = CARTESIAN_POINT('',(-5.388781361045,-0.324839329145));
#4175 = CARTESIAN_POINT('',(-5.388781361045,-0.278986765864));
#4176 = CARTESIAN_POINT('',(-5.388781361045,-0.240639149641));
#4177 = CARTESIAN_POINT('',(-5.388781361045,-0.1999994));
#4178 = ( GEOMETRIC_REPRESENTATION_CONTEXT(2) 
PARAMETRIC_REPRESENTATION_CONTEXT() REPRESENTATION_CONTEXT('2D SPACE',''
  ) );
#4179 = PCURVE('',#1432,#4180);
#4180 = DEFINITIONAL_REPRESENTATION('',(#4181),#4188);
#4181 = B_SPLINE_CURVE_WITH_KNOTS('',5,(#4182,#4183,#4184,#4185,#4186,
    #4187),.UNSPECIFIED.,.F.,.F.,(6,6),(0.,1.),
  .PIECEWISE_BEZIER_KNOTS.);
#4182 = CARTESIAN_POINT('',(0.693890531185,-0.2000006));
#4183 = CARTESIAN_POINT('',(0.693890531185,-0.17290324677));
#4184 = CARTESIAN_POINT('',(0.693890531185,-0.124839329145));
#4185 = CARTESIAN_POINT('',(0.693890531185,-7.89867658644E-02));
#4186 = CARTESIAN_POINT('',(0.693890531185,-4.063914964092E-02));
#4187 = CARTESIAN_POINT('',(0.693890531185,5.999999999895E-07));
#4188 = ( GEOMETRIC_REPRESENTATION_CONTEXT(2) 
PARAMETRIC_REPRESENTATION_CONTEXT() REPRESENTATION_CONTEXT('2D SPACE',''
  ) );
#4189 = ORIENTED_EDGE('',*,*,#4190,.F.);
#4190 = EDGE_CURVE('',#4191,#4159,#4193,.T.);
#4191 = VERTEX_POINT('',#4192);
#4192 = CARTESIAN_POINT('',(-6.54235156401,-2.463254683467,0.));
#4193 = SURFACE_CURVE('',#4194,(#4199,#4206),.PCURVE_S1.);
#4194 = CIRCLE('',#4195,15.25);
#4195 = AXIS2_PLACEMENT_3D('',#4196,#4197,#4198);
#4196 = CARTESIAN_POINT('',(-16.6,9.,0.));
#4197 = DIRECTION('',(0.,0.,-1.));
#4198 = DIRECTION('',(1.,0.,0.));
#4199 = PCURVE('',#219,#4200);
#4200 = DEFINITIONAL_REPRESENTATION('',(#4201),#4205);
#4201 = LINE('',#4202,#4203);
#4202 = CARTESIAN_POINT('',(-6.28318530718,-0.2));
#4203 = VECTOR('',#4204,1.);
#4204 = DIRECTION('',(1.,-0.));
#4205 = ( GEOMETRIC_REPRESENTATION_CONTEXT(2) 
PARAMETRIC_REPRESENTATION_CONTEXT() REPRESENTATION_CONTEXT('2D SPACE',''
  ) );
#4206 = PCURVE('',#4207,#4212);
#4207 = PLANE('',#4208);
#4208 = AXIS2_PLACEMENT_3D('',#4209,#4210,#4211);
#4209 = CARTESIAN_POINT('',(-10.009765625,-7.642578125,0.));
#4210 = DIRECTION('',(0.,0.,1.));
#4211 = DIRECTION('',(1.,0.,0.));
#4212 = DEFINITIONAL_REPRESENTATION('',(#4213),#4221);
#4213 = ( BOUNDED_CURVE() B_SPLINE_CURVE(2,(#4214,#4215,#4216,#4217,
#4218,#4219,#4220),.UNSPECIFIED.,.T.,.F.) B_SPLINE_CURVE_WITH_KNOTS((1,2
    ,2,2,2,1),(-2.094395102393,0.,2.094395102393,4.188790204786,
6.28318530718,8.377580409573),.UNSPECIFIED.) CURVE() 
GEOMETRIC_REPRESENTATION_ITEM() RATIONAL_B_SPLINE_CURVE((1.,0.5,1.,0.5,
1.,0.5,1.)) REPRESENTATION_ITEM('') );
#4214 = CARTESIAN_POINT('',(8.659765625,16.642578125));
#4215 = CARTESIAN_POINT('',(8.659765625,-9.771196690425));
#4216 = CARTESIAN_POINT('',(-14.215234375,3.435690717287));
#4217 = CARTESIAN_POINT('',(-37.090234375,16.642578125));
#4218 = CARTESIAN_POINT('',(-14.215234375,29.849465532713));
#4219 = CARTESIAN_POINT('',(8.659765625,43.056352940425));
#4220 = CARTESIAN_POINT('',(8.659765625,16.642578125));
#4221 = ( GEOMETRIC_REPRESENTATION_CONTEXT(2) 
PARAMETRIC_REPRESENTATION_CONTEXT() REPRESENTATION_CONTEXT('2D SPACE',''
  ) );
#4222 = ORIENTED_EDGE('',*,*,#4223,.F.);
#4223 = EDGE_CURVE('',#199,#4191,#4224,.T.);
#4224 = SURFACE_CURVE('',#4225,(#4232,#4242),.PCURVE_S1.);
#4225 = B_SPLINE_CURVE_WITH_KNOTS('',5,(#4226,#4227,#4228,#4229,#4230,
    #4231),.UNSPECIFIED.,.F.,.F.,(6,6),(0.,1.),
  .PIECEWISE_BEZIER_KNOTS.);
#4226 = CARTESIAN_POINT('',(-6.54235156401,-2.463254683467,0.2000006));
#4227 = CARTESIAN_POINT('',(-6.54235156401,-2.463254683467,0.17290324677
    ));
#4228 = CARTESIAN_POINT('',(-6.54235156401,-2.463254683467,
    0.124839329145));
#4229 = CARTESIAN_POINT('',(-6.54235156401,-2.463254683467,
    7.89867658644E-02));
#4230 = CARTESIAN_POINT('',(-6.54235156401,-2.463254683467,
    4.063914964092E-02));
#4231 = CARTESIAN_POINT('',(-6.54235156401,-2.463254683467,-6.E-07));
#4232 = PCURVE('',#219,#4233);
#4233 = DEFINITIONAL_REPRESENTATION('',(#4234),#4241);
#4234 = B_SPLINE_CURVE_WITH_KNOTS('',5,(#4235,#4236,#4237,#4238,#4239,
    #4240),.UNSPECIFIED.,.F.,.F.,(6,6),(0.,1.),
  .PIECEWISE_BEZIER_KNOTS.);
#4235 = CARTESIAN_POINT('',(-5.432566245086,-0.4000006));
#4236 = CARTESIAN_POINT('',(-5.432566245086,-0.37290324677));
#4237 = CARTESIAN_POINT('',(-5.432566245086,-0.324839329145));
#4238 = CARTESIAN_POINT('',(-5.432566245086,-0.278986765864));
#4239 = CARTESIAN_POINT('',(-5.432566245086,-0.240639149641));
#4240 = CARTESIAN_POINT('',(-5.432566245086,-0.1999994));
#4241 = ( GEOMETRIC_REPRESENTATION_CONTEXT(2) 
PARAMETRIC_REPRESENTATION_CONTEXT() REPRESENTATION_CONTEXT('2D SPACE',''
  ) );
#4242 = PCURVE('',#261,#4243);
#4243 = DEFINITIONAL_REPRESENTATION('',(#4244),#4251);
#4244 = B_SPLINE_CURVE_WITH_KNOTS('',5,(#4245,#4246,#4247,#4248,#4249,
    #4250),.UNSPECIFIED.,.F.,.F.,(6,6),(0.,1.),
  .PIECEWISE_BEZIER_KNOTS.);
#4245 = CARTESIAN_POINT('',(0.72631657802,-0.2000006));
#4246 = CARTESIAN_POINT('',(0.72631657802,-0.17290324677));
#4247 = CARTESIAN_POINT('',(0.72631657802,-0.124839329145));
#4248 = CARTESIAN_POINT('',(0.72631657802,-7.89867658644E-02));
#4249 = CARTESIAN_POINT('',(0.72631657802,-4.063914964092E-02));
#4250 = CARTESIAN_POINT('',(0.72631657802,5.999999999895E-07));
#4251 = ( GEOMETRIC_REPRESENTATION_CONTEXT(2) 
PARAMETRIC_REPRESENTATION_CONTEXT() REPRESENTATION_CONTEXT('2D SPACE',''
  ) );
#4252 = ADVANCED_FACE('',(#4253),#1690,.F.);
#4253 = FACE_BOUND('',#4254,.F.);
#4254 = EDGE_LOOP('',(#4255,#4278,#4299,#4300));
#4255 = ORIENTED_EDGE('',*,*,#4256,.F.);
#4256 = EDGE_CURVE('',#4257,#4063,#4259,.T.);
#4257 = VERTEX_POINT('',#4258);
#4258 = CARTESIAN_POINT('',(-13.013671875,-6.009765625,0.));
#4259 = SURFACE_CURVE('',#4260,(#4264,#4271),.PCURVE_S1.);
#4260 = B_SPLINE_CURVE_WITH_KNOTS('',2,(#4261,#4262,#4263),
  .UNSPECIFIED.,.F.,.F.,(3,3),(0.,1.),.PIECEWISE_BEZIER_KNOTS.);
#4261 = CARTESIAN_POINT('',(-13.013671875,-6.009765625,0.));
#4262 = CARTESIAN_POINT('',(-12.759765625,-5.052734375,0.));
#4263 = CARTESIAN_POINT('',(-12.28515625,-4.1640625,0.));
#4264 = PCURVE('',#1690,#4265);
#4265 = DEFINITIONAL_REPRESENTATION('',(#4266),#4270);
#4266 = LINE('',#4267,#4268);
#4267 = CARTESIAN_POINT('',(0.,0.));
#4268 = VECTOR('',#4269,1.);
#4269 = DIRECTION('',(1.,0.));
#4270 = ( GEOMETRIC_REPRESENTATION_CONTEXT(2) 
PARAMETRIC_REPRESENTATION_CONTEXT() REPRESENTATION_CONTEXT('2D SPACE',''
  ) );
#4271 = PCURVE('',#4111,#4272);
#4272 = DEFINITIONAL_REPRESENTATION('',(#4273),#4277);
#4273 = B_SPLINE_CURVE_WITH_KNOTS('',2,(#4274,#4275,#4276),
  .UNSPECIFIED.,.F.,.F.,(3,3),(0.,1.),.PIECEWISE_BEZIER_KNOTS.);
#4274 = CARTESIAN_POINT('',(1.4453125,1.6328125));
#4275 = CARTESIAN_POINT('',(1.69921875,2.58984375));
#4276 = CARTESIAN_POINT('',(2.173828125,3.478515625));
#4277 = ( GEOMETRIC_REPRESENTATION_CONTEXT(2) 
PARAMETRIC_REPRESENTATION_CONTEXT() REPRESENTATION_CONTEXT('2D SPACE',''
  ) );
#4278 = ORIENTED_EDGE('',*,*,#4279,.T.);
#4279 = EDGE_CURVE('',#4257,#1610,#4280,.T.);
#4280 = SURFACE_CURVE('',#4281,(#4285,#4292),.PCURVE_S1.);
#4281 = LINE('',#4282,#4283);
#4282 = CARTESIAN_POINT('',(-13.013671875,-6.009765625,0.));
#4283 = VECTOR('',#4284,1.);
#4284 = DIRECTION('',(0.,0.,1.));
#4285 = PCURVE('',#1690,#4286);
#4286 = DEFINITIONAL_REPRESENTATION('',(#4287),#4291);
#4287 = LINE('',#4288,#4289);
#4288 = CARTESIAN_POINT('',(0.,0.));
#4289 = VECTOR('',#4290,1.);
#4290 = DIRECTION('',(0.,-1.));
#4291 = ( GEOMETRIC_REPRESENTATION_CONTEXT(2) 
PARAMETRIC_REPRESENTATION_CONTEXT() REPRESENTATION_CONTEXT('2D SPACE',''
  ) );
#4292 = PCURVE('',#1639,#4293);
#4293 = DEFINITIONAL_REPRESENTATION('',(#4294),#4298);
#4294 = LINE('',#4295,#4296);
#4295 = CARTESIAN_POINT('',(1.,0.));
#4296 = VECTOR('',#4297,1.);
#4297 = DIRECTION('',(0.,-1.));
#4298 = ( GEOMETRIC_REPRESENTATION_CONTEXT(2) 
PARAMETRIC_REPRESENTATION_CONTEXT() REPRESENTATION_CONTEXT('2D SPACE',''
  ) );
#4299 = ORIENTED_EDGE('',*,*,#1660,.F.);
#4300 = ORIENTED_EDGE('',*,*,#4062,.T.);
#4301 = ADVANCED_FACE('',(#4302),#1639,.F.);
#4302 = FACE_BOUND('',#4303,.F.);
#4303 = EDGE_LOOP('',(#4304,#4327,#4348,#4349));
#4304 = ORIENTED_EDGE('',*,*,#4305,.F.);
#4305 = EDGE_CURVE('',#4306,#4257,#4308,.T.);
#4306 = VERTEX_POINT('',#4307);
#4307 = CARTESIAN_POINT('',(-13.279296875,-7.642578125,0.));
#4308 = SURFACE_CURVE('',#4309,(#4313,#4320),.PCURVE_S1.);
#4309 = B_SPLINE_CURVE_WITH_KNOTS('',2,(#4310,#4311,#4312),
  .UNSPECIFIED.,.F.,.F.,(3,3),(0.,1.),.PIECEWISE_BEZIER_KNOTS.);
#4310 = CARTESIAN_POINT('',(-13.279296875,-7.642578125,0.));
#4311 = CARTESIAN_POINT('',(-13.267578125,-6.966796875,0.));
#4312 = CARTESIAN_POINT('',(-13.013671875,-6.009765625,0.));
#4313 = PCURVE('',#1639,#4314);
#4314 = DEFINITIONAL_REPRESENTATION('',(#4315),#4319);
#4315 = LINE('',#4316,#4317);
#4316 = CARTESIAN_POINT('',(0.,0.));
#4317 = VECTOR('',#4318,1.);
#4318 = DIRECTION('',(1.,0.));
#4319 = ( GEOMETRIC_REPRESENTATION_CONTEXT(2) 
PARAMETRIC_REPRESENTATION_CONTEXT() REPRESENTATION_CONTEXT('2D SPACE',''
  ) );
#4320 = PCURVE('',#4111,#4321);
#4321 = DEFINITIONAL_REPRESENTATION('',(#4322),#4326);
#4322 = B_SPLINE_CURVE_WITH_KNOTS('',2,(#4323,#4324,#4325),
  .UNSPECIFIED.,.F.,.F.,(3,3),(0.,1.),.PIECEWISE_BEZIER_KNOTS.);
#4323 = CARTESIAN_POINT('',(1.1796875,0.));
#4324 = CARTESIAN_POINT('',(1.19140625,0.67578125));
#4325 = CARTESIAN_POINT('',(1.4453125,1.6328125));
#4326 = ( GEOMETRIC_REPRESENTATION_CONTEXT(2) 
PARAMETRIC_REPRESENTATION_CONTEXT() REPRESENTATION_CONTEXT('2D SPACE',''
  ) );
#4327 = ORIENTED_EDGE('',*,*,#4328,.T.);
#4328 = EDGE_CURVE('',#4306,#1584,#4329,.T.);
#4329 = SURFACE_CURVE('',#4330,(#4334,#4341),.PCURVE_S1.);
#4330 = LINE('',#4331,#4332);
#4331 = CARTESIAN_POINT('',(-13.279296875,-7.642578125,0.));
#4332 = VECTOR('',#4333,1.);
#4333 = DIRECTION('',(0.,0.,1.));
#4334 = PCURVE('',#1639,#4335);
#4335 = DEFINITIONAL_REPRESENTATION('',(#4336),#4340);
#4336 = LINE('',#4337,#4338);
#4337 = CARTESIAN_POINT('',(0.,0.));
#4338 = VECTOR('',#4339,1.);
#4339 = DIRECTION('',(0.,-1.));
#4340 = ( GEOMETRIC_REPRESENTATION_CONTEXT(2) 
PARAMETRIC_REPRESENTATION_CONTEXT() REPRESENTATION_CONTEXT('2D SPACE',''
  ) );
#4341 = PCURVE('',#1598,#4342);
#4342 = DEFINITIONAL_REPRESENTATION('',(#4343),#4347);
#4343 = LINE('',#4344,#4345);
#4344 = CARTESIAN_POINT('',(0.72265625,0.));
#4345 = VECTOR('',#4346,1.);
#4346 = DIRECTION('',(0.,-1.));
#4347 = ( GEOMETRIC_REPRESENTATION_CONTEXT(2) 
PARAMETRIC_REPRESENTATION_CONTEXT() REPRESENTATION_CONTEXT('2D SPACE',''
  ) );
#4348 = ORIENTED_EDGE('',*,*,#1609,.F.);
#4349 = ORIENTED_EDGE('',*,*,#4279,.F.);
#4350 = ADVANCED_FACE('',(#4351),#1598,.F.);
#4351 = FACE_BOUND('',#4352,.F.);
#4352 = EDGE_LOOP('',(#4353,#4376,#4397,#4398));
#4353 = ORIENTED_EDGE('',*,*,#4354,.F.);
#4354 = EDGE_CURVE('',#4355,#4306,#4357,.T.);
#4355 = VERTEX_POINT('',#4356);
#4356 = CARTESIAN_POINT('',(-12.556640625,-7.642578125,0.));
#4357 = SURFACE_CURVE('',#4358,(#4362,#4369),.PCURVE_S1.);
#4358 = LINE('',#4359,#4360);
#4359 = CARTESIAN_POINT('',(-12.556640625,-7.642578125,0.));
#4360 = VECTOR('',#4361,1.);
#4361 = DIRECTION('',(-1.,0.,0.));
#4362 = PCURVE('',#1598,#4363);
#4363 = DEFINITIONAL_REPRESENTATION('',(#4364),#4368);
#4364 = LINE('',#4365,#4366);
#4365 = CARTESIAN_POINT('',(0.,-0.));
#4366 = VECTOR('',#4367,1.);
#4367 = DIRECTION('',(1.,0.));
#4368 = ( GEOMETRIC_REPRESENTATION_CONTEXT(2) 
PARAMETRIC_REPRESENTATION_CONTEXT() REPRESENTATION_CONTEXT('2D SPACE',''
  ) );
#4369 = PCURVE('',#4111,#4370);
#4370 = DEFINITIONAL_REPRESENTATION('',(#4371),#4375);
#4371 = LINE('',#4372,#4373);
#4372 = CARTESIAN_POINT('',(1.90234375,0.));
#4373 = VECTOR('',#4374,1.);
#4374 = DIRECTION('',(-1.,0.));
#4375 = ( GEOMETRIC_REPRESENTATION_CONTEXT(2) 
PARAMETRIC_REPRESENTATION_CONTEXT() REPRESENTATION_CONTEXT('2D SPACE',''
  ) );
#4376 = ORIENTED_EDGE('',*,*,#4377,.T.);
#4377 = EDGE_CURVE('',#4355,#1533,#4378,.T.);
#4378 = SURFACE_CURVE('',#4379,(#4383,#4390),.PCURVE_S1.);
#4379 = LINE('',#4380,#4381);
#4380 = CARTESIAN_POINT('',(-12.556640625,-7.642578125,0.));
#4381 = VECTOR('',#4382,1.);
#4382 = DIRECTION('',(0.,0.,1.));
#4383 = PCURVE('',#1598,#4384);
#4384 = DEFINITIONAL_REPRESENTATION('',(#4385),#4389);
#4385 = LINE('',#4386,#4387);
#4386 = CARTESIAN_POINT('',(0.,-0.));
#4387 = VECTOR('',#4388,1.);
#4388 = DIRECTION('',(0.,-1.));
#4389 = ( GEOMETRIC_REPRESENTATION_CONTEXT(2) 
PARAMETRIC_REPRESENTATION_CONTEXT() REPRESENTATION_CONTEXT('2D SPACE',''
  ) );
#4390 = PCURVE('',#1562,#4391);
#4391 = DEFINITIONAL_REPRESENTATION('',(#4392),#4396);
#4392 = LINE('',#4393,#4394);
#4393 = CARTESIAN_POINT('',(1.,0.));
#4394 = VECTOR('',#4395,1.);
#4395 = DIRECTION('',(0.,-1.));
#4396 = ( GEOMETRIC_REPRESENTATION_CONTEXT(2) 
PARAMETRIC_REPRESENTATION_CONTEXT() REPRESENTATION_CONTEXT('2D SPACE',''
  ) );
#4397 = ORIENTED_EDGE('',*,*,#1583,.F.);
#4398 = ORIENTED_EDGE('',*,*,#4328,.F.);
#4399 = ADVANCED_FACE('',(#4400),#1562,.F.);
#4400 = FACE_BOUND('',#4401,.F.);
#4401 = EDGE_LOOP('',(#4402,#4425,#4446,#4447));
#4402 = ORIENTED_EDGE('',*,*,#4403,.F.);
#4403 = EDGE_CURVE('',#4404,#4355,#4406,.T.);
#4404 = VERTEX_POINT('',#4405);
#4405 = CARTESIAN_POINT('',(-12.287109375,-6.068359375,0.));
#4406 = SURFACE_CURVE('',#4407,(#4411,#4418),.PCURVE_S1.);
#4407 = B_SPLINE_CURVE_WITH_KNOTS('',2,(#4408,#4409,#4410),
  .UNSPECIFIED.,.F.,.F.,(3,3),(0.,1.),.PIECEWISE_BEZIER_KNOTS.);
#4408 = CARTESIAN_POINT('',(-12.287109375,-6.068359375,0.));
#4409 = CARTESIAN_POINT('',(-12.498046875,-6.787109375,0.));
#4410 = CARTESIAN_POINT('',(-12.556640625,-7.642578125,0.));
#4411 = PCURVE('',#1562,#4412);
#4412 = DEFINITIONAL_REPRESENTATION('',(#4413),#4417);
#4413 = LINE('',#4414,#4415);
#4414 = CARTESIAN_POINT('',(0.,0.));
#4415 = VECTOR('',#4416,1.);
#4416 = DIRECTION('',(1.,0.));
#4417 = ( GEOMETRIC_REPRESENTATION_CONTEXT(2) 
PARAMETRIC_REPRESENTATION_CONTEXT() REPRESENTATION_CONTEXT('2D SPACE',''
  ) );
#4418 = PCURVE('',#4111,#4419);
#4419 = DEFINITIONAL_REPRESENTATION('',(#4420),#4424);
#4420 = B_SPLINE_CURVE_WITH_KNOTS('',2,(#4421,#4422,#4423),
  .UNSPECIFIED.,.F.,.F.,(3,3),(0.,1.),.PIECEWISE_BEZIER_KNOTS.);
#4421 = CARTESIAN_POINT('',(2.171875,1.57421875));
#4422 = CARTESIAN_POINT('',(1.9609375,0.85546875));
#4423 = CARTESIAN_POINT('',(1.90234375,0.));
#4424 = ( GEOMETRIC_REPRESENTATION_CONTEXT(2) 
PARAMETRIC_REPRESENTATION_CONTEXT() REPRESENTATION_CONTEXT('2D SPACE',''
  ) );
#4425 = ORIENTED_EDGE('',*,*,#4426,.T.);
#4426 = EDGE_CURVE('',#4404,#1482,#4427,.T.);
#4427 = SURFACE_CURVE('',#4428,(#4432,#4439),.PCURVE_S1.);
#4428 = LINE('',#4429,#4430);
#4429 = CARTESIAN_POINT('',(-12.287109375,-6.068359375,0.));
#4430 = VECTOR('',#4431,1.);
#4431 = DIRECTION('',(0.,0.,1.));
#4432 = PCURVE('',#1562,#4433);
#4433 = DEFINITIONAL_REPRESENTATION('',(#4434),#4438);
#4434 = LINE('',#4435,#4436);
#4435 = CARTESIAN_POINT('',(0.,0.));
#4436 = VECTOR('',#4437,1.);
#4437 = DIRECTION('',(0.,-1.));
#4438 = ( GEOMETRIC_REPRESENTATION_CONTEXT(2) 
PARAMETRIC_REPRESENTATION_CONTEXT() REPRESENTATION_CONTEXT('2D SPACE',''
  ) );
#4439 = PCURVE('',#1511,#4440);
#4440 = DEFINITIONAL_REPRESENTATION('',(#4441),#4445);
#4441 = LINE('',#4442,#4443);
#4442 = CARTESIAN_POINT('',(1.,0.));
#4443 = VECTOR('',#4444,1.);
#4444 = DIRECTION('',(0.,-1.));
#4445 = ( GEOMETRIC_REPRESENTATION_CONTEXT(2) 
PARAMETRIC_REPRESENTATION_CONTEXT() REPRESENTATION_CONTEXT('2D SPACE',''
  ) );
#4446 = ORIENTED_EDGE('',*,*,#1532,.F.);
#4447 = ORIENTED_EDGE('',*,*,#4377,.F.);
#4448 = ADVANCED_FACE('',(#4449),#1511,.F.);
#4449 = FACE_BOUND('',#4450,.F.);
#4450 = EDGE_LOOP('',(#4451,#4472,#4473,#4474));
#4451 = ORIENTED_EDGE('',*,*,#4452,.F.);
#4452 = EDGE_CURVE('',#4095,#4404,#4453,.T.);
#4453 = SURFACE_CURVE('',#4454,(#4458,#4465),.PCURVE_S1.);
#4454 = B_SPLINE_CURVE_WITH_KNOTS('',2,(#4455,#4456,#4457),
  .UNSPECIFIED.,.F.,.F.,(3,3),(0.,1.),.PIECEWISE_BEZIER_KNOTS.);
#4455 = CARTESIAN_POINT('',(-11.45703125,-4.083984375,0.));
#4456 = CARTESIAN_POINT('',(-11.994140625,-5.048828125,0.));
#4457 = CARTESIAN_POINT('',(-12.287109375,-6.068359375,0.));
#4458 = PCURVE('',#1511,#4459);
#4459 = DEFINITIONAL_REPRESENTATION('',(#4460),#4464);
#4460 = LINE('',#4461,#4462);
#4461 = CARTESIAN_POINT('',(0.,0.));
#4462 = VECTOR('',#4463,1.);
#4463 = DIRECTION('',(1.,0.));
#4464 = ( GEOMETRIC_REPRESENTATION_CONTEXT(2) 
PARAMETRIC_REPRESENTATION_CONTEXT() REPRESENTATION_CONTEXT('2D SPACE',''
  ) );
#4465 = PCURVE('',#4111,#4466);
#4466 = DEFINITIONAL_REPRESENTATION('',(#4467),#4471);
#4467 = B_SPLINE_CURVE_WITH_KNOTS('',2,(#4468,#4469,#4470),
  .UNSPECIFIED.,.F.,.F.,(3,3),(0.,1.),.PIECEWISE_BEZIER_KNOTS.);
#4468 = CARTESIAN_POINT('',(3.001953125,3.55859375));
#4469 = CARTESIAN_POINT('',(2.46484375,2.59375));
#4470 = CARTESIAN_POINT('',(2.171875,1.57421875));
#4471 = ( GEOMETRIC_REPRESENTATION_CONTEXT(2) 
PARAMETRIC_REPRESENTATION_CONTEXT() REPRESENTATION_CONTEXT('2D SPACE',''
  ) );
#4472 = ORIENTED_EDGE('',*,*,#4127,.F.);
#4473 = ORIENTED_EDGE('',*,*,#1481,.F.);
#4474 = ORIENTED_EDGE('',*,*,#4426,.F.);
#4475 = ADVANCED_FACE('',(#4476),#1432,.F.);
#4476 = FACE_BOUND('',#4477,.F.);
#4477 = EDGE_LOOP('',(#4478,#4501,#4522,#4523));
#4478 = ORIENTED_EDGE('',*,*,#4479,.F.);
#4479 = EDGE_CURVE('',#4480,#4159,#4482,.T.);
#4480 = VERTEX_POINT('',#4481);
#4481 = CARTESIAN_POINT('',(-6.927734375,-3.365234375,0.));
#4482 = SURFACE_CURVE('',#4483,(#4487,#4494),.PCURVE_S1.);
#4483 = B_SPLINE_CURVE_WITH_KNOTS('',2,(#4484,#4485,#4486),
  .UNSPECIFIED.,.F.,.F.,(3,3),(0.,1.),.PIECEWISE_BEZIER_KNOTS.);
#4484 = CARTESIAN_POINT('',(-6.927734375,-3.365234375,0.));
#4485 = CARTESIAN_POINT('',(-6.927734375,-2.978515625,0.));
#4486 = CARTESIAN_POINT('',(-7.189453125,-2.724609375,0.));
#4487 = PCURVE('',#1432,#4488);
#4488 = DEFINITIONAL_REPRESENTATION('',(#4489),#4493);
#4489 = LINE('',#4490,#4491);
#4490 = CARTESIAN_POINT('',(0.,0.));
#4491 = VECTOR('',#4492,1.);
#4492 = DIRECTION('',(1.,0.));
#4493 = ( GEOMETRIC_REPRESENTATION_CONTEXT(2) 
PARAMETRIC_REPRESENTATION_CONTEXT() REPRESENTATION_CONTEXT('2D SPACE',''
  ) );
#4494 = PCURVE('',#4207,#4495);
#4495 = DEFINITIONAL_REPRESENTATION('',(#4496),#4500);
#4496 = B_SPLINE_CURVE_WITH_KNOTS('',2,(#4497,#4498,#4499),
  .UNSPECIFIED.,.F.,.F.,(3,3),(0.,1.),.PIECEWISE_BEZIER_KNOTS.);
#4497 = CARTESIAN_POINT('',(3.08203125,4.27734375));
#4498 = CARTESIAN_POINT('',(3.08203125,4.6640625));
#4499 = CARTESIAN_POINT('',(2.8203125,4.91796875));
#4500 = ( GEOMETRIC_REPRESENTATION_CONTEXT(2) 
PARAMETRIC_REPRESENTATION_CONTEXT() REPRESENTATION_CONTEXT('2D SPACE',''
  ) );
#4501 = ORIENTED_EDGE('',*,*,#4502,.T.);
#4502 = EDGE_CURVE('',#4480,#1340,#4503,.T.);
#4503 = SURFACE_CURVE('',#4504,(#4508,#4515),.PCURVE_S1.);
#4504 = LINE('',#4505,#4506);
#4505 = CARTESIAN_POINT('',(-6.927734375,-3.365234375,0.));
#4506 = VECTOR('',#4507,1.);
#4507 = DIRECTION('',(0.,0.,1.));
#4508 = PCURVE('',#1432,#4509);
#4509 = DEFINITIONAL_REPRESENTATION('',(#4510),#4514);
#4510 = LINE('',#4511,#4512);
#4511 = CARTESIAN_POINT('',(0.,0.));
#4512 = VECTOR('',#4513,1.);
#4513 = DIRECTION('',(0.,-1.));
#4514 = ( GEOMETRIC_REPRESENTATION_CONTEXT(2) 
PARAMETRIC_REPRESENTATION_CONTEXT() REPRESENTATION_CONTEXT('2D SPACE',''
  ) );
#4515 = PCURVE('',#1377,#4516);
#4516 = DEFINITIONAL_REPRESENTATION('',(#4517),#4521);
#4517 = LINE('',#4518,#4519);
#4518 = CARTESIAN_POINT('',(1.,0.));
#4519 = VECTOR('',#4520,1.);
#4520 = DIRECTION('',(0.,-1.));
#4521 = ( GEOMETRIC_REPRESENTATION_CONTEXT(2) 
PARAMETRIC_REPRESENTATION_CONTEXT() REPRESENTATION_CONTEXT('2D SPACE',''
  ) );
#4522 = ORIENTED_EDGE('',*,*,#1402,.F.);
#4523 = ORIENTED_EDGE('',*,*,#4158,.T.);
#4524 = ADVANCED_FACE('',(#4525),#1377,.F.);
#4525 = FACE_BOUND('',#4526,.F.);
#4526 = EDGE_LOOP('',(#4527,#4550,#4571,#4572));
#4527 = ORIENTED_EDGE('',*,*,#4528,.F.);
#4528 = EDGE_CURVE('',#4529,#4480,#4531,.T.);
#4529 = VERTEX_POINT('',#4530);
#4530 = CARTESIAN_POINT('',(-7.287109375,-4.087890625,0.));
#4531 = SURFACE_CURVE('',#4532,(#4536,#4543),.PCURVE_S1.);
#4532 = B_SPLINE_CURVE_WITH_KNOTS('',2,(#4533,#4534,#4535),
  .UNSPECIFIED.,.F.,.F.,(3,3),(0.,1.),.PIECEWISE_BEZIER_KNOTS.);
#4533 = CARTESIAN_POINT('',(-7.287109375,-4.087890625,0.));
#4534 = CARTESIAN_POINT('',(-6.927734375,-3.853515625,0.));
#4535 = CARTESIAN_POINT('',(-6.927734375,-3.365234375,0.));
#4536 = PCURVE('',#1377,#4537);
#4537 = DEFINITIONAL_REPRESENTATION('',(#4538),#4542);
#4538 = LINE('',#4539,#4540);
#4539 = CARTESIAN_POINT('',(0.,0.));
#4540 = VECTOR('',#4541,1.);
#4541 = DIRECTION('',(1.,0.));
#4542 = ( GEOMETRIC_REPRESENTATION_CONTEXT(2) 
PARAMETRIC_REPRESENTATION_CONTEXT() REPRESENTATION_CONTEXT('2D SPACE',''
  ) );
#4543 = PCURVE('',#4207,#4544);
#4544 = DEFINITIONAL_REPRESENTATION('',(#4545),#4549);
#4545 = B_SPLINE_CURVE_WITH_KNOTS('',2,(#4546,#4547,#4548),
  .UNSPECIFIED.,.F.,.F.,(3,3),(0.,1.),.PIECEWISE_BEZIER_KNOTS.);
#4546 = CARTESIAN_POINT('',(2.72265625,3.5546875));
#4547 = CARTESIAN_POINT('',(3.08203125,3.7890625));
#4548 = CARTESIAN_POINT('',(3.08203125,4.27734375));
#4549 = ( GEOMETRIC_REPRESENTATION_CONTEXT(2) 
PARAMETRIC_REPRESENTATION_CONTEXT() REPRESENTATION_CONTEXT('2D SPACE',''
  ) );
#4550 = ORIENTED_EDGE('',*,*,#4551,.T.);
#4551 = EDGE_CURVE('',#4529,#1289,#4552,.T.);
#4552 = SURFACE_CURVE('',#4553,(#4557,#4564),.PCURVE_S1.);
#4553 = LINE('',#4554,#4555);
#4554 = CARTESIAN_POINT('',(-7.287109375,-4.087890625,0.));
#4555 = VECTOR('',#4556,1.);
#4556 = DIRECTION('',(0.,0.,1.));
#4557 = PCURVE('',#1377,#4558);
#4558 = DEFINITIONAL_REPRESENTATION('',(#4559),#4563);
#4559 = LINE('',#4560,#4561);
#4560 = CARTESIAN_POINT('',(0.,0.));
#4561 = VECTOR('',#4562,1.);
#4562 = DIRECTION('',(0.,-1.));
#4563 = ( GEOMETRIC_REPRESENTATION_CONTEXT(2) 
PARAMETRIC_REPRESENTATION_CONTEXT() REPRESENTATION_CONTEXT('2D SPACE',''
  ) );
#4564 = PCURVE('',#1318,#4565);
#4565 = DEFINITIONAL_REPRESENTATION('',(#4566),#4570);
#4566 = LINE('',#4567,#4568);
#4567 = CARTESIAN_POINT('',(1.,0.));
#4568 = VECTOR('',#4569,1.);
#4569 = DIRECTION('',(0.,-1.));
#4570 = ( GEOMETRIC_REPRESENTATION_CONTEXT(2) 
PARAMETRIC_REPRESENTATION_CONTEXT() REPRESENTATION_CONTEXT('2D SPACE',''
  ) );
#4571 = ORIENTED_EDGE('',*,*,#1339,.F.);
#4572 = ORIENTED_EDGE('',*,*,#4502,.F.);
#4573 = ADVANCED_FACE('',(#4574),#1318,.F.);
#4574 = FACE_BOUND('',#4575,.F.);
#4575 = EDGE_LOOP('',(#4576,#4599,#4620,#4621));
#4576 = ORIENTED_EDGE('',*,*,#4577,.F.);
#4577 = EDGE_CURVE('',#4578,#4529,#4580,.T.);
#4578 = VERTEX_POINT('',#4579);
#4579 = CARTESIAN_POINT('',(-8.095703125,-4.322265625,0.));
#4580 = SURFACE_CURVE('',#4581,(#4585,#4592),.PCURVE_S1.);
#4581 = B_SPLINE_CURVE_WITH_KNOTS('',2,(#4582,#4583,#4584),
  .UNSPECIFIED.,.F.,.F.,(3,3),(0.,1.),.PIECEWISE_BEZIER_KNOTS.);
#4582 = CARTESIAN_POINT('',(-8.095703125,-4.322265625,0.));
#4583 = CARTESIAN_POINT('',(-7.646484375,-4.322265625,0.));
#4584 = CARTESIAN_POINT('',(-7.287109375,-4.087890625,0.));
#4585 = PCURVE('',#1318,#4586);
#4586 = DEFINITIONAL_REPRESENTATION('',(#4587),#4591);
#4587 = LINE('',#4588,#4589);
#4588 = CARTESIAN_POINT('',(0.,0.));
#4589 = VECTOR('',#4590,1.);
#4590 = DIRECTION('',(1.,0.));
#4591 = ( GEOMETRIC_REPRESENTATION_CONTEXT(2) 
PARAMETRIC_REPRESENTATION_CONTEXT() REPRESENTATION_CONTEXT('2D SPACE',''
  ) );
#4592 = PCURVE('',#4207,#4593);
#4593 = DEFINITIONAL_REPRESENTATION('',(#4594),#4598);
#4594 = B_SPLINE_CURVE_WITH_KNOTS('',2,(#4595,#4596,#4597),
  .UNSPECIFIED.,.F.,.F.,(3,3),(0.,1.),.PIECEWISE_BEZIER_KNOTS.);
#4595 = CARTESIAN_POINT('',(1.9140625,3.3203125));
#4596 = CARTESIAN_POINT('',(2.36328125,3.3203125));
#4597 = CARTESIAN_POINT('',(2.72265625,3.5546875));
#4598 = ( GEOMETRIC_REPRESENTATION_CONTEXT(2) 
PARAMETRIC_REPRESENTATION_CONTEXT() REPRESENTATION_CONTEXT('2D SPACE',''
  ) );
#4599 = ORIENTED_EDGE('',*,*,#4600,.T.);
#4600 = EDGE_CURVE('',#4578,#1253,#4601,.T.);
#4601 = SURFACE_CURVE('',#4602,(#4606,#4613),.PCURVE_S1.);
#4602 = LINE('',#4603,#4604);
#4603 = CARTESIAN_POINT('',(-8.095703125,-4.322265625,0.));
#4604 = VECTOR('',#4605,1.);
#4605 = DIRECTION('',(0.,0.,1.));
#4606 = PCURVE('',#1318,#4607);
#4607 = DEFINITIONAL_REPRESENTATION('',(#4608),#4612);
#4608 = LINE('',#4609,#4610);
#4609 = CARTESIAN_POINT('',(0.,0.));
#4610 = VECTOR('',#4611,1.);
#4611 = DIRECTION('',(0.,-1.));
#4612 = ( GEOMETRIC_REPRESENTATION_CONTEXT(2) 
PARAMETRIC_REPRESENTATION_CONTEXT() REPRESENTATION_CONTEXT('2D SPACE',''
  ) );
#4613 = PCURVE('',#1272,#4614);
#4614 = DEFINITIONAL_REPRESENTATION('',(#4615),#4619);
#4615 = LINE('',#4616,#4617);
#4616 = CARTESIAN_POINT('',(1.,0.));
#4617 = VECTOR('',#4618,1.);
#4618 = DIRECTION('',(0.,-1.));
#4619 = ( GEOMETRIC_REPRESENTATION_CONTEXT(2) 
PARAMETRIC_REPRESENTATION_CONTEXT() REPRESENTATION_CONTEXT('2D SPACE',''
  ) );
#4620 = ORIENTED_EDGE('',*,*,#1288,.F.);
#4621 = ORIENTED_EDGE('',*,*,#4551,.F.);
#4622 = ADVANCED_FACE('',(#4623),#1272,.F.);
#4623 = FACE_BOUND('',#4624,.F.);
#4624 = EDGE_LOOP('',(#4625,#4648,#4669,#4670));
#4625 = ORIENTED_EDGE('',*,*,#4626,.F.);
#4626 = EDGE_CURVE('',#4627,#4578,#4629,.T.);
#4627 = VERTEX_POINT('',#4628);
#4628 = CARTESIAN_POINT('',(-8.208984375,-4.314453125,0.));
#4629 = SURFACE_CURVE('',#4630,(#4634,#4641),.PCURVE_S1.);
#4630 = B_SPLINE_CURVE_WITH_KNOTS('',2,(#4631,#4632,#4633),
  .UNSPECIFIED.,.F.,.F.,(3,3),(0.,1.),.PIECEWISE_BEZIER_KNOTS.);
#4631 = CARTESIAN_POINT('',(-8.208984375,-4.314453125,0.));
#4632 = CARTESIAN_POINT('',(-8.138671875,-4.322265625,0.));
#4633 = CARTESIAN_POINT('',(-8.095703125,-4.322265625,0.));
#4634 = PCURVE('',#1272,#4635);
#4635 = DEFINITIONAL_REPRESENTATION('',(#4636),#4640);
#4636 = LINE('',#4637,#4638);
#4637 = CARTESIAN_POINT('',(0.,0.));
#4638 = VECTOR('',#4639,1.);
#4639 = DIRECTION('',(1.,0.));
#4640 = ( GEOMETRIC_REPRESENTATION_CONTEXT(2) 
PARAMETRIC_REPRESENTATION_CONTEXT() REPRESENTATION_CONTEXT('2D SPACE',''
  ) );
#4641 = PCURVE('',#4207,#4642);
#4642 = DEFINITIONAL_REPRESENTATION('',(#4643),#4647);
#4643 = B_SPLINE_CURVE_WITH_KNOTS('',2,(#4644,#4645,#4646),
  .UNSPECIFIED.,.F.,.F.,(3,3),(0.,1.),.PIECEWISE_BEZIER_KNOTS.);
#4644 = CARTESIAN_POINT('',(1.80078125,3.328125));
#4645 = CARTESIAN_POINT('',(1.87109375,3.3203125));
#4646 = CARTESIAN_POINT('',(1.9140625,3.3203125));
#4647 = ( GEOMETRIC_REPRESENTATION_CONTEXT(2) 
PARAMETRIC_REPRESENTATION_CONTEXT() REPRESENTATION_CONTEXT('2D SPACE',''
  ) );
#4648 = ORIENTED_EDGE('',*,*,#4649,.T.);
#4649 = EDGE_CURVE('',#4627,#1227,#4650,.T.);
#4650 = SURFACE_CURVE('',#4651,(#4655,#4662),.PCURVE_S1.);
#4651 = LINE('',#4652,#4653);
#4652 = CARTESIAN_POINT('',(-8.208984375,-4.314453125,0.));
#4653 = VECTOR('',#4654,1.);
#4654 = DIRECTION('',(0.,0.,1.));
#4655 = PCURVE('',#1272,#4656);
#4656 = DEFINITIONAL_REPRESENTATION('',(#4657),#4661);
#4657 = LINE('',#4658,#4659);
#4658 = CARTESIAN_POINT('',(0.,0.));
#4659 = VECTOR('',#4660,1.);
#4660 = DIRECTION('',(0.,-1.));
#4661 = ( GEOMETRIC_REPRESENTATION_CONTEXT(2) 
PARAMETRIC_REPRESENTATION_CONTEXT() REPRESENTATION_CONTEXT('2D SPACE',''
  ) );
#4662 = PCURVE('',#1241,#4663);
#4663 = DEFINITIONAL_REPRESENTATION('',(#4664),#4668);
#4664 = LINE('',#4665,#4666);
#4665 = CARTESIAN_POINT('',(0.622112470363,0.));
#4666 = VECTOR('',#4667,1.);
#4667 = DIRECTION('',(0.,-1.));
#4668 = ( GEOMETRIC_REPRESENTATION_CONTEXT(2) 
PARAMETRIC_REPRESENTATION_CONTEXT() REPRESENTATION_CONTEXT('2D SPACE',''
  ) );
#4669 = ORIENTED_EDGE('',*,*,#1252,.F.);
#4670 = ORIENTED_EDGE('',*,*,#4600,.F.);
#4671 = ADVANCED_FACE('',(#4672),#1241,.F.);
#4672 = FACE_BOUND('',#4673,.F.);
#4673 = EDGE_LOOP('',(#4674,#4697,#4718,#4719));
#4674 = ORIENTED_EDGE('',*,*,#4675,.F.);
#4675 = EDGE_CURVE('',#4676,#4627,#4678,.T.);
#4676 = VERTEX_POINT('',#4677);
#4677 = CARTESIAN_POINT('',(-8.287109375,-4.931640625,0.));
#4678 = SURFACE_CURVE('',#4679,(#4683,#4690),.PCURVE_S1.);
#4679 = LINE('',#4680,#4681);
#4680 = CARTESIAN_POINT('',(-8.287109375,-4.931640625,0.));
#4681 = VECTOR('',#4682,1.);
#4682 = DIRECTION('',(0.125580186416,0.992083472687,0.));
#4683 = PCURVE('',#1241,#4684);
#4684 = DEFINITIONAL_REPRESENTATION('',(#4685),#4689);
#4685 = LINE('',#4686,#4687);
#4686 = CARTESIAN_POINT('',(0.,0.));
#4687 = VECTOR('',#4688,1.);
#4688 = DIRECTION('',(1.,0.));
#4689 = ( GEOMETRIC_REPRESENTATION_CONTEXT(2) 
PARAMETRIC_REPRESENTATION_CONTEXT() REPRESENTATION_CONTEXT('2D SPACE',''
  ) );
#4690 = PCURVE('',#4207,#4691);
#4691 = DEFINITIONAL_REPRESENTATION('',(#4692),#4696);
#4692 = LINE('',#4693,#4694);
#4693 = CARTESIAN_POINT('',(1.72265625,2.7109375));
#4694 = VECTOR('',#4695,1.);
#4695 = DIRECTION('',(0.125580186416,0.992083472687));
#4696 = ( GEOMETRIC_REPRESENTATION_CONTEXT(2) 
PARAMETRIC_REPRESENTATION_CONTEXT() REPRESENTATION_CONTEXT('2D SPACE',''
  ) );
#4697 = ORIENTED_EDGE('',*,*,#4698,.T.);
#4698 = EDGE_CURVE('',#4676,#1185,#4699,.T.);
#4699 = SURFACE_CURVE('',#4700,(#4704,#4711),.PCURVE_S1.);
#4700 = LINE('',#4701,#4702);
#4701 = CARTESIAN_POINT('',(-8.287109375,-4.931640625,0.));
#4702 = VECTOR('',#4703,1.);
#4703 = DIRECTION('',(0.,0.,1.));
#4704 = PCURVE('',#1241,#4705);
#4705 = DEFINITIONAL_REPRESENTATION('',(#4706),#4710);
#4706 = LINE('',#4707,#4708);
#4707 = CARTESIAN_POINT('',(0.,0.));
#4708 = VECTOR('',#4709,1.);
#4709 = DIRECTION('',(0.,-1.));
#4710 = ( GEOMETRIC_REPRESENTATION_CONTEXT(2) 
PARAMETRIC_REPRESENTATION_CONTEXT() REPRESENTATION_CONTEXT('2D SPACE',''
  ) );
#4711 = PCURVE('',#1208,#4712);
#4712 = DEFINITIONAL_REPRESENTATION('',(#4713),#4717);
#4713 = LINE('',#4714,#4715);
#4714 = CARTESIAN_POINT('',(1.,0.));
#4715 = VECTOR('',#4716,1.);
#4716 = DIRECTION('',(0.,-1.));
#4717 = ( GEOMETRIC_REPRESENTATION_CONTEXT(2) 
PARAMETRIC_REPRESENTATION_CONTEXT() REPRESENTATION_CONTEXT('2D SPACE',''
  ) );
#4718 = ORIENTED_EDGE('',*,*,#1226,.F.);
#4719 = ORIENTED_EDGE('',*,*,#4649,.F.);
#4720 = ADVANCED_FACE('',(#4721),#1208,.F.);
#4721 = FACE_BOUND('',#4722,.F.);
#4722 = EDGE_LOOP('',(#4723,#4746,#4767,#4768));
#4723 = ORIENTED_EDGE('',*,*,#4724,.F.);
#4724 = EDGE_CURVE('',#4725,#4676,#4727,.T.);
#4725 = VERTEX_POINT('',#4726);
#4726 = CARTESIAN_POINT('',(-7.791015625,-4.853515625,0.));
#4727 = SURFACE_CURVE('',#4728,(#4732,#4739),.PCURVE_S1.);
#4728 = B_SPLINE_CURVE_WITH_KNOTS('',2,(#4729,#4730,#4731),
  .UNSPECIFIED.,.F.,.F.,(3,3),(0.,1.),.PIECEWISE_BEZIER_KNOTS.);
#4729 = CARTESIAN_POINT('',(-7.791015625,-4.853515625,0.));
#4730 = CARTESIAN_POINT('',(-7.990234375,-4.853515625,0.));
#4731 = CARTESIAN_POINT('',(-8.287109375,-4.931640625,0.));
#4732 = PCURVE('',#1208,#4733);
#4733 = DEFINITIONAL_REPRESENTATION('',(#4734),#4738);
#4734 = LINE('',#4735,#4736);
#4735 = CARTESIAN_POINT('',(0.,0.));
#4736 = VECTOR('',#4737,1.);
#4737 = DIRECTION('',(1.,0.));
#4738 = ( GEOMETRIC_REPRESENTATION_CONTEXT(2) 
PARAMETRIC_REPRESENTATION_CONTEXT() REPRESENTATION_CONTEXT('2D SPACE',''
  ) );
#4739 = PCURVE('',#4207,#4740);
#4740 = DEFINITIONAL_REPRESENTATION('',(#4741),#4745);
#4741 = B_SPLINE_CURVE_WITH_KNOTS('',2,(#4742,#4743,#4744),
  .UNSPECIFIED.,.F.,.F.,(3,3),(0.,1.),.PIECEWISE_BEZIER_KNOTS.);
#4742 = CARTESIAN_POINT('',(2.21875,2.7890625));
#4743 = CARTESIAN_POINT('',(2.01953125,2.7890625));
#4744 = CARTESIAN_POINT('',(1.72265625,2.7109375));
#4745 = ( GEOMETRIC_REPRESENTATION_CONTEXT(2) 
PARAMETRIC_REPRESENTATION_CONTEXT() REPRESENTATION_CONTEXT('2D SPACE',''
  ) );
#4746 = ORIENTED_EDGE('',*,*,#4747,.T.);
#4747 = EDGE_CURVE('',#4725,#1128,#4748,.T.);
#4748 = SURFACE_CURVE('',#4749,(#4753,#4760),.PCURVE_S1.);
#4749 = LINE('',#4750,#4751);
#4750 = CARTESIAN_POINT('',(-7.791015625,-4.853515625,0.));
#4751 = VECTOR('',#4752,1.);
#4752 = DIRECTION('',(0.,0.,1.));
#4753 = PCURVE('',#1208,#4754);
#4754 = DEFINITIONAL_REPRESENTATION('',(#4755),#4759);
#4755 = LINE('',#4756,#4757);
#4756 = CARTESIAN_POINT('',(0.,0.));
#4757 = VECTOR('',#4758,1.);
#4758 = DIRECTION('',(0.,-1.));
#4759 = ( GEOMETRIC_REPRESENTATION_CONTEXT(2) 
PARAMETRIC_REPRESENTATION_CONTEXT() REPRESENTATION_CONTEXT('2D SPACE',''
  ) );
#4760 = PCURVE('',#1161,#4761);
#4761 = DEFINITIONAL_REPRESENTATION('',(#4762),#4766);
#4762 = LINE('',#4763,#4764);
#4763 = CARTESIAN_POINT('',(1.,0.));
#4764 = VECTOR('',#4765,1.);
#4765 = DIRECTION('',(0.,-1.));
#4766 = ( GEOMETRIC_REPRESENTATION_CONTEXT(2) 
PARAMETRIC_REPRESENTATION_CONTEXT() REPRESENTATION_CONTEXT('2D SPACE',''
  ) );
#4767 = ORIENTED_EDGE('',*,*,#1184,.F.);
#4768 = ORIENTED_EDGE('',*,*,#4698,.F.);
#4769 = ADVANCED_FACE('',(#4770),#1161,.F.);
#4770 = FACE_BOUND('',#4771,.F.);
#4771 = EDGE_LOOP('',(#4772,#4795,#4816,#4817));
#4772 = ORIENTED_EDGE('',*,*,#4773,.F.);
#4773 = EDGE_CURVE('',#4774,#4725,#4776,.T.);
#4774 = VERTEX_POINT('',#4775);
#4775 = CARTESIAN_POINT('',(-6.986328125,-5.16796875,0.));
#4776 = SURFACE_CURVE('',#4777,(#4781,#4788),.PCURVE_S1.);
#4777 = B_SPLINE_CURVE_WITH_KNOTS('',2,(#4778,#4779,#4780),
  .UNSPECIFIED.,.F.,.F.,(3,3),(0.,1.),.PIECEWISE_BEZIER_KNOTS.);
#4778 = CARTESIAN_POINT('',(-6.986328125,-5.16796875,0.));
#4779 = CARTESIAN_POINT('',(-7.302734375,-4.853515625,0.));
#4780 = CARTESIAN_POINT('',(-7.791015625,-4.853515625,0.));
#4781 = PCURVE('',#1161,#4782);
#4782 = DEFINITIONAL_REPRESENTATION('',(#4783),#4787);
#4783 = LINE('',#4784,#4785);
#4784 = CARTESIAN_POINT('',(0.,0.));
#4785 = VECTOR('',#4786,1.);
#4786 = DIRECTION('',(1.,0.));
#4787 = ( GEOMETRIC_REPRESENTATION_CONTEXT(2) 
PARAMETRIC_REPRESENTATION_CONTEXT() REPRESENTATION_CONTEXT('2D SPACE',''
  ) );
#4788 = PCURVE('',#4207,#4789);
#4789 = DEFINITIONAL_REPRESENTATION('',(#4790),#4794);
#4790 = B_SPLINE_CURVE_WITH_KNOTS('',2,(#4791,#4792,#4793),
  .UNSPECIFIED.,.F.,.F.,(3,3),(0.,1.),.PIECEWISE_BEZIER_KNOTS.);
#4791 = CARTESIAN_POINT('',(3.0234375,2.474609375));
#4792 = CARTESIAN_POINT('',(2.70703125,2.7890625));
#4793 = CARTESIAN_POINT('',(2.21875,2.7890625));
#4794 = ( GEOMETRIC_REPRESENTATION_CONTEXT(2) 
PARAMETRIC_REPRESENTATION_CONTEXT() REPRESENTATION_CONTEXT('2D SPACE',''
  ) );
#4795 = ORIENTED_EDGE('',*,*,#4796,.T.);
#4796 = EDGE_CURVE('',#4774,#1071,#4797,.T.);
#4797 = SURFACE_CURVE('',#4798,(#4802,#4809),.PCURVE_S1.);
#4798 = LINE('',#4799,#4800);
#4799 = CARTESIAN_POINT('',(-6.986328125,-5.16796875,0.));
#4800 = VECTOR('',#4801,1.);
#4801 = DIRECTION('',(0.,0.,1.));
#4802 = PCURVE('',#1161,#4803);
#4803 = DEFINITIONAL_REPRESENTATION('',(#4804),#4808);
#4804 = LINE('',#4805,#4806);
#4805 = CARTESIAN_POINT('',(0.,0.));
#4806 = VECTOR('',#4807,1.);
#4807 = DIRECTION('',(0.,-1.));
#4808 = ( GEOMETRIC_REPRESENTATION_CONTEXT(2) 
PARAMETRIC_REPRESENTATION_CONTEXT() REPRESENTATION_CONTEXT('2D SPACE',''
  ) );
#4809 = PCURVE('',#1104,#4810);
#4810 = DEFINITIONAL_REPRESENTATION('',(#4811),#4815);
#4811 = LINE('',#4812,#4813);
#4812 = CARTESIAN_POINT('',(1.,0.));
#4813 = VECTOR('',#4814,1.);
#4814 = DIRECTION('',(0.,-1.));
#4815 = ( GEOMETRIC_REPRESENTATION_CONTEXT(2) 
PARAMETRIC_REPRESENTATION_CONTEXT() REPRESENTATION_CONTEXT('2D SPACE',''
  ) );
#4816 = ORIENTED_EDGE('',*,*,#1127,.F.);
#4817 = ORIENTED_EDGE('',*,*,#4747,.F.);
#4818 = ADVANCED_FACE('',(#4819),#1104,.F.);
#4819 = FACE_BOUND('',#4820,.F.);
#4820 = EDGE_LOOP('',(#4821,#4844,#4865,#4866));
#4821 = ORIENTED_EDGE('',*,*,#4822,.F.);
#4822 = EDGE_CURVE('',#4823,#4774,#4825,.T.);
#4823 = VERTEX_POINT('',#4824);
#4824 = CARTESIAN_POINT('',(-6.669921875,-5.966796875,0.));
#4825 = SURFACE_CURVE('',#4826,(#4830,#4837),.PCURVE_S1.);
#4826 = B_SPLINE_CURVE_WITH_KNOTS('',2,(#4827,#4828,#4829),
  .UNSPECIFIED.,.F.,.F.,(3,3),(0.,1.),.PIECEWISE_BEZIER_KNOTS.);
#4827 = CARTESIAN_POINT('',(-6.669921875,-5.966796875,0.));
#4828 = CARTESIAN_POINT('',(-6.669921875,-5.482421875,0.));
#4829 = CARTESIAN_POINT('',(-6.986328125,-5.16796875,0.));
#4830 = PCURVE('',#1104,#4831);
#4831 = DEFINITIONAL_REPRESENTATION('',(#4832),#4836);
#4832 = LINE('',#4833,#4834);
#4833 = CARTESIAN_POINT('',(0.,0.));
#4834 = VECTOR('',#4835,1.);
#4835 = DIRECTION('',(1.,0.));
#4836 = ( GEOMETRIC_REPRESENTATION_CONTEXT(2) 
PARAMETRIC_REPRESENTATION_CONTEXT() REPRESENTATION_CONTEXT('2D SPACE',''
  ) );
#4837 = PCURVE('',#4207,#4838);
#4838 = DEFINITIONAL_REPRESENTATION('',(#4839),#4843);
#4839 = B_SPLINE_CURVE_WITH_KNOTS('',2,(#4840,#4841,#4842),
  .UNSPECIFIED.,.F.,.F.,(3,3),(0.,1.),.PIECEWISE_BEZIER_KNOTS.);
#4840 = CARTESIAN_POINT('',(3.33984375,1.67578125));
#4841 = CARTESIAN_POINT('',(3.33984375,2.16015625));
#4842 = CARTESIAN_POINT('',(3.0234375,2.474609375));
#4843 = ( GEOMETRIC_REPRESENTATION_CONTEXT(2) 
PARAMETRIC_REPRESENTATION_CONTEXT() REPRESENTATION_CONTEXT('2D SPACE',''
  ) );
#4844 = ORIENTED_EDGE('',*,*,#4845,.T.);
#4845 = EDGE_CURVE('',#4823,#1020,#4846,.T.);
#4846 = SURFACE_CURVE('',#4847,(#4851,#4858),.PCURVE_S1.);
#4847 = LINE('',#4848,#4849);
#4848 = CARTESIAN_POINT('',(-6.669921875,-5.966796875,0.));
#4849 = VECTOR('',#4850,1.);
#4850 = DIRECTION('',(0.,0.,1.));
#4851 = PCURVE('',#1104,#4852);
#4852 = DEFINITIONAL_REPRESENTATION('',(#4853),#4857);
#4853 = LINE('',#4854,#4855);
#4854 = CARTESIAN_POINT('',(0.,0.));
#4855 = VECTOR('',#4856,1.);
#4856 = DIRECTION('',(0.,-1.));
#4857 = ( GEOMETRIC_REPRESENTATION_CONTEXT(2) 
PARAMETRIC_REPRESENTATION_CONTEXT() REPRESENTATION_CONTEXT('2D SPACE',''
  ) );
#4858 = PCURVE('',#1049,#4859);
#4859 = DEFINITIONAL_REPRESENTATION('',(#4860),#4864);
#4860 = LINE('',#4861,#4862);
#4861 = CARTESIAN_POINT('',(1.,0.));
#4862 = VECTOR('',#4863,1.);
#4863 = DIRECTION('',(0.,-1.));
#4864 = ( GEOMETRIC_REPRESENTATION_CONTEXT(2) 
PARAMETRIC_REPRESENTATION_CONTEXT() REPRESENTATION_CONTEXT('2D SPACE',''
  ) );
#4865 = ORIENTED_EDGE('',*,*,#1070,.F.);
#4866 = ORIENTED_EDGE('',*,*,#4796,.F.);
#4867 = ADVANCED_FACE('',(#4868),#1049,.F.);
#4868 = FACE_BOUND('',#4869,.F.);
#4869 = EDGE_LOOP('',(#4870,#4893,#4914,#4915));
#4870 = ORIENTED_EDGE('',*,*,#4871,.F.);
#4871 = EDGE_CURVE('',#4872,#4823,#4874,.T.);
#4872 = VERTEX_POINT('',#4873);
#4873 = CARTESIAN_POINT('',(-7.01171875,-6.818359375,0.));
#4874 = SURFACE_CURVE('',#4875,(#4879,#4886),.PCURVE_S1.);
#4875 = B_SPLINE_CURVE_WITH_KNOTS('',2,(#4876,#4877,#4878),
  .UNSPECIFIED.,.F.,.F.,(3,3),(0.,1.),.PIECEWISE_BEZIER_KNOTS.);
#4876 = CARTESIAN_POINT('',(-7.01171875,-6.818359375,0.));
#4877 = CARTESIAN_POINT('',(-6.669921875,-6.474609375,0.));
#4878 = CARTESIAN_POINT('',(-6.669921875,-5.966796875,0.));
#4879 = PCURVE('',#1049,#4880);
#4880 = DEFINITIONAL_REPRESENTATION('',(#4881),#4885);
#4881 = LINE('',#4882,#4883);
#4882 = CARTESIAN_POINT('',(0.,0.));
#4883 = VECTOR('',#4884,1.);
#4884 = DIRECTION('',(1.,0.));
#4885 = ( GEOMETRIC_REPRESENTATION_CONTEXT(2) 
PARAMETRIC_REPRESENTATION_CONTEXT() REPRESENTATION_CONTEXT('2D SPACE',''
  ) );
#4886 = PCURVE('',#4207,#4887);
#4887 = DEFINITIONAL_REPRESENTATION('',(#4888),#4892);
#4888 = B_SPLINE_CURVE_WITH_KNOTS('',2,(#4889,#4890,#4891),
  .UNSPECIFIED.,.F.,.F.,(3,3),(0.,1.),.PIECEWISE_BEZIER_KNOTS.);
#4889 = CARTESIAN_POINT('',(2.998046875,0.82421875));
#4890 = CARTESIAN_POINT('',(3.33984375,1.16796875));
#4891 = CARTESIAN_POINT('',(3.33984375,1.67578125));
#4892 = ( GEOMETRIC_REPRESENTATION_CONTEXT(2) 
PARAMETRIC_REPRESENTATION_CONTEXT() REPRESENTATION_CONTEXT('2D SPACE',''
  ) );
#4893 = ORIENTED_EDGE('',*,*,#4894,.T.);
#4894 = EDGE_CURVE('',#4872,#969,#4895,.T.);
#4895 = SURFACE_CURVE('',#4896,(#4900,#4907),.PCURVE_S1.);
#4896 = LINE('',#4897,#4898);
#4897 = CARTESIAN_POINT('',(-7.01171875,-6.818359375,0.));
#4898 = VECTOR('',#4899,1.);
#4899 = DIRECTION('',(0.,0.,1.));
#4900 = PCURVE('',#1049,#4901);
#4901 = DEFINITIONAL_REPRESENTATION('',(#4902),#4906);
#4902 = LINE('',#4903,#4904);
#4903 = CARTESIAN_POINT('',(0.,0.));
#4904 = VECTOR('',#4905,1.);
#4905 = DIRECTION('',(0.,-1.));
#4906 = ( GEOMETRIC_REPRESENTATION_CONTEXT(2) 
PARAMETRIC_REPRESENTATION_CONTEXT() REPRESENTATION_CONTEXT('2D SPACE',''
  ) );
#4907 = PCURVE('',#998,#4908);
#4908 = DEFINITIONAL_REPRESENTATION('',(#4909),#4913);
#4909 = LINE('',#4910,#4911);
#4910 = CARTESIAN_POINT('',(1.,0.));
#4911 = VECTOR('',#4912,1.);
#4912 = DIRECTION('',(0.,-1.));
#4913 = ( GEOMETRIC_REPRESENTATION_CONTEXT(2) 
PARAMETRIC_REPRESENTATION_CONTEXT() REPRESENTATION_CONTEXT('2D SPACE',''
  ) );
#4914 = ORIENTED_EDGE('',*,*,#1019,.F.);
#4915 = ORIENTED_EDGE('',*,*,#4845,.F.);
#4916 = ADVANCED_FACE('',(#4917),#998,.F.);
#4917 = FACE_BOUND('',#4918,.F.);
#4918 = EDGE_LOOP('',(#4919,#4942,#4963,#4964));
#4919 = ORIENTED_EDGE('',*,*,#4920,.F.);
#4920 = EDGE_CURVE('',#4921,#4872,#4923,.T.);
#4921 = VERTEX_POINT('',#4922);
#4922 = CARTESIAN_POINT('',(-7.849609375,-7.162109375,0.));
#4923 = SURFACE_CURVE('',#4924,(#4928,#4935),.PCURVE_S1.);
#4924 = B_SPLINE_CURVE_WITH_KNOTS('',2,(#4925,#4926,#4927),
  .UNSPECIFIED.,.F.,.F.,(3,3),(0.,1.),.PIECEWISE_BEZIER_KNOTS.);
#4925 = CARTESIAN_POINT('',(-7.849609375,-7.162109375,0.));
#4926 = CARTESIAN_POINT('',(-7.353515625,-7.162109375,0.));
#4927 = CARTESIAN_POINT('',(-7.01171875,-6.818359375,0.));
#4928 = PCURVE('',#998,#4929);
#4929 = DEFINITIONAL_REPRESENTATION('',(#4930),#4934);
#4930 = LINE('',#4931,#4932);
#4931 = CARTESIAN_POINT('',(0.,0.));
#4932 = VECTOR('',#4933,1.);
#4933 = DIRECTION('',(1.,0.));
#4934 = ( GEOMETRIC_REPRESENTATION_CONTEXT(2) 
PARAMETRIC_REPRESENTATION_CONTEXT() REPRESENTATION_CONTEXT('2D SPACE',''
  ) );
#4935 = PCURVE('',#4207,#4936);
#4936 = DEFINITIONAL_REPRESENTATION('',(#4937),#4941);
#4937 = B_SPLINE_CURVE_WITH_KNOTS('',2,(#4938,#4939,#4940),
  .UNSPECIFIED.,.F.,.F.,(3,3),(0.,1.),.PIECEWISE_BEZIER_KNOTS.);
#4938 = CARTESIAN_POINT('',(2.16015625,0.48046875));
#4939 = CARTESIAN_POINT('',(2.65625,0.48046875));
#4940 = CARTESIAN_POINT('',(2.998046875,0.82421875));
#4941 = ( GEOMETRIC_REPRESENTATION_CONTEXT(2) 
PARAMETRIC_REPRESENTATION_CONTEXT() REPRESENTATION_CONTEXT('2D SPACE',''
  ) );
#4942 = ORIENTED_EDGE('',*,*,#4943,.T.);
#4943 = EDGE_CURVE('',#4921,#918,#4944,.T.);
#4944 = SURFACE_CURVE('',#4945,(#4949,#4956),.PCURVE_S1.);
#4945 = LINE('',#4946,#4947);
#4946 = CARTESIAN_POINT('',(-7.849609375,-7.162109375,0.));
#4947 = VECTOR('',#4948,1.);
#4948 = DIRECTION('',(0.,0.,1.));
#4949 = PCURVE('',#998,#4950);
#4950 = DEFINITIONAL_REPRESENTATION('',(#4951),#4955);
#4951 = LINE('',#4952,#4953);
#4952 = CARTESIAN_POINT('',(0.,0.));
#4953 = VECTOR('',#4954,1.);
#4954 = DIRECTION('',(0.,-1.));
#4955 = ( GEOMETRIC_REPRESENTATION_CONTEXT(2) 
PARAMETRIC_REPRESENTATION_CONTEXT() REPRESENTATION_CONTEXT('2D SPACE',''
  ) );
#4956 = PCURVE('',#947,#4957);
#4957 = DEFINITIONAL_REPRESENTATION('',(#4958),#4962);
#4958 = LINE('',#4959,#4960);
#4959 = CARTESIAN_POINT('',(1.,0.));
#4960 = VECTOR('',#4961,1.);
#4961 = DIRECTION('',(0.,-1.));
#4962 = ( GEOMETRIC_REPRESENTATION_CONTEXT(2) 
PARAMETRIC_REPRESENTATION_CONTEXT() REPRESENTATION_CONTEXT('2D SPACE',''
  ) );
#4963 = ORIENTED_EDGE('',*,*,#968,.F.);
#4964 = ORIENTED_EDGE('',*,*,#4894,.F.);
#4965 = ADVANCED_FACE('',(#4966),#947,.F.);
#4966 = FACE_BOUND('',#4967,.F.);
#4967 = EDGE_LOOP('',(#4968,#4991,#5012,#5013));
#4968 = ORIENTED_EDGE('',*,*,#4969,.F.);
#4969 = EDGE_CURVE('',#4970,#4921,#4972,.T.);
#4970 = VERTEX_POINT('',#4971);
#4971 = CARTESIAN_POINT('',(-8.55859375,-6.8984375,0.));
#4972 = SURFACE_CURVE('',#4973,(#4977,#4984),.PCURVE_S1.);
#4973 = B_SPLINE_CURVE_WITH_KNOTS('',2,(#4974,#4975,#4976),
  .UNSPECIFIED.,.F.,.F.,(3,3),(0.,1.),.PIECEWISE_BEZIER_KNOTS.);
#4974 = CARTESIAN_POINT('',(-8.55859375,-6.8984375,0.));
#4975 = CARTESIAN_POINT('',(-8.267578125,-7.162109375,0.));
#4976 = CARTESIAN_POINT('',(-7.849609375,-7.162109375,0.));
#4977 = PCURVE('',#947,#4978);
#4978 = DEFINITIONAL_REPRESENTATION('',(#4979),#4983);
#4979 = LINE('',#4980,#4981);
#4980 = CARTESIAN_POINT('',(0.,0.));
#4981 = VECTOR('',#4982,1.);
#4982 = DIRECTION('',(1.,0.));
#4983 = ( GEOMETRIC_REPRESENTATION_CONTEXT(2) 
PARAMETRIC_REPRESENTATION_CONTEXT() REPRESENTATION_CONTEXT('2D SPACE',''
  ) );
#4984 = PCURVE('',#4207,#4985);
#4985 = DEFINITIONAL_REPRESENTATION('',(#4986),#4990);
#4986 = B_SPLINE_CURVE_WITH_KNOTS('',2,(#4987,#4988,#4989),
  .UNSPECIFIED.,.F.,.F.,(3,3),(0.,1.),.PIECEWISE_BEZIER_KNOTS.);
#4987 = CARTESIAN_POINT('',(1.451171875,0.744140625));
#4988 = CARTESIAN_POINT('',(1.7421875,0.48046875));
#4989 = CARTESIAN_POINT('',(2.16015625,0.48046875));
#4990 = ( GEOMETRIC_REPRESENTATION_CONTEXT(2) 
PARAMETRIC_REPRESENTATION_CONTEXT() REPRESENTATION_CONTEXT('2D SPACE',''
  ) );
#4991 = ORIENTED_EDGE('',*,*,#4992,.T.);
#4992 = EDGE_CURVE('',#4970,#861,#4993,.T.);
#4993 = SURFACE_CURVE('',#4994,(#4998,#5005),.PCURVE_S1.);
#4994 = LINE('',#4995,#4996);
#4995 = CARTESIAN_POINT('',(-8.55859375,-6.8984375,0.));
#4996 = VECTOR('',#4997,1.);
#4997 = DIRECTION('',(0.,0.,1.));
#4998 = PCURVE('',#947,#4999);
#4999 = DEFINITIONAL_REPRESENTATION('',(#5000),#5004);
#5000 = LINE('',#5001,#5002);
#5001 = CARTESIAN_POINT('',(0.,0.));
#5002 = VECTOR('',#5003,1.);
#5003 = DIRECTION('',(0.,-1.));
#5004 = ( GEOMETRIC_REPRESENTATION_CONTEXT(2) 
PARAMETRIC_REPRESENTATION_CONTEXT() REPRESENTATION_CONTEXT('2D SPACE',''
  ) );
#5005 = PCURVE('',#894,#5006);
#5006 = DEFINITIONAL_REPRESENTATION('',(#5007),#5011);
#5007 = LINE('',#5008,#5009);
#5008 = CARTESIAN_POINT('',(1.,0.));
#5009 = VECTOR('',#5010,1.);
#5010 = DIRECTION('',(0.,-1.));
#5011 = ( GEOMETRIC_REPRESENTATION_CONTEXT(2) 
PARAMETRIC_REPRESENTATION_CONTEXT() REPRESENTATION_CONTEXT('2D SPACE',''
  ) );
#5012 = ORIENTED_EDGE('',*,*,#917,.F.);
#5013 = ORIENTED_EDGE('',*,*,#4943,.F.);
#5014 = ADVANCED_FACE('',(#5015),#894,.F.);
#5015 = FACE_BOUND('',#5016,.F.);
#5016 = EDGE_LOOP('',(#5017,#5040,#5061,#5062));
#5017 = ORIENTED_EDGE('',*,*,#5018,.F.);
#5018 = EDGE_CURVE('',#5019,#4970,#5021,.T.);
#5019 = VERTEX_POINT('',#5020);
#5020 = CARTESIAN_POINT('',(-8.970703125,-6.037109375,0.));
#5021 = SURFACE_CURVE('',#5022,(#5026,#5033),.PCURVE_S1.);
#5022 = B_SPLINE_CURVE_WITH_KNOTS('',2,(#5023,#5024,#5025),
  .UNSPECIFIED.,.F.,.F.,(3,3),(0.,1.),.PIECEWISE_BEZIER_KNOTS.);
#5023 = CARTESIAN_POINT('',(-8.970703125,-6.037109375,0.));
#5024 = CARTESIAN_POINT('',(-8.849609375,-6.634765625,0.));
#5025 = CARTESIAN_POINT('',(-8.55859375,-6.8984375,0.));
#5026 = PCURVE('',#894,#5027);
#5027 = DEFINITIONAL_REPRESENTATION('',(#5028),#5032);
#5028 = LINE('',#5029,#5030);
#5029 = CARTESIAN_POINT('',(0.,0.));
#5030 = VECTOR('',#5031,1.);
#5031 = DIRECTION('',(1.,0.));
#5032 = ( GEOMETRIC_REPRESENTATION_CONTEXT(2) 
PARAMETRIC_REPRESENTATION_CONTEXT() REPRESENTATION_CONTEXT('2D SPACE',''
  ) );
#5033 = PCURVE('',#4207,#5034);
#5034 = DEFINITIONAL_REPRESENTATION('',(#5035),#5039);
#5035 = B_SPLINE_CURVE_WITH_KNOTS('',2,(#5036,#5037,#5038),
  .UNSPECIFIED.,.F.,.F.,(3,3),(0.,1.),.PIECEWISE_BEZIER_KNOTS.);
#5036 = CARTESIAN_POINT('',(1.0390625,1.60546875));
#5037 = CARTESIAN_POINT('',(1.16015625,1.0078125));
#5038 = CARTESIAN_POINT('',(1.451171875,0.744140625));
#5039 = ( GEOMETRIC_REPRESENTATION_CONTEXT(2) 
PARAMETRIC_REPRESENTATION_CONTEXT() REPRESENTATION_CONTEXT('2D SPACE',''
  ) );
#5040 = ORIENTED_EDGE('',*,*,#5041,.T.);
#5041 = EDGE_CURVE('',#5019,#835,#5042,.T.);
#5042 = SURFACE_CURVE('',#5043,(#5047,#5054),.PCURVE_S1.);
#5043 = LINE('',#5044,#5045);
#5044 = CARTESIAN_POINT('',(-8.970703125,-6.037109375,0.));
#5045 = VECTOR('',#5046,1.);
#5046 = DIRECTION('',(0.,0.,1.));
#5047 = PCURVE('',#894,#5048);
#5048 = DEFINITIONAL_REPRESENTATION('',(#5049),#5053);
#5049 = LINE('',#5050,#5051);
#5050 = CARTESIAN_POINT('',(0.,0.));
#5051 = VECTOR('',#5052,1.);
#5052 = DIRECTION('',(0.,-1.));
#5053 = ( GEOMETRIC_REPRESENTATION_CONTEXT(2) 
PARAMETRIC_REPRESENTATION_CONTEXT() REPRESENTATION_CONTEXT('2D SPACE',''
  ) );
#5054 = PCURVE('',#849,#5055);
#5055 = DEFINITIONAL_REPRESENTATION('',(#5056),#5060);
#5056 = LINE('',#5057,#5058);
#5057 = CARTESIAN_POINT('',(0.709347466426,0.));
#5058 = VECTOR('',#5059,1.);
#5059 = DIRECTION('',(0.,-1.));
#5060 = ( GEOMETRIC_REPRESENTATION_CONTEXT(2) 
PARAMETRIC_REPRESENTATION_CONTEXT() REPRESENTATION_CONTEXT('2D SPACE',''
  ) );
#5061 = ORIENTED_EDGE('',*,*,#860,.F.);
#5062 = ORIENTED_EDGE('',*,*,#4992,.F.);
#5063 = ADVANCED_FACE('',(#5064),#849,.F.);
#5064 = FACE_BOUND('',#5065,.F.);
#5065 = EDGE_LOOP('',(#5066,#5089,#5110,#5111));
#5066 = ORIENTED_EDGE('',*,*,#5067,.F.);
#5067 = EDGE_CURVE('',#5068,#5019,#5070,.T.);
#5068 = VERTEX_POINT('',#5069);
#5069 = CARTESIAN_POINT('',(-9.673828125,-6.130859375,0.));
#5070 = SURFACE_CURVE('',#5071,(#5075,#5082),.PCURVE_S1.);
#5071 = LINE('',#5072,#5073);
#5072 = CARTESIAN_POINT('',(-9.673828125,-6.130859375,0.));
#5073 = VECTOR('',#5074,1.);
#5074 = DIRECTION('',(0.991227900683,0.132163720091,0.));
#5075 = PCURVE('',#849,#5076);
#5076 = DEFINITIONAL_REPRESENTATION('',(#5077),#5081);
#5077 = LINE('',#5078,#5079);
#5078 = CARTESIAN_POINT('',(0.,0.));
#5079 = VECTOR('',#5080,1.);
#5080 = DIRECTION('',(1.,0.));
#5081 = ( GEOMETRIC_REPRESENTATION_CONTEXT(2) 
PARAMETRIC_REPRESENTATION_CONTEXT() REPRESENTATION_CONTEXT('2D SPACE',''
  ) );
#5082 = PCURVE('',#4207,#5083);
#5083 = DEFINITIONAL_REPRESENTATION('',(#5084),#5088);
#5084 = LINE('',#5085,#5086);
#5085 = CARTESIAN_POINT('',(0.3359375,1.51171875));
#5086 = VECTOR('',#5087,1.);
#5087 = DIRECTION('',(0.991227900683,0.132163720091));
#5088 = ( GEOMETRIC_REPRESENTATION_CONTEXT(2) 
PARAMETRIC_REPRESENTATION_CONTEXT() REPRESENTATION_CONTEXT('2D SPACE',''
  ) );
#5089 = ORIENTED_EDGE('',*,*,#5090,.T.);
#5090 = EDGE_CURVE('',#5068,#778,#5091,.T.);
#5091 = SURFACE_CURVE('',#5092,(#5096,#5103),.PCURVE_S1.);
#5092 = LINE('',#5093,#5094);
#5093 = CARTESIAN_POINT('',(-9.673828125,-6.130859375,0.));
#5094 = VECTOR('',#5095,1.);
#5095 = DIRECTION('',(0.,0.,1.));
#5096 = PCURVE('',#849,#5097);
#5097 = DEFINITIONAL_REPRESENTATION('',(#5098),#5102);
#5098 = LINE('',#5099,#5100);
#5099 = CARTESIAN_POINT('',(0.,0.));
#5100 = VECTOR('',#5101,1.);
#5101 = DIRECTION('',(0.,-1.));
#5102 = ( GEOMETRIC_REPRESENTATION_CONTEXT(2) 
PARAMETRIC_REPRESENTATION_CONTEXT() REPRESENTATION_CONTEXT('2D SPACE',''
  ) );
#5103 = PCURVE('',#811,#5104);
#5104 = DEFINITIONAL_REPRESENTATION('',(#5105),#5109);
#5105 = LINE('',#5106,#5107);
#5106 = CARTESIAN_POINT('',(1.,0.));
#5107 = VECTOR('',#5108,1.);
#5108 = DIRECTION('',(0.,-1.));
#5109 = ( GEOMETRIC_REPRESENTATION_CONTEXT(2) 
PARAMETRIC_REPRESENTATION_CONTEXT() REPRESENTATION_CONTEXT('2D SPACE',''
  ) );
#5110 = ORIENTED_EDGE('',*,*,#834,.F.);
#5111 = ORIENTED_EDGE('',*,*,#5041,.F.);
#5112 = ADVANCED_FACE('',(#5113),#811,.F.);
#5113 = FACE_BOUND('',#5114,.F.);
#5114 = EDGE_LOOP('',(#5115,#5138,#5159,#5160));
#5115 = ORIENTED_EDGE('',*,*,#5116,.F.);
#5116 = EDGE_CURVE('',#5117,#5068,#5119,.T.);
#5117 = VERTEX_POINT('',#5118);
#5118 = CARTESIAN_POINT('',(-9.10546875,-7.294921875,0.));
#5119 = SURFACE_CURVE('',#5120,(#5124,#5131),.PCURVE_S1.);
#5120 = B_SPLINE_CURVE_WITH_KNOTS('',2,(#5121,#5122,#5123),
  .UNSPECIFIED.,.F.,.F.,(3,3),(0.,1.),.PIECEWISE_BEZIER_KNOTS.);
#5121 = CARTESIAN_POINT('',(-9.10546875,-7.294921875,0.));
#5122 = CARTESIAN_POINT('',(-9.603515625,-6.845703125,0.));
#5123 = CARTESIAN_POINT('',(-9.673828125,-6.130859375,0.));
#5124 = PCURVE('',#811,#5125);
#5125 = DEFINITIONAL_REPRESENTATION('',(#5126),#5130);
#5126 = LINE('',#5127,#5128);
#5127 = CARTESIAN_POINT('',(0.,0.));
#5128 = VECTOR('',#5129,1.);
#5129 = DIRECTION('',(1.,0.));
#5130 = ( GEOMETRIC_REPRESENTATION_CONTEXT(2) 
PARAMETRIC_REPRESENTATION_CONTEXT() REPRESENTATION_CONTEXT('2D SPACE',''
  ) );
#5131 = PCURVE('',#4207,#5132);
#5132 = DEFINITIONAL_REPRESENTATION('',(#5133),#5137);
#5133 = B_SPLINE_CURVE_WITH_KNOTS('',2,(#5134,#5135,#5136),
  .UNSPECIFIED.,.F.,.F.,(3,3),(0.,1.),.PIECEWISE_BEZIER_KNOTS.);
#5134 = CARTESIAN_POINT('',(0.904296875,0.34765625));
#5135 = CARTESIAN_POINT('',(0.40625,0.796875));
#5136 = CARTESIAN_POINT('',(0.3359375,1.51171875));
#5137 = ( GEOMETRIC_REPRESENTATION_CONTEXT(2) 
PARAMETRIC_REPRESENTATION_CONTEXT() REPRESENTATION_CONTEXT('2D SPACE',''
  ) );
#5138 = ORIENTED_EDGE('',*,*,#5139,.T.);
#5139 = EDGE_CURVE('',#5117,#706,#5140,.T.);
#5140 = SURFACE_CURVE('',#5141,(#5145,#5152),.PCURVE_S1.);
#5141 = LINE('',#5142,#5143);
#5142 = CARTESIAN_POINT('',(-9.10546875,-7.294921875,0.));
#5143 = VECTOR('',#5144,1.);
#5144 = DIRECTION('',(0.,0.,1.));
#5145 = PCURVE('',#811,#5146);
#5146 = DEFINITIONAL_REPRESENTATION('',(#5147),#5151);
#5147 = LINE('',#5148,#5149);
#5148 = CARTESIAN_POINT('',(0.,0.));
#5149 = VECTOR('',#5150,1.);
#5150 = DIRECTION('',(0.,-1.));
#5151 = ( GEOMETRIC_REPRESENTATION_CONTEXT(2) 
PARAMETRIC_REPRESENTATION_CONTEXT() REPRESENTATION_CONTEXT('2D SPACE',''
  ) );
#5152 = PCURVE('',#749,#5153);
#5153 = DEFINITIONAL_REPRESENTATION('',(#5154),#5158);
#5154 = LINE('',#5155,#5156);
#5155 = CARTESIAN_POINT('',(1.,0.));
#5156 = VECTOR('',#5157,1.);
#5157 = DIRECTION('',(0.,-1.));
#5158 = ( GEOMETRIC_REPRESENTATION_CONTEXT(2) 
PARAMETRIC_REPRESENTATION_CONTEXT() REPRESENTATION_CONTEXT('2D SPACE',''
  ) );
#5159 = ORIENTED_EDGE('',*,*,#777,.F.);
#5160 = ORIENTED_EDGE('',*,*,#5090,.F.);
#5161 = ADVANCED_FACE('',(#5162),#749,.F.);
#5162 = FACE_BOUND('',#5163,.F.);
#5163 = EDGE_LOOP('',(#5164,#5187,#5208,#5209));
#5164 = ORIENTED_EDGE('',*,*,#5165,.F.);
#5165 = EDGE_CURVE('',#5166,#5117,#5168,.T.);
#5166 = VERTEX_POINT('',#5167);
#5167 = CARTESIAN_POINT('',(-7.853515625,-7.744140625,0.));
#5168 = SURFACE_CURVE('',#5169,(#5173,#5180),.PCURVE_S1.);
#5169 = B_SPLINE_CURVE_WITH_KNOTS('',2,(#5170,#5171,#5172),
  .UNSPECIFIED.,.F.,.F.,(3,3),(0.,1.),.PIECEWISE_BEZIER_KNOTS.);
#5170 = CARTESIAN_POINT('',(-7.853515625,-7.744140625,0.));
#5171 = CARTESIAN_POINT('',(-8.607421875,-7.744140625,0.));
#5172 = CARTESIAN_POINT('',(-9.10546875,-7.294921875,0.));
#5173 = PCURVE('',#749,#5174);
#5174 = DEFINITIONAL_REPRESENTATION('',(#5175),#5179);
#5175 = LINE('',#5176,#5177);
#5176 = CARTESIAN_POINT('',(0.,0.));
#5177 = VECTOR('',#5178,1.);
#5178 = DIRECTION('',(1.,0.));
#5179 = ( GEOMETRIC_REPRESENTATION_CONTEXT(2) 
PARAMETRIC_REPRESENTATION_CONTEXT() REPRESENTATION_CONTEXT('2D SPACE',''
  ) );
#5180 = PCURVE('',#4207,#5181);
#5181 = DEFINITIONAL_REPRESENTATION('',(#5182),#5186);
#5182 = B_SPLINE_CURVE_WITH_KNOTS('',2,(#5183,#5184,#5185),
  .UNSPECIFIED.,.F.,.F.,(3,3),(0.,1.),.PIECEWISE_BEZIER_KNOTS.);
#5183 = CARTESIAN_POINT('',(2.15625,-0.1015625));
#5184 = CARTESIAN_POINT('',(1.40234375,-0.1015625));
#5185 = CARTESIAN_POINT('',(0.904296875,0.34765625));
#5186 = ( GEOMETRIC_REPRESENTATION_CONTEXT(2) 
PARAMETRIC_REPRESENTATION_CONTEXT() REPRESENTATION_CONTEXT('2D SPACE',''
  ) );
#5187 = ORIENTED_EDGE('',*,*,#5188,.T.);
#5188 = EDGE_CURVE('',#5166,#631,#5189,.T.);
#5189 = SURFACE_CURVE('',#5190,(#5194,#5201),.PCURVE_S1.);
#5190 = LINE('',#5191,#5192);
#5191 = CARTESIAN_POINT('',(-7.853515625,-7.744140625,0.));
#5192 = VECTOR('',#5193,1.);
#5193 = DIRECTION('',(0.,0.,1.));
#5194 = PCURVE('',#749,#5195);
#5195 = DEFINITIONAL_REPRESENTATION('',(#5196),#5200);
#5196 = LINE('',#5197,#5198);
#5197 = CARTESIAN_POINT('',(0.,0.));
#5198 = VECTOR('',#5199,1.);
#5199 = DIRECTION('',(0.,-1.));
#5200 = ( GEOMETRIC_REPRESENTATION_CONTEXT(2) 
PARAMETRIC_REPRESENTATION_CONTEXT() REPRESENTATION_CONTEXT('2D SPACE',''
  ) );
#5201 = PCURVE('',#676,#5202);
#5202 = DEFINITIONAL_REPRESENTATION('',(#5203),#5207);
#5203 = LINE('',#5204,#5205);
#5204 = CARTESIAN_POINT('',(1.,0.));
#5205 = VECTOR('',#5206,1.);
#5206 = DIRECTION('',(0.,-1.));
#5207 = ( GEOMETRIC_REPRESENTATION_CONTEXT(2) 
PARAMETRIC_REPRESENTATION_CONTEXT() REPRESENTATION_CONTEXT('2D SPACE',''
  ) );
#5208 = ORIENTED_EDGE('',*,*,#705,.F.);
#5209 = ORIENTED_EDGE('',*,*,#5139,.F.);
#5210 = ADVANCED_FACE('',(#5211),#676,.F.);
#5211 = FACE_BOUND('',#5212,.F.);
#5212 = EDGE_LOOP('',(#5213,#5236,#5257,#5258));
#5213 = ORIENTED_EDGE('',*,*,#5214,.F.);
#5214 = EDGE_CURVE('',#5215,#5166,#5217,.T.);
#5215 = VERTEX_POINT('',#5216);
#5216 = CARTESIAN_POINT('',(-6.470703125,-7.22265625,0.));
#5217 = SURFACE_CURVE('',#5218,(#5222,#5229),.PCURVE_S1.);
#5218 = B_SPLINE_CURVE_WITH_KNOTS('',2,(#5219,#5220,#5221),
  .UNSPECIFIED.,.F.,.F.,(3,3),(0.,1.),.PIECEWISE_BEZIER_KNOTS.);
#5219 = CARTESIAN_POINT('',(-6.470703125,-7.22265625,0.));
#5220 = CARTESIAN_POINT('',(-7.017578125,-7.744140625,0.));
#5221 = CARTESIAN_POINT('',(-7.853515625,-7.744140625,0.));
#5222 = PCURVE('',#676,#5223);
#5223 = DEFINITIONAL_REPRESENTATION('',(#5224),#5228);
#5224 = LINE('',#5225,#5226);
#5225 = CARTESIAN_POINT('',(0.,0.));
#5226 = VECTOR('',#5227,1.);
#5227 = DIRECTION('',(1.,0.));
#5228 = ( GEOMETRIC_REPRESENTATION_CONTEXT(2) 
PARAMETRIC_REPRESENTATION_CONTEXT() REPRESENTATION_CONTEXT('2D SPACE',''
  ) );
#5229 = PCURVE('',#4207,#5230);
#5230 = DEFINITIONAL_REPRESENTATION('',(#5231),#5235);
#5231 = B_SPLINE_CURVE_WITH_KNOTS('',2,(#5232,#5233,#5234),
  .UNSPECIFIED.,.F.,.F.,(3,3),(0.,1.),.PIECEWISE_BEZIER_KNOTS.);
#5232 = CARTESIAN_POINT('',(3.5390625,0.419921875));
#5233 = CARTESIAN_POINT('',(2.9921875,-0.1015625));
#5234 = CARTESIAN_POINT('',(2.15625,-0.1015625));
#5235 = ( GEOMETRIC_REPRESENTATION_CONTEXT(2) 
PARAMETRIC_REPRESENTATION_CONTEXT() REPRESENTATION_CONTEXT('2D SPACE',''
  ) );
#5236 = ORIENTED_EDGE('',*,*,#5237,.T.);
#5237 = EDGE_CURVE('',#5215,#556,#5238,.T.);
#5238 = SURFACE_CURVE('',#5239,(#5243,#5250),.PCURVE_S1.);
#5239 = LINE('',#5240,#5241);
#5240 = CARTESIAN_POINT('',(-6.470703125,-7.22265625,0.));
#5241 = VECTOR('',#5242,1.);
#5242 = DIRECTION('',(0.,0.,1.));
#5243 = PCURVE('',#676,#5244);
#5244 = DEFINITIONAL_REPRESENTATION('',(#5245),#5249);
#5245 = LINE('',#5246,#5247);
#5246 = CARTESIAN_POINT('',(0.,0.));
#5247 = VECTOR('',#5248,1.);
#5248 = DIRECTION('',(0.,-1.));
#5249 = ( GEOMETRIC_REPRESENTATION_CONTEXT(2) 
PARAMETRIC_REPRESENTATION_CONTEXT() REPRESENTATION_CONTEXT('2D SPACE',''
  ) );
#5250 = PCURVE('',#601,#5251);
#5251 = DEFINITIONAL_REPRESENTATION('',(#5252),#5256);
#5252 = LINE('',#5253,#5254);
#5253 = CARTESIAN_POINT('',(1.,0.));
#5254 = VECTOR('',#5255,1.);
#5255 = DIRECTION('',(0.,-1.));
#5256 = ( GEOMETRIC_REPRESENTATION_CONTEXT(2) 
PARAMETRIC_REPRESENTATION_CONTEXT() REPRESENTATION_CONTEXT('2D SPACE',''
  ) );
#5257 = ORIENTED_EDGE('',*,*,#630,.F.);
#5258 = ORIENTED_EDGE('',*,*,#5188,.F.);
#5259 = ADVANCED_FACE('',(#5260),#601,.F.);
#5260 = FACE_BOUND('',#5261,.F.);
#5261 = EDGE_LOOP('',(#5262,#5285,#5306,#5307));
#5262 = ORIENTED_EDGE('',*,*,#5263,.F.);
#5263 = EDGE_CURVE('',#5264,#5215,#5266,.T.);
#5264 = VERTEX_POINT('',#5265);
#5265 = CARTESIAN_POINT('',(-5.923828125,-5.951171875,0.));
#5266 = SURFACE_CURVE('',#5267,(#5271,#5278),.PCURVE_S1.);
#5267 = B_SPLINE_CURVE_WITH_KNOTS('',2,(#5268,#5269,#5270),
  .UNSPECIFIED.,.F.,.F.,(3,3),(0.,1.),.PIECEWISE_BEZIER_KNOTS.);
#5268 = CARTESIAN_POINT('',(-5.923828125,-5.951171875,0.));
#5269 = CARTESIAN_POINT('',(-5.923828125,-6.701171875,0.));
#5270 = CARTESIAN_POINT('',(-6.470703125,-7.22265625,0.));
#5271 = PCURVE('',#601,#5272);
#5272 = DEFINITIONAL_REPRESENTATION('',(#5273),#5277);
#5273 = LINE('',#5274,#5275);
#5274 = CARTESIAN_POINT('',(0.,0.));
#5275 = VECTOR('',#5276,1.);
#5276 = DIRECTION('',(1.,0.));
#5277 = ( GEOMETRIC_REPRESENTATION_CONTEXT(2) 
PARAMETRIC_REPRESENTATION_CONTEXT() REPRESENTATION_CONTEXT('2D SPACE',''
  ) );
#5278 = PCURVE('',#4207,#5279);
#5279 = DEFINITIONAL_REPRESENTATION('',(#5280),#5284);
#5280 = B_SPLINE_CURVE_WITH_KNOTS('',2,(#5281,#5282,#5283),
  .UNSPECIFIED.,.F.,.F.,(3,3),(0.,1.),.PIECEWISE_BEZIER_KNOTS.);
#5281 = CARTESIAN_POINT('',(4.0859375,1.69140625));
#5282 = CARTESIAN_POINT('',(4.0859375,0.94140625));
#5283 = CARTESIAN_POINT('',(3.5390625,0.419921875));
#5284 = ( GEOMETRIC_REPRESENTATION_CONTEXT(2) 
PARAMETRIC_REPRESENTATION_CONTEXT() REPRESENTATION_CONTEXT('2D SPACE',''
  ) );
#5285 = ORIENTED_EDGE('',*,*,#5286,.T.);
#5286 = EDGE_CURVE('',#5264,#493,#5287,.T.);
#5287 = SURFACE_CURVE('',#5288,(#5292,#5299),.PCURVE_S1.);
#5288 = LINE('',#5289,#5290);
#5289 = CARTESIAN_POINT('',(-5.923828125,-5.951171875,0.));
#5290 = VECTOR('',#5291,1.);
#5291 = DIRECTION('',(0.,0.,1.));
#5292 = PCURVE('',#601,#5293);
#5293 = DEFINITIONAL_REPRESENTATION('',(#5294),#5298);
#5294 = LINE('',#5295,#5296);
#5295 = CARTESIAN_POINT('',(0.,0.));
#5296 = VECTOR('',#5297,1.);
#5297 = DIRECTION('',(0.,-1.));
#5298 = ( GEOMETRIC_REPRESENTATION_CONTEXT(2) 
PARAMETRIC_REPRESENTATION_CONTEXT() REPRESENTATION_CONTEXT('2D SPACE',''
  ) );
#5299 = PCURVE('',#530,#5300);
#5300 = DEFINITIONAL_REPRESENTATION('',(#5301),#5305);
#5301 = LINE('',#5302,#5303);
#5302 = CARTESIAN_POINT('',(1.,0.));
#5303 = VECTOR('',#5304,1.);
#5304 = DIRECTION('',(0.,-1.));
#5305 = ( GEOMETRIC_REPRESENTATION_CONTEXT(2) 
PARAMETRIC_REPRESENTATION_CONTEXT() REPRESENTATION_CONTEXT('2D SPACE',''
  ) );
#5306 = ORIENTED_EDGE('',*,*,#555,.F.);
#5307 = ORIENTED_EDGE('',*,*,#5237,.F.);
#5308 = ADVANCED_FACE('',(#5309),#530,.F.);
#5309 = FACE_BOUND('',#5310,.F.);
#5310 = EDGE_LOOP('',(#5311,#5334,#5355,#5356));
#5311 = ORIENTED_EDGE('',*,*,#5312,.F.);
#5312 = EDGE_CURVE('',#5313,#5264,#5315,.T.);
#5313 = VERTEX_POINT('',#5314);
#5314 = CARTESIAN_POINT('',(-6.205078125,-5.02734375,0.));
#5315 = SURFACE_CURVE('',#5316,(#5320,#5327),.PCURVE_S1.);
#5316 = B_SPLINE_CURVE_WITH_KNOTS('',2,(#5317,#5318,#5319),
  .UNSPECIFIED.,.F.,.F.,(3,3),(0.,1.),.PIECEWISE_BEZIER_KNOTS.);
#5317 = CARTESIAN_POINT('',(-6.205078125,-5.02734375,0.));
#5318 = CARTESIAN_POINT('',(-5.923828125,-5.396484375,0.));
#5319 = CARTESIAN_POINT('',(-5.923828125,-5.951171875,0.));
#5320 = PCURVE('',#530,#5321);
#5321 = DEFINITIONAL_REPRESENTATION('',(#5322),#5326);
#5322 = LINE('',#5323,#5324);
#5323 = CARTESIAN_POINT('',(0.,0.));
#5324 = VECTOR('',#5325,1.);
#5325 = DIRECTION('',(1.,0.));
#5326 = ( GEOMETRIC_REPRESENTATION_CONTEXT(2) 
PARAMETRIC_REPRESENTATION_CONTEXT() REPRESENTATION_CONTEXT('2D SPACE',''
  ) );
#5327 = PCURVE('',#4207,#5328);
#5328 = DEFINITIONAL_REPRESENTATION('',(#5329),#5333);
#5329 = B_SPLINE_CURVE_WITH_KNOTS('',2,(#5330,#5331,#5332),
  .UNSPECIFIED.,.F.,.F.,(3,3),(0.,1.),.PIECEWISE_BEZIER_KNOTS.);
#5330 = CARTESIAN_POINT('',(3.8046875,2.615234375));
#5331 = CARTESIAN_POINT('',(4.0859375,2.24609375));
#5332 = CARTESIAN_POINT('',(4.0859375,1.69140625));
#5333 = ( GEOMETRIC_REPRESENTATION_CONTEXT(2) 
PARAMETRIC_REPRESENTATION_CONTEXT() REPRESENTATION_CONTEXT('2D SPACE',''
  ) );
#5334 = ORIENTED_EDGE('',*,*,#5335,.T.);
#5335 = EDGE_CURVE('',#5313,#436,#5336,.T.);
#5336 = SURFACE_CURVE('',#5337,(#5341,#5348),.PCURVE_S1.);
#5337 = LINE('',#5338,#5339);
#5338 = CARTESIAN_POINT('',(-6.205078125,-5.02734375,0.));
#5339 = VECTOR('',#5340,1.);
#5340 = DIRECTION('',(0.,0.,1.));
#5341 = PCURVE('',#530,#5342);
#5342 = DEFINITIONAL_REPRESENTATION('',(#5343),#5347);
#5343 = LINE('',#5344,#5345);
#5344 = CARTESIAN_POINT('',(0.,0.));
#5345 = VECTOR('',#5346,1.);
#5346 = DIRECTION('',(0.,-1.));
#5347 = ( GEOMETRIC_REPRESENTATION_CONTEXT(2) 
PARAMETRIC_REPRESENTATION_CONTEXT() REPRESENTATION_CONTEXT('2D SPACE',''
  ) );
#5348 = PCURVE('',#469,#5349);
#5349 = DEFINITIONAL_REPRESENTATION('',(#5350),#5354);
#5350 = LINE('',#5351,#5352);
#5351 = CARTESIAN_POINT('',(1.,0.));
#5352 = VECTOR('',#5353,1.);
#5353 = DIRECTION('',(0.,-1.));
#5354 = ( GEOMETRIC_REPRESENTATION_CONTEXT(2) 
PARAMETRIC_REPRESENTATION_CONTEXT() REPRESENTATION_CONTEXT('2D SPACE',''
  ) );
#5355 = ORIENTED_EDGE('',*,*,#492,.F.);
#5356 = ORIENTED_EDGE('',*,*,#5286,.F.);
#5357 = ADVANCED_FACE('',(#5358),#469,.F.);
#5358 = FACE_BOUND('',#5359,.F.);
#5359 = EDGE_LOOP('',(#5360,#5383,#5404,#5405));
#5360 = ORIENTED_EDGE('',*,*,#5361,.F.);
#5361 = EDGE_CURVE('',#5362,#5313,#5364,.T.);
#5362 = VERTEX_POINT('',#5363);
#5363 = CARTESIAN_POINT('',(-6.994140625,-4.541015625,0.));
#5364 = SURFACE_CURVE('',#5365,(#5369,#5376),.PCURVE_S1.);
#5365 = B_SPLINE_CURVE_WITH_KNOTS('',2,(#5366,#5367,#5368),
  .UNSPECIFIED.,.F.,.F.,(3,3),(0.,1.),.PIECEWISE_BEZIER_KNOTS.);
#5366 = CARTESIAN_POINT('',(-6.994140625,-4.541015625,0.));
#5367 = CARTESIAN_POINT('',(-6.486328125,-4.658203125,0.));
#5368 = CARTESIAN_POINT('',(-6.205078125,-5.02734375,0.));
#5369 = PCURVE('',#469,#5370);
#5370 = DEFINITIONAL_REPRESENTATION('',(#5371),#5375);
#5371 = LINE('',#5372,#5373);
#5372 = CARTESIAN_POINT('',(0.,0.));
#5373 = VECTOR('',#5374,1.);
#5374 = DIRECTION('',(1.,0.));
#5375 = ( GEOMETRIC_REPRESENTATION_CONTEXT(2) 
PARAMETRIC_REPRESENTATION_CONTEXT() REPRESENTATION_CONTEXT('2D SPACE',''
  ) );
#5376 = PCURVE('',#4207,#5377);
#5377 = DEFINITIONAL_REPRESENTATION('',(#5378),#5382);
#5378 = B_SPLINE_CURVE_WITH_KNOTS('',2,(#5379,#5380,#5381),
  .UNSPECIFIED.,.F.,.F.,(3,3),(0.,1.),.PIECEWISE_BEZIER_KNOTS.);
#5379 = CARTESIAN_POINT('',(3.015625,3.1015625));
#5380 = CARTESIAN_POINT('',(3.5234375,2.984375));
#5381 = CARTESIAN_POINT('',(3.8046875,2.615234375));
#5382 = ( GEOMETRIC_REPRESENTATION_CONTEXT(2) 
PARAMETRIC_REPRESENTATION_CONTEXT() REPRESENTATION_CONTEXT('2D SPACE',''
  ) );
#5383 = ORIENTED_EDGE('',*,*,#5384,.T.);
#5384 = EDGE_CURVE('',#5362,#385,#5385,.T.);
#5385 = SURFACE_CURVE('',#5386,(#5390,#5397),.PCURVE_S1.);
#5386 = LINE('',#5387,#5388);
#5387 = CARTESIAN_POINT('',(-6.994140625,-4.541015625,0.));
#5388 = VECTOR('',#5389,1.);
#5389 = DIRECTION('',(0.,0.,1.));
#5390 = PCURVE('',#469,#5391);
#5391 = DEFINITIONAL_REPRESENTATION('',(#5392),#5396);
#5392 = LINE('',#5393,#5394);
#5393 = CARTESIAN_POINT('',(0.,0.));
#5394 = VECTOR('',#5395,1.);
#5395 = DIRECTION('',(0.,-1.));
#5396 = ( GEOMETRIC_REPRESENTATION_CONTEXT(2) 
PARAMETRIC_REPRESENTATION_CONTEXT() REPRESENTATION_CONTEXT('2D SPACE',''
  ) );
#5397 = PCURVE('',#414,#5398);
#5398 = DEFINITIONAL_REPRESENTATION('',(#5399),#5403);
#5399 = LINE('',#5400,#5401);
#5400 = CARTESIAN_POINT('',(1.,0.));
#5401 = VECTOR('',#5402,1.);
#5402 = DIRECTION('',(0.,-1.));
#5403 = ( GEOMETRIC_REPRESENTATION_CONTEXT(2) 
PARAMETRIC_REPRESENTATION_CONTEXT() REPRESENTATION_CONTEXT('2D SPACE',''
  ) );
#5404 = ORIENTED_EDGE('',*,*,#435,.F.);
#5405 = ORIENTED_EDGE('',*,*,#5335,.F.);
#5406 = ADVANCED_FACE('',(#5407),#414,.F.);
#5407 = FACE_BOUND('',#5408,.F.);
#5408 = EDGE_LOOP('',(#5409,#5432,#5453,#5454));
#5409 = ORIENTED_EDGE('',*,*,#5410,.F.);
#5410 = EDGE_CURVE('',#5411,#5362,#5413,.T.);
#5411 = VERTEX_POINT('',#5412);
#5412 = CARTESIAN_POINT('',(-6.404296875,-4.056640625,0.));
#5413 = SURFACE_CURVE('',#5414,(#5418,#5425),.PCURVE_S1.);
#5414 = B_SPLINE_CURVE_WITH_KNOTS('',2,(#5415,#5416,#5417),
  .UNSPECIFIED.,.F.,.F.,(3,3),(0.,1.),.PIECEWISE_BEZIER_KNOTS.);
#5415 = CARTESIAN_POINT('',(-6.404296875,-4.056640625,0.));
#5416 = CARTESIAN_POINT('',(-6.603515625,-4.361328125,0.));
#5417 = CARTESIAN_POINT('',(-6.994140625,-4.541015625,0.));
#5418 = PCURVE('',#414,#5419);
#5419 = DEFINITIONAL_REPRESENTATION('',(#5420),#5424);
#5420 = LINE('',#5421,#5422);
#5421 = CARTESIAN_POINT('',(0.,0.));
#5422 = VECTOR('',#5423,1.);
#5423 = DIRECTION('',(1.,0.));
#5424 = ( GEOMETRIC_REPRESENTATION_CONTEXT(2) 
PARAMETRIC_REPRESENTATION_CONTEXT() REPRESENTATION_CONTEXT('2D SPACE',''
  ) );
#5425 = PCURVE('',#4207,#5426);
#5426 = DEFINITIONAL_REPRESENTATION('',(#5427),#5431);
#5427 = B_SPLINE_CURVE_WITH_KNOTS('',2,(#5428,#5429,#5430),
  .UNSPECIFIED.,.F.,.F.,(3,3),(0.,1.),.PIECEWISE_BEZIER_KNOTS.);
#5428 = CARTESIAN_POINT('',(3.60546875,3.5859375));
#5429 = CARTESIAN_POINT('',(3.40625,3.28125));
#5430 = CARTESIAN_POINT('',(3.015625,3.1015625));
#5431 = ( GEOMETRIC_REPRESENTATION_CONTEXT(2) 
PARAMETRIC_REPRESENTATION_CONTEXT() REPRESENTATION_CONTEXT('2D SPACE',''
  ) );
#5432 = ORIENTED_EDGE('',*,*,#5433,.T.);
#5433 = EDGE_CURVE('',#5411,#334,#5434,.T.);
#5434 = SURFACE_CURVE('',#5435,(#5439,#5446),.PCURVE_S1.);
#5435 = LINE('',#5436,#5437);
#5436 = CARTESIAN_POINT('',(-6.404296875,-4.056640625,0.));
#5437 = VECTOR('',#5438,1.);
#5438 = DIRECTION('',(0.,0.,1.));
#5439 = PCURVE('',#414,#5440);
#5440 = DEFINITIONAL_REPRESENTATION('',(#5441),#5445);
#5441 = LINE('',#5442,#5443);
#5442 = CARTESIAN_POINT('',(0.,0.));
#5443 = VECTOR('',#5444,1.);
#5444 = DIRECTION('',(0.,-1.));
#5445 = ( GEOMETRIC_REPRESENTATION_CONTEXT(2) 
PARAMETRIC_REPRESENTATION_CONTEXT() REPRESENTATION_CONTEXT('2D SPACE',''
  ) );
#5446 = PCURVE('',#363,#5447);
#5447 = DEFINITIONAL_REPRESENTATION('',(#5448),#5452);
#5448 = LINE('',#5449,#5450);
#5449 = CARTESIAN_POINT('',(1.,0.));
#5450 = VECTOR('',#5451,1.);
#5451 = DIRECTION('',(0.,-1.));
#5452 = ( GEOMETRIC_REPRESENTATION_CONTEXT(2) 
PARAMETRIC_REPRESENTATION_CONTEXT() REPRESENTATION_CONTEXT('2D SPACE',''
  ) );
#5453 = ORIENTED_EDGE('',*,*,#384,.F.);
#5454 = ORIENTED_EDGE('',*,*,#5384,.F.);
#5455 = ADVANCED_FACE('',(#5456),#363,.F.);
#5456 = FACE_BOUND('',#5457,.F.);
#5457 = EDGE_LOOP('',(#5458,#5481,#5502,#5503));
#5458 = ORIENTED_EDGE('',*,*,#5459,.F.);
#5459 = EDGE_CURVE('',#5460,#5411,#5462,.T.);
#5460 = VERTEX_POINT('',#5461);
#5461 = CARTESIAN_POINT('',(-6.205078125,-3.380859375,0.));
#5462 = SURFACE_CURVE('',#5463,(#5467,#5474),.PCURVE_S1.);
#5463 = B_SPLINE_CURVE_WITH_KNOTS('',2,(#5464,#5465,#5466),
  .UNSPECIFIED.,.F.,.F.,(3,3),(0.,1.),.PIECEWISE_BEZIER_KNOTS.);
#5464 = CARTESIAN_POINT('',(-6.205078125,-3.380859375,0.));
#5465 = CARTESIAN_POINT('',(-6.205078125,-3.751953125,0.));
#5466 = CARTESIAN_POINT('',(-6.404296875,-4.056640625,0.));
#5467 = PCURVE('',#363,#5468);
#5468 = DEFINITIONAL_REPRESENTATION('',(#5469),#5473);
#5469 = LINE('',#5470,#5471);
#5470 = CARTESIAN_POINT('',(0.,0.));
#5471 = VECTOR('',#5472,1.);
#5472 = DIRECTION('',(1.,0.));
#5473 = ( GEOMETRIC_REPRESENTATION_CONTEXT(2) 
PARAMETRIC_REPRESENTATION_CONTEXT() REPRESENTATION_CONTEXT('2D SPACE',''
  ) );
#5474 = PCURVE('',#4207,#5475);
#5475 = DEFINITIONAL_REPRESENTATION('',(#5476),#5480);
#5476 = B_SPLINE_CURVE_WITH_KNOTS('',2,(#5477,#5478,#5479),
  .UNSPECIFIED.,.F.,.F.,(3,3),(0.,1.),.PIECEWISE_BEZIER_KNOTS.);
#5477 = CARTESIAN_POINT('',(3.8046875,4.26171875));
#5478 = CARTESIAN_POINT('',(3.8046875,3.890625));
#5479 = CARTESIAN_POINT('',(3.60546875,3.5859375));
#5480 = ( GEOMETRIC_REPRESENTATION_CONTEXT(2) 
PARAMETRIC_REPRESENTATION_CONTEXT() REPRESENTATION_CONTEXT('2D SPACE',''
  ) );
#5481 = ORIENTED_EDGE('',*,*,#5482,.T.);
#5482 = EDGE_CURVE('',#5460,#283,#5483,.T.);
#5483 = SURFACE_CURVE('',#5484,(#5488,#5495),.PCURVE_S1.);
#5484 = LINE('',#5485,#5486);
#5485 = CARTESIAN_POINT('',(-6.205078125,-3.380859375,0.));
#5486 = VECTOR('',#5487,1.);
#5487 = DIRECTION('',(0.,0.,1.));
#5488 = PCURVE('',#363,#5489);
#5489 = DEFINITIONAL_REPRESENTATION('',(#5490),#5494);
#5490 = LINE('',#5491,#5492);
#5491 = CARTESIAN_POINT('',(0.,0.));
#5492 = VECTOR('',#5493,1.);
#5493 = DIRECTION('',(0.,-1.));
#5494 = ( GEOMETRIC_REPRESENTATION_CONTEXT(2) 
PARAMETRIC_REPRESENTATION_CONTEXT() REPRESENTATION_CONTEXT('2D SPACE',''
  ) );
#5495 = PCURVE('',#312,#5496);
#5496 = DEFINITIONAL_REPRESENTATION('',(#5497),#5501);
#5497 = LINE('',#5498,#5499);
#5498 = CARTESIAN_POINT('',(1.,0.));
#5499 = VECTOR('',#5500,1.);
#5500 = DIRECTION('',(0.,-1.));
#5501 = ( GEOMETRIC_REPRESENTATION_CONTEXT(2) 
PARAMETRIC_REPRESENTATION_CONTEXT() REPRESENTATION_CONTEXT('2D SPACE',''
  ) );
#5502 = ORIENTED_EDGE('',*,*,#333,.F.);
#5503 = ORIENTED_EDGE('',*,*,#5433,.F.);
#5504 = ADVANCED_FACE('',(#5505),#312,.F.);
#5505 = FACE_BOUND('',#5506,.F.);
#5506 = EDGE_LOOP('',(#5507,#5530,#5551,#5552));
#5507 = ORIENTED_EDGE('',*,*,#5508,.F.);
#5508 = EDGE_CURVE('',#5509,#5460,#5511,.T.);
#5509 = VERTEX_POINT('',#5510);
#5510 = CARTESIAN_POINT('',(-6.4140625,-2.642578125,0.));
#5511 = SURFACE_CURVE('',#5512,(#5516,#5523),.PCURVE_S1.);
#5512 = B_SPLINE_CURVE_WITH_KNOTS('',2,(#5513,#5514,#5515),
  .UNSPECIFIED.,.F.,.F.,(3,3),(0.,1.),.PIECEWISE_BEZIER_KNOTS.);
#5513 = CARTESIAN_POINT('',(-6.4140625,-2.642578125,0.));
#5514 = CARTESIAN_POINT('',(-6.205078125,-2.990234375,0.));
#5515 = CARTESIAN_POINT('',(-6.205078125,-3.380859375,0.));
#5516 = PCURVE('',#312,#5517);
#5517 = DEFINITIONAL_REPRESENTATION('',(#5518),#5522);
#5518 = LINE('',#5519,#5520);
#5519 = CARTESIAN_POINT('',(0.,0.));
#5520 = VECTOR('',#5521,1.);
#5521 = DIRECTION('',(1.,0.));
#5522 = ( GEOMETRIC_REPRESENTATION_CONTEXT(2) 
PARAMETRIC_REPRESENTATION_CONTEXT() REPRESENTATION_CONTEXT('2D SPACE',''
  ) );
#5523 = PCURVE('',#4207,#5524);
#5524 = DEFINITIONAL_REPRESENTATION('',(#5525),#5529);
#5525 = B_SPLINE_CURVE_WITH_KNOTS('',2,(#5526,#5527,#5528),
  .UNSPECIFIED.,.F.,.F.,(3,3),(0.,1.),.PIECEWISE_BEZIER_KNOTS.);
#5526 = CARTESIAN_POINT('',(3.595703125,5.));
#5527 = CARTESIAN_POINT('',(3.8046875,4.65234375));
#5528 = CARTESIAN_POINT('',(3.8046875,4.26171875));
#5529 = ( GEOMETRIC_REPRESENTATION_CONTEXT(2) 
PARAMETRIC_REPRESENTATION_CONTEXT() REPRESENTATION_CONTEXT('2D SPACE',''
  ) );
#5530 = ORIENTED_EDGE('',*,*,#5531,.T.);
#5531 = EDGE_CURVE('',#5509,#232,#5532,.T.);
#5532 = SURFACE_CURVE('',#5533,(#5537,#5544),.PCURVE_S1.);
#5533 = LINE('',#5534,#5535);
#5534 = CARTESIAN_POINT('',(-6.4140625,-2.642578125,0.));
#5535 = VECTOR('',#5536,1.);
#5536 = DIRECTION('',(0.,0.,1.));
#5537 = PCURVE('',#312,#5538);
#5538 = DEFINITIONAL_REPRESENTATION('',(#5539),#5543);
#5539 = LINE('',#5540,#5541);
#5540 = CARTESIAN_POINT('',(0.,0.));
#5541 = VECTOR('',#5542,1.);
#5542 = DIRECTION('',(0.,-1.));
#5543 = ( GEOMETRIC_REPRESENTATION_CONTEXT(2) 
PARAMETRIC_REPRESENTATION_CONTEXT() REPRESENTATION_CONTEXT('2D SPACE',''
  ) );
#5544 = PCURVE('',#261,#5545);
#5545 = DEFINITIONAL_REPRESENTATION('',(#5546),#5550);
#5546 = LINE('',#5547,#5548);
#5547 = CARTESIAN_POINT('',(1.,0.));
#5548 = VECTOR('',#5549,1.);
#5549 = DIRECTION('',(0.,-1.));
#5550 = ( GEOMETRIC_REPRESENTATION_CONTEXT(2) 
PARAMETRIC_REPRESENTATION_CONTEXT() REPRESENTATION_CONTEXT('2D SPACE',''
  ) );
#5551 = ORIENTED_EDGE('',*,*,#282,.F.);
#5552 = ORIENTED_EDGE('',*,*,#5482,.F.);
#5553 = ADVANCED_FACE('',(#5554),#261,.F.);
#5554 = FACE_BOUND('',#5555,.F.);
#5555 = EDGE_LOOP('',(#5556,#5577,#5578,#5579));
#5556 = ORIENTED_EDGE('',*,*,#5557,.F.);
#5557 = EDGE_CURVE('',#4191,#5509,#5558,.T.);
#5558 = SURFACE_CURVE('',#5559,(#5563,#5570),.PCURVE_S1.);
#5559 = B_SPLINE_CURVE_WITH_KNOTS('',2,(#5560,#5561,#5562),
  .UNSPECIFIED.,.F.,.F.,(3,3),(0.,1.),.PIECEWISE_BEZIER_KNOTS.);
#5560 = CARTESIAN_POINT('',(-7.017578125,-2.09375,0.));
#5561 = CARTESIAN_POINT('',(-6.623046875,-2.294921875,0.));
#5562 = CARTESIAN_POINT('',(-6.4140625,-2.642578125,0.));
#5563 = PCURVE('',#261,#5564);
#5564 = DEFINITIONAL_REPRESENTATION('',(#5565),#5569);
#5565 = LINE('',#5566,#5567);
#5566 = CARTESIAN_POINT('',(0.,0.));
#5567 = VECTOR('',#5568,1.);
#5568 = DIRECTION('',(1.,0.));
#5569 = ( GEOMETRIC_REPRESENTATION_CONTEXT(2) 
PARAMETRIC_REPRESENTATION_CONTEXT() REPRESENTATION_CONTEXT('2D SPACE',''
  ) );
#5570 = PCURVE('',#4207,#5571);
#5571 = DEFINITIONAL_REPRESENTATION('',(#5572),#5576);
#5572 = B_SPLINE_CURVE_WITH_KNOTS('',2,(#5573,#5574,#5575),
  .UNSPECIFIED.,.F.,.F.,(3,3),(0.,1.),.PIECEWISE_BEZIER_KNOTS.);
#5573 = CARTESIAN_POINT('',(2.9921875,5.548828125));
#5574 = CARTESIAN_POINT('',(3.38671875,5.34765625));
#5575 = CARTESIAN_POINT('',(3.595703125,5.));
#5576 = ( GEOMETRIC_REPRESENTATION_CONTEXT(2) 
PARAMETRIC_REPRESENTATION_CONTEXT() REPRESENTATION_CONTEXT('2D SPACE',''
  ) );
#5577 = ORIENTED_EDGE('',*,*,#4223,.F.);
#5578 = ORIENTED_EDGE('',*,*,#231,.F.);
#5579 = ORIENTED_EDGE('',*,*,#5531,.F.);
#5580 = ADVANCED_FACE('',(#5581),#187,.F.);
#5581 = FACE_BOUND('',#5582,.F.);
#5582 = EDGE_LOOP('',(#5583,#5604,#5625,#5626));
#5583 = ORIENTED_EDGE('',*,*,#5584,.T.);
#5584 = EDGE_CURVE('',#4014,#5585,#5587,.T.);
#5585 = VERTEX_POINT('',#5586);
#5586 = CARTESIAN_POINT('',(-30.,29.8,-0.2));
#5587 = SURFACE_CURVE('',#5588,(#5592,#5598),.PCURVE_S1.);
#5588 = LINE('',#5589,#5590);
#5589 = CARTESIAN_POINT('',(-30.,-50.2,-0.2));
#5590 = VECTOR('',#5591,1.);
#5591 = DIRECTION('',(0.,1.,0.));
#5592 = PCURVE('',#187,#5593);
#5593 = DEFINITIONAL_REPRESENTATION('',(#5594),#5597);
#5594 = B_SPLINE_CURVE_WITH_KNOTS('',1,(#5595,#5596),.UNSPECIFIED.,.F.,
  .F.,(2,2),(0.,80.),.PIECEWISE_BEZIER_KNOTS.);
#5595 = CARTESIAN_POINT('',(1.,0.));
#5596 = CARTESIAN_POINT('',(1.,-80.));
#5597 = ( GEOMETRIC_REPRESENTATION_CONTEXT(2) 
PARAMETRIC_REPRESENTATION_CONTEXT() REPRESENTATION_CONTEXT('2D SPACE',''
  ) );
#5598 = PCURVE('',#3979,#5599);
#5599 = DEFINITIONAL_REPRESENTATION('',(#5600),#5603);
#5600 = B_SPLINE_CURVE_WITH_KNOTS('',1,(#5601,#5602),.UNSPECIFIED.,.F.,
  .F.,(2,2),(0.,80.),.PIECEWISE_BEZIER_KNOTS.);
#5601 = CARTESIAN_POINT('',(20.,0.));
#5602 = CARTESIAN_POINT('',(20.,80.));
#5603 = ( GEOMETRIC_REPRESENTATION_CONTEXT(2) 
PARAMETRIC_REPRESENTATION_CONTEXT() REPRESENTATION_CONTEXT('2D SPACE',''
  ) );
#5604 = ORIENTED_EDGE('',*,*,#5605,.T.);
#5605 = EDGE_CURVE('',#5585,#147,#5606,.T.);
#5606 = SURFACE_CURVE('',#5607,(#5611,#5618),.PCURVE_S1.);
#5607 = LINE('',#5608,#5609);
#5608 = CARTESIAN_POINT('',(-30.,29.8,-1.2));
#5609 = VECTOR('',#5610,1.);
#5610 = DIRECTION('',(0.,0.,1.));
#5611 = PCURVE('',#187,#5612);
#5612 = DEFINITIONAL_REPRESENTATION('',(#5613),#5617);
#5613 = LINE('',#5614,#5615);
#5614 = CARTESIAN_POINT('',(0.,-80.));
#5615 = VECTOR('',#5616,1.);
#5616 = DIRECTION('',(1.,0.));
#5617 = ( GEOMETRIC_REPRESENTATION_CONTEXT(2) 
PARAMETRIC_REPRESENTATION_CONTEXT() REPRESENTATION_CONTEXT('2D SPACE',''
  ) );
#5618 = PCURVE('',#161,#5619);
#5619 = DEFINITIONAL_REPRESENTATION('',(#5620),#5624);
#5620 = LINE('',#5621,#5622);
#5621 = CARTESIAN_POINT('',(0.,0.));
#5622 = VECTOR('',#5623,1.);
#5623 = DIRECTION('',(1.,0.));
#5624 = ( GEOMETRIC_REPRESENTATION_CONTEXT(2) 
PARAMETRIC_REPRESENTATION_CONTEXT() REPRESENTATION_CONTEXT('2D SPACE',''
  ) );
#5625 = ORIENTED_EDGE('',*,*,#172,.F.);
#5626 = ORIENTED_EDGE('',*,*,#4013,.T.);
#5627 = ADVANCED_FACE('',(#5628),#161,.T.);
#5628 = FACE_BOUND('',#5629,.T.);
#5629 = EDGE_LOOP('',(#5630,#5653,#5672,#5673));
#5630 = ORIENTED_EDGE('',*,*,#5631,.F.);
#5631 = EDGE_CURVE('',#5632,#121,#5634,.T.);
#5632 = VERTEX_POINT('',#5633);
#5633 = CARTESIAN_POINT('',(30.,29.8,-0.2));
#5634 = SURFACE_CURVE('',#5635,(#5639,#5646),.PCURVE_S1.);
#5635 = LINE('',#5636,#5637);
#5636 = CARTESIAN_POINT('',(30.,29.8,-1.2));
#5637 = VECTOR('',#5638,1.);
#5638 = DIRECTION('',(0.,0.,1.));
#5639 = PCURVE('',#161,#5640);
#5640 = DEFINITIONAL_REPRESENTATION('',(#5641),#5645);
#5641 = LINE('',#5642,#5643);
#5642 = CARTESIAN_POINT('',(0.,60.));
#5643 = VECTOR('',#5644,1.);
#5644 = DIRECTION('',(1.,0.));
#5645 = ( GEOMETRIC_REPRESENTATION_CONTEXT(2) 
PARAMETRIC_REPRESENTATION_CONTEXT() REPRESENTATION_CONTEXT('2D SPACE',''
  ) );
#5646 = PCURVE('',#135,#5647);
#5647 = DEFINITIONAL_REPRESENTATION('',(#5648),#5652);
#5648 = LINE('',#5649,#5650);
#5649 = CARTESIAN_POINT('',(0.,-80.));
#5650 = VECTOR('',#5651,1.);
#5651 = DIRECTION('',(1.,0.));
#5652 = ( GEOMETRIC_REPRESENTATION_CONTEXT(2) 
PARAMETRIC_REPRESENTATION_CONTEXT() REPRESENTATION_CONTEXT('2D SPACE',''
  ) );
#5653 = ORIENTED_EDGE('',*,*,#5654,.T.);
#5654 = EDGE_CURVE('',#5632,#5585,#5655,.T.);
#5655 = SURFACE_CURVE('',#5656,(#5660,#5666),.PCURVE_S1.);
#5656 = LINE('',#5657,#5658);
#5657 = CARTESIAN_POINT('',(-40.,29.8,-0.2));
#5658 = VECTOR('',#5659,1.);
#5659 = DIRECTION('',(-1.,0.,0.));
#5660 = PCURVE('',#161,#5661);
#5661 = DEFINITIONAL_REPRESENTATION('',(#5662),#5665);
#5662 = B_SPLINE_CURVE_WITH_KNOTS('',1,(#5663,#5664),.UNSPECIFIED.,.F.,
  .F.,(2,2),(-70.,-10.),.PIECEWISE_BEZIER_KNOTS.);
#5663 = CARTESIAN_POINT('',(1.,60.));
#5664 = CARTESIAN_POINT('',(1.,0.));
#5665 = ( GEOMETRIC_REPRESENTATION_CONTEXT(2) 
PARAMETRIC_REPRESENTATION_CONTEXT() REPRESENTATION_CONTEXT('2D SPACE',''
  ) );
#5666 = PCURVE('',#3979,#5667);
#5667 = DEFINITIONAL_REPRESENTATION('',(#5668),#5671);
#5668 = B_SPLINE_CURVE_WITH_KNOTS('',1,(#5669,#5670),.UNSPECIFIED.,.F.,
  .F.,(2,2),(-70.,-10.),.PIECEWISE_BEZIER_KNOTS.);
#5669 = CARTESIAN_POINT('',(80.,80.));
#5670 = CARTESIAN_POINT('',(20.,80.));
#5671 = ( GEOMETRIC_REPRESENTATION_CONTEXT(2) 
PARAMETRIC_REPRESENTATION_CONTEXT() REPRESENTATION_CONTEXT('2D SPACE',''
  ) );
#5672 = ORIENTED_EDGE('',*,*,#5605,.T.);
#5673 = ORIENTED_EDGE('',*,*,#146,.F.);
#5674 = ADVANCED_FACE('',(#5675),#135,.T.);
#5675 = FACE_BOUND('',#5676,.T.);
#5676 = EDGE_LOOP('',(#5677,#5698,#5699,#5700));
#5677 = ORIENTED_EDGE('',*,*,#5678,.T.);
#5678 = EDGE_CURVE('',#5679,#5632,#5681,.T.);
#5679 = VERTEX_POINT('',#5680);
#5680 = CARTESIAN_POINT('',(30.,-22.25,-0.2));
#5681 = SURFACE_CURVE('',#5682,(#5686,#5692),.PCURVE_S1.);
#5682 = LINE('',#5683,#5684);
#5683 = CARTESIAN_POINT('',(30.,-50.2,-0.2));
#5684 = VECTOR('',#5685,1.);
#5685 = DIRECTION('',(0.,1.,0.));
#5686 = PCURVE('',#135,#5687);
#5687 = DEFINITIONAL_REPRESENTATION('',(#5688),#5691);
#5688 = B_SPLINE_CURVE_WITH_KNOTS('',1,(#5689,#5690),.UNSPECIFIED.,.F.,
  .F.,(2,2),(0.,80.),.PIECEWISE_BEZIER_KNOTS.);
#5689 = CARTESIAN_POINT('',(1.,0.));
#5690 = CARTESIAN_POINT('',(1.,-80.));
#5691 = ( GEOMETRIC_REPRESENTATION_CONTEXT(2) 
PARAMETRIC_REPRESENTATION_CONTEXT() REPRESENTATION_CONTEXT('2D SPACE',''
  ) );
#5692 = PCURVE('',#3979,#5693);
#5693 = DEFINITIONAL_REPRESENTATION('',(#5694),#5697);
#5694 = B_SPLINE_CURVE_WITH_KNOTS('',1,(#5695,#5696),.UNSPECIFIED.,.F.,
  .F.,(2,2),(0.,80.),.PIECEWISE_BEZIER_KNOTS.);
#5695 = CARTESIAN_POINT('',(80.,0.));
#5696 = CARTESIAN_POINT('',(80.,80.));
#5697 = ( GEOMETRIC_REPRESENTATION_CONTEXT(2) 
PARAMETRIC_REPRESENTATION_CONTEXT() REPRESENTATION_CONTEXT('2D SPACE',''
  ) );
#5698 = ORIENTED_EDGE('',*,*,#5631,.T.);
#5699 = ORIENTED_EDGE('',*,*,#120,.F.);
#5700 = ORIENTED_EDGE('',*,*,#5701,.T.);
#5701 = EDGE_CURVE('',#88,#5679,#5702,.T.);
#5702 = SURFACE_CURVE('',#5703,(#5707,#5713),.PCURVE_S1.);
#5703 = LINE('',#5704,#5705);
#5704 = CARTESIAN_POINT('',(30.,-22.25,-0.2));
#5705 = VECTOR('',#5706,1.);
#5706 = DIRECTION('',(-0.,-0.,-1.));
#5707 = PCURVE('',#135,#5708);
#5708 = DEFINITIONAL_REPRESENTATION('',(#5709),#5712);
#5709 = B_SPLINE_CURVE_WITH_KNOTS('',1,(#5710,#5711),.UNSPECIFIED.,.F.,
  .F.,(2,2),(-0.4000006,5.999999999895E-07),.PIECEWISE_BEZIER_KNOTS.);
#5710 = CARTESIAN_POINT('',(1.4000006,-27.95));
#5711 = CARTESIAN_POINT('',(0.9999994,-27.95));
#5712 = ( GEOMETRIC_REPRESENTATION_CONTEXT(2) 
PARAMETRIC_REPRESENTATION_CONTEXT() REPRESENTATION_CONTEXT('2D SPACE',''
  ) );
#5713 = PCURVE('',#108,#5714);
#5714 = DEFINITIONAL_REPRESENTATION('',(#5715),#5718);
#5715 = B_SPLINE_CURVE_WITH_KNOTS('',1,(#5716,#5717),.UNSPECIFIED.,.F.,
  .F.,(2,2),(-0.4000006,5.999999999895E-07),.PIECEWISE_BEZIER_KNOTS.);
#5716 = CARTESIAN_POINT('',(-6.464505081581,-0.4000006));
#5717 = CARTESIAN_POINT('',(-6.464505081581,5.999999999895E-07));
#5718 = ( GEOMETRIC_REPRESENTATION_CONTEXT(2) 
PARAMETRIC_REPRESENTATION_CONTEXT() REPRESENTATION_CONTEXT('2D SPACE',''
  ) );
#5719 = ADVANCED_FACE('',(#5720),#108,.F.);
#5720 = FACE_BOUND('',#5721,.T.);
#5721 = EDGE_LOOP('',(#5722,#5723,#5744,#5766));
#5722 = ORIENTED_EDGE('',*,*,#87,.F.);
#5723 = ORIENTED_EDGE('',*,*,#5724,.T.);
#5724 = EDGE_CURVE('',#55,#5725,#5727,.T.);
#5725 = VERTEX_POINT('',#5726);
#5726 = CARTESIAN_POINT('',(9.872974025901E-02,-21.7573707202,-0.2));
#5727 = SURFACE_CURVE('',#5728,(#5732,#5738),.PCURVE_S1.);
#5728 = LINE('',#5729,#5730);
#5729 = CARTESIAN_POINT('',(9.872974025901E-02,-21.7573707202,-0.2));
#5730 = VECTOR('',#5731,1.);
#5731 = DIRECTION('',(-0.,-0.,-1.));
#5732 = PCURVE('',#108,#5733);
#5733 = DEFINITIONAL_REPRESENTATION('',(#5734),#5737);
#5734 = B_SPLINE_CURVE_WITH_KNOTS('',1,(#5735,#5736),.UNSPECIFIED.,.F.,
  .F.,(2,2),(-0.4,-0.),.PIECEWISE_BEZIER_KNOTS.);
#5735 = CARTESIAN_POINT('',(-9.210510775708,-0.4));
#5736 = CARTESIAN_POINT('',(-9.210510775708,0.));
#5737 = ( GEOMETRIC_REPRESENTATION_CONTEXT(2) 
PARAMETRIC_REPRESENTATION_CONTEXT() REPRESENTATION_CONTEXT('2D SPACE',''
  ) );
#5738 = PCURVE('',#75,#5739);
#5739 = DEFINITIONAL_REPRESENTATION('',(#5740),#5743);
#5740 = B_SPLINE_CURVE_WITH_KNOTS('',1,(#5741,#5742),.UNSPECIFIED.,.F.,
  .F.,(2,2),(-0.4000006,5.999999999895E-07),.PIECEWISE_BEZIER_KNOTS.);
#5741 = CARTESIAN_POINT('',(-0.140966689441,-0.4000006));
#5742 = CARTESIAN_POINT('',(-0.140966689441,5.999999999895E-07));
#5743 = ( GEOMETRIC_REPRESENTATION_CONTEXT(2) 
PARAMETRIC_REPRESENTATION_CONTEXT() REPRESENTATION_CONTEXT('2D SPACE',''
  ) );
#5744 = ORIENTED_EDGE('',*,*,#5745,.F.);
#5745 = EDGE_CURVE('',#5679,#5725,#5746,.T.);
#5746 = SURFACE_CURVE('',#5747,(#5752,#5759),.PCURVE_S1.);
#5747 = CIRCLE('',#5748,15.25);
#5748 = AXIS2_PLACEMENT_3D('',#5749,#5750,#5751);
#5749 = CARTESIAN_POINT('',(15.,-25.,-0.2));
#5750 = DIRECTION('',(0.,0.,1.));
#5751 = DIRECTION('',(-0.990080638706,-0.140500280642,0.));
#5752 = PCURVE('',#108,#5753);
#5753 = DEFINITIONAL_REPRESENTATION('',(#5754),#5758);
#5754 = LINE('',#5755,#5756);
#5755 = CARTESIAN_POINT('',(-3.282559343031,0.));
#5756 = VECTOR('',#5757,1.);
#5757 = DIRECTION('',(-1.,0.));
#5758 = ( GEOMETRIC_REPRESENTATION_CONTEXT(2) 
PARAMETRIC_REPRESENTATION_CONTEXT() REPRESENTATION_CONTEXT('2D SPACE',''
  ) );
#5759 = PCURVE('',#3979,#5760);
#5760 = DEFINITIONAL_REPRESENTATION('',(#5761),#5765);
#5761 = CIRCLE('',#5762,15.25);
#5762 = AXIS2_PLACEMENT_2D('',#5763,#5764);
#5763 = CARTESIAN_POINT('',(65.,25.2));
#5764 = DIRECTION('',(-0.990080638706,-0.140500280642));
#5765 = ( GEOMETRIC_REPRESENTATION_CONTEXT(2) 
PARAMETRIC_REPRESENTATION_CONTEXT() REPRESENTATION_CONTEXT('2D SPACE',''
  ) );
#5766 = ORIENTED_EDGE('',*,*,#5701,.F.);
#5767 = ADVANCED_FACE('',(#5768),#75,.F.);
#5768 = FACE_BOUND('',#5769,.T.);
#5769 = EDGE_LOOP('',(#5770,#5792,#5793,#5794));
#5770 = ORIENTED_EDGE('',*,*,#5771,.F.);
#5771 = EDGE_CURVE('',#5725,#3944,#5772,.T.);
#5772 = SURFACE_CURVE('',#5773,(#5778,#5785),.PCURVE_S1.);
#5773 = CIRCLE('',#5774,15.25);
#5774 = AXIS2_PLACEMENT_3D('',#5775,#5776,#5777);
#5775 = CARTESIAN_POINT('',(-15.,-23.9,-0.2));
#5776 = DIRECTION('',(0.,0.,1.));
#5777 = DIRECTION('',(1.,0.,0.));
#5778 = PCURVE('',#75,#5779);
#5779 = DEFINITIONAL_REPRESENTATION('',(#5780),#5784);
#5780 = LINE('',#5781,#5782);
#5781 = CARTESIAN_POINT('',(-0.,0.));
#5782 = VECTOR('',#5783,1.);
#5783 = DIRECTION('',(-1.,0.));
#5784 = ( GEOMETRIC_REPRESENTATION_CONTEXT(2) 
PARAMETRIC_REPRESENTATION_CONTEXT() REPRESENTATION_CONTEXT('2D SPACE',''
  ) );
#5785 = PCURVE('',#3979,#5786);
#5786 = DEFINITIONAL_REPRESENTATION('',(#5787),#5791);
#5787 = CIRCLE('',#5788,15.25);
#5788 = AXIS2_PLACEMENT_2D('',#5789,#5790);
#5789 = CARTESIAN_POINT('',(35.,26.3));
#5790 = DIRECTION('',(1.,0.));
#5791 = ( GEOMETRIC_REPRESENTATION_CONTEXT(2) 
PARAMETRIC_REPRESENTATION_CONTEXT() REPRESENTATION_CONTEXT('2D SPACE',''
  ) );
#5792 = ORIENTED_EDGE('',*,*,#5724,.F.);
#5793 = ORIENTED_EDGE('',*,*,#54,.F.);
#5794 = ORIENTED_EDGE('',*,*,#3943,.T.);
#5795 = ADVANCED_FACE('',(#5796),#1756,.F.);
#5796 = FACE_BOUND('',#5797,.F.);
#5797 = EDGE_LOOP('',(#5798,#5828,#5849,#5850));
#5798 = ORIENTED_EDGE('',*,*,#5799,.F.);
#5799 = EDGE_CURVE('',#5800,#5802,#5804,.T.);
#5800 = VERTEX_POINT('',#5801);
#5801 = CARTESIAN_POINT('',(-0.357421875,-1.892578125,0.));
#5802 = VERTEX_POINT('',#5803);
#5803 = CARTESIAN_POINT('',(-0.357421875,-7.642578125,0.));
#5804 = SURFACE_CURVE('',#5805,(#5809,#5816),.PCURVE_S1.);
#5805 = LINE('',#5806,#5807);
#5806 = CARTESIAN_POINT('',(-0.357421875,-1.892578125,0.));
#5807 = VECTOR('',#5808,1.);
#5808 = DIRECTION('',(0.,-1.,0.));
#5809 = PCURVE('',#1756,#5810);
#5810 = DEFINITIONAL_REPRESENTATION('',(#5811),#5815);
#5811 = LINE('',#5812,#5813);
#5812 = CARTESIAN_POINT('',(0.,0.));
#5813 = VECTOR('',#5814,1.);
#5814 = DIRECTION('',(1.,0.));
#5815 = ( GEOMETRIC_REPRESENTATION_CONTEXT(2) 
PARAMETRIC_REPRESENTATION_CONTEXT() REPRESENTATION_CONTEXT('2D SPACE',''
  ) );
#5816 = PCURVE('',#5817,#5822);
#5817 = PLANE('',#5818);
#5818 = AXIS2_PLACEMENT_3D('',#5819,#5820,#5821);
#5819 = CARTESIAN_POINT('',(-3.337890625,-7.642578125,0.));
#5820 = DIRECTION('',(0.,0.,1.));
#5821 = DIRECTION('',(1.,0.,0.));
#5822 = DEFINITIONAL_REPRESENTATION('',(#5823),#5827);
#5823 = LINE('',#5824,#5825);
#5824 = CARTESIAN_POINT('',(2.98046875,5.75));
#5825 = VECTOR('',#5826,1.);
#5826 = DIRECTION('',(0.,-1.));
#5827 = ( GEOMETRIC_REPRESENTATION_CONTEXT(2) 
PARAMETRIC_REPRESENTATION_CONTEXT() REPRESENTATION_CONTEXT('2D SPACE',''
  ) );
#5828 = ORIENTED_EDGE('',*,*,#5829,.T.);
#5829 = EDGE_CURVE('',#5800,#1742,#5830,.T.);
#5830 = SURFACE_CURVE('',#5831,(#5835,#5842),.PCURVE_S1.);
#5831 = LINE('',#5832,#5833);
#5832 = CARTESIAN_POINT('',(-0.357421875,-1.892578125,0.));
#5833 = VECTOR('',#5834,1.);
#5834 = DIRECTION('',(0.,0.,1.));
#5835 = PCURVE('',#1756,#5836);
#5836 = DEFINITIONAL_REPRESENTATION('',(#5837),#5841);
#5837 = LINE('',#5838,#5839);
#5838 = CARTESIAN_POINT('',(0.,0.));
#5839 = VECTOR('',#5840,1.);
#5840 = DIRECTION('',(0.,-1.));
#5841 = ( GEOMETRIC_REPRESENTATION_CONTEXT(2) 
PARAMETRIC_REPRESENTATION_CONTEXT() REPRESENTATION_CONTEXT('2D SPACE',''
  ) );
#5842 = PCURVE('',#2044,#5843);
#5843 = DEFINITIONAL_REPRESENTATION('',(#5844),#5848);
#5844 = LINE('',#5845,#5846);
#5845 = CARTESIAN_POINT('',(0.453125,0.));
#5846 = VECTOR('',#5847,1.);
#5847 = DIRECTION('',(0.,-1.));
#5848 = ( GEOMETRIC_REPRESENTATION_CONTEXT(2) 
PARAMETRIC_REPRESENTATION_CONTEXT() REPRESENTATION_CONTEXT('2D SPACE',''
  ) );
#5849 = ORIENTED_EDGE('',*,*,#1739,.F.);
#5850 = ORIENTED_EDGE('',*,*,#5851,.F.);
#5851 = EDGE_CURVE('',#5802,#1740,#5852,.T.);
#5852 = SURFACE_CURVE('',#5853,(#5857,#5864),.PCURVE_S1.);
#5853 = LINE('',#5854,#5855);
#5854 = CARTESIAN_POINT('',(-0.357421875,-7.642578125,0.));
#5855 = VECTOR('',#5856,1.);
#5856 = DIRECTION('',(0.,0.,1.));
#5857 = PCURVE('',#1756,#5858);
#5858 = DEFINITIONAL_REPRESENTATION('',(#5859),#5863);
#5859 = LINE('',#5860,#5861);
#5860 = CARTESIAN_POINT('',(5.75,0.));
#5861 = VECTOR('',#5862,1.);
#5862 = DIRECTION('',(0.,-1.));
#5863 = ( GEOMETRIC_REPRESENTATION_CONTEXT(2) 
PARAMETRIC_REPRESENTATION_CONTEXT() REPRESENTATION_CONTEXT('2D SPACE',''
  ) );
#5864 = PCURVE('',#1782,#5865);
#5865 = DEFINITIONAL_REPRESENTATION('',(#5866),#5870);
#5866 = LINE('',#5867,#5868);
#5867 = CARTESIAN_POINT('',(0.,-0.));
#5868 = VECTOR('',#5869,1.);
#5869 = DIRECTION('',(0.,-1.));
#5870 = ( GEOMETRIC_REPRESENTATION_CONTEXT(2) 
PARAMETRIC_REPRESENTATION_CONTEXT() REPRESENTATION_CONTEXT('2D SPACE',''
  ) );
#5871 = ADVANCED_FACE('',(#5872),#2044,.F.);
#5872 = FACE_BOUND('',#5873,.F.);
#5873 = EDGE_LOOP('',(#5874,#5897,#5918,#5919));
#5874 = ORIENTED_EDGE('',*,*,#5875,.F.);
#5875 = EDGE_CURVE('',#5876,#5800,#5878,.T.);
#5876 = VERTEX_POINT('',#5877);
#5877 = CARTESIAN_POINT('',(-0.810546875,-1.892578125,0.));
#5878 = SURFACE_CURVE('',#5879,(#5883,#5890),.PCURVE_S1.);
#5879 = LINE('',#5880,#5881);
#5880 = CARTESIAN_POINT('',(-0.810546875,-1.892578125,0.));
#5881 = VECTOR('',#5882,1.);
#5882 = DIRECTION('',(1.,0.,0.));
#5883 = PCURVE('',#2044,#5884);
#5884 = DEFINITIONAL_REPRESENTATION('',(#5885),#5889);
#5885 = LINE('',#5886,#5887);
#5886 = CARTESIAN_POINT('',(0.,0.));
#5887 = VECTOR('',#5888,1.);
#5888 = DIRECTION('',(1.,0.));
#5889 = ( GEOMETRIC_REPRESENTATION_CONTEXT(2) 
PARAMETRIC_REPRESENTATION_CONTEXT() REPRESENTATION_CONTEXT('2D SPACE',''
  ) );
#5890 = PCURVE('',#5817,#5891);
#5891 = DEFINITIONAL_REPRESENTATION('',(#5892),#5896);
#5892 = LINE('',#5893,#5894);
#5893 = CARTESIAN_POINT('',(2.52734375,5.75));
#5894 = VECTOR('',#5895,1.);
#5895 = DIRECTION('',(1.,0.));
#5896 = ( GEOMETRIC_REPRESENTATION_CONTEXT(2) 
PARAMETRIC_REPRESENTATION_CONTEXT() REPRESENTATION_CONTEXT('2D SPACE',''
  ) );
#5897 = ORIENTED_EDGE('',*,*,#5898,.T.);
#5898 = EDGE_CURVE('',#5876,#1981,#5899,.T.);
#5899 = SURFACE_CURVE('',#5900,(#5904,#5911),.PCURVE_S1.);
#5900 = LINE('',#5901,#5902);
#5901 = CARTESIAN_POINT('',(-0.810546875,-1.892578125,0.));
#5902 = VECTOR('',#5903,1.);
#5903 = DIRECTION('',(0.,0.,1.));
#5904 = PCURVE('',#2044,#5905);
#5905 = DEFINITIONAL_REPRESENTATION('',(#5906),#5910);
#5906 = LINE('',#5907,#5908);
#5907 = CARTESIAN_POINT('',(0.,0.));
#5908 = VECTOR('',#5909,1.);
#5909 = DIRECTION('',(0.,-1.));
#5910 = ( GEOMETRIC_REPRESENTATION_CONTEXT(2) 
PARAMETRIC_REPRESENTATION_CONTEXT() REPRESENTATION_CONTEXT('2D SPACE',''
  ) );
#5911 = PCURVE('',#2010,#5912);
#5912 = DEFINITIONAL_REPRESENTATION('',(#5913),#5917);
#5913 = LINE('',#5914,#5915);
#5914 = CARTESIAN_POINT('',(1.,0.));
#5915 = VECTOR('',#5916,1.);
#5916 = DIRECTION('',(0.,-1.));
#5917 = ( GEOMETRIC_REPRESENTATION_CONTEXT(2) 
PARAMETRIC_REPRESENTATION_CONTEXT() REPRESENTATION_CONTEXT('2D SPACE',''
  ) );
#5918 = ORIENTED_EDGE('',*,*,#2031,.F.);
#5919 = ORIENTED_EDGE('',*,*,#5829,.F.);
#5920 = ADVANCED_FACE('',(#5921),#2010,.F.);
#5921 = FACE_BOUND('',#5922,.F.);
#5922 = EDGE_LOOP('',(#5923,#5946,#5967,#5968));
#5923 = ORIENTED_EDGE('',*,*,#5924,.F.);
#5924 = EDGE_CURVE('',#5925,#5876,#5927,.T.);
#5925 = VERTEX_POINT('',#5926);
#5926 = CARTESIAN_POINT('',(-1.435546875,-2.658203125,0.));
#5927 = SURFACE_CURVE('',#5928,(#5932,#5939),.PCURVE_S1.);
#5928 = B_SPLINE_CURVE_WITH_KNOTS('',2,(#5929,#5930,#5931),
  .UNSPECIFIED.,.F.,.F.,(3,3),(0.,1.),.PIECEWISE_BEZIER_KNOTS.);
#5929 = CARTESIAN_POINT('',(-1.435546875,-2.658203125,0.));
#5930 = CARTESIAN_POINT('',(-0.994140625,-2.263671875,0.));
#5931 = CARTESIAN_POINT('',(-0.810546875,-1.892578125,0.));
#5932 = PCURVE('',#2010,#5933);
#5933 = DEFINITIONAL_REPRESENTATION('',(#5934),#5938);
#5934 = LINE('',#5935,#5936);
#5935 = CARTESIAN_POINT('',(0.,0.));
#5936 = VECTOR('',#5937,1.);
#5937 = DIRECTION('',(1.,0.));
#5938 = ( GEOMETRIC_REPRESENTATION_CONTEXT(2) 
PARAMETRIC_REPRESENTATION_CONTEXT() REPRESENTATION_CONTEXT('2D SPACE',''
  ) );
#5939 = PCURVE('',#5817,#5940);
#5940 = DEFINITIONAL_REPRESENTATION('',(#5941),#5945);
#5941 = B_SPLINE_CURVE_WITH_KNOTS('',2,(#5942,#5943,#5944),
  .UNSPECIFIED.,.F.,.F.,(3,3),(0.,1.),.PIECEWISE_BEZIER_KNOTS.);
#5942 = CARTESIAN_POINT('',(1.90234375,4.984375));
#5943 = CARTESIAN_POINT('',(2.34375,5.37890625));
#5944 = CARTESIAN_POINT('',(2.52734375,5.75));
#5945 = ( GEOMETRIC_REPRESENTATION_CONTEXT(2) 
PARAMETRIC_REPRESENTATION_CONTEXT() REPRESENTATION_CONTEXT('2D SPACE',''
  ) );
#5946 = ORIENTED_EDGE('',*,*,#5947,.T.);
#5947 = EDGE_CURVE('',#5925,#1930,#5948,.T.);
#5948 = SURFACE_CURVE('',#5949,(#5953,#5960),.PCURVE_S1.);
#5949 = LINE('',#5950,#5951);
#5950 = CARTESIAN_POINT('',(-1.435546875,-2.658203125,0.));
#5951 = VECTOR('',#5952,1.);
#5952 = DIRECTION('',(0.,0.,1.));
#5953 = PCURVE('',#2010,#5954);
#5954 = DEFINITIONAL_REPRESENTATION('',(#5955),#5959);
#5955 = LINE('',#5956,#5957);
#5956 = CARTESIAN_POINT('',(0.,0.));
#5957 = VECTOR('',#5958,1.);
#5958 = DIRECTION('',(0.,-1.));
#5959 = ( GEOMETRIC_REPRESENTATION_CONTEXT(2) 
PARAMETRIC_REPRESENTATION_CONTEXT() REPRESENTATION_CONTEXT('2D SPACE',''
  ) );
#5960 = PCURVE('',#1959,#5961);
#5961 = DEFINITIONAL_REPRESENTATION('',(#5962),#5966);
#5962 = LINE('',#5963,#5964);
#5963 = CARTESIAN_POINT('',(1.,0.));
#5964 = VECTOR('',#5965,1.);
#5965 = DIRECTION('',(0.,-1.));
#5966 = ( GEOMETRIC_REPRESENTATION_CONTEXT(2) 
PARAMETRIC_REPRESENTATION_CONTEXT() REPRESENTATION_CONTEXT('2D SPACE',''
  ) );
#5967 = ORIENTED_EDGE('',*,*,#1980,.F.);
#5968 = ORIENTED_EDGE('',*,*,#5898,.F.);
#5969 = ADVANCED_FACE('',(#5970),#1959,.F.);
#5970 = FACE_BOUND('',#5971,.F.);
#5971 = EDGE_LOOP('',(#5972,#5995,#6016,#6017));
#5972 = ORIENTED_EDGE('',*,*,#5973,.F.);
#5973 = EDGE_CURVE('',#5974,#5925,#5976,.T.);
#5974 = VERTEX_POINT('',#5975);
#5975 = CARTESIAN_POINT('',(-2.466796875,-3.330078125,0.));
#5976 = SURFACE_CURVE('',#5977,(#5981,#5988),.PCURVE_S1.);
#5977 = B_SPLINE_CURVE_WITH_KNOTS('',2,(#5978,#5979,#5980),
  .UNSPECIFIED.,.F.,.F.,(3,3),(0.,1.),.PIECEWISE_BEZIER_KNOTS.);
#5978 = CARTESIAN_POINT('',(-2.466796875,-3.330078125,0.));
#5979 = CARTESIAN_POINT('',(-1.876953125,-3.052734375,0.));
#5980 = CARTESIAN_POINT('',(-1.435546875,-2.658203125,0.));
#5981 = PCURVE('',#1959,#5982);
#5982 = DEFINITIONAL_REPRESENTATION('',(#5983),#5987);
#5983 = LINE('',#5984,#5985);
#5984 = CARTESIAN_POINT('',(0.,0.));
#5985 = VECTOR('',#5986,1.);
#5986 = DIRECTION('',(1.,0.));
#5987 = ( GEOMETRIC_REPRESENTATION_CONTEXT(2) 
PARAMETRIC_REPRESENTATION_CONTEXT() REPRESENTATION_CONTEXT('2D SPACE',''
  ) );
#5988 = PCURVE('',#5817,#5989);
#5989 = DEFINITIONAL_REPRESENTATION('',(#5990),#5994);
#5990 = B_SPLINE_CURVE_WITH_KNOTS('',2,(#5991,#5992,#5993),
  .UNSPECIFIED.,.F.,.F.,(3,3),(0.,1.),.PIECEWISE_BEZIER_KNOTS.);
#5991 = CARTESIAN_POINT('',(0.87109375,4.3125));
#5992 = CARTESIAN_POINT('',(1.4609375,4.58984375));
#5993 = CARTESIAN_POINT('',(1.90234375,4.984375));
#5994 = ( GEOMETRIC_REPRESENTATION_CONTEXT(2) 
PARAMETRIC_REPRESENTATION_CONTEXT() REPRESENTATION_CONTEXT('2D SPACE',''
  ) );
#5995 = ORIENTED_EDGE('',*,*,#5996,.T.);
#5996 = EDGE_CURVE('',#5974,#1904,#5997,.T.);
#5997 = SURFACE_CURVE('',#5998,(#6002,#6009),.PCURVE_S1.);
#5998 = LINE('',#5999,#6000);
#5999 = CARTESIAN_POINT('',(-2.466796875,-3.330078125,0.));
#6000 = VECTOR('',#6001,1.);
#6001 = DIRECTION('',(0.,0.,1.));
#6002 = PCURVE('',#1959,#6003);
#6003 = DEFINITIONAL_REPRESENTATION('',(#6004),#6008);
#6004 = LINE('',#6005,#6006);
#6005 = CARTESIAN_POINT('',(0.,0.));
#6006 = VECTOR('',#6007,1.);
#6007 = DIRECTION('',(0.,-1.));
#6008 = ( GEOMETRIC_REPRESENTATION_CONTEXT(2) 
PARAMETRIC_REPRESENTATION_CONTEXT() REPRESENTATION_CONTEXT('2D SPACE',''
  ) );
#6009 = PCURVE('',#1918,#6010);
#6010 = DEFINITIONAL_REPRESENTATION('',(#6011),#6015);
#6011 = LINE('',#6012,#6013);
#6012 = CARTESIAN_POINT('',(0.6796875,0.));
#6013 = VECTOR('',#6014,1.);
#6014 = DIRECTION('',(0.,-1.));
#6015 = ( GEOMETRIC_REPRESENTATION_CONTEXT(2) 
PARAMETRIC_REPRESENTATION_CONTEXT() REPRESENTATION_CONTEXT('2D SPACE',''
  ) );
#6016 = ORIENTED_EDGE('',*,*,#1929,.F.);
#6017 = ORIENTED_EDGE('',*,*,#5947,.F.);
#6018 = ADVANCED_FACE('',(#6019),#1918,.F.);
#6019 = FACE_BOUND('',#6020,.F.);
#6020 = EDGE_LOOP('',(#6021,#6044,#6065,#6066));
#6021 = ORIENTED_EDGE('',*,*,#6022,.F.);
#6022 = EDGE_CURVE('',#6023,#5974,#6025,.T.);
#6023 = VERTEX_POINT('',#6024);
#6024 = CARTESIAN_POINT('',(-2.466796875,-4.009765625,0.));
#6025 = SURFACE_CURVE('',#6026,(#6030,#6037),.PCURVE_S1.);
#6026 = LINE('',#6027,#6028);
#6027 = CARTESIAN_POINT('',(-2.466796875,-4.009765625,0.));
#6028 = VECTOR('',#6029,1.);
#6029 = DIRECTION('',(0.,1.,0.));
#6030 = PCURVE('',#1918,#6031);
#6031 = DEFINITIONAL_REPRESENTATION('',(#6032),#6036);
#6032 = LINE('',#6033,#6034);
#6033 = CARTESIAN_POINT('',(0.,0.));
#6034 = VECTOR('',#6035,1.);
#6035 = DIRECTION('',(1.,0.));
#6036 = ( GEOMETRIC_REPRESENTATION_CONTEXT(2) 
PARAMETRIC_REPRESENTATION_CONTEXT() REPRESENTATION_CONTEXT('2D SPACE',''
  ) );
#6037 = PCURVE('',#5817,#6038);
#6038 = DEFINITIONAL_REPRESENTATION('',(#6039),#6043);
#6039 = LINE('',#6040,#6041);
#6040 = CARTESIAN_POINT('',(0.87109375,3.6328125));
#6041 = VECTOR('',#6042,1.);
#6042 = DIRECTION('',(0.,1.));
#6043 = ( GEOMETRIC_REPRESENTATION_CONTEXT(2) 
PARAMETRIC_REPRESENTATION_CONTEXT() REPRESENTATION_CONTEXT('2D SPACE',''
  ) );
#6044 = ORIENTED_EDGE('',*,*,#6045,.T.);
#6045 = EDGE_CURVE('',#6023,#1862,#6046,.T.);
#6046 = SURFACE_CURVE('',#6047,(#6051,#6058),.PCURVE_S1.);
#6047 = LINE('',#6048,#6049);
#6048 = CARTESIAN_POINT('',(-2.466796875,-4.009765625,0.));
#6049 = VECTOR('',#6050,1.);
#6050 = DIRECTION('',(0.,0.,1.));
#6051 = PCURVE('',#1918,#6052);
#6052 = DEFINITIONAL_REPRESENTATION('',(#6053),#6057);
#6053 = LINE('',#6054,#6055);
#6054 = CARTESIAN_POINT('',(0.,0.));
#6055 = VECTOR('',#6056,1.);
#6056 = DIRECTION('',(0.,-1.));
#6057 = ( GEOMETRIC_REPRESENTATION_CONTEXT(2) 
PARAMETRIC_REPRESENTATION_CONTEXT() REPRESENTATION_CONTEXT('2D SPACE',''
  ) );
#6058 = PCURVE('',#1885,#6059);
#6059 = DEFINITIONAL_REPRESENTATION('',(#6060),#6064);
#6060 = LINE('',#6061,#6062);
#6061 = CARTESIAN_POINT('',(1.,0.));
#6062 = VECTOR('',#6063,1.);
#6063 = DIRECTION('',(0.,-1.));
#6064 = ( GEOMETRIC_REPRESENTATION_CONTEXT(2) 
PARAMETRIC_REPRESENTATION_CONTEXT() REPRESENTATION_CONTEXT('2D SPACE',''
  ) );
#6065 = ORIENTED_EDGE('',*,*,#1903,.F.);
#6066 = ORIENTED_EDGE('',*,*,#5996,.F.);
#6067 = ADVANCED_FACE('',(#6068),#1885,.F.);
#6068 = FACE_BOUND('',#6069,.F.);
#6069 = EDGE_LOOP('',(#6070,#6093,#6114,#6115));
#6070 = ORIENTED_EDGE('',*,*,#6071,.F.);
#6071 = EDGE_CURVE('',#6072,#6023,#6074,.T.);
#6072 = VERTEX_POINT('',#6073);
#6073 = CARTESIAN_POINT('',(-1.7265625,-3.646484375,0.));
#6074 = SURFACE_CURVE('',#6075,(#6079,#6086),.PCURVE_S1.);
#6075 = B_SPLINE_CURVE_WITH_KNOTS('',2,(#6076,#6077,#6078),
  .UNSPECIFIED.,.F.,.F.,(3,3),(0.,1.),.PIECEWISE_BEZIER_KNOTS.);
#6076 = CARTESIAN_POINT('',(-1.7265625,-3.646484375,0.));
#6077 = CARTESIAN_POINT('',(-2.138671875,-3.888671875,0.));
#6078 = CARTESIAN_POINT('',(-2.466796875,-4.009765625,0.));
#6079 = PCURVE('',#1885,#6080);
#6080 = DEFINITIONAL_REPRESENTATION('',(#6081),#6085);
#6081 = LINE('',#6082,#6083);
#6082 = CARTESIAN_POINT('',(0.,0.));
#6083 = VECTOR('',#6084,1.);
#6084 = DIRECTION('',(1.,0.));
#6085 = ( GEOMETRIC_REPRESENTATION_CONTEXT(2) 
PARAMETRIC_REPRESENTATION_CONTEXT() REPRESENTATION_CONTEXT('2D SPACE',''
  ) );
#6086 = PCURVE('',#5817,#6087);
#6087 = DEFINITIONAL_REPRESENTATION('',(#6088),#6092);
#6088 = B_SPLINE_CURVE_WITH_KNOTS('',2,(#6089,#6090,#6091),
  .UNSPECIFIED.,.F.,.F.,(3,3),(0.,1.),.PIECEWISE_BEZIER_KNOTS.);
#6089 = CARTESIAN_POINT('',(1.611328125,3.99609375));
#6090 = CARTESIAN_POINT('',(1.19921875,3.75390625));
#6091 = CARTESIAN_POINT('',(0.87109375,3.6328125));
#6092 = ( GEOMETRIC_REPRESENTATION_CONTEXT(2) 
PARAMETRIC_REPRESENTATION_CONTEXT() REPRESENTATION_CONTEXT('2D SPACE',''
  ) );
#6093 = ORIENTED_EDGE('',*,*,#6094,.T.);
#6094 = EDGE_CURVE('',#6072,#1820,#6095,.T.);
#6095 = SURFACE_CURVE('',#6096,(#6100,#6107),.PCURVE_S1.);
#6096 = LINE('',#6097,#6098);
#6097 = CARTESIAN_POINT('',(-1.7265625,-3.646484375,0.));
#6098 = VECTOR('',#6099,1.);
#6099 = DIRECTION('',(0.,0.,1.));
#6100 = PCURVE('',#1885,#6101);
#6101 = DEFINITIONAL_REPRESENTATION('',(#6102),#6106);
#6102 = LINE('',#6103,#6104);
#6103 = CARTESIAN_POINT('',(0.,0.));
#6104 = VECTOR('',#6105,1.);
#6105 = DIRECTION('',(0.,-1.));
#6106 = ( GEOMETRIC_REPRESENTATION_CONTEXT(2) 
PARAMETRIC_REPRESENTATION_CONTEXT() REPRESENTATION_CONTEXT('2D SPACE',''
  ) );
#6107 = PCURVE('',#1843,#6108);
#6108 = DEFINITIONAL_REPRESENTATION('',(#6109),#6113);
#6109 = LINE('',#6110,#6111);
#6110 = CARTESIAN_POINT('',(1.,0.));
#6111 = VECTOR('',#6112,1.);
#6112 = DIRECTION('',(0.,-1.));
#6113 = ( GEOMETRIC_REPRESENTATION_CONTEXT(2) 
PARAMETRIC_REPRESENTATION_CONTEXT() REPRESENTATION_CONTEXT('2D SPACE',''
  ) );
#6114 = ORIENTED_EDGE('',*,*,#1861,.F.);
#6115 = ORIENTED_EDGE('',*,*,#6045,.F.);
#6116 = ADVANCED_FACE('',(#6117),#1843,.F.);
#6117 = FACE_BOUND('',#6118,.F.);
#6118 = EDGE_LOOP('',(#6119,#6142,#6163,#6164));
#6119 = ORIENTED_EDGE('',*,*,#6120,.F.);
#6120 = EDGE_CURVE('',#6121,#6072,#6123,.T.);
#6121 = VERTEX_POINT('',#6122);
#6122 = CARTESIAN_POINT('',(-1.060546875,-3.162109375,0.));
#6123 = SURFACE_CURVE('',#6124,(#6128,#6135),.PCURVE_S1.);
#6124 = B_SPLINE_CURVE_WITH_KNOTS('',2,(#6125,#6126,#6127),
  .UNSPECIFIED.,.F.,.F.,(3,3),(0.,1.),.PIECEWISE_BEZIER_KNOTS.);
#6125 = CARTESIAN_POINT('',(-1.060546875,-3.162109375,0.));
#6126 = CARTESIAN_POINT('',(-1.314453125,-3.404296875,0.));
#6127 = CARTESIAN_POINT('',(-1.7265625,-3.646484375,0.));
#6128 = PCURVE('',#1843,#6129);
#6129 = DEFINITIONAL_REPRESENTATION('',(#6130),#6134);
#6130 = LINE('',#6131,#6132);
#6131 = CARTESIAN_POINT('',(0.,0.));
#6132 = VECTOR('',#6133,1.);
#6133 = DIRECTION('',(1.,0.));
#6134 = ( GEOMETRIC_REPRESENTATION_CONTEXT(2) 
PARAMETRIC_REPRESENTATION_CONTEXT() REPRESENTATION_CONTEXT('2D SPACE',''
  ) );
#6135 = PCURVE('',#5817,#6136);
#6136 = DEFINITIONAL_REPRESENTATION('',(#6137),#6141);
#6137 = B_SPLINE_CURVE_WITH_KNOTS('',2,(#6138,#6139,#6140),
  .UNSPECIFIED.,.F.,.F.,(3,3),(0.,1.),.PIECEWISE_BEZIER_KNOTS.);
#6138 = CARTESIAN_POINT('',(2.27734375,4.48046875));
#6139 = CARTESIAN_POINT('',(2.0234375,4.23828125));
#6140 = CARTESIAN_POINT('',(1.611328125,3.99609375));
#6141 = ( GEOMETRIC_REPRESENTATION_CONTEXT(2) 
PARAMETRIC_REPRESENTATION_CONTEXT() REPRESENTATION_CONTEXT('2D SPACE',''
  ) );
#6142 = ORIENTED_EDGE('',*,*,#6143,.T.);
#6143 = EDGE_CURVE('',#6121,#1794,#6144,.T.);
#6144 = SURFACE_CURVE('',#6145,(#6149,#6156),.PCURVE_S1.);
#6145 = LINE('',#6146,#6147);
#6146 = CARTESIAN_POINT('',(-1.060546875,-3.162109375,0.));
#6147 = VECTOR('',#6148,1.);
#6148 = DIRECTION('',(0.,0.,1.));
#6149 = PCURVE('',#1843,#6150);
#6150 = DEFINITIONAL_REPRESENTATION('',(#6151),#6155);
#6151 = LINE('',#6152,#6153);
#6152 = CARTESIAN_POINT('',(0.,0.));
#6153 = VECTOR('',#6154,1.);
#6154 = DIRECTION('',(0.,-1.));
#6155 = ( GEOMETRIC_REPRESENTATION_CONTEXT(2) 
PARAMETRIC_REPRESENTATION_CONTEXT() REPRESENTATION_CONTEXT('2D SPACE',''
  ) );
#6156 = PCURVE('',#1808,#6157);
#6157 = DEFINITIONAL_REPRESENTATION('',(#6158),#6162);
#6158 = LINE('',#6159,#6160);
#6159 = CARTESIAN_POINT('',(4.48046875,0.));
#6160 = VECTOR('',#6161,1.);
#6161 = DIRECTION('',(0.,-1.));
#6162 = ( GEOMETRIC_REPRESENTATION_CONTEXT(2) 
PARAMETRIC_REPRESENTATION_CONTEXT() REPRESENTATION_CONTEXT('2D SPACE',''
  ) );
#6163 = ORIENTED_EDGE('',*,*,#1819,.F.);
#6164 = ORIENTED_EDGE('',*,*,#6094,.F.);
#6165 = ADVANCED_FACE('',(#6166),#1808,.F.);
#6166 = FACE_BOUND('',#6167,.F.);
#6167 = EDGE_LOOP('',(#6168,#6191,#6212,#6213));
#6168 = ORIENTED_EDGE('',*,*,#6169,.F.);
#6169 = EDGE_CURVE('',#6170,#6121,#6172,.T.);
#6170 = VERTEX_POINT('',#6171);
#6171 = CARTESIAN_POINT('',(-1.060546875,-7.642578125,0.));
#6172 = SURFACE_CURVE('',#6173,(#6177,#6184),.PCURVE_S1.);
#6173 = LINE('',#6174,#6175);
#6174 = CARTESIAN_POINT('',(-1.060546875,-7.642578125,0.));
#6175 = VECTOR('',#6176,1.);
#6176 = DIRECTION('',(0.,1.,0.));
#6177 = PCURVE('',#1808,#6178);
#6178 = DEFINITIONAL_REPRESENTATION('',(#6179),#6183);
#6179 = LINE('',#6180,#6181);
#6180 = CARTESIAN_POINT('',(0.,0.));
#6181 = VECTOR('',#6182,1.);
#6182 = DIRECTION('',(1.,0.));
#6183 = ( GEOMETRIC_REPRESENTATION_CONTEXT(2) 
PARAMETRIC_REPRESENTATION_CONTEXT() REPRESENTATION_CONTEXT('2D SPACE',''
  ) );
#6184 = PCURVE('',#5817,#6185);
#6185 = DEFINITIONAL_REPRESENTATION('',(#6186),#6190);
#6186 = LINE('',#6187,#6188);
#6187 = CARTESIAN_POINT('',(2.27734375,0.));
#6188 = VECTOR('',#6189,1.);
#6189 = DIRECTION('',(0.,1.));
#6190 = ( GEOMETRIC_REPRESENTATION_CONTEXT(2) 
PARAMETRIC_REPRESENTATION_CONTEXT() REPRESENTATION_CONTEXT('2D SPACE',''
  ) );
#6191 = ORIENTED_EDGE('',*,*,#6192,.T.);
#6192 = EDGE_CURVE('',#6170,#1768,#6193,.T.);
#6193 = SURFACE_CURVE('',#6194,(#6198,#6205),.PCURVE_S1.);
#6194 = LINE('',#6195,#6196);
#6195 = CARTESIAN_POINT('',(-1.060546875,-7.642578125,0.));
#6196 = VECTOR('',#6197,1.);
#6197 = DIRECTION('',(0.,0.,1.));
#6198 = PCURVE('',#1808,#6199);
#6199 = DEFINITIONAL_REPRESENTATION('',(#6200),#6204);
#6200 = LINE('',#6201,#6202);
#6201 = CARTESIAN_POINT('',(0.,0.));
#6202 = VECTOR('',#6203,1.);
#6203 = DIRECTION('',(0.,-1.));
#6204 = ( GEOMETRIC_REPRESENTATION_CONTEXT(2) 
PARAMETRIC_REPRESENTATION_CONTEXT() REPRESENTATION_CONTEXT('2D SPACE',''
  ) );
#6205 = PCURVE('',#1782,#6206);
#6206 = DEFINITIONAL_REPRESENTATION('',(#6207),#6211);
#6207 = LINE('',#6208,#6209);
#6208 = CARTESIAN_POINT('',(0.703125,0.));
#6209 = VECTOR('',#6210,1.);
#6210 = DIRECTION('',(0.,-1.));
#6211 = ( GEOMETRIC_REPRESENTATION_CONTEXT(2) 
PARAMETRIC_REPRESENTATION_CONTEXT() REPRESENTATION_CONTEXT('2D SPACE',''
  ) );
#6212 = ORIENTED_EDGE('',*,*,#1793,.F.);
#6213 = ORIENTED_EDGE('',*,*,#6143,.F.);
#6214 = ADVANCED_FACE('',(#6215),#1782,.F.);
#6215 = FACE_BOUND('',#6216,.F.);
#6216 = EDGE_LOOP('',(#6217,#6238,#6239,#6240));
#6217 = ORIENTED_EDGE('',*,*,#6218,.F.);
#6218 = EDGE_CURVE('',#5802,#6170,#6219,.T.);
#6219 = SURFACE_CURVE('',#6220,(#6224,#6231),.PCURVE_S1.);
#6220 = LINE('',#6221,#6222);
#6221 = CARTESIAN_POINT('',(-0.357421875,-7.642578125,0.));
#6222 = VECTOR('',#6223,1.);
#6223 = DIRECTION('',(-1.,0.,0.));
#6224 = PCURVE('',#1782,#6225);
#6225 = DEFINITIONAL_REPRESENTATION('',(#6226),#6230);
#6226 = LINE('',#6227,#6228);
#6227 = CARTESIAN_POINT('',(0.,-0.));
#6228 = VECTOR('',#6229,1.);
#6229 = DIRECTION('',(1.,0.));
#6230 = ( GEOMETRIC_REPRESENTATION_CONTEXT(2) 
PARAMETRIC_REPRESENTATION_CONTEXT() REPRESENTATION_CONTEXT('2D SPACE',''
  ) );
#6231 = PCURVE('',#5817,#6232);
#6232 = DEFINITIONAL_REPRESENTATION('',(#6233),#6237);
#6233 = LINE('',#6234,#6235);
#6234 = CARTESIAN_POINT('',(2.98046875,0.));
#6235 = VECTOR('',#6236,1.);
#6236 = DIRECTION('',(-1.,0.));
#6237 = ( GEOMETRIC_REPRESENTATION_CONTEXT(2) 
PARAMETRIC_REPRESENTATION_CONTEXT() REPRESENTATION_CONTEXT('2D SPACE',''
  ) );
#6238 = ORIENTED_EDGE('',*,*,#5851,.T.);
#6239 = ORIENTED_EDGE('',*,*,#1767,.F.);
#6240 = ORIENTED_EDGE('',*,*,#6192,.F.);
#6241 = ADVANCED_FACE('',(#6242),#2080,.F.);
#6242 = FACE_BOUND('',#6243,.T.);
#6243 = EDGE_LOOP('',(#6244,#6267,#6289,#6290,#6291,#6323,#6356,#6386,
    #6387,#6408,#6441,#6460,#6461,#6493,#6526,#6556));
#6244 = ORIENTED_EDGE('',*,*,#6245,.F.);
#6245 = EDGE_CURVE('',#6246,#2060,#6248,.T.);
#6246 = VERTEX_POINT('',#6247);
#6247 = CARTESIAN_POINT('',(29.25,9.4,-0.2));
#6248 = SEAM_CURVE('',#6249,(#6253,#6260),.PCURVE_S1.);
#6249 = LINE('',#6250,#6251);
#6250 = CARTESIAN_POINT('',(29.25,9.4,-0.2));
#6251 = VECTOR('',#6252,1.);
#6252 = DIRECTION('',(0.,0.,1.));
#6253 = PCURVE('',#2080,#6254);
#6254 = DEFINITIONAL_REPRESENTATION('',(#6255),#6259);
#6255 = LINE('',#6256,#6257);
#6256 = CARTESIAN_POINT('',(-6.28318530718,0.));
#6257 = VECTOR('',#6258,1.);
#6258 = DIRECTION('',(-0.,-1.));
#6259 = ( GEOMETRIC_REPRESENTATION_CONTEXT(2) 
PARAMETRIC_REPRESENTATION_CONTEXT() REPRESENTATION_CONTEXT('2D SPACE',''
  ) );
#6260 = PCURVE('',#2080,#6261);
#6261 = DEFINITIONAL_REPRESENTATION('',(#6262),#6266);
#6262 = LINE('',#6263,#6264);
#6263 = CARTESIAN_POINT('',(-0.,0.));
#6264 = VECTOR('',#6265,1.);
#6265 = DIRECTION('',(-0.,-1.));
#6266 = ( GEOMETRIC_REPRESENTATION_CONTEXT(2) 
PARAMETRIC_REPRESENTATION_CONTEXT() REPRESENTATION_CONTEXT('2D SPACE',''
  ) );
#6267 = ORIENTED_EDGE('',*,*,#6268,.F.);
#6268 = EDGE_CURVE('',#6246,#6246,#6269,.T.);
#6269 = SURFACE_CURVE('',#6270,(#6275,#6282),.PCURVE_S1.);
#6270 = CIRCLE('',#6271,15.25);
#6271 = AXIS2_PLACEMENT_3D('',#6272,#6273,#6274);
#6272 = CARTESIAN_POINT('',(14.,9.4,-0.2));
#6273 = DIRECTION('',(0.,0.,1.));
#6274 = DIRECTION('',(1.,0.,0.));
#6275 = PCURVE('',#2080,#6276);
#6276 = DEFINITIONAL_REPRESENTATION('',(#6277),#6281);
#6277 = LINE('',#6278,#6279);
#6278 = CARTESIAN_POINT('',(-0.,0.));
#6279 = VECTOR('',#6280,1.);
#6280 = DIRECTION('',(-1.,0.));
#6281 = ( GEOMETRIC_REPRESENTATION_CONTEXT(2) 
PARAMETRIC_REPRESENTATION_CONTEXT() REPRESENTATION_CONTEXT('2D SPACE',''
  ) );
#6282 = PCURVE('',#3979,#6283);
#6283 = DEFINITIONAL_REPRESENTATION('',(#6284),#6288);
#6284 = CIRCLE('',#6285,15.25);
#6285 = AXIS2_PLACEMENT_2D('',#6286,#6287);
#6286 = CARTESIAN_POINT('',(64.,59.6));
#6287 = DIRECTION('',(1.,0.));
#6288 = ( GEOMETRIC_REPRESENTATION_CONTEXT(2) 
PARAMETRIC_REPRESENTATION_CONTEXT() REPRESENTATION_CONTEXT('2D SPACE',''
  ) );
#6289 = ORIENTED_EDGE('',*,*,#6245,.T.);
#6290 = ORIENTED_EDGE('',*,*,#2057,.F.);
#6291 = ORIENTED_EDGE('',*,*,#6292,.T.);
#6292 = EDGE_CURVE('',#2058,#6293,#6295,.T.);
#6293 = VERTEX_POINT('',#6294);
#6294 = CARTESIAN_POINT('',(3.774815527941,-1.914066577158,0.));
#6295 = SURFACE_CURVE('',#6296,(#6303,#6313),.PCURVE_S1.);
#6296 = B_SPLINE_CURVE_WITH_KNOTS('',5,(#6297,#6298,#6299,#6300,#6301,
    #6302),.UNSPECIFIED.,.F.,.F.,(6,6),(0.,1.),
  .PIECEWISE_BEZIER_KNOTS.);
#6297 = CARTESIAN_POINT('',(3.774815527941,-1.914066577158,0.2000006));
#6298 = CARTESIAN_POINT('',(3.774815527941,-1.914066577158,0.17290324677
    ));
#6299 = CARTESIAN_POINT('',(3.774815527941,-1.914066577158,
    0.124839329145));
#6300 = CARTESIAN_POINT('',(3.774815527941,-1.914066577158,
    7.89867658644E-02));
#6301 = CARTESIAN_POINT('',(3.774815527941,-1.914066577158,
    4.063914964092E-02));
#6302 = CARTESIAN_POINT('',(3.774815527941,-1.914066577158,-6.E-07));
#6303 = PCURVE('',#2080,#6304);
#6304 = DEFINITIONAL_REPRESENTATION('',(#6305),#6312);
#6305 = B_SPLINE_CURVE_WITH_KNOTS('',5,(#6306,#6307,#6308,#6309,#6310,
    #6311),.UNSPECIFIED.,.F.,.F.,(6,6),(0.,1.),
  .PIECEWISE_BEZIER_KNOTS.);
#6306 = CARTESIAN_POINT('',(-3.977501204915,-0.4000006));
#6307 = CARTESIAN_POINT('',(-3.977501204915,-0.37290324677));
#6308 = CARTESIAN_POINT('',(-3.977501204915,-0.324839329145));
#6309 = CARTESIAN_POINT('',(-3.977501204915,-0.278986765864));
#6310 = CARTESIAN_POINT('',(-3.977501204915,-0.240639149641));
#6311 = CARTESIAN_POINT('',(-3.977501204915,-0.1999994));
#6312 = ( GEOMETRIC_REPRESENTATION_CONTEXT(2) 
PARAMETRIC_REPRESENTATION_CONTEXT() REPRESENTATION_CONTEXT('2D SPACE',''
  ) );
#6313 = PCURVE('',#3916,#6314);
#6314 = DEFINITIONAL_REPRESENTATION('',(#6315),#6322);
#6315 = B_SPLINE_CURVE_WITH_KNOTS('',5,(#6316,#6317,#6318,#6319,#6320,
    #6321),.UNSPECIFIED.,.F.,.F.,(6,6),(0.,1.),
  .PIECEWISE_BEZIER_KNOTS.);
#6316 = CARTESIAN_POINT('',(0.238142376031,-0.2000006));
#6317 = CARTESIAN_POINT('',(0.238142376031,-0.17290324677));
#6318 = CARTESIAN_POINT('',(0.238142376031,-0.124839329145));
#6319 = CARTESIAN_POINT('',(0.238142376031,-7.89867658644E-02));
#6320 = CARTESIAN_POINT('',(0.238142376031,-4.063914964092E-02));
#6321 = CARTESIAN_POINT('',(0.238142376031,5.999999999895E-07));
#6322 = ( GEOMETRIC_REPRESENTATION_CONTEXT(2) 
PARAMETRIC_REPRESENTATION_CONTEXT() REPRESENTATION_CONTEXT('2D SPACE',''
  ) );
#6323 = ORIENTED_EDGE('',*,*,#6324,.F.);
#6324 = EDGE_CURVE('',#6325,#6293,#6327,.T.);
#6325 = VERTEX_POINT('',#6326);
#6326 = CARTESIAN_POINT('',(4.997531853814,-2.909267536166,0.));
#6327 = SURFACE_CURVE('',#6328,(#6333,#6340),.PCURVE_S1.);
#6328 = CIRCLE('',#6329,15.25);
#6329 = AXIS2_PLACEMENT_3D('',#6330,#6331,#6332);
#6330 = CARTESIAN_POINT('',(14.,9.4,0.));
#6331 = DIRECTION('',(0.,0.,-1.));
#6332 = DIRECTION('',(1.,0.,0.));
#6333 = PCURVE('',#2080,#6334);
#6334 = DEFINITIONAL_REPRESENTATION('',(#6335),#6339);
#6335 = LINE('',#6336,#6337);
#6336 = CARTESIAN_POINT('',(-6.28318530718,-0.2));
#6337 = VECTOR('',#6338,1.);
#6338 = DIRECTION('',(1.,-0.));
#6339 = ( GEOMETRIC_REPRESENTATION_CONTEXT(2) 
PARAMETRIC_REPRESENTATION_CONTEXT() REPRESENTATION_CONTEXT('2D SPACE',''
  ) );
#6340 = PCURVE('',#6341,#6346);
#6341 = PLANE('',#6342);
#6342 = AXIS2_PLACEMENT_3D('',#6343,#6344,#6345);
#6343 = CARTESIAN_POINT('',(1.111328125,-7.642578125,0.));
#6344 = DIRECTION('',(0.,0.,1.));
#6345 = DIRECTION('',(1.,0.,0.));
#6346 = DEFINITIONAL_REPRESENTATION('',(#6347),#6355);
#6347 = ( BOUNDED_CURVE() B_SPLINE_CURVE(2,(#6348,#6349,#6350,#6351,
#6352,#6353,#6354),.UNSPECIFIED.,.T.,.F.) B_SPLINE_CURVE_WITH_KNOTS((1,2
    ,2,2,2,1),(-2.094395102393,0.,2.094395102393,4.188790204786,
6.28318530718,8.377580409573),.UNSPECIFIED.) CURVE() 
GEOMETRIC_REPRESENTATION_ITEM() RATIONAL_B_SPLINE_CURVE((1.,0.5,1.,0.5,
1.,0.5,1.)) REPRESENTATION_ITEM('') );
#6348 = CARTESIAN_POINT('',(28.138671875,17.042578125));
#6349 = CARTESIAN_POINT('',(28.138671875,-9.371196690425));
#6350 = CARTESIAN_POINT('',(5.263671875,3.835690717287));
#6351 = CARTESIAN_POINT('',(-17.611328125,17.042578125));
#6352 = CARTESIAN_POINT('',(5.263671875,30.249465532713));
#6353 = CARTESIAN_POINT('',(28.138671875,43.456352940425));
#6354 = CARTESIAN_POINT('',(28.138671875,17.042578125));
#6355 = ( GEOMETRIC_REPRESENTATION_CONTEXT(2) 
PARAMETRIC_REPRESENTATION_CONTEXT() REPRESENTATION_CONTEXT('2D SPACE',''
  ) );
#6356 = ORIENTED_EDGE('',*,*,#6357,.F.);
#6357 = EDGE_CURVE('',#2811,#6325,#6358,.T.);
#6358 = SURFACE_CURVE('',#6359,(#6366,#6376),.PCURVE_S1.);
#6359 = B_SPLINE_CURVE_WITH_KNOTS('',5,(#6360,#6361,#6362,#6363,#6364,
    #6365),.UNSPECIFIED.,.F.,.F.,(6,6),(0.,1.),
  .PIECEWISE_BEZIER_KNOTS.);
#6360 = CARTESIAN_POINT('',(4.997531853814,-2.909267536166,0.2000006));
#6361 = CARTESIAN_POINT('',(4.997531853814,-2.909267536166,0.17290324677
    ));
#6362 = CARTESIAN_POINT('',(4.997531853814,-2.909267536166,
    0.124839329145));
#6363 = CARTESIAN_POINT('',(4.997531853814,-2.909267536166,
    7.89867658644E-02));
#6364 = CARTESIAN_POINT('',(4.997531853814,-2.909267536166,
    4.063914964092E-02));
#6365 = CARTESIAN_POINT('',(4.997531853814,-2.909267536166,-6.E-07));
#6366 = PCURVE('',#2080,#6367);
#6367 = DEFINITIONAL_REPRESENTATION('',(#6368),#6375);
#6368 = B_SPLINE_CURVE_WITH_KNOTS('',5,(#6369,#6370,#6371,#6372,#6373,
    #6374),.UNSPECIFIED.,.F.,.F.,(6,6),(0.,1.),
  .PIECEWISE_BEZIER_KNOTS.);
#6369 = CARTESIAN_POINT('',(-4.080926588927,-0.4000006));
#6370 = CARTESIAN_POINT('',(-4.080926588927,-0.37290324677));
#6371 = CARTESIAN_POINT('',(-4.080926588927,-0.324839329145));
#6372 = CARTESIAN_POINT('',(-4.080926588927,-0.278986765864));
#6373 = CARTESIAN_POINT('',(-4.080926588927,-0.240639149641));
#6374 = CARTESIAN_POINT('',(-4.080926588927,-0.1999994));
#6375 = ( GEOMETRIC_REPRESENTATION_CONTEXT(2) 
PARAMETRIC_REPRESENTATION_CONTEXT() REPRESENTATION_CONTEXT('2D SPACE',''
  ) );
#6376 = PCURVE('',#2872,#6377);
#6377 = DEFINITIONAL_REPRESENTATION('',(#6378),#6385);
#6378 = B_SPLINE_CURVE_WITH_KNOTS('',5,(#6379,#6380,#6381,#6382,#6383,
    #6384),.UNSPECIFIED.,.F.,.F.,(6,6),(0.,1.),
  .PIECEWISE_BEZIER_KNOTS.);
#6379 = CARTESIAN_POINT('',(0.670252028101,-0.2000006));
#6380 = CARTESIAN_POINT('',(0.670252028101,-0.17290324677));
#6381 = CARTESIAN_POINT('',(0.670252028101,-0.124839329145));
#6382 = CARTESIAN_POINT('',(0.670252028101,-7.89867658644E-02));
#6383 = CARTESIAN_POINT('',(0.670252028101,-4.063914964092E-02));
#6384 = CARTESIAN_POINT('',(0.670252028101,5.999999999895E-07));
#6385 = ( GEOMETRIC_REPRESENTATION_CONTEXT(2) 
PARAMETRIC_REPRESENTATION_CONTEXT() REPRESENTATION_CONTEXT('2D SPACE',''
  ) );
#6386 = ORIENTED_EDGE('',*,*,#2810,.F.);
#6387 = ORIENTED_EDGE('',*,*,#6388,.T.);
#6388 = EDGE_CURVE('',#2785,#6389,#6391,.T.);
#6389 = VERTEX_POINT('',#6390);
#6390 = CARTESIAN_POINT('',(6.783545053676,-4.03448093555,0.));
#6391 = SURFACE_CURVE('',#6392,(#6396,#6402),.PCURVE_S1.);
#6392 = LINE('',#6393,#6394);
#6393 = CARTESIAN_POINT('',(6.783545053676,-4.03448093555,-0.2));
#6394 = VECTOR('',#6395,1.);
#6395 = DIRECTION('',(-0.,-0.,-1.));
#6396 = PCURVE('',#2080,#6397);
#6397 = DEFINITIONAL_REPRESENTATION('',(#6398),#6401);
#6398 = B_SPLINE_CURVE_WITH_KNOTS('',1,(#6399,#6400),.UNSPECIFIED.,.F.,
  .F.,(2,2),(-0.4000006,-0.15),.PIECEWISE_BEZIER_KNOTS.);
#6399 = CARTESIAN_POINT('',(-4.219457776226,-0.4000006));
#6400 = CARTESIAN_POINT('',(-4.219457776226,-0.15));
#6401 = ( GEOMETRIC_REPRESENTATION_CONTEXT(2) 
PARAMETRIC_REPRESENTATION_CONTEXT() REPRESENTATION_CONTEXT('2D SPACE',''
  ) );
#6402 = PCURVE('',#2799,#6403);
#6403 = DEFINITIONAL_REPRESENTATION('',(#6404),#6407);
#6404 = B_SPLINE_CURVE_WITH_KNOTS('',1,(#6405,#6406),.UNSPECIFIED.,.F.,
  .F.,(2,2),(-0.4000006,-0.15),.PIECEWISE_BEZIER_KNOTS.);
#6405 = CARTESIAN_POINT('',(1.947712929458,-0.2000006));
#6406 = CARTESIAN_POINT('',(1.947712929458,5.E-02));
#6407 = ( GEOMETRIC_REPRESENTATION_CONTEXT(2) 
PARAMETRIC_REPRESENTATION_CONTEXT() REPRESENTATION_CONTEXT('2D SPACE',''
  ) );
#6408 = ORIENTED_EDGE('',*,*,#6409,.F.);
#6409 = EDGE_CURVE('',#6410,#6389,#6412,.T.);
#6410 = VERTEX_POINT('',#6411);
#6411 = CARTESIAN_POINT('',(8.849609375,-4.953953337318,0.));
#6412 = SURFACE_CURVE('',#6413,(#6418,#6425),.PCURVE_S1.);
#6413 = CIRCLE('',#6414,15.25);
#6414 = AXIS2_PLACEMENT_3D('',#6415,#6416,#6417);
#6415 = CARTESIAN_POINT('',(14.,9.4,0.));
#6416 = DIRECTION('',(0.,0.,-1.));
#6417 = DIRECTION('',(1.,0.,0.));
#6418 = PCURVE('',#2080,#6419);
#6419 = DEFINITIONAL_REPRESENTATION('',(#6420),#6424);
#6420 = LINE('',#6421,#6422);
#6421 = CARTESIAN_POINT('',(-6.28318530718,-0.2));
#6422 = VECTOR('',#6423,1.);
#6423 = DIRECTION('',(1.,-0.));
#6424 = ( GEOMETRIC_REPRESENTATION_CONTEXT(2) 
PARAMETRIC_REPRESENTATION_CONTEXT() REPRESENTATION_CONTEXT('2D SPACE',''
  ) );
#6425 = PCURVE('',#6426,#6431);
#6426 = PLANE('',#6427);
#6427 = AXIS2_PLACEMENT_3D('',#6428,#6429,#6430);
#6428 = CARTESIAN_POINT('',(5.560546875,-7.642578125,0.));
#6429 = DIRECTION('',(0.,0.,1.));
#6430 = DIRECTION('',(1.,0.,0.));
#6431 = DEFINITIONAL_REPRESENTATION('',(#6432),#6440);
#6432 = ( BOUNDED_CURVE() B_SPLINE_CURVE(2,(#6433,#6434,#6435,#6436,
#6437,#6438,#6439),.UNSPECIFIED.,.T.,.F.) B_SPLINE_CURVE_WITH_KNOTS((1,2
    ,2,2,2,1),(-2.094395102393,0.,2.094395102393,4.188790204786,
6.28318530718,8.377580409573),.UNSPECIFIED.) CURVE() 
GEOMETRIC_REPRESENTATION_ITEM() RATIONAL_B_SPLINE_CURVE((1.,0.5,1.,0.5,
1.,0.5,1.)) REPRESENTATION_ITEM('') );
#6433 = CARTESIAN_POINT('',(23.689453125,17.042578125));
#6434 = CARTESIAN_POINT('',(23.689453125,-9.371196690425));
#6435 = CARTESIAN_POINT('',(0.814453125,3.835690717287));
#6436 = CARTESIAN_POINT('',(-22.060546875,17.042578125));
#6437 = CARTESIAN_POINT('',(0.814453125,30.249465532713));
#6438 = CARTESIAN_POINT('',(23.689453125,43.456352940425));
#6439 = CARTESIAN_POINT('',(23.689453125,17.042578125));
#6440 = ( GEOMETRIC_REPRESENTATION_CONTEXT(2) 
PARAMETRIC_REPRESENTATION_CONTEXT() REPRESENTATION_CONTEXT('2D SPACE',''
  ) );
#6441 = ORIENTED_EDGE('',*,*,#6442,.F.);
#6442 = EDGE_CURVE('',#2523,#6410,#6443,.T.);
#6443 = SURFACE_CURVE('',#6444,(#6448,#6454),.PCURVE_S1.);
#6444 = LINE('',#6445,#6446);
#6445 = CARTESIAN_POINT('',(8.849609375,-4.953953337318,-0.2));
#6446 = VECTOR('',#6447,1.);
#6447 = DIRECTION('',(-0.,-0.,-1.));
#6448 = PCURVE('',#2080,#6449);
#6449 = DEFINITIONAL_REPRESENTATION('',(#6450),#6453);
#6450 = B_SPLINE_CURVE_WITH_KNOTS('',1,(#6451,#6452),.UNSPECIFIED.,.F.,
  .F.,(2,2),(-0.4000006,-0.15),.PIECEWISE_BEZIER_KNOTS.);
#6451 = CARTESIAN_POINT('',(-4.367884267981,-0.4000006));
#6452 = CARTESIAN_POINT('',(-4.367884267981,-0.15));
#6453 = ( GEOMETRIC_REPRESENTATION_CONTEXT(2) 
PARAMETRIC_REPRESENTATION_CONTEXT() REPRESENTATION_CONTEXT('2D SPACE',''
  ) );
#6454 = PCURVE('',#2565,#6455);
#6455 = DEFINITIONAL_REPRESENTATION('',(#6456),#6459);
#6456 = B_SPLINE_CURVE_WITH_KNOTS('',1,(#6457,#6458),.UNSPECIFIED.,.F.,
  .F.,(2,2),(-0.4000006,-0.15),.PIECEWISE_BEZIER_KNOTS.);
#6457 = CARTESIAN_POINT('',(3.037937712318,-0.2000006));
#6458 = CARTESIAN_POINT('',(3.037937712318,5.E-02));
#6459 = ( GEOMETRIC_REPRESENTATION_CONTEXT(2) 
PARAMETRIC_REPRESENTATION_CONTEXT() REPRESENTATION_CONTEXT('2D SPACE',''
  ) );
#6460 = ORIENTED_EDGE('',*,*,#2522,.F.);
#6461 = ORIENTED_EDGE('',*,*,#6462,.T.);
#6462 = EDGE_CURVE('',#2466,#6463,#6465,.T.);
#6463 = VERTEX_POINT('',#6464);
#6464 = CARTESIAN_POINT('',(10.420619701415,-5.423985182066,0.));
#6465 = SURFACE_CURVE('',#6466,(#6473,#6483),.PCURVE_S1.);
#6466 = B_SPLINE_CURVE_WITH_KNOTS('',5,(#6467,#6468,#6469,#6470,#6471,
    #6472),.UNSPECIFIED.,.F.,.F.,(6,6),(0.,1.),
  .PIECEWISE_BEZIER_KNOTS.);
#6467 = CARTESIAN_POINT('',(10.420619701415,-5.423985182066,0.2000006));
#6468 = CARTESIAN_POINT('',(10.420619701415,-5.423985182066,
    0.17290324677));
#6469 = CARTESIAN_POINT('',(10.420619701415,-5.423985182066,
    0.124839329145));
#6470 = CARTESIAN_POINT('',(10.420619701415,-5.423985182066,
    7.89867658644E-02));
#6471 = CARTESIAN_POINT('',(10.420619701415,-5.423985182066,
    4.063914964092E-02));
#6472 = CARTESIAN_POINT('',(10.420619701415,-5.423985182066,-6.E-07));
#6473 = PCURVE('',#2080,#6474);
#6474 = DEFINITIONAL_REPRESENTATION('',(#6475),#6482);
#6475 = B_SPLINE_CURVE_WITH_KNOTS('',5,(#6476,#6477,#6478,#6479,#6480,
    #6481),.UNSPECIFIED.,.F.,.F.,(6,6),(0.,1.),
  .PIECEWISE_BEZIER_KNOTS.);
#6476 = CARTESIAN_POINT('',(-4.475465195167,-0.4000006));
#6477 = CARTESIAN_POINT('',(-4.475465195167,-0.37290324677));
#6478 = CARTESIAN_POINT('',(-4.475465195167,-0.324839329145));
#6479 = CARTESIAN_POINT('',(-4.475465195167,-0.278986765864));
#6480 = CARTESIAN_POINT('',(-4.475465195167,-0.240639149641));
#6481 = CARTESIAN_POINT('',(-4.475465195167,-0.1999994));
#6482 = ( GEOMETRIC_REPRESENTATION_CONTEXT(2) 
PARAMETRIC_REPRESENTATION_CONTEXT() REPRESENTATION_CONTEXT('2D SPACE',''
  ) );
#6483 = PCURVE('',#2499,#6484);
#6484 = DEFINITIONAL_REPRESENTATION('',(#6485),#6492);
#6485 = B_SPLINE_CURVE_WITH_KNOTS('',5,(#6486,#6487,#6488,#6489,#6490,
    #6491),.UNSPECIFIED.,.F.,.F.,(6,6),(0.,1.),
  .PIECEWISE_BEZIER_KNOTS.);
#6486 = CARTESIAN_POINT('',(0.553093414348,-0.2000006));
#6487 = CARTESIAN_POINT('',(0.553093414348,-0.17290324677));
#6488 = CARTESIAN_POINT('',(0.553093414348,-0.124839329145));
#6489 = CARTESIAN_POINT('',(0.553093414348,-7.89867658644E-02));
#6490 = CARTESIAN_POINT('',(0.553093414348,-4.063914964092E-02));
#6491 = CARTESIAN_POINT('',(0.553093414348,5.999999999895E-07));
#6492 = ( GEOMETRIC_REPRESENTATION_CONTEXT(2) 
PARAMETRIC_REPRESENTATION_CONTEXT() REPRESENTATION_CONTEXT('2D SPACE',''
  ) );
#6493 = ORIENTED_EDGE('',*,*,#6494,.F.);
#6494 = EDGE_CURVE('',#6495,#6463,#6497,.T.);
#6495 = VERTEX_POINT('',#6496);
#6496 = CARTESIAN_POINT('',(14.101212586033,-5.849664127856,0.));
#6497 = SURFACE_CURVE('',#6498,(#6503,#6510),.PCURVE_S1.);
#6498 = CIRCLE('',#6499,15.25);
#6499 = AXIS2_PLACEMENT_3D('',#6500,#6501,#6502);
#6500 = CARTESIAN_POINT('',(14.,9.4,0.));
#6501 = DIRECTION('',(0.,0.,-1.));
#6502 = DIRECTION('',(1.,0.,0.));
#6503 = PCURVE('',#2080,#6504);
#6504 = DEFINITIONAL_REPRESENTATION('',(#6505),#6509);
#6505 = LINE('',#6506,#6507);
#6506 = CARTESIAN_POINT('',(-6.28318530718,-0.2));
#6507 = VECTOR('',#6508,1.);
#6508 = DIRECTION('',(1.,-0.));
#6509 = ( GEOMETRIC_REPRESENTATION_CONTEXT(2) 
PARAMETRIC_REPRESENTATION_CONTEXT() REPRESENTATION_CONTEXT('2D SPACE',''
  ) );
#6510 = PCURVE('',#6511,#6516);
#6511 = PLANE('',#6512);
#6512 = AXIS2_PLACEMENT_3D('',#6513,#6514,#6515);
#6513 = CARTESIAN_POINT('',(10.009765625,-7.642578125,0.));
#6514 = DIRECTION('',(0.,0.,1.));
#6515 = DIRECTION('',(1.,0.,0.));
#6516 = DEFINITIONAL_REPRESENTATION('',(#6517),#6525);
#6517 = ( BOUNDED_CURVE() B_SPLINE_CURVE(2,(#6518,#6519,#6520,#6521,
#6522,#6523,#6524),.UNSPECIFIED.,.T.,.F.) B_SPLINE_CURVE_WITH_KNOTS((1,2
    ,2,2,2,1),(-2.094395102393,0.,2.094395102393,4.188790204786,
6.28318530718,8.377580409573),.UNSPECIFIED.) CURVE() 
GEOMETRIC_REPRESENTATION_ITEM() RATIONAL_B_SPLINE_CURVE((1.,0.5,1.,0.5,
1.,0.5,1.)) REPRESENTATION_ITEM('') );
#6518 = CARTESIAN_POINT('',(19.240234375,17.042578125));
#6519 = CARTESIAN_POINT('',(19.240234375,-9.371196690425));
#6520 = CARTESIAN_POINT('',(-3.634765625,3.835690717287));
#6521 = CARTESIAN_POINT('',(-26.509765625,17.042578125));
#6522 = CARTESIAN_POINT('',(-3.634765625,30.249465532713));
#6523 = CARTESIAN_POINT('',(19.240234375,43.456352940425));
#6524 = CARTESIAN_POINT('',(19.240234375,17.042578125));
#6525 = ( GEOMETRIC_REPRESENTATION_CONTEXT(2) 
PARAMETRIC_REPRESENTATION_CONTEXT() REPRESENTATION_CONTEXT('2D SPACE',''
  ) );
#6526 = ORIENTED_EDGE('',*,*,#6527,.F.);
#6527 = EDGE_CURVE('',#2093,#6495,#6528,.T.);
#6528 = SURFACE_CURVE('',#6529,(#6536,#6546),.PCURVE_S1.);
#6529 = B_SPLINE_CURVE_WITH_KNOTS('',5,(#6530,#6531,#6532,#6533,#6534,
    #6535),.UNSPECIFIED.,.F.,.F.,(6,6),(0.,1.),
  .PIECEWISE_BEZIER_KNOTS.);
#6530 = CARTESIAN_POINT('',(14.101212586033,-5.849664127856,0.2000006));
#6531 = CARTESIAN_POINT('',(14.101212586033,-5.849664127856,
    0.17290324677));
#6532 = CARTESIAN_POINT('',(14.101212586033,-5.849664127856,
    0.124839329145));
#6533 = CARTESIAN_POINT('',(14.101212586033,-5.849664127856,
    7.89867658644E-02));
#6534 = CARTESIAN_POINT('',(14.101212586033,-5.849664127856,
    4.063914964092E-02));
#6535 = CARTESIAN_POINT('',(14.101212586033,-5.849664127856,-6.E-07));
#6536 = PCURVE('',#2080,#6537);
#6537 = DEFINITIONAL_REPRESENTATION('',(#6538),#6545);
#6538 = B_SPLINE_CURVE_WITH_KNOTS('',5,(#6539,#6540,#6541,#6542,#6543,
    #6544),.UNSPECIFIED.,.F.,.F.,(6,6),(0.,1.),
  .PIECEWISE_BEZIER_KNOTS.);
#6539 = CARTESIAN_POINT('',(-4.719025919997,-0.4000006));
#6540 = CARTESIAN_POINT('',(-4.719025919997,-0.37290324677));
#6541 = CARTESIAN_POINT('',(-4.719025919997,-0.324839329145));
#6542 = CARTESIAN_POINT('',(-4.719025919997,-0.278986765864));
#6543 = CARTESIAN_POINT('',(-4.719025919997,-0.240639149641));
#6544 = CARTESIAN_POINT('',(-4.719025919997,-0.1999994));
#6545 = ( GEOMETRIC_REPRESENTATION_CONTEXT(2) 
PARAMETRIC_REPRESENTATION_CONTEXT() REPRESENTATION_CONTEXT('2D SPACE',''
  ) );
#6546 = PCURVE('',#2154,#6547);
#6547 = DEFINITIONAL_REPRESENTATION('',(#6548),#6555);
#6548 = B_SPLINE_CURVE_WITH_KNOTS('',5,(#6549,#6550,#6551,#6552,#6553,
    #6554),.UNSPECIFIED.,.F.,.F.,(6,6),(0.,1.),
  .PIECEWISE_BEZIER_KNOTS.);
#6549 = CARTESIAN_POINT('',(0.849842731356,-0.2000006));
#6550 = CARTESIAN_POINT('',(0.849842731356,-0.17290324677));
#6551 = CARTESIAN_POINT('',(0.849842731356,-0.124839329145));
#6552 = CARTESIAN_POINT('',(0.849842731356,-7.89867658644E-02));
#6553 = CARTESIAN_POINT('',(0.849842731356,-4.063914964092E-02));
#6554 = CARTESIAN_POINT('',(0.849842731356,5.999999999895E-07));
#6555 = ( GEOMETRIC_REPRESENTATION_CONTEXT(2) 
PARAMETRIC_REPRESENTATION_CONTEXT() REPRESENTATION_CONTEXT('2D SPACE',''
  ) );
#6556 = ORIENTED_EDGE('',*,*,#2092,.F.);
#6557 = ADVANCED_FACE('',(#6558),#3916,.F.);
#6558 = FACE_BOUND('',#6559,.F.);
#6559 = EDGE_LOOP('',(#6560,#6583,#6604,#6605));
#6560 = ORIENTED_EDGE('',*,*,#6561,.F.);
#6561 = EDGE_CURVE('',#6562,#6293,#6564,.T.);
#6562 = VERTEX_POINT('',#6563);
#6563 = CARTESIAN_POINT('',(3.466796875,-1.892578125,0.));
#6564 = SURFACE_CURVE('',#6565,(#6569,#6576),.PCURVE_S1.);
#6565 = B_SPLINE_CURVE_WITH_KNOTS('',2,(#6566,#6567,#6568),
  .UNSPECIFIED.,.F.,.F.,(3,3),(0.,1.),.PIECEWISE_BEZIER_KNOTS.);
#6566 = CARTESIAN_POINT('',(3.466796875,-1.892578125,0.));
#6567 = CARTESIAN_POINT('',(4.142578125,-1.892578125,0.));
#6568 = CARTESIAN_POINT('',(4.57421875,-2.271484375,0.));
#6569 = PCURVE('',#3916,#6570);
#6570 = DEFINITIONAL_REPRESENTATION('',(#6571),#6575);
#6571 = LINE('',#6572,#6573);
#6572 = CARTESIAN_POINT('',(0.,0.));
#6573 = VECTOR('',#6574,1.);
#6574 = DIRECTION('',(1.,0.));
#6575 = ( GEOMETRIC_REPRESENTATION_CONTEXT(2) 
PARAMETRIC_REPRESENTATION_CONTEXT() REPRESENTATION_CONTEXT('2D SPACE',''
  ) );
#6576 = PCURVE('',#6341,#6577);
#6577 = DEFINITIONAL_REPRESENTATION('',(#6578),#6582);
#6578 = B_SPLINE_CURVE_WITH_KNOTS('',2,(#6579,#6580,#6581),
  .UNSPECIFIED.,.F.,.F.,(3,3),(0.,1.),.PIECEWISE_BEZIER_KNOTS.);
#6579 = CARTESIAN_POINT('',(2.35546875,5.75));
#6580 = CARTESIAN_POINT('',(3.03125,5.75));
#6581 = CARTESIAN_POINT('',(3.462890625,5.37109375));
#6582 = ( GEOMETRIC_REPRESENTATION_CONTEXT(2) 
PARAMETRIC_REPRESENTATION_CONTEXT() REPRESENTATION_CONTEXT('2D SPACE',''
  ) );
#6583 = ORIENTED_EDGE('',*,*,#6584,.T.);
#6584 = EDGE_CURVE('',#6562,#3810,#6585,.T.);
#6585 = SURFACE_CURVE('',#6586,(#6590,#6597),.PCURVE_S1.);
#6586 = LINE('',#6587,#6588);
#6587 = CARTESIAN_POINT('',(3.466796875,-1.892578125,0.));
#6588 = VECTOR('',#6589,1.);
#6589 = DIRECTION('',(0.,0.,1.));
#6590 = PCURVE('',#3916,#6591);
#6591 = DEFINITIONAL_REPRESENTATION('',(#6592),#6596);
#6592 = LINE('',#6593,#6594);
#6593 = CARTESIAN_POINT('',(0.,0.));
#6594 = VECTOR('',#6595,1.);
#6595 = DIRECTION('',(0.,-1.));
#6596 = ( GEOMETRIC_REPRESENTATION_CONTEXT(2) 
PARAMETRIC_REPRESENTATION_CONTEXT() REPRESENTATION_CONTEXT('2D SPACE',''
  ) );
#6597 = PCURVE('',#3855,#6598);
#6598 = DEFINITIONAL_REPRESENTATION('',(#6599),#6603);
#6599 = LINE('',#6600,#6601);
#6600 = CARTESIAN_POINT('',(1.,0.));
#6601 = VECTOR('',#6602,1.);
#6602 = DIRECTION('',(0.,-1.));
#6603 = ( GEOMETRIC_REPRESENTATION_CONTEXT(2) 
PARAMETRIC_REPRESENTATION_CONTEXT() REPRESENTATION_CONTEXT('2D SPACE',''
  ) );
#6604 = ORIENTED_EDGE('',*,*,#3884,.F.);
#6605 = ORIENTED_EDGE('',*,*,#6292,.T.);
#6606 = ADVANCED_FACE('',(#6607),#3855,.F.);
#6607 = FACE_BOUND('',#6608,.F.);
#6608 = EDGE_LOOP('',(#6609,#6632,#6653,#6654));
#6609 = ORIENTED_EDGE('',*,*,#6610,.F.);
#6610 = EDGE_CURVE('',#6611,#6562,#6613,.T.);
#6611 = VERTEX_POINT('',#6612);
#6612 = CARTESIAN_POINT('',(2.025390625,-2.548828125,0.));
#6613 = SURFACE_CURVE('',#6614,(#6618,#6625),.PCURVE_S1.);
#6614 = B_SPLINE_CURVE_WITH_KNOTS('',2,(#6615,#6616,#6617),
  .UNSPECIFIED.,.F.,.F.,(3,3),(0.,1.),.PIECEWISE_BEZIER_KNOTS.);
#6615 = CARTESIAN_POINT('',(2.025390625,-2.548828125,0.));
#6616 = CARTESIAN_POINT('',(2.560546875,-1.892578125,0.));
#6617 = CARTESIAN_POINT('',(3.466796875,-1.892578125,0.));
#6618 = PCURVE('',#3855,#6619);
#6619 = DEFINITIONAL_REPRESENTATION('',(#6620),#6624);
#6620 = LINE('',#6621,#6622);
#6621 = CARTESIAN_POINT('',(0.,0.));
#6622 = VECTOR('',#6623,1.);
#6623 = DIRECTION('',(1.,0.));
#6624 = ( GEOMETRIC_REPRESENTATION_CONTEXT(2) 
PARAMETRIC_REPRESENTATION_CONTEXT() REPRESENTATION_CONTEXT('2D SPACE',''
  ) );
#6625 = PCURVE('',#6341,#6626);
#6626 = DEFINITIONAL_REPRESENTATION('',(#6627),#6631);
#6627 = B_SPLINE_CURVE_WITH_KNOTS('',2,(#6628,#6629,#6630),
  .UNSPECIFIED.,.F.,.F.,(3,3),(0.,1.),.PIECEWISE_BEZIER_KNOTS.);
#6628 = CARTESIAN_POINT('',(0.9140625,5.09375));
#6629 = CARTESIAN_POINT('',(1.44921875,5.75));
#6630 = CARTESIAN_POINT('',(2.35546875,5.75));
#6631 = ( GEOMETRIC_REPRESENTATION_CONTEXT(2) 
PARAMETRIC_REPRESENTATION_CONTEXT() REPRESENTATION_CONTEXT('2D SPACE',''
  ) );
#6632 = ORIENTED_EDGE('',*,*,#6633,.T.);
#6633 = EDGE_CURVE('',#6611,#3738,#6634,.T.);
#6634 = SURFACE_CURVE('',#6635,(#6639,#6646),.PCURVE_S1.);
#6635 = LINE('',#6636,#6637);
#6636 = CARTESIAN_POINT('',(2.025390625,-2.548828125,0.));
#6637 = VECTOR('',#6638,1.);
#6638 = DIRECTION('',(0.,0.,1.));
#6639 = PCURVE('',#3855,#6640);
#6640 = DEFINITIONAL_REPRESENTATION('',(#6641),#6645);
#6641 = LINE('',#6642,#6643);
#6642 = CARTESIAN_POINT('',(0.,0.));
#6643 = VECTOR('',#6644,1.);
#6644 = DIRECTION('',(0.,-1.));
#6645 = ( GEOMETRIC_REPRESENTATION_CONTEXT(2) 
PARAMETRIC_REPRESENTATION_CONTEXT() REPRESENTATION_CONTEXT('2D SPACE',''
  ) );
#6646 = PCURVE('',#3781,#6647);
#6647 = DEFINITIONAL_REPRESENTATION('',(#6648),#6652);
#6648 = LINE('',#6649,#6650);
#6649 = CARTESIAN_POINT('',(1.,0.));
#6650 = VECTOR('',#6651,1.);
#6651 = DIRECTION('',(0.,-1.));
#6652 = ( GEOMETRIC_REPRESENTATION_CONTEXT(2) 
PARAMETRIC_REPRESENTATION_CONTEXT() REPRESENTATION_CONTEXT('2D SPACE',''
  ) );
#6653 = ORIENTED_EDGE('',*,*,#3809,.F.);
#6654 = ORIENTED_EDGE('',*,*,#6584,.F.);
#6655 = ADVANCED_FACE('',(#6656),#3781,.F.);
#6656 = FACE_BOUND('',#6657,.F.);
#6657 = EDGE_LOOP('',(#6658,#6681,#6702,#6703));
#6658 = ORIENTED_EDGE('',*,*,#6659,.F.);
#6659 = EDGE_CURVE('',#6660,#6611,#6662,.T.);
#6660 = VERTEX_POINT('',#6661);
#6661 = CARTESIAN_POINT('',(1.412109375,-4.962890625,0.));
#6662 = SURFACE_CURVE('',#6663,(#6667,#6674),.PCURVE_S1.);
#6663 = B_SPLINE_CURVE_WITH_KNOTS('',2,(#6664,#6665,#6666),
  .UNSPECIFIED.,.F.,.F.,(3,3),(0.,1.),.PIECEWISE_BEZIER_KNOTS.);
#6664 = CARTESIAN_POINT('',(1.412109375,-4.962890625,0.));
#6665 = CARTESIAN_POINT('',(1.412109375,-3.302734375,0.));
#6666 = CARTESIAN_POINT('',(2.025390625,-2.548828125,0.));
#6667 = PCURVE('',#3781,#6668);
#6668 = DEFINITIONAL_REPRESENTATION('',(#6669),#6673);
#6669 = LINE('',#6670,#6671);
#6670 = CARTESIAN_POINT('',(0.,0.));
#6671 = VECTOR('',#6672,1.);
#6672 = DIRECTION('',(1.,0.));
#6673 = ( GEOMETRIC_REPRESENTATION_CONTEXT(2) 
PARAMETRIC_REPRESENTATION_CONTEXT() REPRESENTATION_CONTEXT('2D SPACE',''
  ) );
#6674 = PCURVE('',#6341,#6675);
#6675 = DEFINITIONAL_REPRESENTATION('',(#6676),#6680);
#6676 = B_SPLINE_CURVE_WITH_KNOTS('',2,(#6677,#6678,#6679),
  .UNSPECIFIED.,.F.,.F.,(3,3),(0.,1.),.PIECEWISE_BEZIER_KNOTS.);
#6677 = CARTESIAN_POINT('',(0.30078125,2.6796875));
#6678 = CARTESIAN_POINT('',(0.30078125,4.33984375));
#6679 = CARTESIAN_POINT('',(0.9140625,5.09375));
#6680 = ( GEOMETRIC_REPRESENTATION_CONTEXT(2) 
PARAMETRIC_REPRESENTATION_CONTEXT() REPRESENTATION_CONTEXT('2D SPACE',''
  ) );
#6681 = ORIENTED_EDGE('',*,*,#6682,.T.);
#6682 = EDGE_CURVE('',#6660,#3666,#6683,.T.);
#6683 = SURFACE_CURVE('',#6684,(#6688,#6695),.PCURVE_S1.);
#6684 = LINE('',#6685,#6686);
#6685 = CARTESIAN_POINT('',(1.412109375,-4.962890625,0.));
#6686 = VECTOR('',#6687,1.);
#6687 = DIRECTION('',(0.,0.,1.));
#6688 = PCURVE('',#3781,#6689);
#6689 = DEFINITIONAL_REPRESENTATION('',(#6690),#6694);
#6690 = LINE('',#6691,#6692);
#6691 = CARTESIAN_POINT('',(0.,0.));
#6692 = VECTOR('',#6693,1.);
#6693 = DIRECTION('',(0.,-1.));
#6694 = ( GEOMETRIC_REPRESENTATION_CONTEXT(2) 
PARAMETRIC_REPRESENTATION_CONTEXT() REPRESENTATION_CONTEXT('2D SPACE',''
  ) );
#6695 = PCURVE('',#3709,#6696);
#6696 = DEFINITIONAL_REPRESENTATION('',(#6697),#6701);
#6697 = LINE('',#6698,#6699);
#6698 = CARTESIAN_POINT('',(1.,0.));
#6699 = VECTOR('',#6700,1.);
#6700 = DIRECTION('',(0.,-1.));
#6701 = ( GEOMETRIC_REPRESENTATION_CONTEXT(2) 
PARAMETRIC_REPRESENTATION_CONTEXT() REPRESENTATION_CONTEXT('2D SPACE',''
  ) );
#6702 = ORIENTED_EDGE('',*,*,#3737,.F.);
#6703 = ORIENTED_EDGE('',*,*,#6633,.F.);
#6704 = ADVANCED_FACE('',(#6705),#3709,.F.);
#6705 = FACE_BOUND('',#6706,.F.);
#6706 = EDGE_LOOP('',(#6707,#6730,#6751,#6752));
#6707 = ORIENTED_EDGE('',*,*,#6708,.F.);
#6708 = EDGE_CURVE('',#6709,#6660,#6711,.T.);
#6709 = VERTEX_POINT('',#6710);
#6710 = CARTESIAN_POINT('',(1.966796875,-7.09375,0.));
#6711 = SURFACE_CURVE('',#6712,(#6716,#6723),.PCURVE_S1.);
#6712 = B_SPLINE_CURVE_WITH_KNOTS('',2,(#6713,#6714,#6715),
  .UNSPECIFIED.,.F.,.F.,(3,3),(0.,1.),.PIECEWISE_BEZIER_KNOTS.);
#6713 = CARTESIAN_POINT('',(1.966796875,-7.09375,0.));
#6714 = CARTESIAN_POINT('',(1.412109375,-6.447265625,0.));
#6715 = CARTESIAN_POINT('',(1.412109375,-4.962890625,0.));
#6716 = PCURVE('',#3709,#6717);
#6717 = DEFINITIONAL_REPRESENTATION('',(#6718),#6722);
#6718 = LINE('',#6719,#6720);
#6719 = CARTESIAN_POINT('',(0.,0.));
#6720 = VECTOR('',#6721,1.);
#6721 = DIRECTION('',(1.,0.));
#6722 = ( GEOMETRIC_REPRESENTATION_CONTEXT(2) 
PARAMETRIC_REPRESENTATION_CONTEXT() REPRESENTATION_CONTEXT('2D SPACE',''
  ) );
#6723 = PCURVE('',#6341,#6724);
#6724 = DEFINITIONAL_REPRESENTATION('',(#6725),#6729);
#6725 = B_SPLINE_CURVE_WITH_KNOTS('',2,(#6726,#6727,#6728),
  .UNSPECIFIED.,.F.,.F.,(3,3),(0.,1.),.PIECEWISE_BEZIER_KNOTS.);
#6726 = CARTESIAN_POINT('',(0.85546875,0.548828125));
#6727 = CARTESIAN_POINT('',(0.30078125,1.1953125));
#6728 = CARTESIAN_POINT('',(0.30078125,2.6796875));
#6729 = ( GEOMETRIC_REPRESENTATION_CONTEXT(2) 
PARAMETRIC_REPRESENTATION_CONTEXT() REPRESENTATION_CONTEXT('2D SPACE',''
  ) );
#6730 = ORIENTED_EDGE('',*,*,#6731,.T.);
#6731 = EDGE_CURVE('',#6709,#3591,#6732,.T.);
#6732 = SURFACE_CURVE('',#6733,(#6737,#6744),.PCURVE_S1.);
#6733 = LINE('',#6734,#6735);
#6734 = CARTESIAN_POINT('',(1.966796875,-7.09375,0.));
#6735 = VECTOR('',#6736,1.);
#6736 = DIRECTION('',(0.,0.,1.));
#6737 = PCURVE('',#3709,#6738);
#6738 = DEFINITIONAL_REPRESENTATION('',(#6739),#6743);
#6739 = LINE('',#6740,#6741);
#6740 = CARTESIAN_POINT('',(0.,0.));
#6741 = VECTOR('',#6742,1.);
#6742 = DIRECTION('',(0.,-1.));
#6743 = ( GEOMETRIC_REPRESENTATION_CONTEXT(2) 
PARAMETRIC_REPRESENTATION_CONTEXT() REPRESENTATION_CONTEXT('2D SPACE',''
  ) );
#6744 = PCURVE('',#3636,#6745);
#6745 = DEFINITIONAL_REPRESENTATION('',(#6746),#6750);
#6746 = LINE('',#6747,#6748);
#6747 = CARTESIAN_POINT('',(1.,0.));
#6748 = VECTOR('',#6749,1.);
#6749 = DIRECTION('',(0.,-1.));
#6750 = ( GEOMETRIC_REPRESENTATION_CONTEXT(2) 
PARAMETRIC_REPRESENTATION_CONTEXT() REPRESENTATION_CONTEXT('2D SPACE',''
  ) );
#6751 = ORIENTED_EDGE('',*,*,#3665,.F.);
#6752 = ORIENTED_EDGE('',*,*,#6682,.F.);
#6753 = ADVANCED_FACE('',(#6754),#3636,.F.);
#6754 = FACE_BOUND('',#6755,.F.);
#6755 = EDGE_LOOP('',(#6756,#6779,#6800,#6801));
#6756 = ORIENTED_EDGE('',*,*,#6757,.F.);
#6757 = EDGE_CURVE('',#6758,#6709,#6760,.T.);
#6758 = VERTEX_POINT('',#6759);
#6759 = CARTESIAN_POINT('',(3.400390625,-7.740234375,0.));
#6760 = SURFACE_CURVE('',#6761,(#6765,#6772),.PCURVE_S1.);
#6761 = B_SPLINE_CURVE_WITH_KNOTS('',2,(#6762,#6763,#6764),
  .UNSPECIFIED.,.F.,.F.,(3,3),(0.,1.),.PIECEWISE_BEZIER_KNOTS.);
#6762 = CARTESIAN_POINT('',(3.400390625,-7.740234375,0.));
#6763 = CARTESIAN_POINT('',(2.521484375,-7.740234375,0.));
#6764 = CARTESIAN_POINT('',(1.966796875,-7.09375,0.));
#6765 = PCURVE('',#3636,#6766);
#6766 = DEFINITIONAL_REPRESENTATION('',(#6767),#6771);
#6767 = LINE('',#6768,#6769);
#6768 = CARTESIAN_POINT('',(0.,0.));
#6769 = VECTOR('',#6770,1.);
#6770 = DIRECTION('',(1.,0.));
#6771 = ( GEOMETRIC_REPRESENTATION_CONTEXT(2) 
PARAMETRIC_REPRESENTATION_CONTEXT() REPRESENTATION_CONTEXT('2D SPACE',''
  ) );
#6772 = PCURVE('',#6341,#6773);
#6773 = DEFINITIONAL_REPRESENTATION('',(#6774),#6778);
#6774 = B_SPLINE_CURVE_WITH_KNOTS('',2,(#6775,#6776,#6777),
  .UNSPECIFIED.,.F.,.F.,(3,3),(0.,1.),.PIECEWISE_BEZIER_KNOTS.);
#6775 = CARTESIAN_POINT('',(2.2890625,-9.765625E-02));
#6776 = CARTESIAN_POINT('',(1.41015625,-9.765625E-02));
#6777 = CARTESIAN_POINT('',(0.85546875,0.548828125));
#6778 = ( GEOMETRIC_REPRESENTATION_CONTEXT(2) 
PARAMETRIC_REPRESENTATION_CONTEXT() REPRESENTATION_CONTEXT('2D SPACE',''
  ) );
#6779 = ORIENTED_EDGE('',*,*,#6780,.T.);
#6780 = EDGE_CURVE('',#6758,#3540,#6781,.T.);
#6781 = SURFACE_CURVE('',#6782,(#6786,#6793),.PCURVE_S1.);
#6782 = LINE('',#6783,#6784);
#6783 = CARTESIAN_POINT('',(3.400390625,-7.740234375,0.));
#6784 = VECTOR('',#6785,1.);
#6785 = DIRECTION('',(0.,0.,1.));
#6786 = PCURVE('',#3636,#6787);
#6787 = DEFINITIONAL_REPRESENTATION('',(#6788),#6792);
#6788 = LINE('',#6789,#6790);
#6789 = CARTESIAN_POINT('',(0.,0.));
#6790 = VECTOR('',#6791,1.);
#6791 = DIRECTION('',(0.,-1.));
#6792 = ( GEOMETRIC_REPRESENTATION_CONTEXT(2) 
PARAMETRIC_REPRESENTATION_CONTEXT() REPRESENTATION_CONTEXT('2D SPACE',''
  ) );
#6793 = PCURVE('',#3569,#6794);
#6794 = DEFINITIONAL_REPRESENTATION('',(#6795),#6799);
#6795 = LINE('',#6796,#6797);
#6796 = CARTESIAN_POINT('',(1.,0.));
#6797 = VECTOR('',#6798,1.);
#6798 = DIRECTION('',(0.,-1.));
#6799 = ( GEOMETRIC_REPRESENTATION_CONTEXT(2) 
PARAMETRIC_REPRESENTATION_CONTEXT() REPRESENTATION_CONTEXT('2D SPACE',''
  ) );
#6800 = ORIENTED_EDGE('',*,*,#3590,.F.);
#6801 = ORIENTED_EDGE('',*,*,#6731,.F.);
#6802 = ADVANCED_FACE('',(#6803),#3569,.F.);
#6803 = FACE_BOUND('',#6804,.F.);
#6804 = EDGE_LOOP('',(#6805,#6828,#6849,#6850));
#6805 = ORIENTED_EDGE('',*,*,#6806,.F.);
#6806 = EDGE_CURVE('',#6807,#6758,#6809,.T.);
#6807 = VERTEX_POINT('',#6808);
#6808 = CARTESIAN_POINT('',(4.322265625,-7.494140625,0.));
#6809 = SURFACE_CURVE('',#6810,(#6814,#6821),.PCURVE_S1.);
#6810 = B_SPLINE_CURVE_WITH_KNOTS('',2,(#6811,#6812,#6813),
  .UNSPECIFIED.,.F.,.F.,(3,3),(0.,1.),.PIECEWISE_BEZIER_KNOTS.);
#6811 = CARTESIAN_POINT('',(4.322265625,-7.494140625,0.));
#6812 = CARTESIAN_POINT('',(3.916015625,-7.740234375,0.));
#6813 = CARTESIAN_POINT('',(3.400390625,-7.740234375,0.));
#6814 = PCURVE('',#3569,#6815);
#6815 = DEFINITIONAL_REPRESENTATION('',(#6816),#6820);
#6816 = LINE('',#6817,#6818);
#6817 = CARTESIAN_POINT('',(0.,0.));
#6818 = VECTOR('',#6819,1.);
#6819 = DIRECTION('',(1.,0.));
#6820 = ( GEOMETRIC_REPRESENTATION_CONTEXT(2) 
PARAMETRIC_REPRESENTATION_CONTEXT() REPRESENTATION_CONTEXT('2D SPACE',''
  ) );
#6821 = PCURVE('',#6341,#6822);
#6822 = DEFINITIONAL_REPRESENTATION('',(#6823),#6827);
#6823 = B_SPLINE_CURVE_WITH_KNOTS('',2,(#6824,#6825,#6826),
  .UNSPECIFIED.,.F.,.F.,(3,3),(0.,1.),.PIECEWISE_BEZIER_KNOTS.);
#6824 = CARTESIAN_POINT('',(3.2109375,0.1484375));
#6825 = CARTESIAN_POINT('',(2.8046875,-9.765625E-02));
#6826 = CARTESIAN_POINT('',(2.2890625,-9.765625E-02));
#6827 = ( GEOMETRIC_REPRESENTATION_CONTEXT(2) 
PARAMETRIC_REPRESENTATION_CONTEXT() REPRESENTATION_CONTEXT('2D SPACE',''
  ) );
#6828 = ORIENTED_EDGE('',*,*,#6829,.T.);
#6829 = EDGE_CURVE('',#6807,#3489,#6830,.T.);
#6830 = SURFACE_CURVE('',#6831,(#6835,#6842),.PCURVE_S1.);
#6831 = LINE('',#6832,#6833);
#6832 = CARTESIAN_POINT('',(4.322265625,-7.494140625,0.));
#6833 = VECTOR('',#6834,1.);
#6834 = DIRECTION('',(0.,0.,1.));
#6835 = PCURVE('',#3569,#6836);
#6836 = DEFINITIONAL_REPRESENTATION('',(#6837),#6841);
#6837 = LINE('',#6838,#6839);
#6838 = CARTESIAN_POINT('',(0.,0.));
#6839 = VECTOR('',#6840,1.);
#6840 = DIRECTION('',(0.,-1.));
#6841 = ( GEOMETRIC_REPRESENTATION_CONTEXT(2) 
PARAMETRIC_REPRESENTATION_CONTEXT() REPRESENTATION_CONTEXT('2D SPACE',''
  ) );
#6842 = PCURVE('',#3518,#6843);
#6843 = DEFINITIONAL_REPRESENTATION('',(#6844),#6848);
#6844 = LINE('',#6845,#6846);
#6845 = CARTESIAN_POINT('',(1.,0.));
#6846 = VECTOR('',#6847,1.);
#6847 = DIRECTION('',(0.,-1.));
#6848 = ( GEOMETRIC_REPRESENTATION_CONTEXT(2) 
PARAMETRIC_REPRESENTATION_CONTEXT() REPRESENTATION_CONTEXT('2D SPACE',''
  ) );
#6849 = ORIENTED_EDGE('',*,*,#3539,.F.);
#6850 = ORIENTED_EDGE('',*,*,#6780,.F.);
#6851 = ADVANCED_FACE('',(#6852),#3518,.F.);
#6852 = FACE_BOUND('',#6853,.F.);
#6853 = EDGE_LOOP('',(#6854,#6877,#6898,#6899));
#6854 = ORIENTED_EDGE('',*,*,#6855,.F.);
#6855 = EDGE_CURVE('',#6856,#6807,#6858,.T.);
#6856 = VERTEX_POINT('',#6857);
#6857 = CARTESIAN_POINT('',(4.9609375,-6.78515625,0.));
#6858 = SURFACE_CURVE('',#6859,(#6863,#6870),.PCURVE_S1.);
#6859 = B_SPLINE_CURVE_WITH_KNOTS('',2,(#6860,#6861,#6862),
  .UNSPECIFIED.,.F.,.F.,(3,3),(0.,1.),.PIECEWISE_BEZIER_KNOTS.);
#6860 = CARTESIAN_POINT('',(4.9609375,-6.78515625,0.));
#6861 = CARTESIAN_POINT('',(4.728515625,-7.248046875,0.));
#6862 = CARTESIAN_POINT('',(4.322265625,-7.494140625,0.));
#6863 = PCURVE('',#3518,#6864);
#6864 = DEFINITIONAL_REPRESENTATION('',(#6865),#6869);
#6865 = LINE('',#6866,#6867);
#6866 = CARTESIAN_POINT('',(0.,0.));
#6867 = VECTOR('',#6868,1.);
#6868 = DIRECTION('',(1.,0.));
#6869 = ( GEOMETRIC_REPRESENTATION_CONTEXT(2) 
PARAMETRIC_REPRESENTATION_CONTEXT() REPRESENTATION_CONTEXT('2D SPACE',''
  ) );
#6870 = PCURVE('',#6341,#6871);
#6871 = DEFINITIONAL_REPRESENTATION('',(#6872),#6876);
#6872 = B_SPLINE_CURVE_WITH_KNOTS('',2,(#6873,#6874,#6875),
  .UNSPECIFIED.,.F.,.F.,(3,3),(0.,1.),.PIECEWISE_BEZIER_KNOTS.);
#6873 = CARTESIAN_POINT('',(3.849609375,0.857421875));
#6874 = CARTESIAN_POINT('',(3.6171875,0.39453125));
#6875 = CARTESIAN_POINT('',(3.2109375,0.1484375));
#6876 = ( GEOMETRIC_REPRESENTATION_CONTEXT(2) 
PARAMETRIC_REPRESENTATION_CONTEXT() REPRESENTATION_CONTEXT('2D SPACE',''
  ) );
#6877 = ORIENTED_EDGE('',*,*,#6878,.T.);
#6878 = EDGE_CURVE('',#6856,#3438,#6879,.T.);
#6879 = SURFACE_CURVE('',#6880,(#6884,#6891),.PCURVE_S1.);
#6880 = LINE('',#6881,#6882);
#6881 = CARTESIAN_POINT('',(4.9609375,-6.78515625,0.));
#6882 = VECTOR('',#6883,1.);
#6883 = DIRECTION('',(0.,0.,1.));
#6884 = PCURVE('',#3518,#6885);
#6885 = DEFINITIONAL_REPRESENTATION('',(#6886),#6890);
#6886 = LINE('',#6887,#6888);
#6887 = CARTESIAN_POINT('',(0.,0.));
#6888 = VECTOR('',#6889,1.);
#6889 = DIRECTION('',(0.,-1.));
#6890 = ( GEOMETRIC_REPRESENTATION_CONTEXT(2) 
PARAMETRIC_REPRESENTATION_CONTEXT() REPRESENTATION_CONTEXT('2D SPACE',''
  ) );
#6891 = PCURVE('',#3467,#6892);
#6892 = DEFINITIONAL_REPRESENTATION('',(#6893),#6897);
#6893 = LINE('',#6894,#6895);
#6894 = CARTESIAN_POINT('',(1.,0.));
#6895 = VECTOR('',#6896,1.);
#6896 = DIRECTION('',(0.,-1.));
#6897 = ( GEOMETRIC_REPRESENTATION_CONTEXT(2) 
PARAMETRIC_REPRESENTATION_CONTEXT() REPRESENTATION_CONTEXT('2D SPACE',''
  ) );
#6898 = ORIENTED_EDGE('',*,*,#3488,.F.);
#6899 = ORIENTED_EDGE('',*,*,#6829,.F.);
#6900 = ADVANCED_FACE('',(#6901),#3467,.F.);
#6901 = FACE_BOUND('',#6902,.F.);
#6902 = EDGE_LOOP('',(#6903,#6926,#6947,#6948));
#6903 = ORIENTED_EDGE('',*,*,#6904,.F.);
#6904 = EDGE_CURVE('',#6905,#6856,#6907,.T.);
#6905 = VERTEX_POINT('',#6906);
#6906 = CARTESIAN_POINT('',(5.193359375,-5.783203125,0.));
#6907 = SURFACE_CURVE('',#6908,(#6912,#6919),.PCURVE_S1.);
#6908 = B_SPLINE_CURVE_WITH_KNOTS('',2,(#6909,#6910,#6911),
  .UNSPECIFIED.,.F.,.F.,(3,3),(0.,1.),.PIECEWISE_BEZIER_KNOTS.);
#6909 = CARTESIAN_POINT('',(5.193359375,-5.783203125,0.));
#6910 = CARTESIAN_POINT('',(5.193359375,-6.322265625,0.));
#6911 = CARTESIAN_POINT('',(4.9609375,-6.78515625,0.));
#6912 = PCURVE('',#3467,#6913);
#6913 = DEFINITIONAL_REPRESENTATION('',(#6914),#6918);
#6914 = LINE('',#6915,#6916);
#6915 = CARTESIAN_POINT('',(0.,0.));
#6916 = VECTOR('',#6917,1.);
#6917 = DIRECTION('',(1.,0.));
#6918 = ( GEOMETRIC_REPRESENTATION_CONTEXT(2) 
PARAMETRIC_REPRESENTATION_CONTEXT() REPRESENTATION_CONTEXT('2D SPACE',''
  ) );
#6919 = PCURVE('',#6341,#6920);
#6920 = DEFINITIONAL_REPRESENTATION('',(#6921),#6925);
#6921 = B_SPLINE_CURVE_WITH_KNOTS('',2,(#6922,#6923,#6924),
  .UNSPECIFIED.,.F.,.F.,(3,3),(0.,1.),.PIECEWISE_BEZIER_KNOTS.);
#6922 = CARTESIAN_POINT('',(4.08203125,1.859375));
#6923 = CARTESIAN_POINT('',(4.08203125,1.3203125));
#6924 = CARTESIAN_POINT('',(3.849609375,0.857421875));
#6925 = ( GEOMETRIC_REPRESENTATION_CONTEXT(2) 
PARAMETRIC_REPRESENTATION_CONTEXT() REPRESENTATION_CONTEXT('2D SPACE',''
  ) );
#6926 = ORIENTED_EDGE('',*,*,#6927,.T.);
#6927 = EDGE_CURVE('',#6905,#3363,#6928,.T.);
#6928 = SURFACE_CURVE('',#6929,(#6933,#6940),.PCURVE_S1.);
#6929 = LINE('',#6930,#6931);
#6930 = CARTESIAN_POINT('',(5.193359375,-5.783203125,0.));
#6931 = VECTOR('',#6932,1.);
#6932 = DIRECTION('',(0.,0.,1.));
#6933 = PCURVE('',#3467,#6934);
#6934 = DEFINITIONAL_REPRESENTATION('',(#6935),#6939);
#6935 = LINE('',#6936,#6937);
#6936 = CARTESIAN_POINT('',(0.,0.));
#6937 = VECTOR('',#6938,1.);
#6938 = DIRECTION('',(0.,-1.));
#6939 = ( GEOMETRIC_REPRESENTATION_CONTEXT(2) 
PARAMETRIC_REPRESENTATION_CONTEXT() REPRESENTATION_CONTEXT('2D SPACE',''
  ) );
#6940 = PCURVE('',#3408,#6941);
#6941 = DEFINITIONAL_REPRESENTATION('',(#6942),#6946);
#6942 = LINE('',#6943,#6944);
#6943 = CARTESIAN_POINT('',(1.,0.));
#6944 = VECTOR('',#6945,1.);
#6945 = DIRECTION('',(0.,-1.));
#6946 = ( GEOMETRIC_REPRESENTATION_CONTEXT(2) 
PARAMETRIC_REPRESENTATION_CONTEXT() REPRESENTATION_CONTEXT('2D SPACE',''
  ) );
#6947 = ORIENTED_EDGE('',*,*,#3437,.F.);
#6948 = ORIENTED_EDGE('',*,*,#6878,.F.);
#6949 = ADVANCED_FACE('',(#6950),#3408,.F.);
#6950 = FACE_BOUND('',#6951,.F.);
#6951 = EDGE_LOOP('',(#6952,#6975,#6996,#6997));
#6952 = ORIENTED_EDGE('',*,*,#6953,.F.);
#6953 = EDGE_CURVE('',#6954,#6905,#6956,.T.);
#6954 = VERTEX_POINT('',#6955);
#6955 = CARTESIAN_POINT('',(4.69921875,-4.4453125,0.));
#6956 = SURFACE_CURVE('',#6957,(#6961,#6968),.PCURVE_S1.);
#6957 = B_SPLINE_CURVE_WITH_KNOTS('',2,(#6958,#6959,#6960),
  .UNSPECIFIED.,.F.,.F.,(3,3),(0.,1.),.PIECEWISE_BEZIER_KNOTS.);
#6958 = CARTESIAN_POINT('',(4.69921875,-4.4453125,0.));
#6959 = CARTESIAN_POINT('',(5.193359375,-4.962890625,0.));
#6960 = CARTESIAN_POINT('',(5.193359375,-5.783203125,0.));
#6961 = PCURVE('',#3408,#6962);
#6962 = DEFINITIONAL_REPRESENTATION('',(#6963),#6967);
#6963 = LINE('',#6964,#6965);
#6964 = CARTESIAN_POINT('',(0.,0.));
#6965 = VECTOR('',#6966,1.);
#6966 = DIRECTION('',(1.,0.));
#6967 = ( GEOMETRIC_REPRESENTATION_CONTEXT(2) 
PARAMETRIC_REPRESENTATION_CONTEXT() REPRESENTATION_CONTEXT('2D SPACE',''
  ) );
#6968 = PCURVE('',#6341,#6969);
#6969 = DEFINITIONAL_REPRESENTATION('',(#6970),#6974);
#6970 = B_SPLINE_CURVE_WITH_KNOTS('',2,(#6971,#6972,#6973),
  .UNSPECIFIED.,.F.,.F.,(3,3),(0.,1.),.PIECEWISE_BEZIER_KNOTS.);
#6971 = CARTESIAN_POINT('',(3.587890625,3.197265625));
#6972 = CARTESIAN_POINT('',(4.08203125,2.6796875));
#6973 = CARTESIAN_POINT('',(4.08203125,1.859375));
#6974 = ( GEOMETRIC_REPRESENTATION_CONTEXT(2) 
PARAMETRIC_REPRESENTATION_CONTEXT() REPRESENTATION_CONTEXT('2D SPACE',''
  ) );
#6975 = ORIENTED_EDGE('',*,*,#6976,.T.);
#6976 = EDGE_CURVE('',#6954,#3288,#6977,.T.);
#6977 = SURFACE_CURVE('',#6978,(#6982,#6989),.PCURVE_S1.);
#6978 = LINE('',#6979,#6980);
#6979 = CARTESIAN_POINT('',(4.69921875,-4.4453125,0.));
#6980 = VECTOR('',#6981,1.);
#6981 = DIRECTION('',(0.,0.,1.));
#6982 = PCURVE('',#3408,#6983);
#6983 = DEFINITIONAL_REPRESENTATION('',(#6984),#6988);
#6984 = LINE('',#6985,#6986);
#6985 = CARTESIAN_POINT('',(0.,0.));
#6986 = VECTOR('',#6987,1.);
#6987 = DIRECTION('',(0.,-1.));
#6988 = ( GEOMETRIC_REPRESENTATION_CONTEXT(2) 
PARAMETRIC_REPRESENTATION_CONTEXT() REPRESENTATION_CONTEXT('2D SPACE',''
  ) );
#6989 = PCURVE('',#3333,#6990);
#6990 = DEFINITIONAL_REPRESENTATION('',(#6991),#6995);
#6991 = LINE('',#6992,#6993);
#6992 = CARTESIAN_POINT('',(1.,0.));
#6993 = VECTOR('',#6994,1.);
#6994 = DIRECTION('',(0.,-1.));
#6995 = ( GEOMETRIC_REPRESENTATION_CONTEXT(2) 
PARAMETRIC_REPRESENTATION_CONTEXT() REPRESENTATION_CONTEXT('2D SPACE',''
  ) );
#6996 = ORIENTED_EDGE('',*,*,#3362,.F.);
#6997 = ORIENTED_EDGE('',*,*,#6927,.F.);
#6998 = ADVANCED_FACE('',(#6999),#3333,.F.);
#6999 = FACE_BOUND('',#7000,.F.);
#7000 = EDGE_LOOP('',(#7001,#7024,#7045,#7046));
#7001 = ORIENTED_EDGE('',*,*,#7002,.F.);
#7002 = EDGE_CURVE('',#7003,#6954,#7005,.T.);
#7003 = VERTEX_POINT('',#7004);
#7004 = CARTESIAN_POINT('',(3.501953125,-3.927734375,0.));
#7005 = SURFACE_CURVE('',#7006,(#7010,#7017),.PCURVE_S1.);
#7006 = B_SPLINE_CURVE_WITH_KNOTS('',2,(#7007,#7008,#7009),
  .UNSPECIFIED.,.F.,.F.,(3,3),(0.,1.),.PIECEWISE_BEZIER_KNOTS.);
#7007 = CARTESIAN_POINT('',(3.501953125,-3.927734375,0.));
#7008 = CARTESIAN_POINT('',(4.205078125,-3.927734375,0.));
#7009 = CARTESIAN_POINT('',(4.69921875,-4.4453125,0.));
#7010 = PCURVE('',#3333,#7011);
#7011 = DEFINITIONAL_REPRESENTATION('',(#7012),#7016);
#7012 = LINE('',#7013,#7014);
#7013 = CARTESIAN_POINT('',(0.,0.));
#7014 = VECTOR('',#7015,1.);
#7015 = DIRECTION('',(1.,0.));
#7016 = ( GEOMETRIC_REPRESENTATION_CONTEXT(2) 
PARAMETRIC_REPRESENTATION_CONTEXT() REPRESENTATION_CONTEXT('2D SPACE',''
  ) );
#7017 = PCURVE('',#6341,#7018);
#7018 = DEFINITIONAL_REPRESENTATION('',(#7019),#7023);
#7019 = B_SPLINE_CURVE_WITH_KNOTS('',2,(#7020,#7021,#7022),
  .UNSPECIFIED.,.F.,.F.,(3,3),(0.,1.),.PIECEWISE_BEZIER_KNOTS.);
#7020 = CARTESIAN_POINT('',(2.390625,3.71484375));
#7021 = CARTESIAN_POINT('',(3.09375,3.71484375));
#7022 = CARTESIAN_POINT('',(3.587890625,3.197265625));
#7023 = ( GEOMETRIC_REPRESENTATION_CONTEXT(2) 
PARAMETRIC_REPRESENTATION_CONTEXT() REPRESENTATION_CONTEXT('2D SPACE',''
  ) );
#7024 = ORIENTED_EDGE('',*,*,#7025,.T.);
#7025 = EDGE_CURVE('',#7003,#3237,#7026,.T.);
#7026 = SURFACE_CURVE('',#7027,(#7031,#7038),.PCURVE_S1.);
#7027 = LINE('',#7028,#7029);
#7028 = CARTESIAN_POINT('',(3.501953125,-3.927734375,0.));
#7029 = VECTOR('',#7030,1.);
#7030 = DIRECTION('',(0.,0.,1.));
#7031 = PCURVE('',#3333,#7032);
#7032 = DEFINITIONAL_REPRESENTATION('',(#7033),#7037);
#7033 = LINE('',#7034,#7035);
#7034 = CARTESIAN_POINT('',(0.,0.));
#7035 = VECTOR('',#7036,1.);
#7036 = DIRECTION('',(0.,-1.));
#7037 = ( GEOMETRIC_REPRESENTATION_CONTEXT(2) 
PARAMETRIC_REPRESENTATION_CONTEXT() REPRESENTATION_CONTEXT('2D SPACE',''
  ) );
#7038 = PCURVE('',#3266,#7039);
#7039 = DEFINITIONAL_REPRESENTATION('',(#7040),#7044);
#7040 = LINE('',#7041,#7042);
#7041 = CARTESIAN_POINT('',(1.,0.));
#7042 = VECTOR('',#7043,1.);
#7043 = DIRECTION('',(0.,-1.));
#7044 = ( GEOMETRIC_REPRESENTATION_CONTEXT(2) 
PARAMETRIC_REPRESENTATION_CONTEXT() REPRESENTATION_CONTEXT('2D SPACE',''
  ) );
#7045 = ORIENTED_EDGE('',*,*,#3287,.F.);
#7046 = ORIENTED_EDGE('',*,*,#6976,.F.);
#7047 = ADVANCED_FACE('',(#7048),#3266,.F.);
#7048 = FACE_BOUND('',#7049,.F.);
#7049 = EDGE_LOOP('',(#7050,#7073,#7094,#7095));
#7050 = ORIENTED_EDGE('',*,*,#7051,.F.);
#7051 = EDGE_CURVE('',#7052,#7003,#7054,.T.);
#7052 = VERTEX_POINT('',#7053);
#7053 = CARTESIAN_POINT('',(2.732421875,-4.115234375,0.));
#7054 = SURFACE_CURVE('',#7055,(#7059,#7066),.PCURVE_S1.);
#7055 = B_SPLINE_CURVE_WITH_KNOTS('',2,(#7056,#7057,#7058),
  .UNSPECIFIED.,.F.,.F.,(3,3),(0.,1.),.PIECEWISE_BEZIER_KNOTS.);
#7056 = CARTESIAN_POINT('',(2.732421875,-4.115234375,0.));
#7057 = CARTESIAN_POINT('',(3.099609375,-3.927734375,0.));
#7058 = CARTESIAN_POINT('',(3.501953125,-3.927734375,0.));
#7059 = PCURVE('',#3266,#7060);
#7060 = DEFINITIONAL_REPRESENTATION('',(#7061),#7065);
#7061 = LINE('',#7062,#7063);
#7062 = CARTESIAN_POINT('',(0.,0.));
#7063 = VECTOR('',#7064,1.);
#7064 = DIRECTION('',(1.,0.));
#7065 = ( GEOMETRIC_REPRESENTATION_CONTEXT(2) 
PARAMETRIC_REPRESENTATION_CONTEXT() REPRESENTATION_CONTEXT('2D SPACE',''
  ) );
#7066 = PCURVE('',#6341,#7067);
#7067 = DEFINITIONAL_REPRESENTATION('',(#7068),#7072);
#7068 = B_SPLINE_CURVE_WITH_KNOTS('',2,(#7069,#7070,#7071),
  .UNSPECIFIED.,.F.,.F.,(3,3),(0.,1.),.PIECEWISE_BEZIER_KNOTS.);
#7069 = CARTESIAN_POINT('',(1.62109375,3.52734375));
#7070 = CARTESIAN_POINT('',(1.98828125,3.71484375));
#7071 = CARTESIAN_POINT('',(2.390625,3.71484375));
#7072 = ( GEOMETRIC_REPRESENTATION_CONTEXT(2) 
PARAMETRIC_REPRESENTATION_CONTEXT() REPRESENTATION_CONTEXT('2D SPACE',''
  ) );
#7073 = ORIENTED_EDGE('',*,*,#7074,.T.);
#7074 = EDGE_CURVE('',#7052,#3174,#7075,.T.);
#7075 = SURFACE_CURVE('',#7076,(#7080,#7087),.PCURVE_S1.);
#7076 = LINE('',#7077,#7078);
#7077 = CARTESIAN_POINT('',(2.732421875,-4.115234375,0.));
#7078 = VECTOR('',#7079,1.);
#7079 = DIRECTION('',(0.,0.,1.));
#7080 = PCURVE('',#3266,#7081);
#7081 = DEFINITIONAL_REPRESENTATION('',(#7082),#7086);
#7082 = LINE('',#7083,#7084);
#7083 = CARTESIAN_POINT('',(0.,0.));
#7084 = VECTOR('',#7085,1.);
#7085 = DIRECTION('',(0.,-1.));
#7086 = ( GEOMETRIC_REPRESENTATION_CONTEXT(2) 
PARAMETRIC_REPRESENTATION_CONTEXT() REPRESENTATION_CONTEXT('2D SPACE',''
  ) );
#7087 = PCURVE('',#3211,#7088);
#7088 = DEFINITIONAL_REPRESENTATION('',(#7089),#7093);
#7089 = LINE('',#7090,#7091);
#7090 = CARTESIAN_POINT('',(1.,0.));
#7091 = VECTOR('',#7092,1.);
#7092 = DIRECTION('',(0.,-1.));
#7093 = ( GEOMETRIC_REPRESENTATION_CONTEXT(2) 
PARAMETRIC_REPRESENTATION_CONTEXT() REPRESENTATION_CONTEXT('2D SPACE',''
  ) );
#7094 = ORIENTED_EDGE('',*,*,#3236,.F.);
#7095 = ORIENTED_EDGE('',*,*,#7025,.F.);
#7096 = ADVANCED_FACE('',(#7097),#3211,.F.);
#7097 = FACE_BOUND('',#7098,.F.);
#7098 = EDGE_LOOP('',(#7099,#7122,#7143,#7144));
#7099 = ORIENTED_EDGE('',*,*,#7100,.F.);
#7100 = EDGE_CURVE('',#7101,#7052,#7103,.T.);
#7101 = VERTEX_POINT('',#7102);
#7102 = CARTESIAN_POINT('',(2.111328125,-4.689453125,0.));
#7103 = SURFACE_CURVE('',#7104,(#7108,#7115),.PCURVE_S1.);
#7104 = B_SPLINE_CURVE_WITH_KNOTS('',2,(#7105,#7106,#7107),
  .UNSPECIFIED.,.F.,.F.,(3,3),(0.,1.),.PIECEWISE_BEZIER_KNOTS.);
#7105 = CARTESIAN_POINT('',(2.111328125,-4.689453125,0.));
#7106 = CARTESIAN_POINT('',(2.365234375,-4.302734375,0.));
#7107 = CARTESIAN_POINT('',(2.732421875,-4.115234375,0.));
#7108 = PCURVE('',#3211,#7109);
#7109 = DEFINITIONAL_REPRESENTATION('',(#7110),#7114);
#7110 = LINE('',#7111,#7112);
#7111 = CARTESIAN_POINT('',(0.,0.));
#7112 = VECTOR('',#7113,1.);
#7113 = DIRECTION('',(1.,0.));
#7114 = ( GEOMETRIC_REPRESENTATION_CONTEXT(2) 
PARAMETRIC_REPRESENTATION_CONTEXT() REPRESENTATION_CONTEXT('2D SPACE',''
  ) );
#7115 = PCURVE('',#6341,#7116);
#7116 = DEFINITIONAL_REPRESENTATION('',(#7117),#7121);
#7117 = B_SPLINE_CURVE_WITH_KNOTS('',2,(#7118,#7119,#7120),
  .UNSPECIFIED.,.F.,.F.,(3,3),(0.,1.),.PIECEWISE_BEZIER_KNOTS.);
#7118 = CARTESIAN_POINT('',(1.,2.953125));
#7119 = CARTESIAN_POINT('',(1.25390625,3.33984375));
#7120 = CARTESIAN_POINT('',(1.62109375,3.52734375));
#7121 = ( GEOMETRIC_REPRESENTATION_CONTEXT(2) 
PARAMETRIC_REPRESENTATION_CONTEXT() REPRESENTATION_CONTEXT('2D SPACE',''
  ) );
#7122 = ORIENTED_EDGE('',*,*,#7123,.T.);
#7123 = EDGE_CURVE('',#7101,#3117,#7124,.T.);
#7124 = SURFACE_CURVE('',#7125,(#7129,#7136),.PCURVE_S1.);
#7125 = LINE('',#7126,#7127);
#7126 = CARTESIAN_POINT('',(2.111328125,-4.689453125,0.));
#7127 = VECTOR('',#7128,1.);
#7128 = DIRECTION('',(0.,0.,1.));
#7129 = PCURVE('',#3211,#7130);
#7130 = DEFINITIONAL_REPRESENTATION('',(#7131),#7135);
#7131 = LINE('',#7132,#7133);
#7132 = CARTESIAN_POINT('',(0.,0.));
#7133 = VECTOR('',#7134,1.);
#7134 = DIRECTION('',(0.,-1.));
#7135 = ( GEOMETRIC_REPRESENTATION_CONTEXT(2) 
PARAMETRIC_REPRESENTATION_CONTEXT() REPRESENTATION_CONTEXT('2D SPACE',''
  ) );
#7136 = PCURVE('',#3150,#7137);
#7137 = DEFINITIONAL_REPRESENTATION('',(#7138),#7142);
#7138 = LINE('',#7139,#7140);
#7139 = CARTESIAN_POINT('',(1.,0.));
#7140 = VECTOR('',#7141,1.);
#7141 = DIRECTION('',(0.,-1.));
#7142 = ( GEOMETRIC_REPRESENTATION_CONTEXT(2) 
PARAMETRIC_REPRESENTATION_CONTEXT() REPRESENTATION_CONTEXT('2D SPACE',''
  ) );
#7143 = ORIENTED_EDGE('',*,*,#3173,.F.);
#7144 = ORIENTED_EDGE('',*,*,#7074,.F.);
#7145 = ADVANCED_FACE('',(#7146),#3150,.F.);
#7146 = FACE_BOUND('',#7147,.F.);
#7147 = EDGE_LOOP('',(#7148,#7171,#7192,#7193));
#7148 = ORIENTED_EDGE('',*,*,#7149,.F.);
#7149 = EDGE_CURVE('',#7150,#7101,#7152,.T.);
#7150 = VERTEX_POINT('',#7151);
#7151 = CARTESIAN_POINT('',(2.310546875,-3.365234375,0.));
#7152 = SURFACE_CURVE('',#7153,(#7157,#7164),.PCURVE_S1.);
#7153 = B_SPLINE_CURVE_WITH_KNOTS('',2,(#7154,#7155,#7156),
  .UNSPECIFIED.,.F.,.F.,(3,3),(0.,1.),.PIECEWISE_BEZIER_KNOTS.);
#7154 = CARTESIAN_POINT('',(2.310546875,-3.365234375,0.));
#7155 = CARTESIAN_POINT('',(2.119140625,-3.830078125,0.));
#7156 = CARTESIAN_POINT('',(2.111328125,-4.689453125,0.));
#7157 = PCURVE('',#3150,#7158);
#7158 = DEFINITIONAL_REPRESENTATION('',(#7159),#7163);
#7159 = LINE('',#7160,#7161);
#7160 = CARTESIAN_POINT('',(0.,0.));
#7161 = VECTOR('',#7162,1.);
#7162 = DIRECTION('',(1.,0.));
#7163 = ( GEOMETRIC_REPRESENTATION_CONTEXT(2) 
PARAMETRIC_REPRESENTATION_CONTEXT() REPRESENTATION_CONTEXT('2D SPACE',''
  ) );
#7164 = PCURVE('',#6341,#7165);
#7165 = DEFINITIONAL_REPRESENTATION('',(#7166),#7170);
#7166 = B_SPLINE_CURVE_WITH_KNOTS('',2,(#7167,#7168,#7169),
  .UNSPECIFIED.,.F.,.F.,(3,3),(0.,1.),.PIECEWISE_BEZIER_KNOTS.);
#7167 = CARTESIAN_POINT('',(1.19921875,4.27734375));
#7168 = CARTESIAN_POINT('',(1.0078125,3.8125));
#7169 = CARTESIAN_POINT('',(1.,2.953125));
#7170 = ( GEOMETRIC_REPRESENTATION_CONTEXT(2) 
PARAMETRIC_REPRESENTATION_CONTEXT() REPRESENTATION_CONTEXT('2D SPACE',''
  ) );
#7171 = ORIENTED_EDGE('',*,*,#7172,.T.);
#7172 = EDGE_CURVE('',#7150,#3066,#7173,.T.);
#7173 = SURFACE_CURVE('',#7174,(#7178,#7185),.PCURVE_S1.);
#7174 = LINE('',#7175,#7176);
#7175 = CARTESIAN_POINT('',(2.310546875,-3.365234375,0.));
#7176 = VECTOR('',#7177,1.);
#7177 = DIRECTION('',(0.,0.,1.));
#7178 = PCURVE('',#3150,#7179);
#7179 = DEFINITIONAL_REPRESENTATION('',(#7180),#7184);
#7180 = LINE('',#7181,#7182);
#7181 = CARTESIAN_POINT('',(0.,0.));
#7182 = VECTOR('',#7183,1.);
#7183 = DIRECTION('',(0.,-1.));
#7184 = ( GEOMETRIC_REPRESENTATION_CONTEXT(2) 
PARAMETRIC_REPRESENTATION_CONTEXT() REPRESENTATION_CONTEXT('2D SPACE',''
  ) );
#7185 = PCURVE('',#3095,#7186);
#7186 = DEFINITIONAL_REPRESENTATION('',(#7187),#7191);
#7187 = LINE('',#7188,#7189);
#7188 = CARTESIAN_POINT('',(1.,0.));
#7189 = VECTOR('',#7190,1.);
#7190 = DIRECTION('',(0.,-1.));
#7191 = ( GEOMETRIC_REPRESENTATION_CONTEXT(2) 
PARAMETRIC_REPRESENTATION_CONTEXT() REPRESENTATION_CONTEXT('2D SPACE',''
  ) );
#7192 = ORIENTED_EDGE('',*,*,#3116,.F.);
#7193 = ORIENTED_EDGE('',*,*,#7123,.F.);
#7194 = ADVANCED_FACE('',(#7195),#3095,.F.);
#7195 = FACE_BOUND('',#7196,.F.);
#7196 = EDGE_LOOP('',(#7197,#7220,#7241,#7242));
#7197 = ORIENTED_EDGE('',*,*,#7198,.F.);
#7198 = EDGE_CURVE('',#7199,#7150,#7201,.T.);
#7199 = VERTEX_POINT('',#7200);
#7200 = CARTESIAN_POINT('',(2.833984375,-2.658203125,0.));
#7201 = SURFACE_CURVE('',#7202,(#7206,#7213),.PCURVE_S1.);
#7202 = B_SPLINE_CURVE_WITH_KNOTS('',2,(#7203,#7204,#7205),
  .UNSPECIFIED.,.F.,.F.,(3,3),(0.,1.),.PIECEWISE_BEZIER_KNOTS.);
#7203 = CARTESIAN_POINT('',(2.833984375,-2.658203125,0.));
#7204 = CARTESIAN_POINT('',(2.501953125,-2.900390625,0.));
#7205 = CARTESIAN_POINT('',(2.310546875,-3.365234375,0.));
#7206 = PCURVE('',#3095,#7207);
#7207 = DEFINITIONAL_REPRESENTATION('',(#7208),#7212);
#7208 = LINE('',#7209,#7210);
#7209 = CARTESIAN_POINT('',(0.,0.));
#7210 = VECTOR('',#7211,1.);
#7211 = DIRECTION('',(1.,0.));
#7212 = ( GEOMETRIC_REPRESENTATION_CONTEXT(2) 
PARAMETRIC_REPRESENTATION_CONTEXT() REPRESENTATION_CONTEXT('2D SPACE',''
  ) );
#7213 = PCURVE('',#6341,#7214);
#7214 = DEFINITIONAL_REPRESENTATION('',(#7215),#7219);
#7215 = B_SPLINE_CURVE_WITH_KNOTS('',2,(#7216,#7217,#7218),
  .UNSPECIFIED.,.F.,.F.,(3,3),(0.,1.),.PIECEWISE_BEZIER_KNOTS.);
#7216 = CARTESIAN_POINT('',(1.72265625,4.984375));
#7217 = CARTESIAN_POINT('',(1.390625,4.7421875));
#7218 = CARTESIAN_POINT('',(1.19921875,4.27734375));
#7219 = ( GEOMETRIC_REPRESENTATION_CONTEXT(2) 
PARAMETRIC_REPRESENTATION_CONTEXT() REPRESENTATION_CONTEXT('2D SPACE',''
  ) );
#7220 = ORIENTED_EDGE('',*,*,#7221,.T.);
#7221 = EDGE_CURVE('',#7199,#3015,#7222,.T.);
#7222 = SURFACE_CURVE('',#7223,(#7227,#7234),.PCURVE_S1.);
#7223 = LINE('',#7224,#7225);
#7224 = CARTESIAN_POINT('',(2.833984375,-2.658203125,0.));
#7225 = VECTOR('',#7226,1.);
#7226 = DIRECTION('',(0.,0.,1.));
#7227 = PCURVE('',#3095,#7228);
#7228 = DEFINITIONAL_REPRESENTATION('',(#7229),#7233);
#7229 = LINE('',#7230,#7231);
#7230 = CARTESIAN_POINT('',(0.,0.));
#7231 = VECTOR('',#7232,1.);
#7232 = DIRECTION('',(0.,-1.));
#7233 = ( GEOMETRIC_REPRESENTATION_CONTEXT(2) 
PARAMETRIC_REPRESENTATION_CONTEXT() REPRESENTATION_CONTEXT('2D SPACE',''
  ) );
#7234 = PCURVE('',#3044,#7235);
#7235 = DEFINITIONAL_REPRESENTATION('',(#7236),#7240);
#7236 = LINE('',#7237,#7238);
#7237 = CARTESIAN_POINT('',(1.,0.));
#7238 = VECTOR('',#7239,1.);
#7239 = DIRECTION('',(0.,-1.));
#7240 = ( GEOMETRIC_REPRESENTATION_CONTEXT(2) 
PARAMETRIC_REPRESENTATION_CONTEXT() REPRESENTATION_CONTEXT('2D SPACE',''
  ) );
#7241 = ORIENTED_EDGE('',*,*,#3065,.F.);
#7242 = ORIENTED_EDGE('',*,*,#7172,.F.);
#7243 = ADVANCED_FACE('',(#7244),#3044,.F.);
#7244 = FACE_BOUND('',#7245,.F.);
#7245 = EDGE_LOOP('',(#7246,#7269,#7290,#7291));
#7246 = ORIENTED_EDGE('',*,*,#7247,.F.);
#7247 = EDGE_CURVE('',#7248,#7199,#7250,.T.);
#7248 = VERTEX_POINT('',#7249);
#7249 = CARTESIAN_POINT('',(3.423828125,-2.470703125,0.));
#7250 = SURFACE_CURVE('',#7251,(#7255,#7262),.PCURVE_S1.);
#7251 = B_SPLINE_CURVE_WITH_KNOTS('',2,(#7252,#7253,#7254),
  .UNSPECIFIED.,.F.,.F.,(3,3),(0.,1.),.PIECEWISE_BEZIER_KNOTS.);
#7252 = CARTESIAN_POINT('',(3.423828125,-2.470703125,0.));
#7253 = CARTESIAN_POINT('',(3.087890625,-2.470703125,0.));
#7254 = CARTESIAN_POINT('',(2.833984375,-2.658203125,0.));
#7255 = PCURVE('',#3044,#7256);
#7256 = DEFINITIONAL_REPRESENTATION('',(#7257),#7261);
#7257 = LINE('',#7258,#7259);
#7258 = CARTESIAN_POINT('',(0.,0.));
#7259 = VECTOR('',#7260,1.);
#7260 = DIRECTION('',(1.,0.));
#7261 = ( GEOMETRIC_REPRESENTATION_CONTEXT(2) 
PARAMETRIC_REPRESENTATION_CONTEXT() REPRESENTATION_CONTEXT('2D SPACE',''
  ) );
#7262 = PCURVE('',#6341,#7263);
#7263 = DEFINITIONAL_REPRESENTATION('',(#7264),#7268);
#7264 = B_SPLINE_CURVE_WITH_KNOTS('',2,(#7265,#7266,#7267),
  .UNSPECIFIED.,.F.,.F.,(3,3),(0.,1.),.PIECEWISE_BEZIER_KNOTS.);
#7265 = CARTESIAN_POINT('',(2.3125,5.171875));
#7266 = CARTESIAN_POINT('',(1.9765625,5.171875));
#7267 = CARTESIAN_POINT('',(1.72265625,4.984375));
#7268 = ( GEOMETRIC_REPRESENTATION_CONTEXT(2) 
PARAMETRIC_REPRESENTATION_CONTEXT() REPRESENTATION_CONTEXT('2D SPACE',''
  ) );
#7269 = ORIENTED_EDGE('',*,*,#7270,.T.);
#7270 = EDGE_CURVE('',#7248,#2964,#7271,.T.);
#7271 = SURFACE_CURVE('',#7272,(#7276,#7283),.PCURVE_S1.);
#7272 = LINE('',#7273,#7274);
#7273 = CARTESIAN_POINT('',(3.423828125,-2.470703125,0.));
#7274 = VECTOR('',#7275,1.);
#7275 = DIRECTION('',(0.,0.,1.));
#7276 = PCURVE('',#3044,#7277);
#7277 = DEFINITIONAL_REPRESENTATION('',(#7278),#7282);
#7278 = LINE('',#7279,#7280);
#7279 = CARTESIAN_POINT('',(0.,0.));
#7280 = VECTOR('',#7281,1.);
#7281 = DIRECTION('',(0.,-1.));
#7282 = ( GEOMETRIC_REPRESENTATION_CONTEXT(2) 
PARAMETRIC_REPRESENTATION_CONTEXT() REPRESENTATION_CONTEXT('2D SPACE',''
  ) );
#7283 = PCURVE('',#2993,#7284);
#7284 = DEFINITIONAL_REPRESENTATION('',(#7285),#7289);
#7285 = LINE('',#7286,#7287);
#7286 = CARTESIAN_POINT('',(1.,0.));
#7287 = VECTOR('',#7288,1.);
#7288 = DIRECTION('',(0.,-1.));
#7289 = ( GEOMETRIC_REPRESENTATION_CONTEXT(2) 
PARAMETRIC_REPRESENTATION_CONTEXT() REPRESENTATION_CONTEXT('2D SPACE',''
  ) );
#7290 = ORIENTED_EDGE('',*,*,#3014,.F.);
#7291 = ORIENTED_EDGE('',*,*,#7221,.F.);
#7292 = ADVANCED_FACE('',(#7293),#2993,.F.);
#7293 = FACE_BOUND('',#7294,.F.);
#7294 = EDGE_LOOP('',(#7295,#7318,#7339,#7340));
#7295 = ORIENTED_EDGE('',*,*,#7296,.F.);
#7296 = EDGE_CURVE('',#7297,#7248,#7299,.T.);
#7297 = VERTEX_POINT('',#7298);
#7298 = CARTESIAN_POINT('',(4.126953125,-2.771484375,0.));
#7299 = SURFACE_CURVE('',#7300,(#7304,#7311),.PCURVE_S1.);
#7300 = B_SPLINE_CURVE_WITH_KNOTS('',2,(#7301,#7302,#7303),
  .UNSPECIFIED.,.F.,.F.,(3,3),(0.,1.),.PIECEWISE_BEZIER_KNOTS.);
#7301 = CARTESIAN_POINT('',(4.126953125,-2.771484375,0.));
#7302 = CARTESIAN_POINT('',(3.841796875,-2.470703125,0.));
#7303 = CARTESIAN_POINT('',(3.423828125,-2.470703125,0.));
#7304 = PCURVE('',#2993,#7305);
#7305 = DEFINITIONAL_REPRESENTATION('',(#7306),#7310);
#7306 = LINE('',#7307,#7308);
#7307 = CARTESIAN_POINT('',(0.,0.));
#7308 = VECTOR('',#7309,1.);
#7309 = DIRECTION('',(1.,0.));
#7310 = ( GEOMETRIC_REPRESENTATION_CONTEXT(2) 
PARAMETRIC_REPRESENTATION_CONTEXT() REPRESENTATION_CONTEXT('2D SPACE',''
  ) );
#7311 = PCURVE('',#6341,#7312);
#7312 = DEFINITIONAL_REPRESENTATION('',(#7313),#7317);
#7313 = B_SPLINE_CURVE_WITH_KNOTS('',2,(#7314,#7315,#7316),
  .UNSPECIFIED.,.F.,.F.,(3,3),(0.,1.),.PIECEWISE_BEZIER_KNOTS.);
#7314 = CARTESIAN_POINT('',(3.015625,4.87109375));
#7315 = CARTESIAN_POINT('',(2.73046875,5.171875));
#7316 = CARTESIAN_POINT('',(2.3125,5.171875));
#7317 = ( GEOMETRIC_REPRESENTATION_CONTEXT(2) 
PARAMETRIC_REPRESENTATION_CONTEXT() REPRESENTATION_CONTEXT('2D SPACE',''
  ) );
#7318 = ORIENTED_EDGE('',*,*,#7319,.T.);
#7319 = EDGE_CURVE('',#7297,#2922,#7320,.T.);
#7320 = SURFACE_CURVE('',#7321,(#7325,#7332),.PCURVE_S1.);
#7321 = LINE('',#7322,#7323);
#7322 = CARTESIAN_POINT('',(4.126953125,-2.771484375,0.));
#7323 = VECTOR('',#7324,1.);
#7324 = DIRECTION('',(0.,0.,1.));
#7325 = PCURVE('',#2993,#7326);
#7326 = DEFINITIONAL_REPRESENTATION('',(#7327),#7331);
#7327 = LINE('',#7328,#7329);
#7328 = CARTESIAN_POINT('',(0.,0.));
#7329 = VECTOR('',#7330,1.);
#7330 = DIRECTION('',(0.,-1.));
#7331 = ( GEOMETRIC_REPRESENTATION_CONTEXT(2) 
PARAMETRIC_REPRESENTATION_CONTEXT() REPRESENTATION_CONTEXT('2D SPACE',''
  ) );
#7332 = PCURVE('',#2945,#7333);
#7333 = DEFINITIONAL_REPRESENTATION('',(#7334),#7338);
#7334 = LINE('',#7335,#7336);
#7335 = CARTESIAN_POINT('',(1.,0.));
#7336 = VECTOR('',#7337,1.);
#7337 = DIRECTION('',(0.,-1.));
#7338 = ( GEOMETRIC_REPRESENTATION_CONTEXT(2) 
PARAMETRIC_REPRESENTATION_CONTEXT() REPRESENTATION_CONTEXT('2D SPACE',''
  ) );
#7339 = ORIENTED_EDGE('',*,*,#2963,.F.);
#7340 = ORIENTED_EDGE('',*,*,#7270,.F.);
#7341 = ADVANCED_FACE('',(#7342),#2945,.F.);
#7342 = FACE_BOUND('',#7343,.F.);
#7343 = EDGE_LOOP('',(#7344,#7367,#7388,#7389));
#7344 = ORIENTED_EDGE('',*,*,#7345,.F.);
#7345 = EDGE_CURVE('',#7346,#7297,#7348,.T.);
#7346 = VERTEX_POINT('',#7347);
#7347 = CARTESIAN_POINT('',(4.392578125,-3.373046875,0.));
#7348 = SURFACE_CURVE('',#7349,(#7353,#7360),.PCURVE_S1.);
#7349 = B_SPLINE_CURVE_WITH_KNOTS('',2,(#7350,#7351,#7352),
  .UNSPECIFIED.,.F.,.F.,(3,3),(0.,1.),.PIECEWISE_BEZIER_KNOTS.);
#7350 = CARTESIAN_POINT('',(4.392578125,-3.373046875,0.));
#7351 = CARTESIAN_POINT('',(4.298828125,-2.958984375,0.));
#7352 = CARTESIAN_POINT('',(4.126953125,-2.771484375,0.));
#7353 = PCURVE('',#2945,#7354);
#7354 = DEFINITIONAL_REPRESENTATION('',(#7355),#7359);
#7355 = LINE('',#7356,#7357);
#7356 = CARTESIAN_POINT('',(0.,0.));
#7357 = VECTOR('',#7358,1.);
#7358 = DIRECTION('',(1.,0.));
#7359 = ( GEOMETRIC_REPRESENTATION_CONTEXT(2) 
PARAMETRIC_REPRESENTATION_CONTEXT() REPRESENTATION_CONTEXT('2D SPACE',''
  ) );
#7360 = PCURVE('',#6341,#7361);
#7361 = DEFINITIONAL_REPRESENTATION('',(#7362),#7366);
#7362 = B_SPLINE_CURVE_WITH_KNOTS('',2,(#7363,#7364,#7365),
  .UNSPECIFIED.,.F.,.F.,(3,3),(0.,1.),.PIECEWISE_BEZIER_KNOTS.);
#7363 = CARTESIAN_POINT('',(3.28125,4.26953125));
#7364 = CARTESIAN_POINT('',(3.1875,4.68359375));
#7365 = CARTESIAN_POINT('',(3.015625,4.87109375));
#7366 = ( GEOMETRIC_REPRESENTATION_CONTEXT(2) 
PARAMETRIC_REPRESENTATION_CONTEXT() REPRESENTATION_CONTEXT('2D SPACE',''
  ) );
#7367 = ORIENTED_EDGE('',*,*,#7368,.T.);
#7368 = EDGE_CURVE('',#7346,#2896,#7369,.T.);
#7369 = SURFACE_CURVE('',#7370,(#7374,#7381),.PCURVE_S1.);
#7370 = LINE('',#7371,#7372);
#7371 = CARTESIAN_POINT('',(4.392578125,-3.373046875,0.));
#7372 = VECTOR('',#7373,1.);
#7373 = DIRECTION('',(0.,0.,1.));
#7374 = PCURVE('',#2945,#7375);
#7375 = DEFINITIONAL_REPRESENTATION('',(#7376),#7380);
#7376 = LINE('',#7377,#7378);
#7377 = CARTESIAN_POINT('',(0.,0.));
#7378 = VECTOR('',#7379,1.);
#7379 = DIRECTION('',(0.,-1.));
#7380 = ( GEOMETRIC_REPRESENTATION_CONTEXT(2) 
PARAMETRIC_REPRESENTATION_CONTEXT() REPRESENTATION_CONTEXT('2D SPACE',''
  ) );
#7381 = PCURVE('',#2910,#7382);
#7382 = DEFINITIONAL_REPRESENTATION('',(#7383),#7387);
#7383 = LINE('',#7384,#7385);
#7384 = CARTESIAN_POINT('',(0.701354106716,0.));
#7385 = VECTOR('',#7386,1.);
#7386 = DIRECTION('',(0.,-1.));
#7387 = ( GEOMETRIC_REPRESENTATION_CONTEXT(2) 
PARAMETRIC_REPRESENTATION_CONTEXT() REPRESENTATION_CONTEXT('2D SPACE',''
  ) );
#7388 = ORIENTED_EDGE('',*,*,#2921,.F.);
#7389 = ORIENTED_EDGE('',*,*,#7319,.F.);
#7390 = ADVANCED_FACE('',(#7391),#2910,.F.);
#7391 = FACE_BOUND('',#7392,.F.);
#7392 = EDGE_LOOP('',(#7393,#7416,#7437,#7438));
#7393 = ORIENTED_EDGE('',*,*,#7394,.F.);
#7394 = EDGE_CURVE('',#7395,#7346,#7397,.T.);
#7395 = VERTEX_POINT('',#7396);
#7396 = CARTESIAN_POINT('',(5.091796875,-3.318359375,0.));
#7397 = SURFACE_CURVE('',#7398,(#7402,#7409),.PCURVE_S1.);
#7398 = LINE('',#7399,#7400);
#7399 = CARTESIAN_POINT('',(5.091796875,-3.318359375,0.));
#7400 = VECTOR('',#7401,1.);
#7401 = DIRECTION('',(-0.996955380034,-7.797416380157E-02,0.));
#7402 = PCURVE('',#2910,#7403);
#7403 = DEFINITIONAL_REPRESENTATION('',(#7404),#7408);
#7404 = LINE('',#7405,#7406);
#7405 = CARTESIAN_POINT('',(0.,0.));
#7406 = VECTOR('',#7407,1.);
#7407 = DIRECTION('',(1.,0.));
#7408 = ( GEOMETRIC_REPRESENTATION_CONTEXT(2) 
PARAMETRIC_REPRESENTATION_CONTEXT() REPRESENTATION_CONTEXT('2D SPACE',''
  ) );
#7409 = PCURVE('',#6341,#7410);
#7410 = DEFINITIONAL_REPRESENTATION('',(#7411),#7415);
#7411 = LINE('',#7412,#7413);
#7412 = CARTESIAN_POINT('',(3.98046875,4.32421875));
#7413 = VECTOR('',#7414,1.);
#7414 = DIRECTION('',(-0.996955380034,-7.797416380157E-02));
#7415 = ( GEOMETRIC_REPRESENTATION_CONTEXT(2) 
PARAMETRIC_REPRESENTATION_CONTEXT() REPRESENTATION_CONTEXT('2D SPACE',''
  ) );
#7416 = ORIENTED_EDGE('',*,*,#7417,.T.);
#7417 = EDGE_CURVE('',#7395,#2839,#7418,.T.);
#7418 = SURFACE_CURVE('',#7419,(#7423,#7430),.PCURVE_S1.);
#7419 = LINE('',#7420,#7421);
#7420 = CARTESIAN_POINT('',(5.091796875,-3.318359375,0.));
#7421 = VECTOR('',#7422,1.);
#7422 = DIRECTION('',(0.,0.,1.));
#7423 = PCURVE('',#2910,#7424);
#7424 = DEFINITIONAL_REPRESENTATION('',(#7425),#7429);
#7425 = LINE('',#7426,#7427);
#7426 = CARTESIAN_POINT('',(0.,0.));
#7427 = VECTOR('',#7428,1.);
#7428 = DIRECTION('',(0.,-1.));
#7429 = ( GEOMETRIC_REPRESENTATION_CONTEXT(2) 
PARAMETRIC_REPRESENTATION_CONTEXT() REPRESENTATION_CONTEXT('2D SPACE',''
  ) );
#7430 = PCURVE('',#2872,#7431);
#7431 = DEFINITIONAL_REPRESENTATION('',(#7432),#7436);
#7432 = LINE('',#7433,#7434);
#7433 = CARTESIAN_POINT('',(1.,0.));
#7434 = VECTOR('',#7435,1.);
#7435 = DIRECTION('',(0.,-1.));
#7436 = ( GEOMETRIC_REPRESENTATION_CONTEXT(2) 
PARAMETRIC_REPRESENTATION_CONTEXT() REPRESENTATION_CONTEXT('2D SPACE',''
  ) );
#7437 = ORIENTED_EDGE('',*,*,#2895,.F.);
#7438 = ORIENTED_EDGE('',*,*,#7368,.F.);
#7439 = ADVANCED_FACE('',(#7440),#2872,.F.);
#7440 = FACE_BOUND('',#7441,.F.);
#7441 = EDGE_LOOP('',(#7442,#7463,#7464,#7465));
#7442 = ORIENTED_EDGE('',*,*,#7443,.F.);
#7443 = EDGE_CURVE('',#6325,#7395,#7444,.T.);
#7444 = SURFACE_CURVE('',#7445,(#7449,#7456),.PCURVE_S1.);
#7445 = B_SPLINE_CURVE_WITH_KNOTS('',2,(#7446,#7447,#7448),
  .UNSPECIFIED.,.F.,.F.,(3,3),(0.,1.),.PIECEWISE_BEZIER_KNOTS.);
#7446 = CARTESIAN_POINT('',(4.57421875,-2.271484375,0.));
#7447 = CARTESIAN_POINT('',(5.005859375,-2.650390625,0.));
#7448 = CARTESIAN_POINT('',(5.091796875,-3.318359375,0.));
#7449 = PCURVE('',#2872,#7450);
#7450 = DEFINITIONAL_REPRESENTATION('',(#7451),#7455);
#7451 = LINE('',#7452,#7453);
#7452 = CARTESIAN_POINT('',(0.,0.));
#7453 = VECTOR('',#7454,1.);
#7454 = DIRECTION('',(1.,0.));
#7455 = ( GEOMETRIC_REPRESENTATION_CONTEXT(2) 
PARAMETRIC_REPRESENTATION_CONTEXT() REPRESENTATION_CONTEXT('2D SPACE',''
  ) );
#7456 = PCURVE('',#6341,#7457);
#7457 = DEFINITIONAL_REPRESENTATION('',(#7458),#7462);
#7458 = B_SPLINE_CURVE_WITH_KNOTS('',2,(#7459,#7460,#7461),
  .UNSPECIFIED.,.F.,.F.,(3,3),(0.,1.),.PIECEWISE_BEZIER_KNOTS.);
#7459 = CARTESIAN_POINT('',(3.462890625,5.37109375));
#7460 = CARTESIAN_POINT('',(3.89453125,4.9921875));
#7461 = CARTESIAN_POINT('',(3.98046875,4.32421875));
#7462 = ( GEOMETRIC_REPRESENTATION_CONTEXT(2) 
PARAMETRIC_REPRESENTATION_CONTEXT() REPRESENTATION_CONTEXT('2D SPACE',''
  ) );
#7463 = ORIENTED_EDGE('',*,*,#6357,.F.);
#7464 = ORIENTED_EDGE('',*,*,#2838,.F.);
#7465 = ORIENTED_EDGE('',*,*,#7417,.F.);
#7466 = ADVANCED_FACE('',(#7467),#2799,.F.);
#7467 = FACE_BOUND('',#7468,.F.);
#7468 = EDGE_LOOP('',(#7469,#7492,#7513,#7514));
#7469 = ORIENTED_EDGE('',*,*,#7470,.F.);
#7470 = EDGE_CURVE('',#7471,#6389,#7473,.T.);
#7471 = VERTEX_POINT('',#7472);
#7472 = CARTESIAN_POINT('',(5.662109375,-5.626953125,0.));
#7473 = SURFACE_CURVE('',#7474,(#7478,#7485),.PCURVE_S1.);
#7474 = LINE('',#7475,#7476);
#7475 = CARTESIAN_POINT('',(5.662109375,-5.626953125,0.));
#7476 = VECTOR('',#7477,1.);
#7477 = DIRECTION('',(0.575770516134,0.817611345781,0.));
#7478 = PCURVE('',#2799,#7479);
#7479 = DEFINITIONAL_REPRESENTATION('',(#7480),#7484);
#7480 = LINE('',#7481,#7482);
#7481 = CARTESIAN_POINT('',(0.,0.));
#7482 = VECTOR('',#7483,1.);
#7483 = DIRECTION('',(1.,0.));
#7484 = ( GEOMETRIC_REPRESENTATION_CONTEXT(2) 
PARAMETRIC_REPRESENTATION_CONTEXT() REPRESENTATION_CONTEXT('2D SPACE',''
  ) );
#7485 = PCURVE('',#6426,#7486);
#7486 = DEFINITIONAL_REPRESENTATION('',(#7487),#7491);
#7487 = LINE('',#7488,#7489);
#7488 = CARTESIAN_POINT('',(0.1015625,2.015625));
#7489 = VECTOR('',#7490,1.);
#7490 = DIRECTION('',(0.575770516134,0.817611345781));
#7491 = ( GEOMETRIC_REPRESENTATION_CONTEXT(2) 
PARAMETRIC_REPRESENTATION_CONTEXT() REPRESENTATION_CONTEXT('2D SPACE',''
  ) );
#7492 = ORIENTED_EDGE('',*,*,#7493,.T.);
#7493 = EDGE_CURVE('',#7471,#2759,#7494,.T.);
#7494 = SURFACE_CURVE('',#7495,(#7499,#7506),.PCURVE_S1.);
#7495 = LINE('',#7496,#7497);
#7496 = CARTESIAN_POINT('',(5.662109375,-5.626953125,0.));
#7497 = VECTOR('',#7498,1.);
#7498 = DIRECTION('',(0.,0.,1.));
#7499 = PCURVE('',#2799,#7500);
#7500 = DEFINITIONAL_REPRESENTATION('',(#7501),#7505);
#7501 = LINE('',#7502,#7503);
#7502 = CARTESIAN_POINT('',(0.,0.));
#7503 = VECTOR('',#7504,1.);
#7504 = DIRECTION('',(0.,-1.));
#7505 = ( GEOMETRIC_REPRESENTATION_CONTEXT(2) 
PARAMETRIC_REPRESENTATION_CONTEXT() REPRESENTATION_CONTEXT('2D SPACE',''
  ) );
#7506 = PCURVE('',#2773,#7507);
#7507 = DEFINITIONAL_REPRESENTATION('',(#7508),#7512);
#7508 = LINE('',#7509,#7510);
#7509 = CARTESIAN_POINT('',(0.64453125,0.));
#7510 = VECTOR('',#7511,1.);
#7511 = DIRECTION('',(0.,-1.));
#7512 = ( GEOMETRIC_REPRESENTATION_CONTEXT(2) 
PARAMETRIC_REPRESENTATION_CONTEXT() REPRESENTATION_CONTEXT('2D SPACE',''
  ) );
#7513 = ORIENTED_EDGE('',*,*,#2784,.F.);
#7514 = ORIENTED_EDGE('',*,*,#6388,.T.);
#7515 = ADVANCED_FACE('',(#7516),#2773,.F.);
#7516 = FACE_BOUND('',#7517,.F.);
#7517 = EDGE_LOOP('',(#7518,#7541,#7562,#7563));
#7518 = ORIENTED_EDGE('',*,*,#7519,.F.);
#7519 = EDGE_CURVE('',#7520,#7471,#7522,.T.);
#7520 = VERTEX_POINT('',#7521);
#7521 = CARTESIAN_POINT('',(5.662109375,-6.271484375,0.));
#7522 = SURFACE_CURVE('',#7523,(#7527,#7534),.PCURVE_S1.);
#7523 = LINE('',#7524,#7525);
#7524 = CARTESIAN_POINT('',(5.662109375,-6.271484375,0.));
#7525 = VECTOR('',#7526,1.);
#7526 = DIRECTION('',(0.,1.,0.));
#7527 = PCURVE('',#2773,#7528);
#7528 = DEFINITIONAL_REPRESENTATION('',(#7529),#7533);
#7529 = LINE('',#7530,#7531);
#7530 = CARTESIAN_POINT('',(0.,0.));
#7531 = VECTOR('',#7532,1.);
#7532 = DIRECTION('',(1.,0.));
#7533 = ( GEOMETRIC_REPRESENTATION_CONTEXT(2) 
PARAMETRIC_REPRESENTATION_CONTEXT() REPRESENTATION_CONTEXT('2D SPACE',''
  ) );
#7534 = PCURVE('',#6426,#7535);
#7535 = DEFINITIONAL_REPRESENTATION('',(#7536),#7540);
#7536 = LINE('',#7537,#7538);
#7537 = CARTESIAN_POINT('',(0.1015625,1.37109375));
#7538 = VECTOR('',#7539,1.);
#7539 = DIRECTION('',(0.,1.));
#7540 = ( GEOMETRIC_REPRESENTATION_CONTEXT(2) 
PARAMETRIC_REPRESENTATION_CONTEXT() REPRESENTATION_CONTEXT('2D SPACE',''
  ) );
#7541 = ORIENTED_EDGE('',*,*,#7542,.T.);
#7542 = EDGE_CURVE('',#7520,#2733,#7543,.T.);
#7543 = SURFACE_CURVE('',#7544,(#7548,#7555),.PCURVE_S1.);
#7544 = LINE('',#7545,#7546);
#7545 = CARTESIAN_POINT('',(5.662109375,-6.271484375,0.));
#7546 = VECTOR('',#7547,1.);
#7547 = DIRECTION('',(0.,0.,1.));
#7548 = PCURVE('',#2773,#7549);
#7549 = DEFINITIONAL_REPRESENTATION('',(#7550),#7554);
#7550 = LINE('',#7551,#7552);
#7551 = CARTESIAN_POINT('',(0.,0.));
#7552 = VECTOR('',#7553,1.);
#7553 = DIRECTION('',(0.,-1.));
#7554 = ( GEOMETRIC_REPRESENTATION_CONTEXT(2) 
PARAMETRIC_REPRESENTATION_CONTEXT() REPRESENTATION_CONTEXT('2D SPACE',''
  ) );
#7555 = PCURVE('',#2747,#7556);
#7556 = DEFINITIONAL_REPRESENTATION('',(#7557),#7561);
#7557 = LINE('',#7558,#7559);
#7558 = CARTESIAN_POINT('',(2.484375,0.));
#7559 = VECTOR('',#7560,1.);
#7560 = DIRECTION('',(0.,-1.));
#7561 = ( GEOMETRIC_REPRESENTATION_CONTEXT(2) 
PARAMETRIC_REPRESENTATION_CONTEXT() REPRESENTATION_CONTEXT('2D SPACE',''
  ) );
#7562 = ORIENTED_EDGE('',*,*,#2758,.F.);
#7563 = ORIENTED_EDGE('',*,*,#7493,.F.);
#7564 = ADVANCED_FACE('',(#7565),#2747,.F.);
#7565 = FACE_BOUND('',#7566,.F.);
#7566 = EDGE_LOOP('',(#7567,#7590,#7611,#7612));
#7567 = ORIENTED_EDGE('',*,*,#7568,.F.);
#7568 = EDGE_CURVE('',#7569,#7520,#7571,.T.);
#7569 = VERTEX_POINT('',#7570);
#7570 = CARTESIAN_POINT('',(8.146484375,-6.271484375,0.));
#7571 = SURFACE_CURVE('',#7572,(#7576,#7583),.PCURVE_S1.);
#7572 = LINE('',#7573,#7574);
#7573 = CARTESIAN_POINT('',(8.146484375,-6.271484375,0.));
#7574 = VECTOR('',#7575,1.);
#7575 = DIRECTION('',(-1.,0.,0.));
#7576 = PCURVE('',#2747,#7577);
#7577 = DEFINITIONAL_REPRESENTATION('',(#7578),#7582);
#7578 = LINE('',#7579,#7580);
#7579 = CARTESIAN_POINT('',(0.,-0.));
#7580 = VECTOR('',#7581,1.);
#7581 = DIRECTION('',(1.,0.));
#7582 = ( GEOMETRIC_REPRESENTATION_CONTEXT(2) 
PARAMETRIC_REPRESENTATION_CONTEXT() REPRESENTATION_CONTEXT('2D SPACE',''
  ) );
#7583 = PCURVE('',#6426,#7584);
#7584 = DEFINITIONAL_REPRESENTATION('',(#7585),#7589);
#7585 = LINE('',#7586,#7587);
#7586 = CARTESIAN_POINT('',(2.5859375,1.37109375));
#7587 = VECTOR('',#7588,1.);
#7588 = DIRECTION('',(-1.,0.));
#7589 = ( GEOMETRIC_REPRESENTATION_CONTEXT(2) 
PARAMETRIC_REPRESENTATION_CONTEXT() REPRESENTATION_CONTEXT('2D SPACE',''
  ) );
#7590 = ORIENTED_EDGE('',*,*,#7591,.T.);
#7591 = EDGE_CURVE('',#7569,#2707,#7592,.T.);
#7592 = SURFACE_CURVE('',#7593,(#7597,#7604),.PCURVE_S1.);
#7593 = LINE('',#7594,#7595);
#7594 = CARTESIAN_POINT('',(8.146484375,-6.271484375,0.));
#7595 = VECTOR('',#7596,1.);
#7596 = DIRECTION('',(0.,0.,1.));
#7597 = PCURVE('',#2747,#7598);
#7598 = DEFINITIONAL_REPRESENTATION('',(#7599),#7603);
#7599 = LINE('',#7600,#7601);
#7600 = CARTESIAN_POINT('',(0.,-0.));
#7601 = VECTOR('',#7602,1.);
#7602 = DIRECTION('',(0.,-1.));
#7603 = ( GEOMETRIC_REPRESENTATION_CONTEXT(2) 
PARAMETRIC_REPRESENTATION_CONTEXT() REPRESENTATION_CONTEXT('2D SPACE',''
  ) );
#7604 = PCURVE('',#2721,#7605);
#7605 = DEFINITIONAL_REPRESENTATION('',(#7606),#7610);
#7606 = LINE('',#7607,#7608);
#7607 = CARTESIAN_POINT('',(1.37109375,0.));
#7608 = VECTOR('',#7609,1.);
#7609 = DIRECTION('',(0.,-1.));
#7610 = ( GEOMETRIC_REPRESENTATION_CONTEXT(2) 
PARAMETRIC_REPRESENTATION_CONTEXT() REPRESENTATION_CONTEXT('2D SPACE',''
  ) );
#7611 = ORIENTED_EDGE('',*,*,#2732,.F.);
#7612 = ORIENTED_EDGE('',*,*,#7542,.F.);
#7613 = ADVANCED_FACE('',(#7614),#2721,.F.);
#7614 = FACE_BOUND('',#7615,.F.);
#7615 = EDGE_LOOP('',(#7616,#7639,#7660,#7661));
#7616 = ORIENTED_EDGE('',*,*,#7617,.F.);
#7617 = EDGE_CURVE('',#7618,#7569,#7620,.T.);
#7618 = VERTEX_POINT('',#7619);
#7619 = CARTESIAN_POINT('',(8.146484375,-7.642578125,0.));
#7620 = SURFACE_CURVE('',#7621,(#7625,#7632),.PCURVE_S1.);
#7621 = LINE('',#7622,#7623);
#7622 = CARTESIAN_POINT('',(8.146484375,-7.642578125,0.));
#7623 = VECTOR('',#7624,1.);
#7624 = DIRECTION('',(0.,1.,0.));
#7625 = PCURVE('',#2721,#7626);
#7626 = DEFINITIONAL_REPRESENTATION('',(#7627),#7631);
#7627 = LINE('',#7628,#7629);
#7628 = CARTESIAN_POINT('',(0.,0.));
#7629 = VECTOR('',#7630,1.);
#7630 = DIRECTION('',(1.,0.));
#7631 = ( GEOMETRIC_REPRESENTATION_CONTEXT(2) 
PARAMETRIC_REPRESENTATION_CONTEXT() REPRESENTATION_CONTEXT('2D SPACE',''
  ) );
#7632 = PCURVE('',#6426,#7633);
#7633 = DEFINITIONAL_REPRESENTATION('',(#7634),#7638);
#7634 = LINE('',#7635,#7636);
#7635 = CARTESIAN_POINT('',(2.5859375,0.));
#7636 = VECTOR('',#7637,1.);
#7637 = DIRECTION('',(0.,1.));
#7638 = ( GEOMETRIC_REPRESENTATION_CONTEXT(2) 
PARAMETRIC_REPRESENTATION_CONTEXT() REPRESENTATION_CONTEXT('2D SPACE',''
  ) );
#7639 = ORIENTED_EDGE('',*,*,#7640,.T.);
#7640 = EDGE_CURVE('',#7618,#2681,#7641,.T.);
#7641 = SURFACE_CURVE('',#7642,(#7646,#7653),.PCURVE_S1.);
#7642 = LINE('',#7643,#7644);
#7643 = CARTESIAN_POINT('',(8.146484375,-7.642578125,0.));
#7644 = VECTOR('',#7645,1.);
#7645 = DIRECTION('',(0.,0.,1.));
#7646 = PCURVE('',#2721,#7647);
#7647 = DEFINITIONAL_REPRESENTATION('',(#7648),#7652);
#7648 = LINE('',#7649,#7650);
#7649 = CARTESIAN_POINT('',(0.,0.));
#7650 = VECTOR('',#7651,1.);
#7651 = DIRECTION('',(0.,-1.));
#7652 = ( GEOMETRIC_REPRESENTATION_CONTEXT(2) 
PARAMETRIC_REPRESENTATION_CONTEXT() REPRESENTATION_CONTEXT('2D SPACE',''
  ) );
#7653 = PCURVE('',#2695,#7654);
#7654 = DEFINITIONAL_REPRESENTATION('',(#7655),#7659);
#7655 = LINE('',#7656,#7657);
#7656 = CARTESIAN_POINT('',(0.703125,0.));
#7657 = VECTOR('',#7658,1.);
#7658 = DIRECTION('',(0.,-1.));
#7659 = ( GEOMETRIC_REPRESENTATION_CONTEXT(2) 
PARAMETRIC_REPRESENTATION_CONTEXT() REPRESENTATION_CONTEXT('2D SPACE',''
  ) );
#7660 = ORIENTED_EDGE('',*,*,#2706,.F.);
#7661 = ORIENTED_EDGE('',*,*,#7591,.F.);
#7662 = ADVANCED_FACE('',(#7663),#2695,.F.);
#7663 = FACE_BOUND('',#7664,.F.);
#7664 = EDGE_LOOP('',(#7665,#7688,#7709,#7710));
#7665 = ORIENTED_EDGE('',*,*,#7666,.F.);
#7666 = EDGE_CURVE('',#7667,#7618,#7669,.T.);
#7667 = VERTEX_POINT('',#7668);
#7668 = CARTESIAN_POINT('',(8.849609375,-7.642578125,0.));
#7669 = SURFACE_CURVE('',#7670,(#7674,#7681),.PCURVE_S1.);
#7670 = LINE('',#7671,#7672);
#7671 = CARTESIAN_POINT('',(8.849609375,-7.642578125,0.));
#7672 = VECTOR('',#7673,1.);
#7673 = DIRECTION('',(-1.,0.,0.));
#7674 = PCURVE('',#2695,#7675);
#7675 = DEFINITIONAL_REPRESENTATION('',(#7676),#7680);
#7676 = LINE('',#7677,#7678);
#7677 = CARTESIAN_POINT('',(0.,-0.));
#7678 = VECTOR('',#7679,1.);
#7679 = DIRECTION('',(1.,0.));
#7680 = ( GEOMETRIC_REPRESENTATION_CONTEXT(2) 
PARAMETRIC_REPRESENTATION_CONTEXT() REPRESENTATION_CONTEXT('2D SPACE',''
  ) );
#7681 = PCURVE('',#6426,#7682);
#7682 = DEFINITIONAL_REPRESENTATION('',(#7683),#7687);
#7683 = LINE('',#7684,#7685);
#7684 = CARTESIAN_POINT('',(3.2890625,0.));
#7685 = VECTOR('',#7686,1.);
#7686 = DIRECTION('',(-1.,0.));
#7687 = ( GEOMETRIC_REPRESENTATION_CONTEXT(2) 
PARAMETRIC_REPRESENTATION_CONTEXT() REPRESENTATION_CONTEXT('2D SPACE',''
  ) );
#7688 = ORIENTED_EDGE('',*,*,#7689,.T.);
#7689 = EDGE_CURVE('',#7667,#2655,#7690,.T.);
#7690 = SURFACE_CURVE('',#7691,(#7695,#7702),.PCURVE_S1.);
#7691 = LINE('',#7692,#7693);
#7692 = CARTESIAN_POINT('',(8.849609375,-7.642578125,0.));
#7693 = VECTOR('',#7694,1.);
#7694 = DIRECTION('',(0.,0.,1.));
#7695 = PCURVE('',#2695,#7696);
#7696 = DEFINITIONAL_REPRESENTATION('',(#7697),#7701);
#7697 = LINE('',#7698,#7699);
#7698 = CARTESIAN_POINT('',(0.,-0.));
#7699 = VECTOR('',#7700,1.);
#7700 = DIRECTION('',(0.,-1.));
#7701 = ( GEOMETRIC_REPRESENTATION_CONTEXT(2) 
PARAMETRIC_REPRESENTATION_CONTEXT() REPRESENTATION_CONTEXT('2D SPACE',''
  ) );
#7702 = PCURVE('',#2669,#7703);
#7703 = DEFINITIONAL_REPRESENTATION('',(#7704),#7708);
#7704 = LINE('',#7705,#7706);
#7705 = CARTESIAN_POINT('',(1.37109375,0.));
#7706 = VECTOR('',#7707,1.);
#7707 = DIRECTION('',(0.,-1.));
#7708 = ( GEOMETRIC_REPRESENTATION_CONTEXT(2) 
PARAMETRIC_REPRESENTATION_CONTEXT() REPRESENTATION_CONTEXT('2D SPACE',''
  ) );
#7709 = ORIENTED_EDGE('',*,*,#2680,.F.);
#7710 = ORIENTED_EDGE('',*,*,#7640,.F.);
#7711 = ADVANCED_FACE('',(#7712),#2669,.F.);
#7712 = FACE_BOUND('',#7713,.F.);
#7713 = EDGE_LOOP('',(#7714,#7737,#7758,#7759));
#7714 = ORIENTED_EDGE('',*,*,#7715,.F.);
#7715 = EDGE_CURVE('',#7716,#7667,#7718,.T.);
#7716 = VERTEX_POINT('',#7717);
#7717 = CARTESIAN_POINT('',(8.849609375,-6.271484375,0.));
#7718 = SURFACE_CURVE('',#7719,(#7723,#7730),.PCURVE_S1.);
#7719 = LINE('',#7720,#7721);
#7720 = CARTESIAN_POINT('',(8.849609375,-6.271484375,0.));
#7721 = VECTOR('',#7722,1.);
#7722 = DIRECTION('',(0.,-1.,0.));
#7723 = PCURVE('',#2669,#7724);
#7724 = DEFINITIONAL_REPRESENTATION('',(#7725),#7729);
#7725 = LINE('',#7726,#7727);
#7726 = CARTESIAN_POINT('',(0.,0.));
#7727 = VECTOR('',#7728,1.);
#7728 = DIRECTION('',(1.,0.));
#7729 = ( GEOMETRIC_REPRESENTATION_CONTEXT(2) 
PARAMETRIC_REPRESENTATION_CONTEXT() REPRESENTATION_CONTEXT('2D SPACE',''
  ) );
#7730 = PCURVE('',#6426,#7731);
#7731 = DEFINITIONAL_REPRESENTATION('',(#7732),#7736);
#7732 = LINE('',#7733,#7734);
#7733 = CARTESIAN_POINT('',(3.2890625,1.37109375));
#7734 = VECTOR('',#7735,1.);
#7735 = DIRECTION('',(0.,-1.));
#7736 = ( GEOMETRIC_REPRESENTATION_CONTEXT(2) 
PARAMETRIC_REPRESENTATION_CONTEXT() REPRESENTATION_CONTEXT('2D SPACE',''
  ) );
#7737 = ORIENTED_EDGE('',*,*,#7738,.T.);
#7738 = EDGE_CURVE('',#7716,#2629,#7739,.T.);
#7739 = SURFACE_CURVE('',#7740,(#7744,#7751),.PCURVE_S1.);
#7740 = LINE('',#7741,#7742);
#7741 = CARTESIAN_POINT('',(8.849609375,-6.271484375,0.));
#7742 = VECTOR('',#7743,1.);
#7743 = DIRECTION('',(0.,0.,1.));
#7744 = PCURVE('',#2669,#7745);
#7745 = DEFINITIONAL_REPRESENTATION('',(#7746),#7750);
#7746 = LINE('',#7747,#7748);
#7747 = CARTESIAN_POINT('',(0.,0.));
#7748 = VECTOR('',#7749,1.);
#7749 = DIRECTION('',(0.,-1.));
#7750 = ( GEOMETRIC_REPRESENTATION_CONTEXT(2) 
PARAMETRIC_REPRESENTATION_CONTEXT() REPRESENTATION_CONTEXT('2D SPACE',''
  ) );
#7751 = PCURVE('',#2643,#7752);
#7752 = DEFINITIONAL_REPRESENTATION('',(#7753),#7757);
#7753 = LINE('',#7754,#7755);
#7754 = CARTESIAN_POINT('',(0.7734375,0.));
#7755 = VECTOR('',#7756,1.);
#7756 = DIRECTION('',(0.,-1.));
#7757 = ( GEOMETRIC_REPRESENTATION_CONTEXT(2) 
PARAMETRIC_REPRESENTATION_CONTEXT() REPRESENTATION_CONTEXT('2D SPACE',''
  ) );
#7758 = ORIENTED_EDGE('',*,*,#2654,.F.);
#7759 = ORIENTED_EDGE('',*,*,#7689,.F.);
#7760 = ADVANCED_FACE('',(#7761),#2643,.F.);
#7761 = FACE_BOUND('',#7762,.F.);
#7762 = EDGE_LOOP('',(#7763,#7786,#7807,#7808));
#7763 = ORIENTED_EDGE('',*,*,#7764,.F.);
#7764 = EDGE_CURVE('',#7765,#7716,#7767,.T.);
#7765 = VERTEX_POINT('',#7766);
#7766 = CARTESIAN_POINT('',(9.623046875,-6.271484375,0.));
#7767 = SURFACE_CURVE('',#7768,(#7772,#7779),.PCURVE_S1.);
#7768 = LINE('',#7769,#7770);
#7769 = CARTESIAN_POINT('',(9.623046875,-6.271484375,0.));
#7770 = VECTOR('',#7771,1.);
#7771 = DIRECTION('',(-1.,0.,0.));
#7772 = PCURVE('',#2643,#7773);
#7773 = DEFINITIONAL_REPRESENTATION('',(#7774),#7778);
#7774 = LINE('',#7775,#7776);
#7775 = CARTESIAN_POINT('',(0.,-0.));
#7776 = VECTOR('',#7777,1.);
#7777 = DIRECTION('',(1.,0.));
#7778 = ( GEOMETRIC_REPRESENTATION_CONTEXT(2) 
PARAMETRIC_REPRESENTATION_CONTEXT() REPRESENTATION_CONTEXT('2D SPACE',''
  ) );
#7779 = PCURVE('',#6426,#7780);
#7780 = DEFINITIONAL_REPRESENTATION('',(#7781),#7785);
#7781 = LINE('',#7782,#7783);
#7782 = CARTESIAN_POINT('',(4.0625,1.37109375));
#7783 = VECTOR('',#7784,1.);
#7784 = DIRECTION('',(-1.,0.));
#7785 = ( GEOMETRIC_REPRESENTATION_CONTEXT(2) 
PARAMETRIC_REPRESENTATION_CONTEXT() REPRESENTATION_CONTEXT('2D SPACE',''
  ) );
#7786 = ORIENTED_EDGE('',*,*,#7787,.T.);
#7787 = EDGE_CURVE('',#7765,#2603,#7788,.T.);
#7788 = SURFACE_CURVE('',#7789,(#7793,#7800),.PCURVE_S1.);
#7789 = LINE('',#7790,#7791);
#7790 = CARTESIAN_POINT('',(9.623046875,-6.271484375,0.));
#7791 = VECTOR('',#7792,1.);
#7792 = DIRECTION('',(0.,0.,1.));
#7793 = PCURVE('',#2643,#7794);
#7794 = DEFINITIONAL_REPRESENTATION('',(#7795),#7799);
#7795 = LINE('',#7796,#7797);
#7796 = CARTESIAN_POINT('',(0.,-0.));
#7797 = VECTOR('',#7798,1.);
#7798 = DIRECTION('',(0.,-1.));
#7799 = ( GEOMETRIC_REPRESENTATION_CONTEXT(2) 
PARAMETRIC_REPRESENTATION_CONTEXT() REPRESENTATION_CONTEXT('2D SPACE',''
  ) );
#7800 = PCURVE('',#2617,#7801);
#7801 = DEFINITIONAL_REPRESENTATION('',(#7802),#7806);
#7802 = LINE('',#7803,#7804);
#7803 = CARTESIAN_POINT('',(0.64453125,0.));
#7804 = VECTOR('',#7805,1.);
#7805 = DIRECTION('',(0.,-1.));
#7806 = ( GEOMETRIC_REPRESENTATION_CONTEXT(2) 
PARAMETRIC_REPRESENTATION_CONTEXT() REPRESENTATION_CONTEXT('2D SPACE',''
  ) );
#7807 = ORIENTED_EDGE('',*,*,#2628,.F.);
#7808 = ORIENTED_EDGE('',*,*,#7738,.F.);
#7809 = ADVANCED_FACE('',(#7810),#2617,.F.);
#7810 = FACE_BOUND('',#7811,.F.);
#7811 = EDGE_LOOP('',(#7812,#7835,#7856,#7857));
#7812 = ORIENTED_EDGE('',*,*,#7813,.F.);
#7813 = EDGE_CURVE('',#7814,#7765,#7816,.T.);
#7814 = VERTEX_POINT('',#7815);
#7815 = CARTESIAN_POINT('',(9.623046875,-5.626953125,0.));
#7816 = SURFACE_CURVE('',#7817,(#7821,#7828),.PCURVE_S1.);
#7817 = LINE('',#7818,#7819);
#7818 = CARTESIAN_POINT('',(9.623046875,-5.626953125,0.));
#7819 = VECTOR('',#7820,1.);
#7820 = DIRECTION('',(0.,-1.,0.));
#7821 = PCURVE('',#2617,#7822);
#7822 = DEFINITIONAL_REPRESENTATION('',(#7823),#7827);
#7823 = LINE('',#7824,#7825);
#7824 = CARTESIAN_POINT('',(0.,0.));
#7825 = VECTOR('',#7826,1.);
#7826 = DIRECTION('',(1.,0.));
#7827 = ( GEOMETRIC_REPRESENTATION_CONTEXT(2) 
PARAMETRIC_REPRESENTATION_CONTEXT() REPRESENTATION_CONTEXT('2D SPACE',''
  ) );
#7828 = PCURVE('',#6426,#7829);
#7829 = DEFINITIONAL_REPRESENTATION('',(#7830),#7834);
#7830 = LINE('',#7831,#7832);
#7831 = CARTESIAN_POINT('',(4.0625,2.015625));
#7832 = VECTOR('',#7833,1.);
#7833 = DIRECTION('',(0.,-1.));
#7834 = ( GEOMETRIC_REPRESENTATION_CONTEXT(2) 
PARAMETRIC_REPRESENTATION_CONTEXT() REPRESENTATION_CONTEXT('2D SPACE',''
  ) );
#7835 = ORIENTED_EDGE('',*,*,#7836,.T.);
#7836 = EDGE_CURVE('',#7814,#2577,#7837,.T.);
#7837 = SURFACE_CURVE('',#7838,(#7842,#7849),.PCURVE_S1.);
#7838 = LINE('',#7839,#7840);
#7839 = CARTESIAN_POINT('',(9.623046875,-5.626953125,0.));
#7840 = VECTOR('',#7841,1.);
#7841 = DIRECTION('',(0.,0.,1.));
#7842 = PCURVE('',#2617,#7843);
#7843 = DEFINITIONAL_REPRESENTATION('',(#7844),#7848);
#7844 = LINE('',#7845,#7846);
#7845 = CARTESIAN_POINT('',(0.,0.));
#7846 = VECTOR('',#7847,1.);
#7847 = DIRECTION('',(0.,-1.));
#7848 = ( GEOMETRIC_REPRESENTATION_CONTEXT(2) 
PARAMETRIC_REPRESENTATION_CONTEXT() REPRESENTATION_CONTEXT('2D SPACE',''
  ) );
#7849 = PCURVE('',#2591,#7850);
#7850 = DEFINITIONAL_REPRESENTATION('',(#7851),#7855);
#7851 = LINE('',#7852,#7853);
#7852 = CARTESIAN_POINT('',(0.7734375,0.));
#7853 = VECTOR('',#7854,1.);
#7854 = DIRECTION('',(0.,-1.));
#7855 = ( GEOMETRIC_REPRESENTATION_CONTEXT(2) 
PARAMETRIC_REPRESENTATION_CONTEXT() REPRESENTATION_CONTEXT('2D SPACE',''
  ) );
#7856 = ORIENTED_EDGE('',*,*,#2602,.F.);
#7857 = ORIENTED_EDGE('',*,*,#7787,.F.);
#7858 = ADVANCED_FACE('',(#7859),#2591,.F.);
#7859 = FACE_BOUND('',#7860,.F.);
#7860 = EDGE_LOOP('',(#7861,#7884,#7905,#7906));
#7861 = ORIENTED_EDGE('',*,*,#7862,.F.);
#7862 = EDGE_CURVE('',#7863,#7814,#7865,.T.);
#7863 = VERTEX_POINT('',#7864);
#7864 = CARTESIAN_POINT('',(8.849609375,-5.626953125,0.));
#7865 = SURFACE_CURVE('',#7866,(#7870,#7877),.PCURVE_S1.);
#7866 = LINE('',#7867,#7868);
#7867 = CARTESIAN_POINT('',(8.849609375,-5.626953125,0.));
#7868 = VECTOR('',#7869,1.);
#7869 = DIRECTION('',(1.,0.,0.));
#7870 = PCURVE('',#2591,#7871);
#7871 = DEFINITIONAL_REPRESENTATION('',(#7872),#7876);
#7872 = LINE('',#7873,#7874);
#7873 = CARTESIAN_POINT('',(0.,0.));
#7874 = VECTOR('',#7875,1.);
#7875 = DIRECTION('',(1.,0.));
#7876 = ( GEOMETRIC_REPRESENTATION_CONTEXT(2) 
PARAMETRIC_REPRESENTATION_CONTEXT() REPRESENTATION_CONTEXT('2D SPACE',''
  ) );
#7877 = PCURVE('',#6426,#7878);
#7878 = DEFINITIONAL_REPRESENTATION('',(#7879),#7883);
#7879 = LINE('',#7880,#7881);
#7880 = CARTESIAN_POINT('',(3.2890625,2.015625));
#7881 = VECTOR('',#7882,1.);
#7882 = DIRECTION('',(1.,0.));
#7883 = ( GEOMETRIC_REPRESENTATION_CONTEXT(2) 
PARAMETRIC_REPRESENTATION_CONTEXT() REPRESENTATION_CONTEXT('2D SPACE',''
  ) );
#7884 = ORIENTED_EDGE('',*,*,#7885,.T.);
#7885 = EDGE_CURVE('',#7863,#2551,#7886,.T.);
#7886 = SURFACE_CURVE('',#7887,(#7891,#7898),.PCURVE_S1.);
#7887 = LINE('',#7888,#7889);
#7888 = CARTESIAN_POINT('',(8.849609375,-5.626953125,0.));
#7889 = VECTOR('',#7890,1.);
#7890 = DIRECTION('',(0.,0.,1.));
#7891 = PCURVE('',#2591,#7892);
#7892 = DEFINITIONAL_REPRESENTATION('',(#7893),#7897);
#7893 = LINE('',#7894,#7895);
#7894 = CARTESIAN_POINT('',(0.,0.));
#7895 = VECTOR('',#7896,1.);
#7896 = DIRECTION('',(0.,-1.));
#7897 = ( GEOMETRIC_REPRESENTATION_CONTEXT(2) 
PARAMETRIC_REPRESENTATION_CONTEXT() REPRESENTATION_CONTEXT('2D SPACE',''
  ) );
#7898 = PCURVE('',#2565,#7899);
#7899 = DEFINITIONAL_REPRESENTATION('',(#7900),#7904);
#7900 = LINE('',#7901,#7902);
#7901 = CARTESIAN_POINT('',(3.7109375,0.));
#7902 = VECTOR('',#7903,1.);
#7903 = DIRECTION('',(0.,-1.));
#7904 = ( GEOMETRIC_REPRESENTATION_CONTEXT(2) 
PARAMETRIC_REPRESENTATION_CONTEXT() REPRESENTATION_CONTEXT('2D SPACE',''
  ) );
#7905 = ORIENTED_EDGE('',*,*,#2576,.F.);
#7906 = ORIENTED_EDGE('',*,*,#7836,.F.);
#7907 = ADVANCED_FACE('',(#7908),#2565,.F.);
#7908 = FACE_BOUND('',#7909,.F.);
#7909 = EDGE_LOOP('',(#7910,#7931,#7932,#7933));
#7910 = ORIENTED_EDGE('',*,*,#7911,.F.);
#7911 = EDGE_CURVE('',#6410,#7863,#7912,.T.);
#7912 = SURFACE_CURVE('',#7913,(#7917,#7924),.PCURVE_S1.);
#7913 = LINE('',#7914,#7915);
#7914 = CARTESIAN_POINT('',(8.849609375,-1.916015625,0.));
#7915 = VECTOR('',#7916,1.);
#7916 = DIRECTION('',(0.,-1.,0.));
#7917 = PCURVE('',#2565,#7918);
#7918 = DEFINITIONAL_REPRESENTATION('',(#7919),#7923);
#7919 = LINE('',#7920,#7921);
#7920 = CARTESIAN_POINT('',(0.,0.));
#7921 = VECTOR('',#7922,1.);
#7922 = DIRECTION('',(1.,0.));
#7923 = ( GEOMETRIC_REPRESENTATION_CONTEXT(2) 
PARAMETRIC_REPRESENTATION_CONTEXT() REPRESENTATION_CONTEXT('2D SPACE',''
  ) );
#7924 = PCURVE('',#6426,#7925);
#7925 = DEFINITIONAL_REPRESENTATION('',(#7926),#7930);
#7926 = LINE('',#7927,#7928);
#7927 = CARTESIAN_POINT('',(3.2890625,5.7265625));
#7928 = VECTOR('',#7929,1.);
#7929 = DIRECTION('',(0.,-1.));
#7930 = ( GEOMETRIC_REPRESENTATION_CONTEXT(2) 
PARAMETRIC_REPRESENTATION_CONTEXT() REPRESENTATION_CONTEXT('2D SPACE',''
  ) );
#7931 = ORIENTED_EDGE('',*,*,#6442,.F.);
#7932 = ORIENTED_EDGE('',*,*,#2550,.F.);
#7933 = ORIENTED_EDGE('',*,*,#7885,.F.);
#7934 = ADVANCED_FACE('',(#7935),#2499,.F.);
#7935 = FACE_BOUND('',#7936,.F.);
#7936 = EDGE_LOOP('',(#7937,#7960,#7981,#7982));
#7937 = ORIENTED_EDGE('',*,*,#7938,.F.);
#7938 = EDGE_CURVE('',#7939,#6463,#7941,.T.);
#7939 = VERTEX_POINT('',#7940);
#7940 = CARTESIAN_POINT('',(10.333984375,-5.986328125,0.));
#7941 = SURFACE_CURVE('',#7942,(#7946,#7953),.PCURVE_S1.);
#7942 = B_SPLINE_CURVE_WITH_KNOTS('',2,(#7943,#7944,#7945),
  .UNSPECIFIED.,.F.,.F.,(3,3),(0.,1.),.PIECEWISE_BEZIER_KNOTS.);
#7943 = CARTESIAN_POINT('',(10.333984375,-5.986328125,0.));
#7944 = CARTESIAN_POINT('',(10.333984375,-5.427734375,0.));
#7945 = CARTESIAN_POINT('',(10.6171875,-5.05078125,0.));
#7946 = PCURVE('',#2499,#7947);
#7947 = DEFINITIONAL_REPRESENTATION('',(#7948),#7952);
#7948 = LINE('',#7949,#7950);
#7949 = CARTESIAN_POINT('',(0.,0.));
#7950 = VECTOR('',#7951,1.);
#7951 = DIRECTION('',(1.,0.));
#7952 = ( GEOMETRIC_REPRESENTATION_CONTEXT(2) 
PARAMETRIC_REPRESENTATION_CONTEXT() REPRESENTATION_CONTEXT('2D SPACE',''
  ) );
#7953 = PCURVE('',#6511,#7954);
#7954 = DEFINITIONAL_REPRESENTATION('',(#7955),#7959);
#7955 = B_SPLINE_CURVE_WITH_KNOTS('',2,(#7956,#7957,#7958),
  .UNSPECIFIED.,.F.,.F.,(3,3),(0.,1.),.PIECEWISE_BEZIER_KNOTS.);
#7956 = CARTESIAN_POINT('',(0.32421875,1.65625));
#7957 = CARTESIAN_POINT('',(0.32421875,2.21484375));
#7958 = CARTESIAN_POINT('',(0.607421875,2.591796875));
#7959 = ( GEOMETRIC_REPRESENTATION_CONTEXT(2) 
PARAMETRIC_REPRESENTATION_CONTEXT() REPRESENTATION_CONTEXT('2D SPACE',''
  ) );
#7960 = ORIENTED_EDGE('',*,*,#7961,.T.);
#7961 = EDGE_CURVE('',#7939,#2403,#7962,.T.);
#7962 = SURFACE_CURVE('',#7963,(#7967,#7974),.PCURVE_S1.);
#7963 = LINE('',#7964,#7965);
#7964 = CARTESIAN_POINT('',(10.333984375,-5.986328125,0.));
#7965 = VECTOR('',#7966,1.);
#7966 = DIRECTION('',(0.,0.,1.));
#7967 = PCURVE('',#2499,#7968);
#7968 = DEFINITIONAL_REPRESENTATION('',(#7969),#7973);
#7969 = LINE('',#7970,#7971);
#7970 = CARTESIAN_POINT('',(0.,0.));
#7971 = VECTOR('',#7972,1.);
#7972 = DIRECTION('',(0.,-1.));
#7973 = ( GEOMETRIC_REPRESENTATION_CONTEXT(2) 
PARAMETRIC_REPRESENTATION_CONTEXT() REPRESENTATION_CONTEXT('2D SPACE',''
  ) );
#7974 = PCURVE('',#2440,#7975);
#7975 = DEFINITIONAL_REPRESENTATION('',(#7976),#7980);
#7976 = LINE('',#7977,#7978);
#7977 = CARTESIAN_POINT('',(1.,0.));
#7978 = VECTOR('',#7979,1.);
#7979 = DIRECTION('',(0.,-1.));
#7980 = ( GEOMETRIC_REPRESENTATION_CONTEXT(2) 
PARAMETRIC_REPRESENTATION_CONTEXT() REPRESENTATION_CONTEXT('2D SPACE',''
  ) );
#7981 = ORIENTED_EDGE('',*,*,#2465,.F.);
#7982 = ORIENTED_EDGE('',*,*,#6462,.T.);
#7983 = ADVANCED_FACE('',(#7984),#2440,.F.);
#7984 = FACE_BOUND('',#7985,.F.);
#7985 = EDGE_LOOP('',(#7986,#8009,#8030,#8031));
#7986 = ORIENTED_EDGE('',*,*,#7987,.F.);
#7987 = EDGE_CURVE('',#7988,#7939,#7990,.T.);
#7988 = VERTEX_POINT('',#7989);
#7989 = CARTESIAN_POINT('',(10.853515625,-7.23828125,0.));
#7990 = SURFACE_CURVE('',#7991,(#7995,#8002),.PCURVE_S1.);
#7991 = B_SPLINE_CURVE_WITH_KNOTS('',2,(#7992,#7993,#7994),
  .UNSPECIFIED.,.F.,.F.,(3,3),(0.,1.),.PIECEWISE_BEZIER_KNOTS.);
#7992 = CARTESIAN_POINT('',(10.853515625,-7.23828125,0.));
#7993 = CARTESIAN_POINT('',(10.333984375,-6.736328125,0.));
#7994 = CARTESIAN_POINT('',(10.333984375,-5.986328125,0.));
#7995 = PCURVE('',#2440,#7996);
#7996 = DEFINITIONAL_REPRESENTATION('',(#7997),#8001);
#7997 = LINE('',#7998,#7999);
#7998 = CARTESIAN_POINT('',(0.,0.));
#7999 = VECTOR('',#8000,1.);
#8000 = DIRECTION('',(1.,0.));
#8001 = ( GEOMETRIC_REPRESENTATION_CONTEXT(2) 
PARAMETRIC_REPRESENTATION_CONTEXT() REPRESENTATION_CONTEXT('2D SPACE',''
  ) );
#8002 = PCURVE('',#6511,#8003);
#8003 = DEFINITIONAL_REPRESENTATION('',(#8004),#8008);
#8004 = B_SPLINE_CURVE_WITH_KNOTS('',2,(#8005,#8006,#8007),
  .UNSPECIFIED.,.F.,.F.,(3,3),(0.,1.),.PIECEWISE_BEZIER_KNOTS.);
#8005 = CARTESIAN_POINT('',(0.84375,0.404296875));
#8006 = CARTESIAN_POINT('',(0.32421875,0.90625));
#8007 = CARTESIAN_POINT('',(0.32421875,1.65625));
#8008 = ( GEOMETRIC_REPRESENTATION_CONTEXT(2) 
PARAMETRIC_REPRESENTATION_CONTEXT() REPRESENTATION_CONTEXT('2D SPACE',''
  ) );
#8009 = ORIENTED_EDGE('',*,*,#8010,.T.);
#8010 = EDGE_CURVE('',#7988,#2328,#8011,.T.);
#8011 = SURFACE_CURVE('',#8012,(#8016,#8023),.PCURVE_S1.);
#8012 = LINE('',#8013,#8014);
#8013 = CARTESIAN_POINT('',(10.853515625,-7.23828125,0.));
#8014 = VECTOR('',#8015,1.);
#8015 = DIRECTION('',(0.,0.,1.));
#8016 = PCURVE('',#2440,#8017);
#8017 = DEFINITIONAL_REPRESENTATION('',(#8018),#8022);
#8018 = LINE('',#8019,#8020);
#8019 = CARTESIAN_POINT('',(0.,0.));
#8020 = VECTOR('',#8021,1.);
#8021 = DIRECTION('',(0.,-1.));
#8022 = ( GEOMETRIC_REPRESENTATION_CONTEXT(2) 
PARAMETRIC_REPRESENTATION_CONTEXT() REPRESENTATION_CONTEXT('2D SPACE',''
  ) );
#8023 = PCURVE('',#2373,#8024);
#8024 = DEFINITIONAL_REPRESENTATION('',(#8025),#8029);
#8025 = LINE('',#8026,#8027);
#8026 = CARTESIAN_POINT('',(1.,0.));
#8027 = VECTOR('',#8028,1.);
#8028 = DIRECTION('',(0.,-1.));
#8029 = ( GEOMETRIC_REPRESENTATION_CONTEXT(2) 
PARAMETRIC_REPRESENTATION_CONTEXT() REPRESENTATION_CONTEXT('2D SPACE',''
  ) );
#8030 = ORIENTED_EDGE('',*,*,#2402,.F.);
#8031 = ORIENTED_EDGE('',*,*,#7961,.F.);
#8032 = ADVANCED_FACE('',(#8033),#2373,.F.);
#8033 = FACE_BOUND('',#8034,.F.);
#8034 = EDGE_LOOP('',(#8035,#8058,#8079,#8080));
#8035 = ORIENTED_EDGE('',*,*,#8036,.F.);
#8036 = EDGE_CURVE('',#8037,#7988,#8039,.T.);
#8037 = VERTEX_POINT('',#8038);
#8038 = CARTESIAN_POINT('',(12.220703125,-7.740234375,0.));
#8039 = SURFACE_CURVE('',#8040,(#8044,#8051),.PCURVE_S1.);
#8040 = B_SPLINE_CURVE_WITH_KNOTS('',2,(#8041,#8042,#8043),
  .UNSPECIFIED.,.F.,.F.,(3,3),(0.,1.),.PIECEWISE_BEZIER_KNOTS.);
#8041 = CARTESIAN_POINT('',(12.220703125,-7.740234375,0.));
#8042 = CARTESIAN_POINT('',(11.373046875,-7.740234375,0.));
#8043 = CARTESIAN_POINT('',(10.853515625,-7.23828125,0.));
#8044 = PCURVE('',#2373,#8045);
#8045 = DEFINITIONAL_REPRESENTATION('',(#8046),#8050);
#8046 = LINE('',#8047,#8048);
#8047 = CARTESIAN_POINT('',(0.,0.));
#8048 = VECTOR('',#8049,1.);
#8049 = DIRECTION('',(1.,0.));
#8050 = ( GEOMETRIC_REPRESENTATION_CONTEXT(2) 
PARAMETRIC_REPRESENTATION_CONTEXT() REPRESENTATION_CONTEXT('2D SPACE',''
  ) );
#8051 = PCURVE('',#6511,#8052);
#8052 = DEFINITIONAL_REPRESENTATION('',(#8053),#8057);
#8053 = B_SPLINE_CURVE_WITH_KNOTS('',2,(#8054,#8055,#8056),
  .UNSPECIFIED.,.F.,.F.,(3,3),(0.,1.),.PIECEWISE_BEZIER_KNOTS.);
#8054 = CARTESIAN_POINT('',(2.2109375,-9.765625E-02));
#8055 = CARTESIAN_POINT('',(1.36328125,-9.765625E-02));
#8056 = CARTESIAN_POINT('',(0.84375,0.404296875));
#8057 = ( GEOMETRIC_REPRESENTATION_CONTEXT(2) 
PARAMETRIC_REPRESENTATION_CONTEXT() REPRESENTATION_CONTEXT('2D SPACE',''
  ) );
#8058 = ORIENTED_EDGE('',*,*,#8059,.T.);
#8059 = EDGE_CURVE('',#8037,#2253,#8060,.T.);
#8060 = SURFACE_CURVE('',#8061,(#8065,#8072),.PCURVE_S1.);
#8061 = LINE('',#8062,#8063);
#8062 = CARTESIAN_POINT('',(12.220703125,-7.740234375,0.));
#8063 = VECTOR('',#8064,1.);
#8064 = DIRECTION('',(0.,0.,1.));
#8065 = PCURVE('',#2373,#8066);
#8066 = DEFINITIONAL_REPRESENTATION('',(#8067),#8071);
#8067 = LINE('',#8068,#8069);
#8068 = CARTESIAN_POINT('',(0.,0.));
#8069 = VECTOR('',#8070,1.);
#8070 = DIRECTION('',(0.,-1.));
#8071 = ( GEOMETRIC_REPRESENTATION_CONTEXT(2) 
PARAMETRIC_REPRESENTATION_CONTEXT() REPRESENTATION_CONTEXT('2D SPACE',''
  ) );
#8072 = PCURVE('',#2298,#8073);
#8073 = DEFINITIONAL_REPRESENTATION('',(#8074),#8078);
#8074 = LINE('',#8075,#8076);
#8075 = CARTESIAN_POINT('',(1.,0.));
#8076 = VECTOR('',#8077,1.);
#8077 = DIRECTION('',(0.,-1.));
#8078 = ( GEOMETRIC_REPRESENTATION_CONTEXT(2) 
PARAMETRIC_REPRESENTATION_CONTEXT() REPRESENTATION_CONTEXT('2D SPACE',''
  ) );
#8079 = ORIENTED_EDGE('',*,*,#2327,.F.);
#8080 = ORIENTED_EDGE('',*,*,#8010,.F.);
#8081 = ADVANCED_FACE('',(#8082),#2298,.F.);
#8082 = FACE_BOUND('',#8083,.F.);
#8083 = EDGE_LOOP('',(#8084,#8107,#8128,#8129));
#8084 = ORIENTED_EDGE('',*,*,#8085,.F.);
#8085 = EDGE_CURVE('',#8086,#8037,#8088,.T.);
#8086 = VERTEX_POINT('',#8087);
#8087 = CARTESIAN_POINT('',(13.587890625,-7.240234375,0.));
#8088 = SURFACE_CURVE('',#8089,(#8093,#8100),.PCURVE_S1.);
#8089 = B_SPLINE_CURVE_WITH_KNOTS('',2,(#8090,#8091,#8092),
  .UNSPECIFIED.,.F.,.F.,(3,3),(0.,1.),.PIECEWISE_BEZIER_KNOTS.);
#8090 = CARTESIAN_POINT('',(13.587890625,-7.240234375,0.));
#8091 = CARTESIAN_POINT('',(13.068359375,-7.740234375,0.));
#8092 = CARTESIAN_POINT('',(12.220703125,-7.740234375,0.));
#8093 = PCURVE('',#2298,#8094);
#8094 = DEFINITIONAL_REPRESENTATION('',(#8095),#8099);
#8095 = LINE('',#8096,#8097);
#8096 = CARTESIAN_POINT('',(0.,0.));
#8097 = VECTOR('',#8098,1.);
#8098 = DIRECTION('',(1.,0.));
#8099 = ( GEOMETRIC_REPRESENTATION_CONTEXT(2) 
PARAMETRIC_REPRESENTATION_CONTEXT() REPRESENTATION_CONTEXT('2D SPACE',''
  ) );
#8100 = PCURVE('',#6511,#8101);
#8101 = DEFINITIONAL_REPRESENTATION('',(#8102),#8106);
#8102 = B_SPLINE_CURVE_WITH_KNOTS('',2,(#8103,#8104,#8105),
  .UNSPECIFIED.,.F.,.F.,(3,3),(0.,1.),.PIECEWISE_BEZIER_KNOTS.);
#8103 = CARTESIAN_POINT('',(3.578125,0.40234375));
#8104 = CARTESIAN_POINT('',(3.05859375,-9.765625E-02));
#8105 = CARTESIAN_POINT('',(2.2109375,-9.765625E-02));
#8106 = ( GEOMETRIC_REPRESENTATION_CONTEXT(2) 
PARAMETRIC_REPRESENTATION_CONTEXT() REPRESENTATION_CONTEXT('2D SPACE',''
  ) );
#8107 = ORIENTED_EDGE('',*,*,#8108,.T.);
#8108 = EDGE_CURVE('',#8086,#2178,#8109,.T.);
#8109 = SURFACE_CURVE('',#8110,(#8114,#8121),.PCURVE_S1.);
#8110 = LINE('',#8111,#8112);
#8111 = CARTESIAN_POINT('',(13.587890625,-7.240234375,0.));
#8112 = VECTOR('',#8113,1.);
#8113 = DIRECTION('',(0.,0.,1.));
#8114 = PCURVE('',#2298,#8115);
#8115 = DEFINITIONAL_REPRESENTATION('',(#8116),#8120);
#8116 = LINE('',#8117,#8118);
#8117 = CARTESIAN_POINT('',(0.,0.));
#8118 = VECTOR('',#8119,1.);
#8119 = DIRECTION('',(0.,-1.));
#8120 = ( GEOMETRIC_REPRESENTATION_CONTEXT(2) 
PARAMETRIC_REPRESENTATION_CONTEXT() REPRESENTATION_CONTEXT('2D SPACE',''
  ) );
#8121 = PCURVE('',#2223,#8122);
#8122 = DEFINITIONAL_REPRESENTATION('',(#8123),#8127);
#8123 = LINE('',#8124,#8125);
#8124 = CARTESIAN_POINT('',(1.,0.));
#8125 = VECTOR('',#8126,1.);
#8126 = DIRECTION('',(0.,-1.));
#8127 = ( GEOMETRIC_REPRESENTATION_CONTEXT(2) 
PARAMETRIC_REPRESENTATION_CONTEXT() REPRESENTATION_CONTEXT('2D SPACE',''
  ) );
#8128 = ORIENTED_EDGE('',*,*,#2252,.F.);
#8129 = ORIENTED_EDGE('',*,*,#8059,.F.);
#8130 = ADVANCED_FACE('',(#8131),#2223,.F.);
#8131 = FACE_BOUND('',#8132,.F.);
#8132 = EDGE_LOOP('',(#8133,#8156,#8177,#8178));
#8133 = ORIENTED_EDGE('',*,*,#8134,.F.);
#8134 = EDGE_CURVE('',#8135,#8086,#8137,.T.);
#8135 = VERTEX_POINT('',#8136);
#8136 = CARTESIAN_POINT('',(14.107421875,-6.005859375,0.));
#8137 = SURFACE_CURVE('',#8138,(#8142,#8149),.PCURVE_S1.);
#8138 = B_SPLINE_CURVE_WITH_KNOTS('',2,(#8139,#8140,#8141),
  .UNSPECIFIED.,.F.,.F.,(3,3),(0.,1.),.PIECEWISE_BEZIER_KNOTS.);
#8139 = CARTESIAN_POINT('',(14.107421875,-6.005859375,0.));
#8140 = CARTESIAN_POINT('',(14.107421875,-6.740234375,0.));
#8141 = CARTESIAN_POINT('',(13.587890625,-7.240234375,0.));
#8142 = PCURVE('',#2223,#8143);
#8143 = DEFINITIONAL_REPRESENTATION('',(#8144),#8148);
#8144 = LINE('',#8145,#8146);
#8145 = CARTESIAN_POINT('',(0.,0.));
#8146 = VECTOR('',#8147,1.);
#8147 = DIRECTION('',(1.,0.));
#8148 = ( GEOMETRIC_REPRESENTATION_CONTEXT(2) 
PARAMETRIC_REPRESENTATION_CONTEXT() REPRESENTATION_CONTEXT('2D SPACE',''
  ) );
#8149 = PCURVE('',#6511,#8150);
#8150 = DEFINITIONAL_REPRESENTATION('',(#8151),#8155);
#8151 = B_SPLINE_CURVE_WITH_KNOTS('',2,(#8152,#8153,#8154),
  .UNSPECIFIED.,.F.,.F.,(3,3),(0.,1.),.PIECEWISE_BEZIER_KNOTS.);
#8152 = CARTESIAN_POINT('',(4.09765625,1.63671875));
#8153 = CARTESIAN_POINT('',(4.09765625,0.90234375));
#8154 = CARTESIAN_POINT('',(3.578125,0.40234375));
#8155 = ( GEOMETRIC_REPRESENTATION_CONTEXT(2) 
PARAMETRIC_REPRESENTATION_CONTEXT() REPRESENTATION_CONTEXT('2D SPACE',''
  ) );
#8156 = ORIENTED_EDGE('',*,*,#8157,.T.);
#8157 = EDGE_CURVE('',#8135,#2121,#8158,.T.);
#8158 = SURFACE_CURVE('',#8159,(#8163,#8170),.PCURVE_S1.);
#8159 = LINE('',#8160,#8161);
#8160 = CARTESIAN_POINT('',(14.107421875,-6.005859375,0.));
#8161 = VECTOR('',#8162,1.);
#8162 = DIRECTION('',(0.,0.,1.));
#8163 = PCURVE('',#2223,#8164);
#8164 = DEFINITIONAL_REPRESENTATION('',(#8165),#8169);
#8165 = LINE('',#8166,#8167);
#8166 = CARTESIAN_POINT('',(0.,0.));
#8167 = VECTOR('',#8168,1.);
#8168 = DIRECTION('',(0.,-1.));
#8169 = ( GEOMETRIC_REPRESENTATION_CONTEXT(2) 
PARAMETRIC_REPRESENTATION_CONTEXT() REPRESENTATION_CONTEXT('2D SPACE',''
  ) );
#8170 = PCURVE('',#2154,#8171);
#8171 = DEFINITIONAL_REPRESENTATION('',(#8172),#8176);
#8172 = LINE('',#8173,#8174);
#8173 = CARTESIAN_POINT('',(1.,0.));
#8174 = VECTOR('',#8175,1.);
#8175 = DIRECTION('',(0.,-1.));
#8176 = ( GEOMETRIC_REPRESENTATION_CONTEXT(2) 
PARAMETRIC_REPRESENTATION_CONTEXT() REPRESENTATION_CONTEXT('2D SPACE',''
  ) );
#8177 = ORIENTED_EDGE('',*,*,#2177,.F.);
#8178 = ORIENTED_EDGE('',*,*,#8108,.F.);
#8179 = ADVANCED_FACE('',(#8180),#2154,.F.);
#8180 = FACE_BOUND('',#8181,.F.);
#8181 = EDGE_LOOP('',(#8182,#8203,#8204,#8205));
#8182 = ORIENTED_EDGE('',*,*,#8183,.F.);
#8183 = EDGE_CURVE('',#6495,#8135,#8184,.T.);
#8184 = SURFACE_CURVE('',#8185,(#8189,#8196),.PCURVE_S1.);
#8185 = B_SPLINE_CURVE_WITH_KNOTS('',2,(#8186,#8187,#8188),
  .UNSPECIFIED.,.F.,.F.,(3,3),(0.,1.),.PIECEWISE_BEZIER_KNOTS.);
#8186 = CARTESIAN_POINT('',(13.83203125,-5.091796875,0.));
#8187 = CARTESIAN_POINT('',(14.107421875,-5.474609375,0.));
#8188 = CARTESIAN_POINT('',(14.107421875,-6.005859375,0.));
#8189 = PCURVE('',#2154,#8190);
#8190 = DEFINITIONAL_REPRESENTATION('',(#8191),#8195);
#8191 = LINE('',#8192,#8193);
#8192 = CARTESIAN_POINT('',(0.,0.));
#8193 = VECTOR('',#8194,1.);
#8194 = DIRECTION('',(1.,0.));
#8195 = ( GEOMETRIC_REPRESENTATION_CONTEXT(2) 
PARAMETRIC_REPRESENTATION_CONTEXT() REPRESENTATION_CONTEXT('2D SPACE',''
  ) );
#8196 = PCURVE('',#6511,#8197);
#8197 = DEFINITIONAL_REPRESENTATION('',(#8198),#8202);
#8198 = B_SPLINE_CURVE_WITH_KNOTS('',2,(#8199,#8200,#8201),
  .UNSPECIFIED.,.F.,.F.,(3,3),(0.,1.),.PIECEWISE_BEZIER_KNOTS.);
#8199 = CARTESIAN_POINT('',(3.822265625,2.55078125));
#8200 = CARTESIAN_POINT('',(4.09765625,2.16796875));
#8201 = CARTESIAN_POINT('',(4.09765625,1.63671875));
#8202 = ( GEOMETRIC_REPRESENTATION_CONTEXT(2) 
PARAMETRIC_REPRESENTATION_CONTEXT() REPRESENTATION_CONTEXT('2D SPACE',''
  ) );
#8203 = ORIENTED_EDGE('',*,*,#6527,.F.);
#8204 = ORIENTED_EDGE('',*,*,#2120,.F.);
#8205 = ORIENTED_EDGE('',*,*,#8157,.F.);
#8206 = ADVANCED_FACE('',(#8207,#8216),#3979,.F.);
#8207 = FACE_BOUND('',#8208,.F.);
#8208 = EDGE_LOOP('',(#8209,#8210,#8211,#8212,#8213,#8214,#8215));
#8209 = ORIENTED_EDGE('',*,*,#3964,.F.);
#8210 = ORIENTED_EDGE('',*,*,#5771,.F.);
#8211 = ORIENTED_EDGE('',*,*,#5745,.F.);
#8212 = ORIENTED_EDGE('',*,*,#5678,.T.);
#8213 = ORIENTED_EDGE('',*,*,#5654,.T.);
#8214 = ORIENTED_EDGE('',*,*,#5584,.F.);
#8215 = ORIENTED_EDGE('',*,*,#4034,.T.);
#8216 = FACE_BOUND('',#8217,.F.);
#8217 = EDGE_LOOP('',(#8218));
#8218 = ORIENTED_EDGE('',*,*,#6268,.F.);
#8219 = ADVANCED_FACE('',(#8220),#4207,.T.);
#8220 = FACE_BOUND('',#8221,.T.);
#8221 = EDGE_LOOP('',(#8222,#8223,#8224,#8225,#8226,#8227,#8228,#8229,
    #8230,#8231,#8232,#8233,#8234,#8235,#8236,#8237,#8238,#8239,#8240,
    #8241,#8242,#8243,#8244,#8245));
#8222 = ORIENTED_EDGE('',*,*,#5067,.F.);
#8223 = ORIENTED_EDGE('',*,*,#5116,.F.);
#8224 = ORIENTED_EDGE('',*,*,#5165,.F.);
#8225 = ORIENTED_EDGE('',*,*,#5214,.F.);
#8226 = ORIENTED_EDGE('',*,*,#5263,.F.);
#8227 = ORIENTED_EDGE('',*,*,#5312,.F.);
#8228 = ORIENTED_EDGE('',*,*,#5361,.F.);
#8229 = ORIENTED_EDGE('',*,*,#5410,.F.);
#8230 = ORIENTED_EDGE('',*,*,#5459,.F.);
#8231 = ORIENTED_EDGE('',*,*,#5508,.F.);
#8232 = ORIENTED_EDGE('',*,*,#5557,.F.);
#8233 = ORIENTED_EDGE('',*,*,#4190,.T.);
#8234 = ORIENTED_EDGE('',*,*,#4479,.F.);
#8235 = ORIENTED_EDGE('',*,*,#4528,.F.);
#8236 = ORIENTED_EDGE('',*,*,#4577,.F.);
#8237 = ORIENTED_EDGE('',*,*,#4626,.F.);
#8238 = ORIENTED_EDGE('',*,*,#4675,.F.);
#8239 = ORIENTED_EDGE('',*,*,#4724,.F.);
#8240 = ORIENTED_EDGE('',*,*,#4773,.F.);
#8241 = ORIENTED_EDGE('',*,*,#4822,.F.);
#8242 = ORIENTED_EDGE('',*,*,#4871,.F.);
#8243 = ORIENTED_EDGE('',*,*,#4920,.F.);
#8244 = ORIENTED_EDGE('',*,*,#4969,.F.);
#8245 = ORIENTED_EDGE('',*,*,#5018,.F.);
#8246 = ADVANCED_FACE('',(#8247),#4111,.T.);
#8247 = FACE_BOUND('',#8248,.T.);
#8248 = EDGE_LOOP('',(#8249,#8250,#8251,#8252,#8253,#8254));
#8249 = ORIENTED_EDGE('',*,*,#4094,.T.);
#8250 = ORIENTED_EDGE('',*,*,#4256,.F.);
#8251 = ORIENTED_EDGE('',*,*,#4305,.F.);
#8252 = ORIENTED_EDGE('',*,*,#4354,.F.);
#8253 = ORIENTED_EDGE('',*,*,#4403,.F.);
#8254 = ORIENTED_EDGE('',*,*,#4452,.F.);
#8255 = ADVANCED_FACE('',(#8256),#5817,.T.);
#8256 = FACE_BOUND('',#8257,.F.);
#8257 = EDGE_LOOP('',(#8258,#8259,#8260,#8261,#8262,#8263,#8264,#8265,
    #8266));
#8258 = ORIENTED_EDGE('',*,*,#5799,.T.);
#8259 = ORIENTED_EDGE('',*,*,#6218,.T.);
#8260 = ORIENTED_EDGE('',*,*,#6169,.T.);
#8261 = ORIENTED_EDGE('',*,*,#6120,.T.);
#8262 = ORIENTED_EDGE('',*,*,#6071,.T.);
#8263 = ORIENTED_EDGE('',*,*,#6022,.T.);
#8264 = ORIENTED_EDGE('',*,*,#5973,.T.);
#8265 = ORIENTED_EDGE('',*,*,#5924,.T.);
#8266 = ORIENTED_EDGE('',*,*,#5875,.T.);
#8267 = ADVANCED_FACE('',(#8268),#6511,.T.);
#8268 = FACE_BOUND('',#8269,.T.);
#8269 = EDGE_LOOP('',(#8270,#8271,#8272,#8273,#8274,#8275,#8276));
#8270 = ORIENTED_EDGE('',*,*,#6494,.T.);
#8271 = ORIENTED_EDGE('',*,*,#7938,.F.);
#8272 = ORIENTED_EDGE('',*,*,#7987,.F.);
#8273 = ORIENTED_EDGE('',*,*,#8036,.F.);
#8274 = ORIENTED_EDGE('',*,*,#8085,.F.);
#8275 = ORIENTED_EDGE('',*,*,#8134,.F.);
#8276 = ORIENTED_EDGE('',*,*,#8183,.F.);
#8277 = ADVANCED_FACE('',(#8278),#6426,.T.);
#8278 = FACE_BOUND('',#8279,.T.);
#8279 = EDGE_LOOP('',(#8280,#8281,#8282,#8283,#8284,#8285,#8286,#8287,
    #8288,#8289,#8290));
#8280 = ORIENTED_EDGE('',*,*,#7666,.F.);
#8281 = ORIENTED_EDGE('',*,*,#7715,.F.);
#8282 = ORIENTED_EDGE('',*,*,#7764,.F.);
#8283 = ORIENTED_EDGE('',*,*,#7813,.F.);
#8284 = ORIENTED_EDGE('',*,*,#7862,.F.);
#8285 = ORIENTED_EDGE('',*,*,#7911,.F.);
#8286 = ORIENTED_EDGE('',*,*,#6409,.T.);
#8287 = ORIENTED_EDGE('',*,*,#7470,.F.);
#8288 = ORIENTED_EDGE('',*,*,#7519,.F.);
#8289 = ORIENTED_EDGE('',*,*,#7568,.F.);
#8290 = ORIENTED_EDGE('',*,*,#7617,.F.);
#8291 = ADVANCED_FACE('',(#8292),#6341,.T.);
#8292 = FACE_BOUND('',#8293,.T.);
#8293 = EDGE_LOOP('',(#8294,#8295,#8296,#8297,#8298,#8299,#8300,#8301,
    #8302,#8303,#8304,#8305,#8306,#8307,#8308,#8309,#8310,#8311,#8312,
    #8313));
#8294 = ORIENTED_EDGE('',*,*,#7394,.F.);
#8295 = ORIENTED_EDGE('',*,*,#7443,.F.);
#8296 = ORIENTED_EDGE('',*,*,#6324,.T.);
#8297 = ORIENTED_EDGE('',*,*,#6561,.F.);
#8298 = ORIENTED_EDGE('',*,*,#6610,.F.);
#8299 = ORIENTED_EDGE('',*,*,#6659,.F.);
#8300 = ORIENTED_EDGE('',*,*,#6708,.F.);
#8301 = ORIENTED_EDGE('',*,*,#6757,.F.);
#8302 = ORIENTED_EDGE('',*,*,#6806,.F.);
#8303 = ORIENTED_EDGE('',*,*,#6855,.F.);
#8304 = ORIENTED_EDGE('',*,*,#6904,.F.);
#8305 = ORIENTED_EDGE('',*,*,#6953,.F.);
#8306 = ORIENTED_EDGE('',*,*,#7002,.F.);
#8307 = ORIENTED_EDGE('',*,*,#7051,.F.);
#8308 = ORIENTED_EDGE('',*,*,#7100,.F.);
#8309 = ORIENTED_EDGE('',*,*,#7149,.F.);
#8310 = ORIENTED_EDGE('',*,*,#7198,.F.);
#8311 = ORIENTED_EDGE('',*,*,#7247,.F.);
#8312 = ORIENTED_EDGE('',*,*,#7296,.F.);
#8313 = ORIENTED_EDGE('',*,*,#7345,.F.);
#8314 = ( GEOMETRIC_REPRESENTATION_CONTEXT(3) 
GLOBAL_UNCERTAINTY_ASSIGNED_CONTEXT((#8318)) 
GLOBAL_UNIT_ASSIGNED_CONTEXT((#8315,#8316,#8317)) REPRESENTATION_CONTEXT
('Context #1','3D Context with UNIT and UNCERTAINTY') );
#8315 = ( LENGTH_UNIT() NAMED_UNIT(*) SI_UNIT(.MILLI.,.METRE.) );
#8316 = ( NAMED_UNIT(*) PLANE_ANGLE_UNIT() SI_UNIT($,.RADIAN.) );
#8317 = ( NAMED_UNIT(*) SI_UNIT($,.STERADIAN.) SOLID_ANGLE_UNIT() );
#8318 = UNCERTAINTY_MEASURE_WITH_UNIT(LENGTH_MEASURE(2.E-06),#8315,
  'distance_accuracy_value','confusion accuracy');
#8319 = PRODUCT_RELATED_PRODUCT_CATEGORY('part',$,(#7));
ENDSEC;
END-ISO-10303-21;
