ISO-10303-21;
HEADER;
FILE_DESCRIPTION(('Open CASCADE Model'),'2;1');
FILE_NAME('Open CASCADE Shape Model','2026-06-22T17:12:56',('Author'),(
    'Open CASCADE'),'Open CASCADE STEP processor 7.8','Open CASCADE 7.8'
  ,'Unknown');
FILE_SCHEMA(('AUTOMOTIVE_DESIGN { 1 0 10303 214 1 1 1 1 }'));
ENDSEC;
DATA;
#1 = APPLICATION_PROTOCOL_DEFINITION('international standard',
  'automotive_design',2000,#2);
#2 = APPLICATION_CONTEXT(
  'core data for automotive mechanical design processes');
#3 = SHAPE_DEFINITION_REPRESENTATION(#4,#10);
#4 = PRODUCT_DEFINITION_SHAPE('','',#5);
#5 = PRODUCT_DEFINITION('design','',#6,#9);
#6 = PRODUCT_DEFINITION_FORMATION('','',#7);
#7 = PRODUCT('Open CASCADE STEP translator 7.8 14',
  'Open CASCADE STEP translator 7.8 14','',(#8));
#8 = PRODUCT_CONTEXT('',#2,'mechanical');
#9 = PRODUCT_DEFINITION_CONTEXT('part definition',#2,'design');
#10 = ADVANCED_BREP_SHAPE_REPRESENTATION('',(#11,#15),#13297);
#11 = AXIS2_PLACEMENT_3D('',#12,#13,#14);
#12 = CARTESIAN_POINT('',(0.,0.,0.));
#13 = DIRECTION('',(0.,0.,1.));
#14 = DIRECTION('',(1.,0.,-0.));
#15 = MANIFOLD_SOLID_BREP('',#16);
#16 = CLOSED_SHELL('',(#17,#137,#4845,#4894,#8915,#8942,#8969,#9014,
    #9059,#9104,#9149,#9194,#9239,#9284,#9329,#9374,#9419,#9464,#9509,
    #9554,#9599,#9644,#9689,#9734,#9779,#9824,#9869,#9914,#9959,#10004,
    #10049,#10094,#10139,#10184,#10229,#10274,#10319,#10364,#10409,
    #10454,#10499,#10544,#10589,#10634,#10679,#10724,#10769,#10796,
    #10823,#10850,#10877,#10884,#10911,#10938,#10945,#10972,#10999,
    #11006,#11033,#11060,#11067,#11094,#11121,#11128,#11155,#11182,
    #11189,#11216,#11243,#11250,#11277,#11304,#11311,#11338,#11365,
    #11372,#11399,#11426,#11433,#11460,#11487,#11494,#11521,#11548,
    #11555,#11582,#11609,#11616,#11643,#11670,#11677,#11704,#11731,
    #11738,#11765,#11792,#11799,#11826,#11853,#11860,#11887,#11914,
    #11921,#11948,#11975,#11982,#12009,#12036,#12043,#12070,#12097,
    #12104,#12131,#12158,#12165,#12192,#12219,#12226,#12253,#12280,
    #12287,#12314,#12341,#12348,#12375,#12402,#12409,#12436,#12463,
    #12470,#12497,#12524,#12531,#12558,#12585,#12592,#12619,#12646,
    #12653,#12680,#12707,#12714,#12741,#12768,#12775,#12802,#12829,
    #12836,#12863,#12890,#12897,#12924,#12951,#12958,#12985,#13012,
    #13019,#13046,#13073,#13080,#13107,#13134,#13141,#13168,#13195,
    #13202,#13229,#13256,#13263,#13290));
#17 = ADVANCED_FACE('',(#18),#32,.F.);
#18 = FACE_BOUND('',#19,.F.);
#19 = EDGE_LOOP('',(#20,#55,#83,#111));
#20 = ORIENTED_EDGE('',*,*,#21,.F.);
#21 = EDGE_CURVE('',#22,#24,#26,.T.);
#22 = VERTEX_POINT('',#23);
#23 = CARTESIAN_POINT('',(0.,0.,0.));
#24 = VERTEX_POINT('',#25);
#25 = CARTESIAN_POINT('',(0.,0.,1.575));
#26 = SURFACE_CURVE('',#27,(#31,#43),.PCURVE_S1.);
#27 = LINE('',#28,#29);
#28 = CARTESIAN_POINT('',(0.,0.,0.));
#29 = VECTOR('',#30,1.);
#30 = DIRECTION('',(0.,0.,1.));
#31 = PCURVE('',#32,#37);
#32 = PLANE('',#33);
#33 = AXIS2_PLACEMENT_3D('',#34,#35,#36);
#34 = CARTESIAN_POINT('',(0.,0.,0.));
#35 = DIRECTION('',(1.,0.,0.));
#36 = DIRECTION('',(0.,0.,1.));
#37 = DEFINITIONAL_REPRESENTATION('',(#38),#42);
#38 = LINE('',#39,#40);
#39 = CARTESIAN_POINT('',(0.,0.));
#40 = VECTOR('',#41,1.);
#41 = DIRECTION('',(1.,0.));
#42 = ( GEOMETRIC_REPRESENTATION_CONTEXT(2) 
PARAMETRIC_REPRESENTATION_CONTEXT() REPRESENTATION_CONTEXT('2D SPACE',''
  ) );
#43 = PCURVE('',#44,#49);
#44 = PLANE('',#45);
#45 = AXIS2_PLACEMENT_3D('',#46,#47,#48);
#46 = CARTESIAN_POINT('',(0.,0.,0.));
#47 = DIRECTION('',(0.,1.,0.));
#48 = DIRECTION('',(0.,0.,1.));
#49 = DEFINITIONAL_REPRESENTATION('',(#50),#54);
#50 = LINE('',#51,#52);
#51 = CARTESIAN_POINT('',(0.,0.));
#52 = VECTOR('',#53,1.);
#53 = DIRECTION('',(1.,0.));
#54 = ( GEOMETRIC_REPRESENTATION_CONTEXT(2) 
PARAMETRIC_REPRESENTATION_CONTEXT() REPRESENTATION_CONTEXT('2D SPACE',''
  ) );
#55 = ORIENTED_EDGE('',*,*,#56,.T.);
#56 = EDGE_CURVE('',#22,#57,#59,.T.);
#57 = VERTEX_POINT('',#58);
#58 = CARTESIAN_POINT('',(0.,200.,0.));
#59 = SURFACE_CURVE('',#60,(#64,#71),.PCURVE_S1.);
#60 = LINE('',#61,#62);
#61 = CARTESIAN_POINT('',(0.,0.,0.));
#62 = VECTOR('',#63,1.);
#63 = DIRECTION('',(0.,1.,0.));
#64 = PCURVE('',#32,#65);
#65 = DEFINITIONAL_REPRESENTATION('',(#66),#70);
#66 = LINE('',#67,#68);
#67 = CARTESIAN_POINT('',(0.,0.));
#68 = VECTOR('',#69,1.);
#69 = DIRECTION('',(0.,-1.));
#70 = ( GEOMETRIC_REPRESENTATION_CONTEXT(2) 
PARAMETRIC_REPRESENTATION_CONTEXT() REPRESENTATION_CONTEXT('2D SPACE',''
  ) );
#71 = PCURVE('',#72,#77);
#72 = PLANE('',#73);
#73 = AXIS2_PLACEMENT_3D('',#74,#75,#76);
#74 = CARTESIAN_POINT('',(0.,0.,0.));
#75 = DIRECTION('',(0.,0.,1.));
#76 = DIRECTION('',(1.,0.,0.));
#77 = DEFINITIONAL_REPRESENTATION('',(#78),#82);
#78 = LINE('',#79,#80);
#79 = CARTESIAN_POINT('',(0.,0.));
#80 = VECTOR('',#81,1.);
#81 = DIRECTION('',(0.,1.));
#82 = ( GEOMETRIC_REPRESENTATION_CONTEXT(2) 
PARAMETRIC_REPRESENTATION_CONTEXT() REPRESENTATION_CONTEXT('2D SPACE',''
  ) );
#83 = ORIENTED_EDGE('',*,*,#84,.T.);
#84 = EDGE_CURVE('',#57,#85,#87,.T.);
#85 = VERTEX_POINT('',#86);
#86 = CARTESIAN_POINT('',(0.,200.,1.575));
#87 = SURFACE_CURVE('',#88,(#92,#99),.PCURVE_S1.);
#88 = LINE('',#89,#90);
#89 = CARTESIAN_POINT('',(0.,200.,0.));
#90 = VECTOR('',#91,1.);
#91 = DIRECTION('',(0.,0.,1.));
#92 = PCURVE('',#32,#93);
#93 = DEFINITIONAL_REPRESENTATION('',(#94),#98);
#94 = LINE('',#95,#96);
#95 = CARTESIAN_POINT('',(0.,-200.));
#96 = VECTOR('',#97,1.);
#97 = DIRECTION('',(1.,0.));
#98 = ( GEOMETRIC_REPRESENTATION_CONTEXT(2) 
PARAMETRIC_REPRESENTATION_CONTEXT() REPRESENTATION_CONTEXT('2D SPACE',''
  ) );
#99 = PCURVE('',#100,#105);
#100 = PLANE('',#101);
#101 = AXIS2_PLACEMENT_3D('',#102,#103,#104);
#102 = CARTESIAN_POINT('',(0.,200.,0.));
#103 = DIRECTION('',(0.,1.,0.));
#104 = DIRECTION('',(0.,0.,1.));
#105 = DEFINITIONAL_REPRESENTATION('',(#106),#110);
#106 = LINE('',#107,#108);
#107 = CARTESIAN_POINT('',(0.,0.));
#108 = VECTOR('',#109,1.);
#109 = DIRECTION('',(1.,0.));
#110 = ( GEOMETRIC_REPRESENTATION_CONTEXT(2) 
PARAMETRIC_REPRESENTATION_CONTEXT() REPRESENTATION_CONTEXT('2D SPACE',''
  ) );
#111 = ORIENTED_EDGE('',*,*,#112,.F.);
#112 = EDGE_CURVE('',#24,#85,#113,.T.);
#113 = SURFACE_CURVE('',#114,(#118,#125),.PCURVE_S1.);
#114 = LINE('',#115,#116);
#115 = CARTESIAN_POINT('',(0.,0.,1.575));
#116 = VECTOR('',#117,1.);
#117 = DIRECTION('',(0.,1.,0.));
#118 = PCURVE('',#32,#119);
#119 = DEFINITIONAL_REPRESENTATION('',(#120),#124);
#120 = LINE('',#121,#122);
#121 = CARTESIAN_POINT('',(1.575,0.));
#122 = VECTOR('',#123,1.);
#123 = DIRECTION('',(0.,-1.));
#124 = ( GEOMETRIC_REPRESENTATION_CONTEXT(2) 
PARAMETRIC_REPRESENTATION_CONTEXT() REPRESENTATION_CONTEXT('2D SPACE',''
  ) );
#125 = PCURVE('',#126,#131);
#126 = PLANE('',#127);
#127 = AXIS2_PLACEMENT_3D('',#128,#129,#130);
#128 = CARTESIAN_POINT('',(-0.623334073416,0.,1.575));
#129 = DIRECTION('',(0.,0.,1.));
#130 = DIRECTION('',(1.,0.,0.));
#131 = DEFINITIONAL_REPRESENTATION('',(#132),#136);
#132 = LINE('',#133,#134);
#133 = CARTESIAN_POINT('',(0.623334073416,0.));
#134 = VECTOR('',#135,1.);
#135 = DIRECTION('',(0.,1.));
#136 = ( GEOMETRIC_REPRESENTATION_CONTEXT(2) 
PARAMETRIC_REPRESENTATION_CONTEXT() REPRESENTATION_CONTEXT('2D SPACE',''
  ) );
#137 = ADVANCED_FACE('',(#138),#44,.F.);
#138 = FACE_BOUND('',#139,.F.);
#139 = EDGE_LOOP('',(#140,#170,#191,#192,#215,#243,#271,#299,#328,#356,
    #384,#412,#441,#469,#497,#525,#554,#582,#610,#638,#667,#695,#723,
    #751,#780,#808,#836,#864,#893,#921,#949,#977,#1006,#1034,#1062,#1090
    ,#1119,#1147,#1175,#1203,#1232,#1260,#1288,#1316,#1345,#1373,#1401,
    #1429,#1458,#1486,#1514,#1542,#1571,#1599,#1627,#1655,#1684,#1712,
    #1740,#1768,#1797,#1825,#1853,#1881,#1910,#1938,#1966,#1994,#2023,
    #2051,#2079,#2107,#2136,#2164,#2192,#2220,#2249,#2277,#2305,#2333,
    #2362,#2390,#2418,#2446,#2475,#2503,#2531,#2559,#2588,#2616,#2644,
    #2672,#2701,#2729,#2757,#2785,#2814,#2842,#2870,#2898,#2927,#2955,
    #2983,#3011,#3040,#3068,#3096,#3124,#3153,#3181,#3209,#3237,#3266,
    #3294,#3322,#3350,#3379,#3407,#3435,#3463,#3492,#3520,#3548,#3576,
    #3605,#3633,#3661,#3689,#3718,#3746,#3774,#3802,#3831,#3859,#3887,
    #3915,#3944,#3972,#4000,#4028,#4057,#4085,#4113,#4141,#4170,#4198,
    #4226,#4254,#4283,#4311,#4339,#4367,#4396,#4424,#4452,#4480,#4509,
    #4537,#4565,#4593,#4622,#4650,#4678,#4706,#4735,#4763,#4791,#4819));
#140 = ORIENTED_EDGE('',*,*,#141,.F.);
#141 = EDGE_CURVE('',#142,#144,#146,.T.);
#142 = VERTEX_POINT('',#143);
#143 = CARTESIAN_POINT('',(200.,0.,0.));
#144 = VERTEX_POINT('',#145);
#145 = CARTESIAN_POINT('',(200.,0.,1.575));
#146 = SURFACE_CURVE('',#147,(#151,#158),.PCURVE_S1.);
#147 = LINE('',#148,#149);
#148 = CARTESIAN_POINT('',(200.,0.,0.));
#149 = VECTOR('',#150,1.);
#150 = DIRECTION('',(0.,0.,1.));
#151 = PCURVE('',#44,#152);
#152 = DEFINITIONAL_REPRESENTATION('',(#153),#157);
#153 = LINE('',#154,#155);
#154 = CARTESIAN_POINT('',(0.,200.));
#155 = VECTOR('',#156,1.);
#156 = DIRECTION('',(1.,0.));
#157 = ( GEOMETRIC_REPRESENTATION_CONTEXT(2) 
PARAMETRIC_REPRESENTATION_CONTEXT() REPRESENTATION_CONTEXT('2D SPACE',''
  ) );
#158 = PCURVE('',#159,#164);
#159 = PLANE('',#160);
#160 = AXIS2_PLACEMENT_3D('',#161,#162,#163);
#161 = CARTESIAN_POINT('',(200.,0.,0.));
#162 = DIRECTION('',(1.,0.,0.));
#163 = DIRECTION('',(0.,0.,1.));
#164 = DEFINITIONAL_REPRESENTATION('',(#165),#169);
#165 = LINE('',#166,#167);
#166 = CARTESIAN_POINT('',(0.,0.));
#167 = VECTOR('',#168,1.);
#168 = DIRECTION('',(1.,0.));
#169 = ( GEOMETRIC_REPRESENTATION_CONTEXT(2) 
PARAMETRIC_REPRESENTATION_CONTEXT() REPRESENTATION_CONTEXT('2D SPACE',''
  ) );
#170 = ORIENTED_EDGE('',*,*,#171,.F.);
#171 = EDGE_CURVE('',#22,#142,#172,.T.);
#172 = SURFACE_CURVE('',#173,(#177,#184),.PCURVE_S1.);
#173 = LINE('',#174,#175);
#174 = CARTESIAN_POINT('',(0.,0.,0.));
#175 = VECTOR('',#176,1.);
#176 = DIRECTION('',(1.,0.,0.));
#177 = PCURVE('',#44,#178);
#178 = DEFINITIONAL_REPRESENTATION('',(#179),#183);
#179 = LINE('',#180,#181);
#180 = CARTESIAN_POINT('',(0.,0.));
#181 = VECTOR('',#182,1.);
#182 = DIRECTION('',(0.,1.));
#183 = ( GEOMETRIC_REPRESENTATION_CONTEXT(2) 
PARAMETRIC_REPRESENTATION_CONTEXT() REPRESENTATION_CONTEXT('2D SPACE',''
  ) );
#184 = PCURVE('',#72,#185);
#185 = DEFINITIONAL_REPRESENTATION('',(#186),#190);
#186 = LINE('',#187,#188);
#187 = CARTESIAN_POINT('',(0.,0.));
#188 = VECTOR('',#189,1.);
#189 = DIRECTION('',(1.,0.));
#190 = ( GEOMETRIC_REPRESENTATION_CONTEXT(2) 
PARAMETRIC_REPRESENTATION_CONTEXT() REPRESENTATION_CONTEXT('2D SPACE',''
  ) );
#191 = ORIENTED_EDGE('',*,*,#21,.T.);
#192 = ORIENTED_EDGE('',*,*,#193,.F.);
#193 = EDGE_CURVE('',#194,#24,#196,.T.);
#194 = VERTEX_POINT('',#195);
#195 = CARTESIAN_POINT('',(-0.623334073416,0.,1.575));
#196 = SURFACE_CURVE('',#197,(#201,#208),.PCURVE_S1.);
#197 = LINE('',#198,#199);
#198 = CARTESIAN_POINT('',(-0.623334073416,0.,1.575));
#199 = VECTOR('',#200,1.);
#200 = DIRECTION('',(1.,0.,0.));
#201 = PCURVE('',#44,#202);
#202 = DEFINITIONAL_REPRESENTATION('',(#203),#207);
#203 = LINE('',#204,#205);
#204 = CARTESIAN_POINT('',(1.575,-0.623334073416));
#205 = VECTOR('',#206,1.);
#206 = DIRECTION('',(0.,1.));
#207 = ( GEOMETRIC_REPRESENTATION_CONTEXT(2) 
PARAMETRIC_REPRESENTATION_CONTEXT() REPRESENTATION_CONTEXT('2D SPACE',''
  ) );
#208 = PCURVE('',#126,#209);
#209 = DEFINITIONAL_REPRESENTATION('',(#210),#214);
#210 = LINE('',#211,#212);
#211 = CARTESIAN_POINT('',(0.,0.));
#212 = VECTOR('',#213,1.);
#213 = DIRECTION('',(1.,0.));
#214 = ( GEOMETRIC_REPRESENTATION_CONTEXT(2) 
PARAMETRIC_REPRESENTATION_CONTEXT() REPRESENTATION_CONTEXT('2D SPACE',''
  ) );
#215 = ORIENTED_EDGE('',*,*,#216,.T.);
#216 = EDGE_CURVE('',#194,#217,#219,.T.);
#217 = VERTEX_POINT('',#218);
#218 = CARTESIAN_POINT('',(-0.623334073416,0.,4.575));
#219 = SURFACE_CURVE('',#220,(#224,#231),.PCURVE_S1.);
#220 = LINE('',#221,#222);
#221 = CARTESIAN_POINT('',(-0.623334073416,0.,1.575));
#222 = VECTOR('',#223,1.);
#223 = DIRECTION('',(0.,0.,1.));
#224 = PCURVE('',#44,#225);
#225 = DEFINITIONAL_REPRESENTATION('',(#226),#230);
#226 = LINE('',#227,#228);
#227 = CARTESIAN_POINT('',(1.575,-0.623334073416));
#228 = VECTOR('',#229,1.);
#229 = DIRECTION('',(1.,0.));
#230 = ( GEOMETRIC_REPRESENTATION_CONTEXT(2) 
PARAMETRIC_REPRESENTATION_CONTEXT() REPRESENTATION_CONTEXT('2D SPACE',''
  ) );
#231 = PCURVE('',#232,#237);
#232 = PLANE('',#233);
#233 = AXIS2_PLACEMENT_3D('',#234,#235,#236);
#234 = CARTESIAN_POINT('',(-0.623334073416,0.,1.575));
#235 = DIRECTION('',(1.,0.,0.));
#236 = DIRECTION('',(0.,0.,1.));
#237 = DEFINITIONAL_REPRESENTATION('',(#238),#242);
#238 = LINE('',#239,#240);
#239 = CARTESIAN_POINT('',(0.,0.));
#240 = VECTOR('',#241,1.);
#241 = DIRECTION('',(1.,0.));
#242 = ( GEOMETRIC_REPRESENTATION_CONTEXT(2) 
PARAMETRIC_REPRESENTATION_CONTEXT() REPRESENTATION_CONTEXT('2D SPACE',''
  ) );
#243 = ORIENTED_EDGE('',*,*,#244,.T.);
#244 = EDGE_CURVE('',#217,#245,#247,.T.);
#245 = VERTEX_POINT('',#246);
#246 = CARTESIAN_POINT('',(0.623334073416,0.,4.575));
#247 = SURFACE_CURVE('',#248,(#252,#259),.PCURVE_S1.);
#248 = LINE('',#249,#250);
#249 = CARTESIAN_POINT('',(-0.623334073416,0.,4.575));
#250 = VECTOR('',#251,1.);
#251 = DIRECTION('',(1.,0.,0.));
#252 = PCURVE('',#44,#253);
#253 = DEFINITIONAL_REPRESENTATION('',(#254),#258);
#254 = LINE('',#255,#256);
#255 = CARTESIAN_POINT('',(4.575,-0.623334073416));
#256 = VECTOR('',#257,1.);
#257 = DIRECTION('',(0.,1.));
#258 = ( GEOMETRIC_REPRESENTATION_CONTEXT(2) 
PARAMETRIC_REPRESENTATION_CONTEXT() REPRESENTATION_CONTEXT('2D SPACE',''
  ) );
#259 = PCURVE('',#260,#265);
#260 = PLANE('',#261);
#261 = AXIS2_PLACEMENT_3D('',#262,#263,#264);
#262 = CARTESIAN_POINT('',(-0.623334073416,0.,4.575));
#263 = DIRECTION('',(0.,0.,1.));
#264 = DIRECTION('',(1.,0.,0.));
#265 = DEFINITIONAL_REPRESENTATION('',(#266),#270);
#266 = LINE('',#267,#268);
#267 = CARTESIAN_POINT('',(0.,0.));
#268 = VECTOR('',#269,1.);
#269 = DIRECTION('',(1.,0.));
#270 = ( GEOMETRIC_REPRESENTATION_CONTEXT(2) 
PARAMETRIC_REPRESENTATION_CONTEXT() REPRESENTATION_CONTEXT('2D SPACE',''
  ) );
#271 = ORIENTED_EDGE('',*,*,#272,.F.);
#272 = EDGE_CURVE('',#273,#245,#275,.T.);
#273 = VERTEX_POINT('',#274);
#274 = CARTESIAN_POINT('',(0.623334073416,0.,1.575));
#275 = SURFACE_CURVE('',#276,(#280,#287),.PCURVE_S1.);
#276 = LINE('',#277,#278);
#277 = CARTESIAN_POINT('',(0.623334073416,0.,1.575));
#278 = VECTOR('',#279,1.);
#279 = DIRECTION('',(0.,0.,1.));
#280 = PCURVE('',#44,#281);
#281 = DEFINITIONAL_REPRESENTATION('',(#282),#286);
#282 = LINE('',#283,#284);
#283 = CARTESIAN_POINT('',(1.575,0.623334073416));
#284 = VECTOR('',#285,1.);
#285 = DIRECTION('',(1.,0.));
#286 = ( GEOMETRIC_REPRESENTATION_CONTEXT(2) 
PARAMETRIC_REPRESENTATION_CONTEXT() REPRESENTATION_CONTEXT('2D SPACE',''
  ) );
#287 = PCURVE('',#288,#293);
#288 = PLANE('',#289);
#289 = AXIS2_PLACEMENT_3D('',#290,#291,#292);
#290 = CARTESIAN_POINT('',(0.623334073416,0.,1.575));
#291 = DIRECTION('',(1.,0.,0.));
#292 = DIRECTION('',(0.,0.,1.));
#293 = DEFINITIONAL_REPRESENTATION('',(#294),#298);
#294 = LINE('',#295,#296);
#295 = CARTESIAN_POINT('',(0.,0.));
#296 = VECTOR('',#297,1.);
#297 = DIRECTION('',(1.,0.));
#298 = ( GEOMETRIC_REPRESENTATION_CONTEXT(2) 
PARAMETRIC_REPRESENTATION_CONTEXT() REPRESENTATION_CONTEXT('2D SPACE',''
  ) );
#299 = ORIENTED_EDGE('',*,*,#300,.F.);
#300 = EDGE_CURVE('',#301,#273,#303,.T.);
#301 = VERTEX_POINT('',#302);
#302 = CARTESIAN_POINT('',(4.376665926584,0.,1.575));
#303 = SURFACE_CURVE('',#304,(#309,#316),.PCURVE_S1.);
#304 = CIRCLE('',#305,2.45);
#305 = AXIS2_PLACEMENT_3D('',#306,#307,#308);
#306 = CARTESIAN_POINT('',(2.5,0.,3.15));
#307 = DIRECTION('',(-0.,1.,0.));
#308 = DIRECTION('',(1.,0.,0.));
#309 = PCURVE('',#44,#310);
#310 = DEFINITIONAL_REPRESENTATION('',(#311),#315);
#311 = CIRCLE('',#312,2.45);
#312 = AXIS2_PLACEMENT_2D('',#313,#314);
#313 = CARTESIAN_POINT('',(3.15,2.5));
#314 = DIRECTION('',(0.,1.));
#315 = ( GEOMETRIC_REPRESENTATION_CONTEXT(2) 
PARAMETRIC_REPRESENTATION_CONTEXT() REPRESENTATION_CONTEXT('2D SPACE',''
  ) );
#316 = PCURVE('',#317,#322);
#317 = CYLINDRICAL_SURFACE('',#318,2.45);
#318 = AXIS2_PLACEMENT_3D('',#319,#320,#321);
#319 = CARTESIAN_POINT('',(2.5,200.0000002,3.15));
#320 = DIRECTION('',(0.,1.,0.));
#321 = DIRECTION('',(1.,0.,0.));
#322 = DEFINITIONAL_REPRESENTATION('',(#323),#327);
#323 = LINE('',#324,#325);
#324 = CARTESIAN_POINT('',(-6.28318530718,-200.0000002));
#325 = VECTOR('',#326,1.);
#326 = DIRECTION('',(1.,-0.));
#327 = ( GEOMETRIC_REPRESENTATION_CONTEXT(2) 
PARAMETRIC_REPRESENTATION_CONTEXT() REPRESENTATION_CONTEXT('2D SPACE',''
  ) );
#328 = ORIENTED_EDGE('',*,*,#329,.T.);
#329 = EDGE_CURVE('',#301,#330,#332,.T.);
#330 = VERTEX_POINT('',#331);
#331 = CARTESIAN_POINT('',(4.376665926584,0.,4.575));
#332 = SURFACE_CURVE('',#333,(#337,#344),.PCURVE_S1.);
#333 = LINE('',#334,#335);
#334 = CARTESIAN_POINT('',(4.376665926584,0.,1.575));
#335 = VECTOR('',#336,1.);
#336 = DIRECTION('',(0.,0.,1.));
#337 = PCURVE('',#44,#338);
#338 = DEFINITIONAL_REPRESENTATION('',(#339),#343);
#339 = LINE('',#340,#341);
#340 = CARTESIAN_POINT('',(1.575,4.376665926584));
#341 = VECTOR('',#342,1.);
#342 = DIRECTION('',(1.,0.));
#343 = ( GEOMETRIC_REPRESENTATION_CONTEXT(2) 
PARAMETRIC_REPRESENTATION_CONTEXT() REPRESENTATION_CONTEXT('2D SPACE',''
  ) );
#344 = PCURVE('',#345,#350);
#345 = PLANE('',#346);
#346 = AXIS2_PLACEMENT_3D('',#347,#348,#349);
#347 = CARTESIAN_POINT('',(4.376665926584,0.,1.575));
#348 = DIRECTION('',(1.,0.,0.));
#349 = DIRECTION('',(0.,0.,1.));
#350 = DEFINITIONAL_REPRESENTATION('',(#351),#355);
#351 = LINE('',#352,#353);
#352 = CARTESIAN_POINT('',(0.,0.));
#353 = VECTOR('',#354,1.);
#354 = DIRECTION('',(1.,0.));
#355 = ( GEOMETRIC_REPRESENTATION_CONTEXT(2) 
PARAMETRIC_REPRESENTATION_CONTEXT() REPRESENTATION_CONTEXT('2D SPACE',''
  ) );
#356 = ORIENTED_EDGE('',*,*,#357,.T.);
#357 = EDGE_CURVE('',#330,#358,#360,.T.);
#358 = VERTEX_POINT('',#359);
#359 = CARTESIAN_POINT('',(5.623334073416,0.,4.575));
#360 = SURFACE_CURVE('',#361,(#365,#372),.PCURVE_S1.);
#361 = LINE('',#362,#363);
#362 = CARTESIAN_POINT('',(4.376665926584,0.,4.575));
#363 = VECTOR('',#364,1.);
#364 = DIRECTION('',(1.,0.,0.));
#365 = PCURVE('',#44,#366);
#366 = DEFINITIONAL_REPRESENTATION('',(#367),#371);
#367 = LINE('',#368,#369);
#368 = CARTESIAN_POINT('',(4.575,4.376665926584));
#369 = VECTOR('',#370,1.);
#370 = DIRECTION('',(0.,1.));
#371 = ( GEOMETRIC_REPRESENTATION_CONTEXT(2) 
PARAMETRIC_REPRESENTATION_CONTEXT() REPRESENTATION_CONTEXT('2D SPACE',''
  ) );
#372 = PCURVE('',#373,#378);
#373 = PLANE('',#374);
#374 = AXIS2_PLACEMENT_3D('',#375,#376,#377);
#375 = CARTESIAN_POINT('',(4.376665926584,0.,4.575));
#376 = DIRECTION('',(0.,0.,1.));
#377 = DIRECTION('',(1.,0.,0.));
#378 = DEFINITIONAL_REPRESENTATION('',(#379),#383);
#379 = LINE('',#380,#381);
#380 = CARTESIAN_POINT('',(0.,0.));
#381 = VECTOR('',#382,1.);
#382 = DIRECTION('',(1.,0.));
#383 = ( GEOMETRIC_REPRESENTATION_CONTEXT(2) 
PARAMETRIC_REPRESENTATION_CONTEXT() REPRESENTATION_CONTEXT('2D SPACE',''
  ) );
#384 = ORIENTED_EDGE('',*,*,#385,.F.);
#385 = EDGE_CURVE('',#386,#358,#388,.T.);
#386 = VERTEX_POINT('',#387);
#387 = CARTESIAN_POINT('',(5.623334073416,0.,1.575));
#388 = SURFACE_CURVE('',#389,(#393,#400),.PCURVE_S1.);
#389 = LINE('',#390,#391);
#390 = CARTESIAN_POINT('',(5.623334073416,0.,1.575));
#391 = VECTOR('',#392,1.);
#392 = DIRECTION('',(0.,0.,1.));
#393 = PCURVE('',#44,#394);
#394 = DEFINITIONAL_REPRESENTATION('',(#395),#399);
#395 = LINE('',#396,#397);
#396 = CARTESIAN_POINT('',(1.575,5.623334073416));
#397 = VECTOR('',#398,1.);
#398 = DIRECTION('',(1.,0.));
#399 = ( GEOMETRIC_REPRESENTATION_CONTEXT(2) 
PARAMETRIC_REPRESENTATION_CONTEXT() REPRESENTATION_CONTEXT('2D SPACE',''
  ) );
#400 = PCURVE('',#401,#406);
#401 = PLANE('',#402);
#402 = AXIS2_PLACEMENT_3D('',#403,#404,#405);
#403 = CARTESIAN_POINT('',(5.623334073416,0.,1.575));
#404 = DIRECTION('',(1.,0.,0.));
#405 = DIRECTION('',(0.,0.,1.));
#406 = DEFINITIONAL_REPRESENTATION('',(#407),#411);
#407 = LINE('',#408,#409);
#408 = CARTESIAN_POINT('',(0.,0.));
#409 = VECTOR('',#410,1.);
#410 = DIRECTION('',(1.,0.));
#411 = ( GEOMETRIC_REPRESENTATION_CONTEXT(2) 
PARAMETRIC_REPRESENTATION_CONTEXT() REPRESENTATION_CONTEXT('2D SPACE',''
  ) );
#412 = ORIENTED_EDGE('',*,*,#413,.F.);
#413 = EDGE_CURVE('',#414,#386,#416,.T.);
#414 = VERTEX_POINT('',#415);
#415 = CARTESIAN_POINT('',(9.376665926584,0.,1.575));
#416 = SURFACE_CURVE('',#417,(#422,#429),.PCURVE_S1.);
#417 = CIRCLE('',#418,2.45);
#418 = AXIS2_PLACEMENT_3D('',#419,#420,#421);
#419 = CARTESIAN_POINT('',(7.5,0.,3.15));
#420 = DIRECTION('',(-0.,1.,0.));
#421 = DIRECTION('',(1.,0.,0.));
#422 = PCURVE('',#44,#423);
#423 = DEFINITIONAL_REPRESENTATION('',(#424),#428);
#424 = CIRCLE('',#425,2.45);
#425 = AXIS2_PLACEMENT_2D('',#426,#427);
#426 = CARTESIAN_POINT('',(3.15,7.5));
#427 = DIRECTION('',(0.,1.));
#428 = ( GEOMETRIC_REPRESENTATION_CONTEXT(2) 
PARAMETRIC_REPRESENTATION_CONTEXT() REPRESENTATION_CONTEXT('2D SPACE',''
  ) );
#429 = PCURVE('',#430,#435);
#430 = CYLINDRICAL_SURFACE('',#431,2.45);
#431 = AXIS2_PLACEMENT_3D('',#432,#433,#434);
#432 = CARTESIAN_POINT('',(7.5,200.0000008,3.15));
#433 = DIRECTION('',(0.,1.,0.));
#434 = DIRECTION('',(1.,0.,0.));
#435 = DEFINITIONAL_REPRESENTATION('',(#436),#440);
#436 = LINE('',#437,#438);
#437 = CARTESIAN_POINT('',(-6.28318530718,-200.0000008));
#438 = VECTOR('',#439,1.);
#439 = DIRECTION('',(1.,-0.));
#440 = ( GEOMETRIC_REPRESENTATION_CONTEXT(2) 
PARAMETRIC_REPRESENTATION_CONTEXT() REPRESENTATION_CONTEXT('2D SPACE',''
  ) );
#441 = ORIENTED_EDGE('',*,*,#442,.T.);
#442 = EDGE_CURVE('',#414,#443,#445,.T.);
#443 = VERTEX_POINT('',#444);
#444 = CARTESIAN_POINT('',(9.376665926584,0.,4.575));
#445 = SURFACE_CURVE('',#446,(#450,#457),.PCURVE_S1.);
#446 = LINE('',#447,#448);
#447 = CARTESIAN_POINT('',(9.376665926584,0.,1.575));
#448 = VECTOR('',#449,1.);
#449 = DIRECTION('',(0.,0.,1.));
#450 = PCURVE('',#44,#451);
#451 = DEFINITIONAL_REPRESENTATION('',(#452),#456);
#452 = LINE('',#453,#454);
#453 = CARTESIAN_POINT('',(1.575,9.376665926584));
#454 = VECTOR('',#455,1.);
#455 = DIRECTION('',(1.,0.));
#456 = ( GEOMETRIC_REPRESENTATION_CONTEXT(2) 
PARAMETRIC_REPRESENTATION_CONTEXT() REPRESENTATION_CONTEXT('2D SPACE',''
  ) );
#457 = PCURVE('',#458,#463);
#458 = PLANE('',#459);
#459 = AXIS2_PLACEMENT_3D('',#460,#461,#462);
#460 = CARTESIAN_POINT('',(9.376665926584,0.,1.575));
#461 = DIRECTION('',(1.,0.,0.));
#462 = DIRECTION('',(0.,0.,1.));
#463 = DEFINITIONAL_REPRESENTATION('',(#464),#468);
#464 = LINE('',#465,#466);
#465 = CARTESIAN_POINT('',(0.,0.));
#466 = VECTOR('',#467,1.);
#467 = DIRECTION('',(1.,0.));
#468 = ( GEOMETRIC_REPRESENTATION_CONTEXT(2) 
PARAMETRIC_REPRESENTATION_CONTEXT() REPRESENTATION_CONTEXT('2D SPACE',''
  ) );
#469 = ORIENTED_EDGE('',*,*,#470,.T.);
#470 = EDGE_CURVE('',#443,#471,#473,.T.);
#471 = VERTEX_POINT('',#472);
#472 = CARTESIAN_POINT('',(10.623334073416,0.,4.575));
#473 = SURFACE_CURVE('',#474,(#478,#485),.PCURVE_S1.);
#474 = LINE('',#475,#476);
#475 = CARTESIAN_POINT('',(9.376665926584,0.,4.575));
#476 = VECTOR('',#477,1.);
#477 = DIRECTION('',(1.,0.,0.));
#478 = PCURVE('',#44,#479);
#479 = DEFINITIONAL_REPRESENTATION('',(#480),#484);
#480 = LINE('',#481,#482);
#481 = CARTESIAN_POINT('',(4.575,9.376665926584));
#482 = VECTOR('',#483,1.);
#483 = DIRECTION('',(0.,1.));
#484 = ( GEOMETRIC_REPRESENTATION_CONTEXT(2) 
PARAMETRIC_REPRESENTATION_CONTEXT() REPRESENTATION_CONTEXT('2D SPACE',''
  ) );
#485 = PCURVE('',#486,#491);
#486 = PLANE('',#487);
#487 = AXIS2_PLACEMENT_3D('',#488,#489,#490);
#488 = CARTESIAN_POINT('',(9.376665926584,0.,4.575));
#489 = DIRECTION('',(0.,0.,1.));
#490 = DIRECTION('',(1.,0.,0.));
#491 = DEFINITIONAL_REPRESENTATION('',(#492),#496);
#492 = LINE('',#493,#494);
#493 = CARTESIAN_POINT('',(0.,0.));
#494 = VECTOR('',#495,1.);
#495 = DIRECTION('',(1.,0.));
#496 = ( GEOMETRIC_REPRESENTATION_CONTEXT(2) 
PARAMETRIC_REPRESENTATION_CONTEXT() REPRESENTATION_CONTEXT('2D SPACE',''
  ) );
#497 = ORIENTED_EDGE('',*,*,#498,.F.);
#498 = EDGE_CURVE('',#499,#471,#501,.T.);
#499 = VERTEX_POINT('',#500);
#500 = CARTESIAN_POINT('',(10.623334073416,0.,1.575));
#501 = SURFACE_CURVE('',#502,(#506,#513),.PCURVE_S1.);
#502 = LINE('',#503,#504);
#503 = CARTESIAN_POINT('',(10.623334073416,0.,1.575));
#504 = VECTOR('',#505,1.);
#505 = DIRECTION('',(0.,0.,1.));
#506 = PCURVE('',#44,#507);
#507 = DEFINITIONAL_REPRESENTATION('',(#508),#512);
#508 = LINE('',#509,#510);
#509 = CARTESIAN_POINT('',(1.575,10.623334073416));
#510 = VECTOR('',#511,1.);
#511 = DIRECTION('',(1.,0.));
#512 = ( GEOMETRIC_REPRESENTATION_CONTEXT(2) 
PARAMETRIC_REPRESENTATION_CONTEXT() REPRESENTATION_CONTEXT('2D SPACE',''
  ) );
#513 = PCURVE('',#514,#519);
#514 = PLANE('',#515);
#515 = AXIS2_PLACEMENT_3D('',#516,#517,#518);
#516 = CARTESIAN_POINT('',(10.623334073416,0.,1.575));
#517 = DIRECTION('',(1.,0.,0.));
#518 = DIRECTION('',(0.,0.,1.));
#519 = DEFINITIONAL_REPRESENTATION('',(#520),#524);
#520 = LINE('',#521,#522);
#521 = CARTESIAN_POINT('',(0.,0.));
#522 = VECTOR('',#523,1.);
#523 = DIRECTION('',(1.,0.));
#524 = ( GEOMETRIC_REPRESENTATION_CONTEXT(2) 
PARAMETRIC_REPRESENTATION_CONTEXT() REPRESENTATION_CONTEXT('2D SPACE',''
  ) );
#525 = ORIENTED_EDGE('',*,*,#526,.F.);
#526 = EDGE_CURVE('',#527,#499,#529,.T.);
#527 = VERTEX_POINT('',#528);
#528 = CARTESIAN_POINT('',(14.376665926584,0.,1.575));
#529 = SURFACE_CURVE('',#530,(#535,#542),.PCURVE_S1.);
#530 = CIRCLE('',#531,2.45);
#531 = AXIS2_PLACEMENT_3D('',#532,#533,#534);
#532 = CARTESIAN_POINT('',(12.5,0.,3.15));
#533 = DIRECTION('',(-0.,1.,0.));
#534 = DIRECTION('',(1.,0.,0.));
#535 = PCURVE('',#44,#536);
#536 = DEFINITIONAL_REPRESENTATION('',(#537),#541);
#537 = CIRCLE('',#538,2.45);
#538 = AXIS2_PLACEMENT_2D('',#539,#540);
#539 = CARTESIAN_POINT('',(3.15,12.5));
#540 = DIRECTION('',(0.,1.));
#541 = ( GEOMETRIC_REPRESENTATION_CONTEXT(2) 
PARAMETRIC_REPRESENTATION_CONTEXT() REPRESENTATION_CONTEXT('2D SPACE',''
  ) );
#542 = PCURVE('',#543,#548);
#543 = CYLINDRICAL_SURFACE('',#544,2.45);
#544 = AXIS2_PLACEMENT_3D('',#545,#546,#547);
#545 = CARTESIAN_POINT('',(12.5,200.0000008,3.15));
#546 = DIRECTION('',(0.,1.,0.));
#547 = DIRECTION('',(1.,0.,0.));
#548 = DEFINITIONAL_REPRESENTATION('',(#549),#553);
#549 = LINE('',#550,#551);
#550 = CARTESIAN_POINT('',(-6.28318530718,-200.0000008));
#551 = VECTOR('',#552,1.);
#552 = DIRECTION('',(1.,-0.));
#553 = ( GEOMETRIC_REPRESENTATION_CONTEXT(2) 
PARAMETRIC_REPRESENTATION_CONTEXT() REPRESENTATION_CONTEXT('2D SPACE',''
  ) );
#554 = ORIENTED_EDGE('',*,*,#555,.T.);
#555 = EDGE_CURVE('',#527,#556,#558,.T.);
#556 = VERTEX_POINT('',#557);
#557 = CARTESIAN_POINT('',(14.376665926584,0.,4.575));
#558 = SURFACE_CURVE('',#559,(#563,#570),.PCURVE_S1.);
#559 = LINE('',#560,#561);
#560 = CARTESIAN_POINT('',(14.376665926584,0.,1.575));
#561 = VECTOR('',#562,1.);
#562 = DIRECTION('',(0.,0.,1.));
#563 = PCURVE('',#44,#564);
#564 = DEFINITIONAL_REPRESENTATION('',(#565),#569);
#565 = LINE('',#566,#567);
#566 = CARTESIAN_POINT('',(1.575,14.376665926584));
#567 = VECTOR('',#568,1.);
#568 = DIRECTION('',(1.,0.));
#569 = ( GEOMETRIC_REPRESENTATION_CONTEXT(2) 
PARAMETRIC_REPRESENTATION_CONTEXT() REPRESENTATION_CONTEXT('2D SPACE',''
  ) );
#570 = PCURVE('',#571,#576);
#571 = PLANE('',#572);
#572 = AXIS2_PLACEMENT_3D('',#573,#574,#575);
#573 = CARTESIAN_POINT('',(14.376665926584,0.,1.575));
#574 = DIRECTION('',(1.,0.,0.));
#575 = DIRECTION('',(0.,0.,1.));
#576 = DEFINITIONAL_REPRESENTATION('',(#577),#581);
#577 = LINE('',#578,#579);
#578 = CARTESIAN_POINT('',(0.,0.));
#579 = VECTOR('',#580,1.);
#580 = DIRECTION('',(1.,0.));
#581 = ( GEOMETRIC_REPRESENTATION_CONTEXT(2) 
PARAMETRIC_REPRESENTATION_CONTEXT() REPRESENTATION_CONTEXT('2D SPACE',''
  ) );
#582 = ORIENTED_EDGE('',*,*,#583,.T.);
#583 = EDGE_CURVE('',#556,#584,#586,.T.);
#584 = VERTEX_POINT('',#585);
#585 = CARTESIAN_POINT('',(15.623334073416,0.,4.575));
#586 = SURFACE_CURVE('',#587,(#591,#598),.PCURVE_S1.);
#587 = LINE('',#588,#589);
#588 = CARTESIAN_POINT('',(14.376665926584,0.,4.575));
#589 = VECTOR('',#590,1.);
#590 = DIRECTION('',(1.,0.,0.));
#591 = PCURVE('',#44,#592);
#592 = DEFINITIONAL_REPRESENTATION('',(#593),#597);
#593 = LINE('',#594,#595);
#594 = CARTESIAN_POINT('',(4.575,14.376665926584));
#595 = VECTOR('',#596,1.);
#596 = DIRECTION('',(0.,1.));
#597 = ( GEOMETRIC_REPRESENTATION_CONTEXT(2) 
PARAMETRIC_REPRESENTATION_CONTEXT() REPRESENTATION_CONTEXT('2D SPACE',''
  ) );
#598 = PCURVE('',#599,#604);
#599 = PLANE('',#600);
#600 = AXIS2_PLACEMENT_3D('',#601,#602,#603);
#601 = CARTESIAN_POINT('',(14.376665926584,0.,4.575));
#602 = DIRECTION('',(0.,0.,1.));
#603 = DIRECTION('',(1.,0.,0.));
#604 = DEFINITIONAL_REPRESENTATION('',(#605),#609);
#605 = LINE('',#606,#607);
#606 = CARTESIAN_POINT('',(0.,0.));
#607 = VECTOR('',#608,1.);
#608 = DIRECTION('',(1.,0.));
#609 = ( GEOMETRIC_REPRESENTATION_CONTEXT(2) 
PARAMETRIC_REPRESENTATION_CONTEXT() REPRESENTATION_CONTEXT('2D SPACE',''
  ) );
#610 = ORIENTED_EDGE('',*,*,#611,.F.);
#611 = EDGE_CURVE('',#612,#584,#614,.T.);
#612 = VERTEX_POINT('',#613);
#613 = CARTESIAN_POINT('',(15.623334073416,0.,1.575));
#614 = SURFACE_CURVE('',#615,(#619,#626),.PCURVE_S1.);
#615 = LINE('',#616,#617);
#616 = CARTESIAN_POINT('',(15.623334073416,0.,1.575));
#617 = VECTOR('',#618,1.);
#618 = DIRECTION('',(0.,0.,1.));
#619 = PCURVE('',#44,#620);
#620 = DEFINITIONAL_REPRESENTATION('',(#621),#625);
#621 = LINE('',#622,#623);
#622 = CARTESIAN_POINT('',(1.575,15.623334073416));
#623 = VECTOR('',#624,1.);
#624 = DIRECTION('',(1.,0.));
#625 = ( GEOMETRIC_REPRESENTATION_CONTEXT(2) 
PARAMETRIC_REPRESENTATION_CONTEXT() REPRESENTATION_CONTEXT('2D SPACE',''
  ) );
#626 = PCURVE('',#627,#632);
#627 = PLANE('',#628);
#628 = AXIS2_PLACEMENT_3D('',#629,#630,#631);
#629 = CARTESIAN_POINT('',(15.623334073416,0.,1.575));
#630 = DIRECTION('',(1.,0.,0.));
#631 = DIRECTION('',(0.,0.,1.));
#632 = DEFINITIONAL_REPRESENTATION('',(#633),#637);
#633 = LINE('',#634,#635);
#634 = CARTESIAN_POINT('',(0.,0.));
#635 = VECTOR('',#636,1.);
#636 = DIRECTION('',(1.,0.));
#637 = ( GEOMETRIC_REPRESENTATION_CONTEXT(2) 
PARAMETRIC_REPRESENTATION_CONTEXT() REPRESENTATION_CONTEXT('2D SPACE',''
  ) );
#638 = ORIENTED_EDGE('',*,*,#639,.F.);
#639 = EDGE_CURVE('',#640,#612,#642,.T.);
#640 = VERTEX_POINT('',#641);
#641 = CARTESIAN_POINT('',(19.376665926584,0.,1.575));
#642 = SURFACE_CURVE('',#643,(#648,#655),.PCURVE_S1.);
#643 = CIRCLE('',#644,2.45);
#644 = AXIS2_PLACEMENT_3D('',#645,#646,#647);
#645 = CARTESIAN_POINT('',(17.5,0.,3.15));
#646 = DIRECTION('',(-0.,1.,0.));
#647 = DIRECTION('',(1.,0.,0.));
#648 = PCURVE('',#44,#649);
#649 = DEFINITIONAL_REPRESENTATION('',(#650),#654);
#650 = CIRCLE('',#651,2.45);
#651 = AXIS2_PLACEMENT_2D('',#652,#653);
#652 = CARTESIAN_POINT('',(3.15,17.5));
#653 = DIRECTION('',(0.,1.));
#654 = ( GEOMETRIC_REPRESENTATION_CONTEXT(2) 
PARAMETRIC_REPRESENTATION_CONTEXT() REPRESENTATION_CONTEXT('2D SPACE',''
  ) );
#655 = PCURVE('',#656,#661);
#656 = CYLINDRICAL_SURFACE('',#657,2.45);
#657 = AXIS2_PLACEMENT_3D('',#658,#659,#660);
#658 = CARTESIAN_POINT('',(17.5,200.0000008,3.15));
#659 = DIRECTION('',(0.,1.,0.));
#660 = DIRECTION('',(1.,0.,0.));
#661 = DEFINITIONAL_REPRESENTATION('',(#662),#666);
#662 = LINE('',#663,#664);
#663 = CARTESIAN_POINT('',(-6.28318530718,-200.0000008));
#664 = VECTOR('',#665,1.);
#665 = DIRECTION('',(1.,-0.));
#666 = ( GEOMETRIC_REPRESENTATION_CONTEXT(2) 
PARAMETRIC_REPRESENTATION_CONTEXT() REPRESENTATION_CONTEXT('2D SPACE',''
  ) );
#667 = ORIENTED_EDGE('',*,*,#668,.T.);
#668 = EDGE_CURVE('',#640,#669,#671,.T.);
#669 = VERTEX_POINT('',#670);
#670 = CARTESIAN_POINT('',(19.376665926584,0.,4.575));
#671 = SURFACE_CURVE('',#672,(#676,#683),.PCURVE_S1.);
#672 = LINE('',#673,#674);
#673 = CARTESIAN_POINT('',(19.376665926584,0.,1.575));
#674 = VECTOR('',#675,1.);
#675 = DIRECTION('',(0.,0.,1.));
#676 = PCURVE('',#44,#677);
#677 = DEFINITIONAL_REPRESENTATION('',(#678),#682);
#678 = LINE('',#679,#680);
#679 = CARTESIAN_POINT('',(1.575,19.376665926584));
#680 = VECTOR('',#681,1.);
#681 = DIRECTION('',(1.,0.));
#682 = ( GEOMETRIC_REPRESENTATION_CONTEXT(2) 
PARAMETRIC_REPRESENTATION_CONTEXT() REPRESENTATION_CONTEXT('2D SPACE',''
  ) );
#683 = PCURVE('',#684,#689);
#684 = PLANE('',#685);
#685 = AXIS2_PLACEMENT_3D('',#686,#687,#688);
#686 = CARTESIAN_POINT('',(19.376665926584,0.,1.575));
#687 = DIRECTION('',(1.,0.,0.));
#688 = DIRECTION('',(0.,0.,1.));
#689 = DEFINITIONAL_REPRESENTATION('',(#690),#694);
#690 = LINE('',#691,#692);
#691 = CARTESIAN_POINT('',(0.,0.));
#692 = VECTOR('',#693,1.);
#693 = DIRECTION('',(1.,0.));
#694 = ( GEOMETRIC_REPRESENTATION_CONTEXT(2) 
PARAMETRIC_REPRESENTATION_CONTEXT() REPRESENTATION_CONTEXT('2D SPACE',''
  ) );
#695 = ORIENTED_EDGE('',*,*,#696,.T.);
#696 = EDGE_CURVE('',#669,#697,#699,.T.);
#697 = VERTEX_POINT('',#698);
#698 = CARTESIAN_POINT('',(20.623334073416,0.,4.575));
#699 = SURFACE_CURVE('',#700,(#704,#711),.PCURVE_S1.);
#700 = LINE('',#701,#702);
#701 = CARTESIAN_POINT('',(19.376665926584,0.,4.575));
#702 = VECTOR('',#703,1.);
#703 = DIRECTION('',(1.,0.,0.));
#704 = PCURVE('',#44,#705);
#705 = DEFINITIONAL_REPRESENTATION('',(#706),#710);
#706 = LINE('',#707,#708);
#707 = CARTESIAN_POINT('',(4.575,19.376665926584));
#708 = VECTOR('',#709,1.);
#709 = DIRECTION('',(0.,1.));
#710 = ( GEOMETRIC_REPRESENTATION_CONTEXT(2) 
PARAMETRIC_REPRESENTATION_CONTEXT() REPRESENTATION_CONTEXT('2D SPACE',''
  ) );
#711 = PCURVE('',#712,#717);
#712 = PLANE('',#713);
#713 = AXIS2_PLACEMENT_3D('',#714,#715,#716);
#714 = CARTESIAN_POINT('',(19.376665926584,0.,4.575));
#715 = DIRECTION('',(0.,0.,1.));
#716 = DIRECTION('',(1.,0.,0.));
#717 = DEFINITIONAL_REPRESENTATION('',(#718),#722);
#718 = LINE('',#719,#720);
#719 = CARTESIAN_POINT('',(0.,0.));
#720 = VECTOR('',#721,1.);
#721 = DIRECTION('',(1.,0.));
#722 = ( GEOMETRIC_REPRESENTATION_CONTEXT(2) 
PARAMETRIC_REPRESENTATION_CONTEXT() REPRESENTATION_CONTEXT('2D SPACE',''
  ) );
#723 = ORIENTED_EDGE('',*,*,#724,.F.);
#724 = EDGE_CURVE('',#725,#697,#727,.T.);
#725 = VERTEX_POINT('',#726);
#726 = CARTESIAN_POINT('',(20.623334073416,0.,1.575));
#727 = SURFACE_CURVE('',#728,(#732,#739),.PCURVE_S1.);
#728 = LINE('',#729,#730);
#729 = CARTESIAN_POINT('',(20.623334073416,0.,1.575));
#730 = VECTOR('',#731,1.);
#731 = DIRECTION('',(0.,0.,1.));
#732 = PCURVE('',#44,#733);
#733 = DEFINITIONAL_REPRESENTATION('',(#734),#738);
#734 = LINE('',#735,#736);
#735 = CARTESIAN_POINT('',(1.575,20.623334073416));
#736 = VECTOR('',#737,1.);
#737 = DIRECTION('',(1.,0.));
#738 = ( GEOMETRIC_REPRESENTATION_CONTEXT(2) 
PARAMETRIC_REPRESENTATION_CONTEXT() REPRESENTATION_CONTEXT('2D SPACE',''
  ) );
#739 = PCURVE('',#740,#745);
#740 = PLANE('',#741);
#741 = AXIS2_PLACEMENT_3D('',#742,#743,#744);
#742 = CARTESIAN_POINT('',(20.623334073416,0.,1.575));
#743 = DIRECTION('',(1.,0.,0.));
#744 = DIRECTION('',(0.,0.,1.));
#745 = DEFINITIONAL_REPRESENTATION('',(#746),#750);
#746 = LINE('',#747,#748);
#747 = CARTESIAN_POINT('',(0.,0.));
#748 = VECTOR('',#749,1.);
#749 = DIRECTION('',(1.,0.));
#750 = ( GEOMETRIC_REPRESENTATION_CONTEXT(2) 
PARAMETRIC_REPRESENTATION_CONTEXT() REPRESENTATION_CONTEXT('2D SPACE',''
  ) );
#751 = ORIENTED_EDGE('',*,*,#752,.F.);
#752 = EDGE_CURVE('',#753,#725,#755,.T.);
#753 = VERTEX_POINT('',#754);
#754 = CARTESIAN_POINT('',(24.376665926584,0.,1.575));
#755 = SURFACE_CURVE('',#756,(#761,#768),.PCURVE_S1.);
#756 = CIRCLE('',#757,2.45);
#757 = AXIS2_PLACEMENT_3D('',#758,#759,#760);
#758 = CARTESIAN_POINT('',(22.5,0.,3.15));
#759 = DIRECTION('',(-0.,1.,0.));
#760 = DIRECTION('',(1.,0.,0.));
#761 = PCURVE('',#44,#762);
#762 = DEFINITIONAL_REPRESENTATION('',(#763),#767);
#763 = CIRCLE('',#764,2.45);
#764 = AXIS2_PLACEMENT_2D('',#765,#766);
#765 = CARTESIAN_POINT('',(3.15,22.5));
#766 = DIRECTION('',(0.,1.));
#767 = ( GEOMETRIC_REPRESENTATION_CONTEXT(2) 
PARAMETRIC_REPRESENTATION_CONTEXT() REPRESENTATION_CONTEXT('2D SPACE',''
  ) );
#768 = PCURVE('',#769,#774);
#769 = CYLINDRICAL_SURFACE('',#770,2.45);
#770 = AXIS2_PLACEMENT_3D('',#771,#772,#773);
#771 = CARTESIAN_POINT('',(22.5,200.0000008,3.15));
#772 = DIRECTION('',(0.,1.,0.));
#773 = DIRECTION('',(1.,0.,0.));
#774 = DEFINITIONAL_REPRESENTATION('',(#775),#779);
#775 = LINE('',#776,#777);
#776 = CARTESIAN_POINT('',(-6.28318530718,-200.0000008));
#777 = VECTOR('',#778,1.);
#778 = DIRECTION('',(1.,-0.));
#779 = ( GEOMETRIC_REPRESENTATION_CONTEXT(2) 
PARAMETRIC_REPRESENTATION_CONTEXT() REPRESENTATION_CONTEXT('2D SPACE',''
  ) );
#780 = ORIENTED_EDGE('',*,*,#781,.T.);
#781 = EDGE_CURVE('',#753,#782,#784,.T.);
#782 = VERTEX_POINT('',#783);
#783 = CARTESIAN_POINT('',(24.376665926584,0.,4.575));
#784 = SURFACE_CURVE('',#785,(#789,#796),.PCURVE_S1.);
#785 = LINE('',#786,#787);
#786 = CARTESIAN_POINT('',(24.376665926584,0.,1.575));
#787 = VECTOR('',#788,1.);
#788 = DIRECTION('',(0.,0.,1.));
#789 = PCURVE('',#44,#790);
#790 = DEFINITIONAL_REPRESENTATION('',(#791),#795);
#791 = LINE('',#792,#793);
#792 = CARTESIAN_POINT('',(1.575,24.376665926584));
#793 = VECTOR('',#794,1.);
#794 = DIRECTION('',(1.,0.));
#795 = ( GEOMETRIC_REPRESENTATION_CONTEXT(2) 
PARAMETRIC_REPRESENTATION_CONTEXT() REPRESENTATION_CONTEXT('2D SPACE',''
  ) );
#796 = PCURVE('',#797,#802);
#797 = PLANE('',#798);
#798 = AXIS2_PLACEMENT_3D('',#799,#800,#801);
#799 = CARTESIAN_POINT('',(24.376665926584,0.,1.575));
#800 = DIRECTION('',(1.,0.,0.));
#801 = DIRECTION('',(0.,0.,1.));
#802 = DEFINITIONAL_REPRESENTATION('',(#803),#807);
#803 = LINE('',#804,#805);
#804 = CARTESIAN_POINT('',(0.,0.));
#805 = VECTOR('',#806,1.);
#806 = DIRECTION('',(1.,0.));
#807 = ( GEOMETRIC_REPRESENTATION_CONTEXT(2) 
PARAMETRIC_REPRESENTATION_CONTEXT() REPRESENTATION_CONTEXT('2D SPACE',''
  ) );
#808 = ORIENTED_EDGE('',*,*,#809,.T.);
#809 = EDGE_CURVE('',#782,#810,#812,.T.);
#810 = VERTEX_POINT('',#811);
#811 = CARTESIAN_POINT('',(25.623334073416,0.,4.575));
#812 = SURFACE_CURVE('',#813,(#817,#824),.PCURVE_S1.);
#813 = LINE('',#814,#815);
#814 = CARTESIAN_POINT('',(24.376665926584,0.,4.575));
#815 = VECTOR('',#816,1.);
#816 = DIRECTION('',(1.,0.,0.));
#817 = PCURVE('',#44,#818);
#818 = DEFINITIONAL_REPRESENTATION('',(#819),#823);
#819 = LINE('',#820,#821);
#820 = CARTESIAN_POINT('',(4.575,24.376665926584));
#821 = VECTOR('',#822,1.);
#822 = DIRECTION('',(0.,1.));
#823 = ( GEOMETRIC_REPRESENTATION_CONTEXT(2) 
PARAMETRIC_REPRESENTATION_CONTEXT() REPRESENTATION_CONTEXT('2D SPACE',''
  ) );
#824 = PCURVE('',#825,#830);
#825 = PLANE('',#826);
#826 = AXIS2_PLACEMENT_3D('',#827,#828,#829);
#827 = CARTESIAN_POINT('',(24.376665926584,0.,4.575));
#828 = DIRECTION('',(0.,0.,1.));
#829 = DIRECTION('',(1.,0.,0.));
#830 = DEFINITIONAL_REPRESENTATION('',(#831),#835);
#831 = LINE('',#832,#833);
#832 = CARTESIAN_POINT('',(0.,0.));
#833 = VECTOR('',#834,1.);
#834 = DIRECTION('',(1.,0.));
#835 = ( GEOMETRIC_REPRESENTATION_CONTEXT(2) 
PARAMETRIC_REPRESENTATION_CONTEXT() REPRESENTATION_CONTEXT('2D SPACE',''
  ) );
#836 = ORIENTED_EDGE('',*,*,#837,.F.);
#837 = EDGE_CURVE('',#838,#810,#840,.T.);
#838 = VERTEX_POINT('',#839);
#839 = CARTESIAN_POINT('',(25.623334073416,0.,1.575));
#840 = SURFACE_CURVE('',#841,(#845,#852),.PCURVE_S1.);
#841 = LINE('',#842,#843);
#842 = CARTESIAN_POINT('',(25.623334073416,0.,1.575));
#843 = VECTOR('',#844,1.);
#844 = DIRECTION('',(0.,0.,1.));
#845 = PCURVE('',#44,#846);
#846 = DEFINITIONAL_REPRESENTATION('',(#847),#851);
#847 = LINE('',#848,#849);
#848 = CARTESIAN_POINT('',(1.575,25.623334073416));
#849 = VECTOR('',#850,1.);
#850 = DIRECTION('',(1.,0.));
#851 = ( GEOMETRIC_REPRESENTATION_CONTEXT(2) 
PARAMETRIC_REPRESENTATION_CONTEXT() REPRESENTATION_CONTEXT('2D SPACE',''
  ) );
#852 = PCURVE('',#853,#858);
#853 = PLANE('',#854);
#854 = AXIS2_PLACEMENT_3D('',#855,#856,#857);
#855 = CARTESIAN_POINT('',(25.623334073416,0.,1.575));
#856 = DIRECTION('',(1.,0.,0.));
#857 = DIRECTION('',(0.,0.,1.));
#858 = DEFINITIONAL_REPRESENTATION('',(#859),#863);
#859 = LINE('',#860,#861);
#860 = CARTESIAN_POINT('',(0.,0.));
#861 = VECTOR('',#862,1.);
#862 = DIRECTION('',(1.,0.));
#863 = ( GEOMETRIC_REPRESENTATION_CONTEXT(2) 
PARAMETRIC_REPRESENTATION_CONTEXT() REPRESENTATION_CONTEXT('2D SPACE',''
  ) );
#864 = ORIENTED_EDGE('',*,*,#865,.F.);
#865 = EDGE_CURVE('',#866,#838,#868,.T.);
#866 = VERTEX_POINT('',#867);
#867 = CARTESIAN_POINT('',(29.376665926584,0.,1.575));
#868 = SURFACE_CURVE('',#869,(#874,#881),.PCURVE_S1.);
#869 = CIRCLE('',#870,2.45);
#870 = AXIS2_PLACEMENT_3D('',#871,#872,#873);
#871 = CARTESIAN_POINT('',(27.5,0.,3.15));
#872 = DIRECTION('',(-0.,1.,0.));
#873 = DIRECTION('',(1.,0.,0.));
#874 = PCURVE('',#44,#875);
#875 = DEFINITIONAL_REPRESENTATION('',(#876),#880);
#876 = CIRCLE('',#877,2.45);
#877 = AXIS2_PLACEMENT_2D('',#878,#879);
#878 = CARTESIAN_POINT('',(3.15,27.5));
#879 = DIRECTION('',(0.,1.));
#880 = ( GEOMETRIC_REPRESENTATION_CONTEXT(2) 
PARAMETRIC_REPRESENTATION_CONTEXT() REPRESENTATION_CONTEXT('2D SPACE',''
  ) );
#881 = PCURVE('',#882,#887);
#882 = CYLINDRICAL_SURFACE('',#883,2.45);
#883 = AXIS2_PLACEMENT_3D('',#884,#885,#886);
#884 = CARTESIAN_POINT('',(27.5,200.0000008,3.15));
#885 = DIRECTION('',(0.,1.,0.));
#886 = DIRECTION('',(1.,0.,0.));
#887 = DEFINITIONAL_REPRESENTATION('',(#888),#892);
#888 = LINE('',#889,#890);
#889 = CARTESIAN_POINT('',(-6.28318530718,-200.0000008));
#890 = VECTOR('',#891,1.);
#891 = DIRECTION('',(1.,-0.));
#892 = ( GEOMETRIC_REPRESENTATION_CONTEXT(2) 
PARAMETRIC_REPRESENTATION_CONTEXT() REPRESENTATION_CONTEXT('2D SPACE',''
  ) );
#893 = ORIENTED_EDGE('',*,*,#894,.T.);
#894 = EDGE_CURVE('',#866,#895,#897,.T.);
#895 = VERTEX_POINT('',#896);
#896 = CARTESIAN_POINT('',(29.376665926584,0.,4.575));
#897 = SURFACE_CURVE('',#898,(#902,#909),.PCURVE_S1.);
#898 = LINE('',#899,#900);
#899 = CARTESIAN_POINT('',(29.376665926584,0.,1.575));
#900 = VECTOR('',#901,1.);
#901 = DIRECTION('',(0.,0.,1.));
#902 = PCURVE('',#44,#903);
#903 = DEFINITIONAL_REPRESENTATION('',(#904),#908);
#904 = LINE('',#905,#906);
#905 = CARTESIAN_POINT('',(1.575,29.376665926584));
#906 = VECTOR('',#907,1.);
#907 = DIRECTION('',(1.,0.));
#908 = ( GEOMETRIC_REPRESENTATION_CONTEXT(2) 
PARAMETRIC_REPRESENTATION_CONTEXT() REPRESENTATION_CONTEXT('2D SPACE',''
  ) );
#909 = PCURVE('',#910,#915);
#910 = PLANE('',#911);
#911 = AXIS2_PLACEMENT_3D('',#912,#913,#914);
#912 = CARTESIAN_POINT('',(29.376665926584,0.,1.575));
#913 = DIRECTION('',(1.,0.,0.));
#914 = DIRECTION('',(0.,0.,1.));
#915 = DEFINITIONAL_REPRESENTATION('',(#916),#920);
#916 = LINE('',#917,#918);
#917 = CARTESIAN_POINT('',(0.,0.));
#918 = VECTOR('',#919,1.);
#919 = DIRECTION('',(1.,0.));
#920 = ( GEOMETRIC_REPRESENTATION_CONTEXT(2) 
PARAMETRIC_REPRESENTATION_CONTEXT() REPRESENTATION_CONTEXT('2D SPACE',''
  ) );
#921 = ORIENTED_EDGE('',*,*,#922,.T.);
#922 = EDGE_CURVE('',#895,#923,#925,.T.);
#923 = VERTEX_POINT('',#924);
#924 = CARTESIAN_POINT('',(30.623334073416,0.,4.575));
#925 = SURFACE_CURVE('',#926,(#930,#937),.PCURVE_S1.);
#926 = LINE('',#927,#928);
#927 = CARTESIAN_POINT('',(29.376665926584,0.,4.575));
#928 = VECTOR('',#929,1.);
#929 = DIRECTION('',(1.,0.,0.));
#930 = PCURVE('',#44,#931);
#931 = DEFINITIONAL_REPRESENTATION('',(#932),#936);
#932 = LINE('',#933,#934);
#933 = CARTESIAN_POINT('',(4.575,29.376665926584));
#934 = VECTOR('',#935,1.);
#935 = DIRECTION('',(0.,1.));
#936 = ( GEOMETRIC_REPRESENTATION_CONTEXT(2) 
PARAMETRIC_REPRESENTATION_CONTEXT() REPRESENTATION_CONTEXT('2D SPACE',''
  ) );
#937 = PCURVE('',#938,#943);
#938 = PLANE('',#939);
#939 = AXIS2_PLACEMENT_3D('',#940,#941,#942);
#940 = CARTESIAN_POINT('',(29.376665926584,0.,4.575));
#941 = DIRECTION('',(0.,0.,1.));
#942 = DIRECTION('',(1.,0.,0.));
#943 = DEFINITIONAL_REPRESENTATION('',(#944),#948);
#944 = LINE('',#945,#946);
#945 = CARTESIAN_POINT('',(0.,0.));
#946 = VECTOR('',#947,1.);
#947 = DIRECTION('',(1.,0.));
#948 = ( GEOMETRIC_REPRESENTATION_CONTEXT(2) 
PARAMETRIC_REPRESENTATION_CONTEXT() REPRESENTATION_CONTEXT('2D SPACE',''
  ) );
#949 = ORIENTED_EDGE('',*,*,#950,.F.);
#950 = EDGE_CURVE('',#951,#923,#953,.T.);
#951 = VERTEX_POINT('',#952);
#952 = CARTESIAN_POINT('',(30.623334073416,0.,1.575));
#953 = SURFACE_CURVE('',#954,(#958,#965),.PCURVE_S1.);
#954 = LINE('',#955,#956);
#955 = CARTESIAN_POINT('',(30.623334073416,0.,1.575));
#956 = VECTOR('',#957,1.);
#957 = DIRECTION('',(0.,0.,1.));
#958 = PCURVE('',#44,#959);
#959 = DEFINITIONAL_REPRESENTATION('',(#960),#964);
#960 = LINE('',#961,#962);
#961 = CARTESIAN_POINT('',(1.575,30.623334073416));
#962 = VECTOR('',#963,1.);
#963 = DIRECTION('',(1.,0.));
#964 = ( GEOMETRIC_REPRESENTATION_CONTEXT(2) 
PARAMETRIC_REPRESENTATION_CONTEXT() REPRESENTATION_CONTEXT('2D SPACE',''
  ) );
#965 = PCURVE('',#966,#971);
#966 = PLANE('',#967);
#967 = AXIS2_PLACEMENT_3D('',#968,#969,#970);
#968 = CARTESIAN_POINT('',(30.623334073416,0.,1.575));
#969 = DIRECTION('',(1.,0.,0.));
#970 = DIRECTION('',(0.,0.,1.));
#971 = DEFINITIONAL_REPRESENTATION('',(#972),#976);
#972 = LINE('',#973,#974);
#973 = CARTESIAN_POINT('',(0.,0.));
#974 = VECTOR('',#975,1.);
#975 = DIRECTION('',(1.,0.));
#976 = ( GEOMETRIC_REPRESENTATION_CONTEXT(2) 
PARAMETRIC_REPRESENTATION_CONTEXT() REPRESENTATION_CONTEXT('2D SPACE',''
  ) );
#977 = ORIENTED_EDGE('',*,*,#978,.F.);
#978 = EDGE_CURVE('',#979,#951,#981,.T.);
#979 = VERTEX_POINT('',#980);
#980 = CARTESIAN_POINT('',(34.376665926584,0.,1.575));
#981 = SURFACE_CURVE('',#982,(#987,#994),.PCURVE_S1.);
#982 = CIRCLE('',#983,2.45);
#983 = AXIS2_PLACEMENT_3D('',#984,#985,#986);
#984 = CARTESIAN_POINT('',(32.5,0.,3.15));
#985 = DIRECTION('',(-0.,1.,0.));
#986 = DIRECTION('',(1.,0.,0.));
#987 = PCURVE('',#44,#988);
#988 = DEFINITIONAL_REPRESENTATION('',(#989),#993);
#989 = CIRCLE('',#990,2.45);
#990 = AXIS2_PLACEMENT_2D('',#991,#992);
#991 = CARTESIAN_POINT('',(3.15,32.5));
#992 = DIRECTION('',(0.,1.));
#993 = ( GEOMETRIC_REPRESENTATION_CONTEXT(2) 
PARAMETRIC_REPRESENTATION_CONTEXT() REPRESENTATION_CONTEXT('2D SPACE',''
  ) );
#994 = PCURVE('',#995,#1000);
#995 = CYLINDRICAL_SURFACE('',#996,2.45);
#996 = AXIS2_PLACEMENT_3D('',#997,#998,#999);
#997 = CARTESIAN_POINT('',(32.5,200.0000008,3.15));
#998 = DIRECTION('',(0.,1.,0.));
#999 = DIRECTION('',(1.,0.,0.));
#1000 = DEFINITIONAL_REPRESENTATION('',(#1001),#1005);
#1001 = LINE('',#1002,#1003);
#1002 = CARTESIAN_POINT('',(-6.28318530718,-200.0000008));
#1003 = VECTOR('',#1004,1.);
#1004 = DIRECTION('',(1.,-0.));
#1005 = ( GEOMETRIC_REPRESENTATION_CONTEXT(2) 
PARAMETRIC_REPRESENTATION_CONTEXT() REPRESENTATION_CONTEXT('2D SPACE',''
  ) );
#1006 = ORIENTED_EDGE('',*,*,#1007,.T.);
#1007 = EDGE_CURVE('',#979,#1008,#1010,.T.);
#1008 = VERTEX_POINT('',#1009);
#1009 = CARTESIAN_POINT('',(34.376665926584,0.,4.575));
#1010 = SURFACE_CURVE('',#1011,(#1015,#1022),.PCURVE_S1.);
#1011 = LINE('',#1012,#1013);
#1012 = CARTESIAN_POINT('',(34.376665926584,0.,1.575));
#1013 = VECTOR('',#1014,1.);
#1014 = DIRECTION('',(0.,0.,1.));
#1015 = PCURVE('',#44,#1016);
#1016 = DEFINITIONAL_REPRESENTATION('',(#1017),#1021);
#1017 = LINE('',#1018,#1019);
#1018 = CARTESIAN_POINT('',(1.575,34.376665926584));
#1019 = VECTOR('',#1020,1.);
#1020 = DIRECTION('',(1.,0.));
#1021 = ( GEOMETRIC_REPRESENTATION_CONTEXT(2) 
PARAMETRIC_REPRESENTATION_CONTEXT() REPRESENTATION_CONTEXT('2D SPACE',''
  ) );
#1022 = PCURVE('',#1023,#1028);
#1023 = PLANE('',#1024);
#1024 = AXIS2_PLACEMENT_3D('',#1025,#1026,#1027);
#1025 = CARTESIAN_POINT('',(34.376665926584,0.,1.575));
#1026 = DIRECTION('',(1.,0.,0.));
#1027 = DIRECTION('',(0.,0.,1.));
#1028 = DEFINITIONAL_REPRESENTATION('',(#1029),#1033);
#1029 = LINE('',#1030,#1031);
#1030 = CARTESIAN_POINT('',(0.,0.));
#1031 = VECTOR('',#1032,1.);
#1032 = DIRECTION('',(1.,0.));
#1033 = ( GEOMETRIC_REPRESENTATION_CONTEXT(2) 
PARAMETRIC_REPRESENTATION_CONTEXT() REPRESENTATION_CONTEXT('2D SPACE',''
  ) );
#1034 = ORIENTED_EDGE('',*,*,#1035,.T.);
#1035 = EDGE_CURVE('',#1008,#1036,#1038,.T.);
#1036 = VERTEX_POINT('',#1037);
#1037 = CARTESIAN_POINT('',(35.623334073416,0.,4.575));
#1038 = SURFACE_CURVE('',#1039,(#1043,#1050),.PCURVE_S1.);
#1039 = LINE('',#1040,#1041);
#1040 = CARTESIAN_POINT('',(34.376665926584,0.,4.575));
#1041 = VECTOR('',#1042,1.);
#1042 = DIRECTION('',(1.,0.,0.));
#1043 = PCURVE('',#44,#1044);
#1044 = DEFINITIONAL_REPRESENTATION('',(#1045),#1049);
#1045 = LINE('',#1046,#1047);
#1046 = CARTESIAN_POINT('',(4.575,34.376665926584));
#1047 = VECTOR('',#1048,1.);
#1048 = DIRECTION('',(0.,1.));
#1049 = ( GEOMETRIC_REPRESENTATION_CONTEXT(2) 
PARAMETRIC_REPRESENTATION_CONTEXT() REPRESENTATION_CONTEXT('2D SPACE',''
  ) );
#1050 = PCURVE('',#1051,#1056);
#1051 = PLANE('',#1052);
#1052 = AXIS2_PLACEMENT_3D('',#1053,#1054,#1055);
#1053 = CARTESIAN_POINT('',(34.376665926584,0.,4.575));
#1054 = DIRECTION('',(0.,0.,1.));
#1055 = DIRECTION('',(1.,0.,0.));
#1056 = DEFINITIONAL_REPRESENTATION('',(#1057),#1061);
#1057 = LINE('',#1058,#1059);
#1058 = CARTESIAN_POINT('',(0.,0.));
#1059 = VECTOR('',#1060,1.);
#1060 = DIRECTION('',(1.,0.));
#1061 = ( GEOMETRIC_REPRESENTATION_CONTEXT(2) 
PARAMETRIC_REPRESENTATION_CONTEXT() REPRESENTATION_CONTEXT('2D SPACE',''
  ) );
#1062 = ORIENTED_EDGE('',*,*,#1063,.F.);
#1063 = EDGE_CURVE('',#1064,#1036,#1066,.T.);
#1064 = VERTEX_POINT('',#1065);
#1065 = CARTESIAN_POINT('',(35.623334073416,0.,1.575));
#1066 = SURFACE_CURVE('',#1067,(#1071,#1078),.PCURVE_S1.);
#1067 = LINE('',#1068,#1069);
#1068 = CARTESIAN_POINT('',(35.623334073416,0.,1.575));
#1069 = VECTOR('',#1070,1.);
#1070 = DIRECTION('',(0.,0.,1.));
#1071 = PCURVE('',#44,#1072);
#1072 = DEFINITIONAL_REPRESENTATION('',(#1073),#1077);
#1073 = LINE('',#1074,#1075);
#1074 = CARTESIAN_POINT('',(1.575,35.623334073416));
#1075 = VECTOR('',#1076,1.);
#1076 = DIRECTION('',(1.,0.));
#1077 = ( GEOMETRIC_REPRESENTATION_CONTEXT(2) 
PARAMETRIC_REPRESENTATION_CONTEXT() REPRESENTATION_CONTEXT('2D SPACE',''
  ) );
#1078 = PCURVE('',#1079,#1084);
#1079 = PLANE('',#1080);
#1080 = AXIS2_PLACEMENT_3D('',#1081,#1082,#1083);
#1081 = CARTESIAN_POINT('',(35.623334073416,0.,1.575));
#1082 = DIRECTION('',(1.,0.,0.));
#1083 = DIRECTION('',(0.,0.,1.));
#1084 = DEFINITIONAL_REPRESENTATION('',(#1085),#1089);
#1085 = LINE('',#1086,#1087);
#1086 = CARTESIAN_POINT('',(0.,0.));
#1087 = VECTOR('',#1088,1.);
#1088 = DIRECTION('',(1.,0.));
#1089 = ( GEOMETRIC_REPRESENTATION_CONTEXT(2) 
PARAMETRIC_REPRESENTATION_CONTEXT() REPRESENTATION_CONTEXT('2D SPACE',''
  ) );
#1090 = ORIENTED_EDGE('',*,*,#1091,.F.);
#1091 = EDGE_CURVE('',#1092,#1064,#1094,.T.);
#1092 = VERTEX_POINT('',#1093);
#1093 = CARTESIAN_POINT('',(39.376665926584,0.,1.575));
#1094 = SURFACE_CURVE('',#1095,(#1100,#1107),.PCURVE_S1.);
#1095 = CIRCLE('',#1096,2.45);
#1096 = AXIS2_PLACEMENT_3D('',#1097,#1098,#1099);
#1097 = CARTESIAN_POINT('',(37.5,0.,3.15));
#1098 = DIRECTION('',(-0.,1.,0.));
#1099 = DIRECTION('',(1.,0.,0.));
#1100 = PCURVE('',#44,#1101);
#1101 = DEFINITIONAL_REPRESENTATION('',(#1102),#1106);
#1102 = CIRCLE('',#1103,2.45);
#1103 = AXIS2_PLACEMENT_2D('',#1104,#1105);
#1104 = CARTESIAN_POINT('',(3.15,37.5));
#1105 = DIRECTION('',(0.,1.));
#1106 = ( GEOMETRIC_REPRESENTATION_CONTEXT(2) 
PARAMETRIC_REPRESENTATION_CONTEXT() REPRESENTATION_CONTEXT('2D SPACE',''
  ) );
#1107 = PCURVE('',#1108,#1113);
#1108 = CYLINDRICAL_SURFACE('',#1109,2.45);
#1109 = AXIS2_PLACEMENT_3D('',#1110,#1111,#1112);
#1110 = CARTESIAN_POINT('',(37.5,200.0000008,3.15));
#1111 = DIRECTION('',(0.,1.,0.));
#1112 = DIRECTION('',(1.,0.,0.));
#1113 = DEFINITIONAL_REPRESENTATION('',(#1114),#1118);
#1114 = LINE('',#1115,#1116);
#1115 = CARTESIAN_POINT('',(-6.28318530718,-200.0000008));
#1116 = VECTOR('',#1117,1.);
#1117 = DIRECTION('',(1.,-0.));
#1118 = ( GEOMETRIC_REPRESENTATION_CONTEXT(2) 
PARAMETRIC_REPRESENTATION_CONTEXT() REPRESENTATION_CONTEXT('2D SPACE',''
  ) );
#1119 = ORIENTED_EDGE('',*,*,#1120,.T.);
#1120 = EDGE_CURVE('',#1092,#1121,#1123,.T.);
#1121 = VERTEX_POINT('',#1122);
#1122 = CARTESIAN_POINT('',(39.376665926584,0.,4.575));
#1123 = SURFACE_CURVE('',#1124,(#1128,#1135),.PCURVE_S1.);
#1124 = LINE('',#1125,#1126);
#1125 = CARTESIAN_POINT('',(39.376665926584,0.,1.575));
#1126 = VECTOR('',#1127,1.);
#1127 = DIRECTION('',(0.,0.,1.));
#1128 = PCURVE('',#44,#1129);
#1129 = DEFINITIONAL_REPRESENTATION('',(#1130),#1134);
#1130 = LINE('',#1131,#1132);
#1131 = CARTESIAN_POINT('',(1.575,39.376665926584));
#1132 = VECTOR('',#1133,1.);
#1133 = DIRECTION('',(1.,0.));
#1134 = ( GEOMETRIC_REPRESENTATION_CONTEXT(2) 
PARAMETRIC_REPRESENTATION_CONTEXT() REPRESENTATION_CONTEXT('2D SPACE',''
  ) );
#1135 = PCURVE('',#1136,#1141);
#1136 = PLANE('',#1137);
#1137 = AXIS2_PLACEMENT_3D('',#1138,#1139,#1140);
#1138 = CARTESIAN_POINT('',(39.376665926584,0.,1.575));
#1139 = DIRECTION('',(1.,0.,0.));
#1140 = DIRECTION('',(0.,0.,1.));
#1141 = DEFINITIONAL_REPRESENTATION('',(#1142),#1146);
#1142 = LINE('',#1143,#1144);
#1143 = CARTESIAN_POINT('',(0.,0.));
#1144 = VECTOR('',#1145,1.);
#1145 = DIRECTION('',(1.,0.));
#1146 = ( GEOMETRIC_REPRESENTATION_CONTEXT(2) 
PARAMETRIC_REPRESENTATION_CONTEXT() REPRESENTATION_CONTEXT('2D SPACE',''
  ) );
#1147 = ORIENTED_EDGE('',*,*,#1148,.T.);
#1148 = EDGE_CURVE('',#1121,#1149,#1151,.T.);
#1149 = VERTEX_POINT('',#1150);
#1150 = CARTESIAN_POINT('',(40.623334073416,0.,4.575));
#1151 = SURFACE_CURVE('',#1152,(#1156,#1163),.PCURVE_S1.);
#1152 = LINE('',#1153,#1154);
#1153 = CARTESIAN_POINT('',(39.376665926584,0.,4.575));
#1154 = VECTOR('',#1155,1.);
#1155 = DIRECTION('',(1.,0.,0.));
#1156 = PCURVE('',#44,#1157);
#1157 = DEFINITIONAL_REPRESENTATION('',(#1158),#1162);
#1158 = LINE('',#1159,#1160);
#1159 = CARTESIAN_POINT('',(4.575,39.376665926584));
#1160 = VECTOR('',#1161,1.);
#1161 = DIRECTION('',(0.,1.));
#1162 = ( GEOMETRIC_REPRESENTATION_CONTEXT(2) 
PARAMETRIC_REPRESENTATION_CONTEXT() REPRESENTATION_CONTEXT('2D SPACE',''
  ) );
#1163 = PCURVE('',#1164,#1169);
#1164 = PLANE('',#1165);
#1165 = AXIS2_PLACEMENT_3D('',#1166,#1167,#1168);
#1166 = CARTESIAN_POINT('',(39.376665926584,0.,4.575));
#1167 = DIRECTION('',(0.,0.,1.));
#1168 = DIRECTION('',(1.,0.,0.));
#1169 = DEFINITIONAL_REPRESENTATION('',(#1170),#1174);
#1170 = LINE('',#1171,#1172);
#1171 = CARTESIAN_POINT('',(0.,0.));
#1172 = VECTOR('',#1173,1.);
#1173 = DIRECTION('',(1.,0.));
#1174 = ( GEOMETRIC_REPRESENTATION_CONTEXT(2) 
PARAMETRIC_REPRESENTATION_CONTEXT() REPRESENTATION_CONTEXT('2D SPACE',''
  ) );
#1175 = ORIENTED_EDGE('',*,*,#1176,.F.);
#1176 = EDGE_CURVE('',#1177,#1149,#1179,.T.);
#1177 = VERTEX_POINT('',#1178);
#1178 = CARTESIAN_POINT('',(40.623334073416,0.,1.575));
#1179 = SURFACE_CURVE('',#1180,(#1184,#1191),.PCURVE_S1.);
#1180 = LINE('',#1181,#1182);
#1181 = CARTESIAN_POINT('',(40.623334073416,0.,1.575));
#1182 = VECTOR('',#1183,1.);
#1183 = DIRECTION('',(0.,0.,1.));
#1184 = PCURVE('',#44,#1185);
#1185 = DEFINITIONAL_REPRESENTATION('',(#1186),#1190);
#1186 = LINE('',#1187,#1188);
#1187 = CARTESIAN_POINT('',(1.575,40.623334073416));
#1188 = VECTOR('',#1189,1.);
#1189 = DIRECTION('',(1.,0.));
#1190 = ( GEOMETRIC_REPRESENTATION_CONTEXT(2) 
PARAMETRIC_REPRESENTATION_CONTEXT() REPRESENTATION_CONTEXT('2D SPACE',''
  ) );
#1191 = PCURVE('',#1192,#1197);
#1192 = PLANE('',#1193);
#1193 = AXIS2_PLACEMENT_3D('',#1194,#1195,#1196);
#1194 = CARTESIAN_POINT('',(40.623334073416,0.,1.575));
#1195 = DIRECTION('',(1.,0.,0.));
#1196 = DIRECTION('',(0.,0.,1.));
#1197 = DEFINITIONAL_REPRESENTATION('',(#1198),#1202);
#1198 = LINE('',#1199,#1200);
#1199 = CARTESIAN_POINT('',(0.,0.));
#1200 = VECTOR('',#1201,1.);
#1201 = DIRECTION('',(1.,0.));
#1202 = ( GEOMETRIC_REPRESENTATION_CONTEXT(2) 
PARAMETRIC_REPRESENTATION_CONTEXT() REPRESENTATION_CONTEXT('2D SPACE',''
  ) );
#1203 = ORIENTED_EDGE('',*,*,#1204,.F.);
#1204 = EDGE_CURVE('',#1205,#1177,#1207,.T.);
#1205 = VERTEX_POINT('',#1206);
#1206 = CARTESIAN_POINT('',(44.376665926584,0.,1.575));
#1207 = SURFACE_CURVE('',#1208,(#1213,#1220),.PCURVE_S1.);
#1208 = CIRCLE('',#1209,2.45);
#1209 = AXIS2_PLACEMENT_3D('',#1210,#1211,#1212);
#1210 = CARTESIAN_POINT('',(42.5,0.,3.15));
#1211 = DIRECTION('',(-0.,1.,0.));
#1212 = DIRECTION('',(1.,0.,0.));
#1213 = PCURVE('',#44,#1214);
#1214 = DEFINITIONAL_REPRESENTATION('',(#1215),#1219);
#1215 = CIRCLE('',#1216,2.45);
#1216 = AXIS2_PLACEMENT_2D('',#1217,#1218);
#1217 = CARTESIAN_POINT('',(3.15,42.5));
#1218 = DIRECTION('',(0.,1.));
#1219 = ( GEOMETRIC_REPRESENTATION_CONTEXT(2) 
PARAMETRIC_REPRESENTATION_CONTEXT() REPRESENTATION_CONTEXT('2D SPACE',''
  ) );
#1220 = PCURVE('',#1221,#1226);
#1221 = CYLINDRICAL_SURFACE('',#1222,2.45);
#1222 = AXIS2_PLACEMENT_3D('',#1223,#1224,#1225);
#1223 = CARTESIAN_POINT('',(42.5,200.0000008,3.15));
#1224 = DIRECTION('',(0.,1.,0.));
#1225 = DIRECTION('',(1.,0.,0.));
#1226 = DEFINITIONAL_REPRESENTATION('',(#1227),#1231);
#1227 = LINE('',#1228,#1229);
#1228 = CARTESIAN_POINT('',(-6.28318530718,-200.0000008));
#1229 = VECTOR('',#1230,1.);
#1230 = DIRECTION('',(1.,-0.));
#1231 = ( GEOMETRIC_REPRESENTATION_CONTEXT(2) 
PARAMETRIC_REPRESENTATION_CONTEXT() REPRESENTATION_CONTEXT('2D SPACE',''
  ) );
#1232 = ORIENTED_EDGE('',*,*,#1233,.T.);
#1233 = EDGE_CURVE('',#1205,#1234,#1236,.T.);
#1234 = VERTEX_POINT('',#1235);
#1235 = CARTESIAN_POINT('',(44.376665926584,0.,4.575));
#1236 = SURFACE_CURVE('',#1237,(#1241,#1248),.PCURVE_S1.);
#1237 = LINE('',#1238,#1239);
#1238 = CARTESIAN_POINT('',(44.376665926584,0.,1.575));
#1239 = VECTOR('',#1240,1.);
#1240 = DIRECTION('',(0.,0.,1.));
#1241 = PCURVE('',#44,#1242);
#1242 = DEFINITIONAL_REPRESENTATION('',(#1243),#1247);
#1243 = LINE('',#1244,#1245);
#1244 = CARTESIAN_POINT('',(1.575,44.376665926584));
#1245 = VECTOR('',#1246,1.);
#1246 = DIRECTION('',(1.,0.));
#1247 = ( GEOMETRIC_REPRESENTATION_CONTEXT(2) 
PARAMETRIC_REPRESENTATION_CONTEXT() REPRESENTATION_CONTEXT('2D SPACE',''
  ) );
#1248 = PCURVE('',#1249,#1254);
#1249 = PLANE('',#1250);
#1250 = AXIS2_PLACEMENT_3D('',#1251,#1252,#1253);
#1251 = CARTESIAN_POINT('',(44.376665926584,0.,1.575));
#1252 = DIRECTION('',(1.,0.,0.));
#1253 = DIRECTION('',(0.,0.,1.));
#1254 = DEFINITIONAL_REPRESENTATION('',(#1255),#1259);
#1255 = LINE('',#1256,#1257);
#1256 = CARTESIAN_POINT('',(0.,0.));
#1257 = VECTOR('',#1258,1.);
#1258 = DIRECTION('',(1.,0.));
#1259 = ( GEOMETRIC_REPRESENTATION_CONTEXT(2) 
PARAMETRIC_REPRESENTATION_CONTEXT() REPRESENTATION_CONTEXT('2D SPACE',''
  ) );
#1260 = ORIENTED_EDGE('',*,*,#1261,.T.);
#1261 = EDGE_CURVE('',#1234,#1262,#1264,.T.);
#1262 = VERTEX_POINT('',#1263);
#1263 = CARTESIAN_POINT('',(45.623334073416,0.,4.575));
#1264 = SURFACE_CURVE('',#1265,(#1269,#1276),.PCURVE_S1.);
#1265 = LINE('',#1266,#1267);
#1266 = CARTESIAN_POINT('',(44.376665926584,0.,4.575));
#1267 = VECTOR('',#1268,1.);
#1268 = DIRECTION('',(1.,0.,0.));
#1269 = PCURVE('',#44,#1270);
#1270 = DEFINITIONAL_REPRESENTATION('',(#1271),#1275);
#1271 = LINE('',#1272,#1273);
#1272 = CARTESIAN_POINT('',(4.575,44.376665926584));
#1273 = VECTOR('',#1274,1.);
#1274 = DIRECTION('',(0.,1.));
#1275 = ( GEOMETRIC_REPRESENTATION_CONTEXT(2) 
PARAMETRIC_REPRESENTATION_CONTEXT() REPRESENTATION_CONTEXT('2D SPACE',''
  ) );
#1276 = PCURVE('',#1277,#1282);
#1277 = PLANE('',#1278);
#1278 = AXIS2_PLACEMENT_3D('',#1279,#1280,#1281);
#1279 = CARTESIAN_POINT('',(44.376665926584,0.,4.575));
#1280 = DIRECTION('',(0.,0.,1.));
#1281 = DIRECTION('',(1.,0.,0.));
#1282 = DEFINITIONAL_REPRESENTATION('',(#1283),#1287);
#1283 = LINE('',#1284,#1285);
#1284 = CARTESIAN_POINT('',(0.,0.));
#1285 = VECTOR('',#1286,1.);
#1286 = DIRECTION('',(1.,0.));
#1287 = ( GEOMETRIC_REPRESENTATION_CONTEXT(2) 
PARAMETRIC_REPRESENTATION_CONTEXT() REPRESENTATION_CONTEXT('2D SPACE',''
  ) );
#1288 = ORIENTED_EDGE('',*,*,#1289,.F.);
#1289 = EDGE_CURVE('',#1290,#1262,#1292,.T.);
#1290 = VERTEX_POINT('',#1291);
#1291 = CARTESIAN_POINT('',(45.623334073416,0.,1.575));
#1292 = SURFACE_CURVE('',#1293,(#1297,#1304),.PCURVE_S1.);
#1293 = LINE('',#1294,#1295);
#1294 = CARTESIAN_POINT('',(45.623334073416,0.,1.575));
#1295 = VECTOR('',#1296,1.);
#1296 = DIRECTION('',(0.,0.,1.));
#1297 = PCURVE('',#44,#1298);
#1298 = DEFINITIONAL_REPRESENTATION('',(#1299),#1303);
#1299 = LINE('',#1300,#1301);
#1300 = CARTESIAN_POINT('',(1.575,45.623334073416));
#1301 = VECTOR('',#1302,1.);
#1302 = DIRECTION('',(1.,0.));
#1303 = ( GEOMETRIC_REPRESENTATION_CONTEXT(2) 
PARAMETRIC_REPRESENTATION_CONTEXT() REPRESENTATION_CONTEXT('2D SPACE',''
  ) );
#1304 = PCURVE('',#1305,#1310);
#1305 = PLANE('',#1306);
#1306 = AXIS2_PLACEMENT_3D('',#1307,#1308,#1309);
#1307 = CARTESIAN_POINT('',(45.623334073416,0.,1.575));
#1308 = DIRECTION('',(1.,0.,0.));
#1309 = DIRECTION('',(0.,0.,1.));
#1310 = DEFINITIONAL_REPRESENTATION('',(#1311),#1315);
#1311 = LINE('',#1312,#1313);
#1312 = CARTESIAN_POINT('',(0.,0.));
#1313 = VECTOR('',#1314,1.);
#1314 = DIRECTION('',(1.,0.));
#1315 = ( GEOMETRIC_REPRESENTATION_CONTEXT(2) 
PARAMETRIC_REPRESENTATION_CONTEXT() REPRESENTATION_CONTEXT('2D SPACE',''
  ) );
#1316 = ORIENTED_EDGE('',*,*,#1317,.F.);
#1317 = EDGE_CURVE('',#1318,#1290,#1320,.T.);
#1318 = VERTEX_POINT('',#1319);
#1319 = CARTESIAN_POINT('',(49.376665926584,0.,1.575));
#1320 = SURFACE_CURVE('',#1321,(#1326,#1333),.PCURVE_S1.);
#1321 = CIRCLE('',#1322,2.45);
#1322 = AXIS2_PLACEMENT_3D('',#1323,#1324,#1325);
#1323 = CARTESIAN_POINT('',(47.5,0.,3.15));
#1324 = DIRECTION('',(-0.,1.,0.));
#1325 = DIRECTION('',(1.,0.,0.));
#1326 = PCURVE('',#44,#1327);
#1327 = DEFINITIONAL_REPRESENTATION('',(#1328),#1332);
#1328 = CIRCLE('',#1329,2.45);
#1329 = AXIS2_PLACEMENT_2D('',#1330,#1331);
#1330 = CARTESIAN_POINT('',(3.15,47.5));
#1331 = DIRECTION('',(0.,1.));
#1332 = ( GEOMETRIC_REPRESENTATION_CONTEXT(2) 
PARAMETRIC_REPRESENTATION_CONTEXT() REPRESENTATION_CONTEXT('2D SPACE',''
  ) );
#1333 = PCURVE('',#1334,#1339);
#1334 = CYLINDRICAL_SURFACE('',#1335,2.45);
#1335 = AXIS2_PLACEMENT_3D('',#1336,#1337,#1338);
#1336 = CARTESIAN_POINT('',(47.5,200.0000008,3.15));
#1337 = DIRECTION('',(0.,1.,0.));
#1338 = DIRECTION('',(1.,0.,0.));
#1339 = DEFINITIONAL_REPRESENTATION('',(#1340),#1344);
#1340 = LINE('',#1341,#1342);
#1341 = CARTESIAN_POINT('',(-6.28318530718,-200.0000008));
#1342 = VECTOR('',#1343,1.);
#1343 = DIRECTION('',(1.,-0.));
#1344 = ( GEOMETRIC_REPRESENTATION_CONTEXT(2) 
PARAMETRIC_REPRESENTATION_CONTEXT() REPRESENTATION_CONTEXT('2D SPACE',''
  ) );
#1345 = ORIENTED_EDGE('',*,*,#1346,.T.);
#1346 = EDGE_CURVE('',#1318,#1347,#1349,.T.);
#1347 = VERTEX_POINT('',#1348);
#1348 = CARTESIAN_POINT('',(49.376665926584,0.,4.575));
#1349 = SURFACE_CURVE('',#1350,(#1354,#1361),.PCURVE_S1.);
#1350 = LINE('',#1351,#1352);
#1351 = CARTESIAN_POINT('',(49.376665926584,0.,1.575));
#1352 = VECTOR('',#1353,1.);
#1353 = DIRECTION('',(0.,0.,1.));
#1354 = PCURVE('',#44,#1355);
#1355 = DEFINITIONAL_REPRESENTATION('',(#1356),#1360);
#1356 = LINE('',#1357,#1358);
#1357 = CARTESIAN_POINT('',(1.575,49.376665926584));
#1358 = VECTOR('',#1359,1.);
#1359 = DIRECTION('',(1.,0.));
#1360 = ( GEOMETRIC_REPRESENTATION_CONTEXT(2) 
PARAMETRIC_REPRESENTATION_CONTEXT() REPRESENTATION_CONTEXT('2D SPACE',''
  ) );
#1361 = PCURVE('',#1362,#1367);
#1362 = PLANE('',#1363);
#1363 = AXIS2_PLACEMENT_3D('',#1364,#1365,#1366);
#1364 = CARTESIAN_POINT('',(49.376665926584,0.,1.575));
#1365 = DIRECTION('',(1.,0.,0.));
#1366 = DIRECTION('',(0.,0.,1.));
#1367 = DEFINITIONAL_REPRESENTATION('',(#1368),#1372);
#1368 = LINE('',#1369,#1370);
#1369 = CARTESIAN_POINT('',(0.,0.));
#1370 = VECTOR('',#1371,1.);
#1371 = DIRECTION('',(1.,0.));
#1372 = ( GEOMETRIC_REPRESENTATION_CONTEXT(2) 
PARAMETRIC_REPRESENTATION_CONTEXT() REPRESENTATION_CONTEXT('2D SPACE',''
  ) );
#1373 = ORIENTED_EDGE('',*,*,#1374,.T.);
#1374 = EDGE_CURVE('',#1347,#1375,#1377,.T.);
#1375 = VERTEX_POINT('',#1376);
#1376 = CARTESIAN_POINT('',(50.623334073416,0.,4.575));
#1377 = SURFACE_CURVE('',#1378,(#1382,#1389),.PCURVE_S1.);
#1378 = LINE('',#1379,#1380);
#1379 = CARTESIAN_POINT('',(49.376665926584,0.,4.575));
#1380 = VECTOR('',#1381,1.);
#1381 = DIRECTION('',(1.,0.,0.));
#1382 = PCURVE('',#44,#1383);
#1383 = DEFINITIONAL_REPRESENTATION('',(#1384),#1388);
#1384 = LINE('',#1385,#1386);
#1385 = CARTESIAN_POINT('',(4.575,49.376665926584));
#1386 = VECTOR('',#1387,1.);
#1387 = DIRECTION('',(0.,1.));
#1388 = ( GEOMETRIC_REPRESENTATION_CONTEXT(2) 
PARAMETRIC_REPRESENTATION_CONTEXT() REPRESENTATION_CONTEXT('2D SPACE',''
  ) );
#1389 = PCURVE('',#1390,#1395);
#1390 = PLANE('',#1391);
#1391 = AXIS2_PLACEMENT_3D('',#1392,#1393,#1394);
#1392 = CARTESIAN_POINT('',(49.376665926584,0.,4.575));
#1393 = DIRECTION('',(0.,0.,1.));
#1394 = DIRECTION('',(1.,0.,0.));
#1395 = DEFINITIONAL_REPRESENTATION('',(#1396),#1400);
#1396 = LINE('',#1397,#1398);
#1397 = CARTESIAN_POINT('',(0.,0.));
#1398 = VECTOR('',#1399,1.);
#1399 = DIRECTION('',(1.,0.));
#1400 = ( GEOMETRIC_REPRESENTATION_CONTEXT(2) 
PARAMETRIC_REPRESENTATION_CONTEXT() REPRESENTATION_CONTEXT('2D SPACE',''
  ) );
#1401 = ORIENTED_EDGE('',*,*,#1402,.F.);
#1402 = EDGE_CURVE('',#1403,#1375,#1405,.T.);
#1403 = VERTEX_POINT('',#1404);
#1404 = CARTESIAN_POINT('',(50.623334073416,0.,1.575));
#1405 = SURFACE_CURVE('',#1406,(#1410,#1417),.PCURVE_S1.);
#1406 = LINE('',#1407,#1408);
#1407 = CARTESIAN_POINT('',(50.623334073416,0.,1.575));
#1408 = VECTOR('',#1409,1.);
#1409 = DIRECTION('',(0.,0.,1.));
#1410 = PCURVE('',#44,#1411);
#1411 = DEFINITIONAL_REPRESENTATION('',(#1412),#1416);
#1412 = LINE('',#1413,#1414);
#1413 = CARTESIAN_POINT('',(1.575,50.623334073416));
#1414 = VECTOR('',#1415,1.);
#1415 = DIRECTION('',(1.,0.));
#1416 = ( GEOMETRIC_REPRESENTATION_CONTEXT(2) 
PARAMETRIC_REPRESENTATION_CONTEXT() REPRESENTATION_CONTEXT('2D SPACE',''
  ) );
#1417 = PCURVE('',#1418,#1423);
#1418 = PLANE('',#1419);
#1419 = AXIS2_PLACEMENT_3D('',#1420,#1421,#1422);
#1420 = CARTESIAN_POINT('',(50.623334073416,0.,1.575));
#1421 = DIRECTION('',(1.,0.,0.));
#1422 = DIRECTION('',(0.,0.,1.));
#1423 = DEFINITIONAL_REPRESENTATION('',(#1424),#1428);
#1424 = LINE('',#1425,#1426);
#1425 = CARTESIAN_POINT('',(0.,0.));
#1426 = VECTOR('',#1427,1.);
#1427 = DIRECTION('',(1.,0.));
#1428 = ( GEOMETRIC_REPRESENTATION_CONTEXT(2) 
PARAMETRIC_REPRESENTATION_CONTEXT() REPRESENTATION_CONTEXT('2D SPACE',''
  ) );
#1429 = ORIENTED_EDGE('',*,*,#1430,.F.);
#1430 = EDGE_CURVE('',#1431,#1403,#1433,.T.);
#1431 = VERTEX_POINT('',#1432);
#1432 = CARTESIAN_POINT('',(54.376665926584,0.,1.575));
#1433 = SURFACE_CURVE('',#1434,(#1439,#1446),.PCURVE_S1.);
#1434 = CIRCLE('',#1435,2.45);
#1435 = AXIS2_PLACEMENT_3D('',#1436,#1437,#1438);
#1436 = CARTESIAN_POINT('',(52.5,0.,3.15));
#1437 = DIRECTION('',(-0.,1.,0.));
#1438 = DIRECTION('',(1.,0.,0.));
#1439 = PCURVE('',#44,#1440);
#1440 = DEFINITIONAL_REPRESENTATION('',(#1441),#1445);
#1441 = CIRCLE('',#1442,2.45);
#1442 = AXIS2_PLACEMENT_2D('',#1443,#1444);
#1443 = CARTESIAN_POINT('',(3.15,52.5));
#1444 = DIRECTION('',(0.,1.));
#1445 = ( GEOMETRIC_REPRESENTATION_CONTEXT(2) 
PARAMETRIC_REPRESENTATION_CONTEXT() REPRESENTATION_CONTEXT('2D SPACE',''
  ) );
#1446 = PCURVE('',#1447,#1452);
#1447 = CYLINDRICAL_SURFACE('',#1448,2.45);
#1448 = AXIS2_PLACEMENT_3D('',#1449,#1450,#1451);
#1449 = CARTESIAN_POINT('',(52.5,200.0000008,3.15));
#1450 = DIRECTION('',(0.,1.,0.));
#1451 = DIRECTION('',(1.,0.,0.));
#1452 = DEFINITIONAL_REPRESENTATION('',(#1453),#1457);
#1453 = LINE('',#1454,#1455);
#1454 = CARTESIAN_POINT('',(-6.28318530718,-200.0000008));
#1455 = VECTOR('',#1456,1.);
#1456 = DIRECTION('',(1.,-0.));
#1457 = ( GEOMETRIC_REPRESENTATION_CONTEXT(2) 
PARAMETRIC_REPRESENTATION_CONTEXT() REPRESENTATION_CONTEXT('2D SPACE',''
  ) );
#1458 = ORIENTED_EDGE('',*,*,#1459,.T.);
#1459 = EDGE_CURVE('',#1431,#1460,#1462,.T.);
#1460 = VERTEX_POINT('',#1461);
#1461 = CARTESIAN_POINT('',(54.376665926584,0.,4.575));
#1462 = SURFACE_CURVE('',#1463,(#1467,#1474),.PCURVE_S1.);
#1463 = LINE('',#1464,#1465);
#1464 = CARTESIAN_POINT('',(54.376665926584,0.,1.575));
#1465 = VECTOR('',#1466,1.);
#1466 = DIRECTION('',(0.,0.,1.));
#1467 = PCURVE('',#44,#1468);
#1468 = DEFINITIONAL_REPRESENTATION('',(#1469),#1473);
#1469 = LINE('',#1470,#1471);
#1470 = CARTESIAN_POINT('',(1.575,54.376665926584));
#1471 = VECTOR('',#1472,1.);
#1472 = DIRECTION('',(1.,0.));
#1473 = ( GEOMETRIC_REPRESENTATION_CONTEXT(2) 
PARAMETRIC_REPRESENTATION_CONTEXT() REPRESENTATION_CONTEXT('2D SPACE',''
  ) );
#1474 = PCURVE('',#1475,#1480);
#1475 = PLANE('',#1476);
#1476 = AXIS2_PLACEMENT_3D('',#1477,#1478,#1479);
#1477 = CARTESIAN_POINT('',(54.376665926584,0.,1.575));
#1478 = DIRECTION('',(1.,0.,0.));
#1479 = DIRECTION('',(0.,0.,1.));
#1480 = DEFINITIONAL_REPRESENTATION('',(#1481),#1485);
#1481 = LINE('',#1482,#1483);
#1482 = CARTESIAN_POINT('',(0.,0.));
#1483 = VECTOR('',#1484,1.);
#1484 = DIRECTION('',(1.,0.));
#1485 = ( GEOMETRIC_REPRESENTATION_CONTEXT(2) 
PARAMETRIC_REPRESENTATION_CONTEXT() REPRESENTATION_CONTEXT('2D SPACE',''
  ) );
#1486 = ORIENTED_EDGE('',*,*,#1487,.T.);
#1487 = EDGE_CURVE('',#1460,#1488,#1490,.T.);
#1488 = VERTEX_POINT('',#1489);
#1489 = CARTESIAN_POINT('',(55.623334073416,0.,4.575));
#1490 = SURFACE_CURVE('',#1491,(#1495,#1502),.PCURVE_S1.);
#1491 = LINE('',#1492,#1493);
#1492 = CARTESIAN_POINT('',(54.376665926584,0.,4.575));
#1493 = VECTOR('',#1494,1.);
#1494 = DIRECTION('',(1.,0.,0.));
#1495 = PCURVE('',#44,#1496);
#1496 = DEFINITIONAL_REPRESENTATION('',(#1497),#1501);
#1497 = LINE('',#1498,#1499);
#1498 = CARTESIAN_POINT('',(4.575,54.376665926584));
#1499 = VECTOR('',#1500,1.);
#1500 = DIRECTION('',(0.,1.));
#1501 = ( GEOMETRIC_REPRESENTATION_CONTEXT(2) 
PARAMETRIC_REPRESENTATION_CONTEXT() REPRESENTATION_CONTEXT('2D SPACE',''
  ) );
#1502 = PCURVE('',#1503,#1508);
#1503 = PLANE('',#1504);
#1504 = AXIS2_PLACEMENT_3D('',#1505,#1506,#1507);
#1505 = CARTESIAN_POINT('',(54.376665926584,0.,4.575));
#1506 = DIRECTION('',(0.,0.,1.));
#1507 = DIRECTION('',(1.,0.,0.));
#1508 = DEFINITIONAL_REPRESENTATION('',(#1509),#1513);
#1509 = LINE('',#1510,#1511);
#1510 = CARTESIAN_POINT('',(0.,0.));
#1511 = VECTOR('',#1512,1.);
#1512 = DIRECTION('',(1.,0.));
#1513 = ( GEOMETRIC_REPRESENTATION_CONTEXT(2) 
PARAMETRIC_REPRESENTATION_CONTEXT() REPRESENTATION_CONTEXT('2D SPACE',''
  ) );
#1514 = ORIENTED_EDGE('',*,*,#1515,.F.);
#1515 = EDGE_CURVE('',#1516,#1488,#1518,.T.);
#1516 = VERTEX_POINT('',#1517);
#1517 = CARTESIAN_POINT('',(55.623334073416,0.,1.575));
#1518 = SURFACE_CURVE('',#1519,(#1523,#1530),.PCURVE_S1.);
#1519 = LINE('',#1520,#1521);
#1520 = CARTESIAN_POINT('',(55.623334073416,0.,1.575));
#1521 = VECTOR('',#1522,1.);
#1522 = DIRECTION('',(0.,0.,1.));
#1523 = PCURVE('',#44,#1524);
#1524 = DEFINITIONAL_REPRESENTATION('',(#1525),#1529);
#1525 = LINE('',#1526,#1527);
#1526 = CARTESIAN_POINT('',(1.575,55.623334073416));
#1527 = VECTOR('',#1528,1.);
#1528 = DIRECTION('',(1.,0.));
#1529 = ( GEOMETRIC_REPRESENTATION_CONTEXT(2) 
PARAMETRIC_REPRESENTATION_CONTEXT() REPRESENTATION_CONTEXT('2D SPACE',''
  ) );
#1530 = PCURVE('',#1531,#1536);
#1531 = PLANE('',#1532);
#1532 = AXIS2_PLACEMENT_3D('',#1533,#1534,#1535);
#1533 = CARTESIAN_POINT('',(55.623334073416,0.,1.575));
#1534 = DIRECTION('',(1.,0.,0.));
#1535 = DIRECTION('',(0.,0.,1.));
#1536 = DEFINITIONAL_REPRESENTATION('',(#1537),#1541);
#1537 = LINE('',#1538,#1539);
#1538 = CARTESIAN_POINT('',(0.,0.));
#1539 = VECTOR('',#1540,1.);
#1540 = DIRECTION('',(1.,0.));
#1541 = ( GEOMETRIC_REPRESENTATION_CONTEXT(2) 
PARAMETRIC_REPRESENTATION_CONTEXT() REPRESENTATION_CONTEXT('2D SPACE',''
  ) );
#1542 = ORIENTED_EDGE('',*,*,#1543,.F.);
#1543 = EDGE_CURVE('',#1544,#1516,#1546,.T.);
#1544 = VERTEX_POINT('',#1545);
#1545 = CARTESIAN_POINT('',(59.376665926584,0.,1.575));
#1546 = SURFACE_CURVE('',#1547,(#1552,#1559),.PCURVE_S1.);
#1547 = CIRCLE('',#1548,2.45);
#1548 = AXIS2_PLACEMENT_3D('',#1549,#1550,#1551);
#1549 = CARTESIAN_POINT('',(57.5,0.,3.15));
#1550 = DIRECTION('',(-0.,1.,0.));
#1551 = DIRECTION('',(1.,0.,0.));
#1552 = PCURVE('',#44,#1553);
#1553 = DEFINITIONAL_REPRESENTATION('',(#1554),#1558);
#1554 = CIRCLE('',#1555,2.45);
#1555 = AXIS2_PLACEMENT_2D('',#1556,#1557);
#1556 = CARTESIAN_POINT('',(3.15,57.5));
#1557 = DIRECTION('',(0.,1.));
#1558 = ( GEOMETRIC_REPRESENTATION_CONTEXT(2) 
PARAMETRIC_REPRESENTATION_CONTEXT() REPRESENTATION_CONTEXT('2D SPACE',''
  ) );
#1559 = PCURVE('',#1560,#1565);
#1560 = CYLINDRICAL_SURFACE('',#1561,2.45);
#1561 = AXIS2_PLACEMENT_3D('',#1562,#1563,#1564);
#1562 = CARTESIAN_POINT('',(57.5,200.0000008,3.15));
#1563 = DIRECTION('',(0.,1.,0.));
#1564 = DIRECTION('',(1.,0.,0.));
#1565 = DEFINITIONAL_REPRESENTATION('',(#1566),#1570);
#1566 = LINE('',#1567,#1568);
#1567 = CARTESIAN_POINT('',(-6.28318530718,-200.0000008));
#1568 = VECTOR('',#1569,1.);
#1569 = DIRECTION('',(1.,-0.));
#1570 = ( GEOMETRIC_REPRESENTATION_CONTEXT(2) 
PARAMETRIC_REPRESENTATION_CONTEXT() REPRESENTATION_CONTEXT('2D SPACE',''
  ) );
#1571 = ORIENTED_EDGE('',*,*,#1572,.T.);
#1572 = EDGE_CURVE('',#1544,#1573,#1575,.T.);
#1573 = VERTEX_POINT('',#1574);
#1574 = CARTESIAN_POINT('',(59.376665926584,0.,4.575));
#1575 = SURFACE_CURVE('',#1576,(#1580,#1587),.PCURVE_S1.);
#1576 = LINE('',#1577,#1578);
#1577 = CARTESIAN_POINT('',(59.376665926584,0.,1.575));
#1578 = VECTOR('',#1579,1.);
#1579 = DIRECTION('',(0.,0.,1.));
#1580 = PCURVE('',#44,#1581);
#1581 = DEFINITIONAL_REPRESENTATION('',(#1582),#1586);
#1582 = LINE('',#1583,#1584);
#1583 = CARTESIAN_POINT('',(1.575,59.376665926584));
#1584 = VECTOR('',#1585,1.);
#1585 = DIRECTION('',(1.,0.));
#1586 = ( GEOMETRIC_REPRESENTATION_CONTEXT(2) 
PARAMETRIC_REPRESENTATION_CONTEXT() REPRESENTATION_CONTEXT('2D SPACE',''
  ) );
#1587 = PCURVE('',#1588,#1593);
#1588 = PLANE('',#1589);
#1589 = AXIS2_PLACEMENT_3D('',#1590,#1591,#1592);
#1590 = CARTESIAN_POINT('',(59.376665926584,0.,1.575));
#1591 = DIRECTION('',(1.,0.,0.));
#1592 = DIRECTION('',(0.,0.,1.));
#1593 = DEFINITIONAL_REPRESENTATION('',(#1594),#1598);
#1594 = LINE('',#1595,#1596);
#1595 = CARTESIAN_POINT('',(0.,0.));
#1596 = VECTOR('',#1597,1.);
#1597 = DIRECTION('',(1.,0.));
#1598 = ( GEOMETRIC_REPRESENTATION_CONTEXT(2) 
PARAMETRIC_REPRESENTATION_CONTEXT() REPRESENTATION_CONTEXT('2D SPACE',''
  ) );
#1599 = ORIENTED_EDGE('',*,*,#1600,.T.);
#1600 = EDGE_CURVE('',#1573,#1601,#1603,.T.);
#1601 = VERTEX_POINT('',#1602);
#1602 = CARTESIAN_POINT('',(60.623334073416,0.,4.575));
#1603 = SURFACE_CURVE('',#1604,(#1608,#1615),.PCURVE_S1.);
#1604 = LINE('',#1605,#1606);
#1605 = CARTESIAN_POINT('',(59.376665926584,0.,4.575));
#1606 = VECTOR('',#1607,1.);
#1607 = DIRECTION('',(1.,0.,0.));
#1608 = PCURVE('',#44,#1609);
#1609 = DEFINITIONAL_REPRESENTATION('',(#1610),#1614);
#1610 = LINE('',#1611,#1612);
#1611 = CARTESIAN_POINT('',(4.575,59.376665926584));
#1612 = VECTOR('',#1613,1.);
#1613 = DIRECTION('',(0.,1.));
#1614 = ( GEOMETRIC_REPRESENTATION_CONTEXT(2) 
PARAMETRIC_REPRESENTATION_CONTEXT() REPRESENTATION_CONTEXT('2D SPACE',''
  ) );
#1615 = PCURVE('',#1616,#1621);
#1616 = PLANE('',#1617);
#1617 = AXIS2_PLACEMENT_3D('',#1618,#1619,#1620);
#1618 = CARTESIAN_POINT('',(59.376665926584,0.,4.575));
#1619 = DIRECTION('',(0.,0.,1.));
#1620 = DIRECTION('',(1.,0.,0.));
#1621 = DEFINITIONAL_REPRESENTATION('',(#1622),#1626);
#1622 = LINE('',#1623,#1624);
#1623 = CARTESIAN_POINT('',(0.,0.));
#1624 = VECTOR('',#1625,1.);
#1625 = DIRECTION('',(1.,0.));
#1626 = ( GEOMETRIC_REPRESENTATION_CONTEXT(2) 
PARAMETRIC_REPRESENTATION_CONTEXT() REPRESENTATION_CONTEXT('2D SPACE',''
  ) );
#1627 = ORIENTED_EDGE('',*,*,#1628,.F.);
#1628 = EDGE_CURVE('',#1629,#1601,#1631,.T.);
#1629 = VERTEX_POINT('',#1630);
#1630 = CARTESIAN_POINT('',(60.623334073416,0.,1.575));
#1631 = SURFACE_CURVE('',#1632,(#1636,#1643),.PCURVE_S1.);
#1632 = LINE('',#1633,#1634);
#1633 = CARTESIAN_POINT('',(60.623334073416,0.,1.575));
#1634 = VECTOR('',#1635,1.);
#1635 = DIRECTION('',(0.,0.,1.));
#1636 = PCURVE('',#44,#1637);
#1637 = DEFINITIONAL_REPRESENTATION('',(#1638),#1642);
#1638 = LINE('',#1639,#1640);
#1639 = CARTESIAN_POINT('',(1.575,60.623334073416));
#1640 = VECTOR('',#1641,1.);
#1641 = DIRECTION('',(1.,0.));
#1642 = ( GEOMETRIC_REPRESENTATION_CONTEXT(2) 
PARAMETRIC_REPRESENTATION_CONTEXT() REPRESENTATION_CONTEXT('2D SPACE',''
  ) );
#1643 = PCURVE('',#1644,#1649);
#1644 = PLANE('',#1645);
#1645 = AXIS2_PLACEMENT_3D('',#1646,#1647,#1648);
#1646 = CARTESIAN_POINT('',(60.623334073416,0.,1.575));
#1647 = DIRECTION('',(1.,0.,0.));
#1648 = DIRECTION('',(0.,0.,1.));
#1649 = DEFINITIONAL_REPRESENTATION('',(#1650),#1654);
#1650 = LINE('',#1651,#1652);
#1651 = CARTESIAN_POINT('',(0.,0.));
#1652 = VECTOR('',#1653,1.);
#1653 = DIRECTION('',(1.,0.));
#1654 = ( GEOMETRIC_REPRESENTATION_CONTEXT(2) 
PARAMETRIC_REPRESENTATION_CONTEXT() REPRESENTATION_CONTEXT('2D SPACE',''
  ) );
#1655 = ORIENTED_EDGE('',*,*,#1656,.F.);
#1656 = EDGE_CURVE('',#1657,#1629,#1659,.T.);
#1657 = VERTEX_POINT('',#1658);
#1658 = CARTESIAN_POINT('',(64.376665926584,0.,1.575));
#1659 = SURFACE_CURVE('',#1660,(#1665,#1672),.PCURVE_S1.);
#1660 = CIRCLE('',#1661,2.45);
#1661 = AXIS2_PLACEMENT_3D('',#1662,#1663,#1664);
#1662 = CARTESIAN_POINT('',(62.5,0.,3.15));
#1663 = DIRECTION('',(-0.,1.,0.));
#1664 = DIRECTION('',(1.,0.,0.));
#1665 = PCURVE('',#44,#1666);
#1666 = DEFINITIONAL_REPRESENTATION('',(#1667),#1671);
#1667 = CIRCLE('',#1668,2.45);
#1668 = AXIS2_PLACEMENT_2D('',#1669,#1670);
#1669 = CARTESIAN_POINT('',(3.15,62.5));
#1670 = DIRECTION('',(0.,1.));
#1671 = ( GEOMETRIC_REPRESENTATION_CONTEXT(2) 
PARAMETRIC_REPRESENTATION_CONTEXT() REPRESENTATION_CONTEXT('2D SPACE',''
  ) );
#1672 = PCURVE('',#1673,#1678);
#1673 = CYLINDRICAL_SURFACE('',#1674,2.45);
#1674 = AXIS2_PLACEMENT_3D('',#1675,#1676,#1677);
#1675 = CARTESIAN_POINT('',(62.5,200.0000008,3.15));
#1676 = DIRECTION('',(0.,1.,0.));
#1677 = DIRECTION('',(1.,0.,0.));
#1678 = DEFINITIONAL_REPRESENTATION('',(#1679),#1683);
#1679 = LINE('',#1680,#1681);
#1680 = CARTESIAN_POINT('',(-6.28318530718,-200.0000008));
#1681 = VECTOR('',#1682,1.);
#1682 = DIRECTION('',(1.,-0.));
#1683 = ( GEOMETRIC_REPRESENTATION_CONTEXT(2) 
PARAMETRIC_REPRESENTATION_CONTEXT() REPRESENTATION_CONTEXT('2D SPACE',''
  ) );
#1684 = ORIENTED_EDGE('',*,*,#1685,.T.);
#1685 = EDGE_CURVE('',#1657,#1686,#1688,.T.);
#1686 = VERTEX_POINT('',#1687);
#1687 = CARTESIAN_POINT('',(64.376665926584,0.,4.575));
#1688 = SURFACE_CURVE('',#1689,(#1693,#1700),.PCURVE_S1.);
#1689 = LINE('',#1690,#1691);
#1690 = CARTESIAN_POINT('',(64.376665926584,0.,1.575));
#1691 = VECTOR('',#1692,1.);
#1692 = DIRECTION('',(0.,0.,1.));
#1693 = PCURVE('',#44,#1694);
#1694 = DEFINITIONAL_REPRESENTATION('',(#1695),#1699);
#1695 = LINE('',#1696,#1697);
#1696 = CARTESIAN_POINT('',(1.575,64.376665926584));
#1697 = VECTOR('',#1698,1.);
#1698 = DIRECTION('',(1.,0.));
#1699 = ( GEOMETRIC_REPRESENTATION_CONTEXT(2) 
PARAMETRIC_REPRESENTATION_CONTEXT() REPRESENTATION_CONTEXT('2D SPACE',''
  ) );
#1700 = PCURVE('',#1701,#1706);
#1701 = PLANE('',#1702);
#1702 = AXIS2_PLACEMENT_3D('',#1703,#1704,#1705);
#1703 = CARTESIAN_POINT('',(64.376665926584,0.,1.575));
#1704 = DIRECTION('',(1.,0.,0.));
#1705 = DIRECTION('',(0.,0.,1.));
#1706 = DEFINITIONAL_REPRESENTATION('',(#1707),#1711);
#1707 = LINE('',#1708,#1709);
#1708 = CARTESIAN_POINT('',(0.,0.));
#1709 = VECTOR('',#1710,1.);
#1710 = DIRECTION('',(1.,0.));
#1711 = ( GEOMETRIC_REPRESENTATION_CONTEXT(2) 
PARAMETRIC_REPRESENTATION_CONTEXT() REPRESENTATION_CONTEXT('2D SPACE',''
  ) );
#1712 = ORIENTED_EDGE('',*,*,#1713,.T.);
#1713 = EDGE_CURVE('',#1686,#1714,#1716,.T.);
#1714 = VERTEX_POINT('',#1715);
#1715 = CARTESIAN_POINT('',(65.623334073416,0.,4.575));
#1716 = SURFACE_CURVE('',#1717,(#1721,#1728),.PCURVE_S1.);
#1717 = LINE('',#1718,#1719);
#1718 = CARTESIAN_POINT('',(64.376665926584,0.,4.575));
#1719 = VECTOR('',#1720,1.);
#1720 = DIRECTION('',(1.,0.,0.));
#1721 = PCURVE('',#44,#1722);
#1722 = DEFINITIONAL_REPRESENTATION('',(#1723),#1727);
#1723 = LINE('',#1724,#1725);
#1724 = CARTESIAN_POINT('',(4.575,64.376665926584));
#1725 = VECTOR('',#1726,1.);
#1726 = DIRECTION('',(0.,1.));
#1727 = ( GEOMETRIC_REPRESENTATION_CONTEXT(2) 
PARAMETRIC_REPRESENTATION_CONTEXT() REPRESENTATION_CONTEXT('2D SPACE',''
  ) );
#1728 = PCURVE('',#1729,#1734);
#1729 = PLANE('',#1730);
#1730 = AXIS2_PLACEMENT_3D('',#1731,#1732,#1733);
#1731 = CARTESIAN_POINT('',(64.376665926584,0.,4.575));
#1732 = DIRECTION('',(0.,0.,1.));
#1733 = DIRECTION('',(1.,0.,0.));
#1734 = DEFINITIONAL_REPRESENTATION('',(#1735),#1739);
#1735 = LINE('',#1736,#1737);
#1736 = CARTESIAN_POINT('',(0.,0.));
#1737 = VECTOR('',#1738,1.);
#1738 = DIRECTION('',(1.,0.));
#1739 = ( GEOMETRIC_REPRESENTATION_CONTEXT(2) 
PARAMETRIC_REPRESENTATION_CONTEXT() REPRESENTATION_CONTEXT('2D SPACE',''
  ) );
#1740 = ORIENTED_EDGE('',*,*,#1741,.F.);
#1741 = EDGE_CURVE('',#1742,#1714,#1744,.T.);
#1742 = VERTEX_POINT('',#1743);
#1743 = CARTESIAN_POINT('',(65.623334073416,0.,1.575));
#1744 = SURFACE_CURVE('',#1745,(#1749,#1756),.PCURVE_S1.);
#1745 = LINE('',#1746,#1747);
#1746 = CARTESIAN_POINT('',(65.623334073416,0.,1.575));
#1747 = VECTOR('',#1748,1.);
#1748 = DIRECTION('',(0.,0.,1.));
#1749 = PCURVE('',#44,#1750);
#1750 = DEFINITIONAL_REPRESENTATION('',(#1751),#1755);
#1751 = LINE('',#1752,#1753);
#1752 = CARTESIAN_POINT('',(1.575,65.623334073416));
#1753 = VECTOR('',#1754,1.);
#1754 = DIRECTION('',(1.,0.));
#1755 = ( GEOMETRIC_REPRESENTATION_CONTEXT(2) 
PARAMETRIC_REPRESENTATION_CONTEXT() REPRESENTATION_CONTEXT('2D SPACE',''
  ) );
#1756 = PCURVE('',#1757,#1762);
#1757 = PLANE('',#1758);
#1758 = AXIS2_PLACEMENT_3D('',#1759,#1760,#1761);
#1759 = CARTESIAN_POINT('',(65.623334073416,0.,1.575));
#1760 = DIRECTION('',(1.,0.,0.));
#1761 = DIRECTION('',(0.,0.,1.));
#1762 = DEFINITIONAL_REPRESENTATION('',(#1763),#1767);
#1763 = LINE('',#1764,#1765);
#1764 = CARTESIAN_POINT('',(0.,0.));
#1765 = VECTOR('',#1766,1.);
#1766 = DIRECTION('',(1.,0.));
#1767 = ( GEOMETRIC_REPRESENTATION_CONTEXT(2) 
PARAMETRIC_REPRESENTATION_CONTEXT() REPRESENTATION_CONTEXT('2D SPACE',''
  ) );
#1768 = ORIENTED_EDGE('',*,*,#1769,.F.);
#1769 = EDGE_CURVE('',#1770,#1742,#1772,.T.);
#1770 = VERTEX_POINT('',#1771);
#1771 = CARTESIAN_POINT('',(69.376665926584,0.,1.575));
#1772 = SURFACE_CURVE('',#1773,(#1778,#1785),.PCURVE_S1.);
#1773 = CIRCLE('',#1774,2.45);
#1774 = AXIS2_PLACEMENT_3D('',#1775,#1776,#1777);
#1775 = CARTESIAN_POINT('',(67.5,0.,3.15));
#1776 = DIRECTION('',(-0.,1.,0.));
#1777 = DIRECTION('',(1.,0.,0.));
#1778 = PCURVE('',#44,#1779);
#1779 = DEFINITIONAL_REPRESENTATION('',(#1780),#1784);
#1780 = CIRCLE('',#1781,2.45);
#1781 = AXIS2_PLACEMENT_2D('',#1782,#1783);
#1782 = CARTESIAN_POINT('',(3.15,67.5));
#1783 = DIRECTION('',(0.,1.));
#1784 = ( GEOMETRIC_REPRESENTATION_CONTEXT(2) 
PARAMETRIC_REPRESENTATION_CONTEXT() REPRESENTATION_CONTEXT('2D SPACE',''
  ) );
#1785 = PCURVE('',#1786,#1791);
#1786 = CYLINDRICAL_SURFACE('',#1787,2.45);
#1787 = AXIS2_PLACEMENT_3D('',#1788,#1789,#1790);
#1788 = CARTESIAN_POINT('',(67.5,200.0000008,3.15));
#1789 = DIRECTION('',(0.,1.,0.));
#1790 = DIRECTION('',(1.,0.,0.));
#1791 = DEFINITIONAL_REPRESENTATION('',(#1792),#1796);
#1792 = LINE('',#1793,#1794);
#1793 = CARTESIAN_POINT('',(-6.28318530718,-200.0000008));
#1794 = VECTOR('',#1795,1.);
#1795 = DIRECTION('',(1.,-0.));
#1796 = ( GEOMETRIC_REPRESENTATION_CONTEXT(2) 
PARAMETRIC_REPRESENTATION_CONTEXT() REPRESENTATION_CONTEXT('2D SPACE',''
  ) );
#1797 = ORIENTED_EDGE('',*,*,#1798,.T.);
#1798 = EDGE_CURVE('',#1770,#1799,#1801,.T.);
#1799 = VERTEX_POINT('',#1800);
#1800 = CARTESIAN_POINT('',(69.376665926584,0.,4.575));
#1801 = SURFACE_CURVE('',#1802,(#1806,#1813),.PCURVE_S1.);
#1802 = LINE('',#1803,#1804);
#1803 = CARTESIAN_POINT('',(69.376665926584,0.,1.575));
#1804 = VECTOR('',#1805,1.);
#1805 = DIRECTION('',(0.,0.,1.));
#1806 = PCURVE('',#44,#1807);
#1807 = DEFINITIONAL_REPRESENTATION('',(#1808),#1812);
#1808 = LINE('',#1809,#1810);
#1809 = CARTESIAN_POINT('',(1.575,69.376665926584));
#1810 = VECTOR('',#1811,1.);
#1811 = DIRECTION('',(1.,0.));
#1812 = ( GEOMETRIC_REPRESENTATION_CONTEXT(2) 
PARAMETRIC_REPRESENTATION_CONTEXT() REPRESENTATION_CONTEXT('2D SPACE',''
  ) );
#1813 = PCURVE('',#1814,#1819);
#1814 = PLANE('',#1815);
#1815 = AXIS2_PLACEMENT_3D('',#1816,#1817,#1818);
#1816 = CARTESIAN_POINT('',(69.376665926584,0.,1.575));
#1817 = DIRECTION('',(1.,0.,0.));
#1818 = DIRECTION('',(0.,0.,1.));
#1819 = DEFINITIONAL_REPRESENTATION('',(#1820),#1824);
#1820 = LINE('',#1821,#1822);
#1821 = CARTESIAN_POINT('',(0.,0.));
#1822 = VECTOR('',#1823,1.);
#1823 = DIRECTION('',(1.,0.));
#1824 = ( GEOMETRIC_REPRESENTATION_CONTEXT(2) 
PARAMETRIC_REPRESENTATION_CONTEXT() REPRESENTATION_CONTEXT('2D SPACE',''
  ) );
#1825 = ORIENTED_EDGE('',*,*,#1826,.T.);
#1826 = EDGE_CURVE('',#1799,#1827,#1829,.T.);
#1827 = VERTEX_POINT('',#1828);
#1828 = CARTESIAN_POINT('',(70.623334073416,0.,4.575));
#1829 = SURFACE_CURVE('',#1830,(#1834,#1841),.PCURVE_S1.);
#1830 = LINE('',#1831,#1832);
#1831 = CARTESIAN_POINT('',(69.376665926584,0.,4.575));
#1832 = VECTOR('',#1833,1.);
#1833 = DIRECTION('',(1.,0.,0.));
#1834 = PCURVE('',#44,#1835);
#1835 = DEFINITIONAL_REPRESENTATION('',(#1836),#1840);
#1836 = LINE('',#1837,#1838);
#1837 = CARTESIAN_POINT('',(4.575,69.376665926584));
#1838 = VECTOR('',#1839,1.);
#1839 = DIRECTION('',(0.,1.));
#1840 = ( GEOMETRIC_REPRESENTATION_CONTEXT(2) 
PARAMETRIC_REPRESENTATION_CONTEXT() REPRESENTATION_CONTEXT('2D SPACE',''
  ) );
#1841 = PCURVE('',#1842,#1847);
#1842 = PLANE('',#1843);
#1843 = AXIS2_PLACEMENT_3D('',#1844,#1845,#1846);
#1844 = CARTESIAN_POINT('',(69.376665926584,0.,4.575));
#1845 = DIRECTION('',(0.,0.,1.));
#1846 = DIRECTION('',(1.,0.,0.));
#1847 = DEFINITIONAL_REPRESENTATION('',(#1848),#1852);
#1848 = LINE('',#1849,#1850);
#1849 = CARTESIAN_POINT('',(0.,0.));
#1850 = VECTOR('',#1851,1.);
#1851 = DIRECTION('',(1.,0.));
#1852 = ( GEOMETRIC_REPRESENTATION_CONTEXT(2) 
PARAMETRIC_REPRESENTATION_CONTEXT() REPRESENTATION_CONTEXT('2D SPACE',''
  ) );
#1853 = ORIENTED_EDGE('',*,*,#1854,.F.);
#1854 = EDGE_CURVE('',#1855,#1827,#1857,.T.);
#1855 = VERTEX_POINT('',#1856);
#1856 = CARTESIAN_POINT('',(70.623334073416,0.,1.575));
#1857 = SURFACE_CURVE('',#1858,(#1862,#1869),.PCURVE_S1.);
#1858 = LINE('',#1859,#1860);
#1859 = CARTESIAN_POINT('',(70.623334073416,0.,1.575));
#1860 = VECTOR('',#1861,1.);
#1861 = DIRECTION('',(0.,0.,1.));
#1862 = PCURVE('',#44,#1863);
#1863 = DEFINITIONAL_REPRESENTATION('',(#1864),#1868);
#1864 = LINE('',#1865,#1866);
#1865 = CARTESIAN_POINT('',(1.575,70.623334073416));
#1866 = VECTOR('',#1867,1.);
#1867 = DIRECTION('',(1.,0.));
#1868 = ( GEOMETRIC_REPRESENTATION_CONTEXT(2) 
PARAMETRIC_REPRESENTATION_CONTEXT() REPRESENTATION_CONTEXT('2D SPACE',''
  ) );
#1869 = PCURVE('',#1870,#1875);
#1870 = PLANE('',#1871);
#1871 = AXIS2_PLACEMENT_3D('',#1872,#1873,#1874);
#1872 = CARTESIAN_POINT('',(70.623334073416,0.,1.575));
#1873 = DIRECTION('',(1.,0.,0.));
#1874 = DIRECTION('',(0.,0.,1.));
#1875 = DEFINITIONAL_REPRESENTATION('',(#1876),#1880);
#1876 = LINE('',#1877,#1878);
#1877 = CARTESIAN_POINT('',(0.,0.));
#1878 = VECTOR('',#1879,1.);
#1879 = DIRECTION('',(1.,0.));
#1880 = ( GEOMETRIC_REPRESENTATION_CONTEXT(2) 
PARAMETRIC_REPRESENTATION_CONTEXT() REPRESENTATION_CONTEXT('2D SPACE',''
  ) );
#1881 = ORIENTED_EDGE('',*,*,#1882,.F.);
#1882 = EDGE_CURVE('',#1883,#1855,#1885,.T.);
#1883 = VERTEX_POINT('',#1884);
#1884 = CARTESIAN_POINT('',(74.376665926584,0.,1.575));
#1885 = SURFACE_CURVE('',#1886,(#1891,#1898),.PCURVE_S1.);
#1886 = CIRCLE('',#1887,2.45);
#1887 = AXIS2_PLACEMENT_3D('',#1888,#1889,#1890);
#1888 = CARTESIAN_POINT('',(72.5,0.,3.15));
#1889 = DIRECTION('',(-0.,1.,0.));
#1890 = DIRECTION('',(1.,0.,0.));
#1891 = PCURVE('',#44,#1892);
#1892 = DEFINITIONAL_REPRESENTATION('',(#1893),#1897);
#1893 = CIRCLE('',#1894,2.45);
#1894 = AXIS2_PLACEMENT_2D('',#1895,#1896);
#1895 = CARTESIAN_POINT('',(3.15,72.5));
#1896 = DIRECTION('',(0.,1.));
#1897 = ( GEOMETRIC_REPRESENTATION_CONTEXT(2) 
PARAMETRIC_REPRESENTATION_CONTEXT() REPRESENTATION_CONTEXT('2D SPACE',''
  ) );
#1898 = PCURVE('',#1899,#1904);
#1899 = CYLINDRICAL_SURFACE('',#1900,2.45);
#1900 = AXIS2_PLACEMENT_3D('',#1901,#1902,#1903);
#1901 = CARTESIAN_POINT('',(72.5,200.0000008,3.15));
#1902 = DIRECTION('',(0.,1.,0.));
#1903 = DIRECTION('',(1.,0.,0.));
#1904 = DEFINITIONAL_REPRESENTATION('',(#1905),#1909);
#1905 = LINE('',#1906,#1907);
#1906 = CARTESIAN_POINT('',(-6.28318530718,-200.0000008));
#1907 = VECTOR('',#1908,1.);
#1908 = DIRECTION('',(1.,-0.));
#1909 = ( GEOMETRIC_REPRESENTATION_CONTEXT(2) 
PARAMETRIC_REPRESENTATION_CONTEXT() REPRESENTATION_CONTEXT('2D SPACE',''
  ) );
#1910 = ORIENTED_EDGE('',*,*,#1911,.T.);
#1911 = EDGE_CURVE('',#1883,#1912,#1914,.T.);
#1912 = VERTEX_POINT('',#1913);
#1913 = CARTESIAN_POINT('',(74.376665926584,0.,4.575));
#1914 = SURFACE_CURVE('',#1915,(#1919,#1926),.PCURVE_S1.);
#1915 = LINE('',#1916,#1917);
#1916 = CARTESIAN_POINT('',(74.376665926584,0.,1.575));
#1917 = VECTOR('',#1918,1.);
#1918 = DIRECTION('',(0.,0.,1.));
#1919 = PCURVE('',#44,#1920);
#1920 = DEFINITIONAL_REPRESENTATION('',(#1921),#1925);
#1921 = LINE('',#1922,#1923);
#1922 = CARTESIAN_POINT('',(1.575,74.376665926584));
#1923 = VECTOR('',#1924,1.);
#1924 = DIRECTION('',(1.,0.));
#1925 = ( GEOMETRIC_REPRESENTATION_CONTEXT(2) 
PARAMETRIC_REPRESENTATION_CONTEXT() REPRESENTATION_CONTEXT('2D SPACE',''
  ) );
#1926 = PCURVE('',#1927,#1932);
#1927 = PLANE('',#1928);
#1928 = AXIS2_PLACEMENT_3D('',#1929,#1930,#1931);
#1929 = CARTESIAN_POINT('',(74.376665926584,0.,1.575));
#1930 = DIRECTION('',(1.,0.,0.));
#1931 = DIRECTION('',(0.,0.,1.));
#1932 = DEFINITIONAL_REPRESENTATION('',(#1933),#1937);
#1933 = LINE('',#1934,#1935);
#1934 = CARTESIAN_POINT('',(0.,0.));
#1935 = VECTOR('',#1936,1.);
#1936 = DIRECTION('',(1.,0.));
#1937 = ( GEOMETRIC_REPRESENTATION_CONTEXT(2) 
PARAMETRIC_REPRESENTATION_CONTEXT() REPRESENTATION_CONTEXT('2D SPACE',''
  ) );
#1938 = ORIENTED_EDGE('',*,*,#1939,.T.);
#1939 = EDGE_CURVE('',#1912,#1940,#1942,.T.);
#1940 = VERTEX_POINT('',#1941);
#1941 = CARTESIAN_POINT('',(75.623334073416,0.,4.575));
#1942 = SURFACE_CURVE('',#1943,(#1947,#1954),.PCURVE_S1.);
#1943 = LINE('',#1944,#1945);
#1944 = CARTESIAN_POINT('',(74.376665926584,0.,4.575));
#1945 = VECTOR('',#1946,1.);
#1946 = DIRECTION('',(1.,0.,0.));
#1947 = PCURVE('',#44,#1948);
#1948 = DEFINITIONAL_REPRESENTATION('',(#1949),#1953);
#1949 = LINE('',#1950,#1951);
#1950 = CARTESIAN_POINT('',(4.575,74.376665926584));
#1951 = VECTOR('',#1952,1.);
#1952 = DIRECTION('',(0.,1.));
#1953 = ( GEOMETRIC_REPRESENTATION_CONTEXT(2) 
PARAMETRIC_REPRESENTATION_CONTEXT() REPRESENTATION_CONTEXT('2D SPACE',''
  ) );
#1954 = PCURVE('',#1955,#1960);
#1955 = PLANE('',#1956);
#1956 = AXIS2_PLACEMENT_3D('',#1957,#1958,#1959);
#1957 = CARTESIAN_POINT('',(74.376665926584,0.,4.575));
#1958 = DIRECTION('',(0.,0.,1.));
#1959 = DIRECTION('',(1.,0.,0.));
#1960 = DEFINITIONAL_REPRESENTATION('',(#1961),#1965);
#1961 = LINE('',#1962,#1963);
#1962 = CARTESIAN_POINT('',(0.,0.));
#1963 = VECTOR('',#1964,1.);
#1964 = DIRECTION('',(1.,0.));
#1965 = ( GEOMETRIC_REPRESENTATION_CONTEXT(2) 
PARAMETRIC_REPRESENTATION_CONTEXT() REPRESENTATION_CONTEXT('2D SPACE',''
  ) );
#1966 = ORIENTED_EDGE('',*,*,#1967,.F.);
#1967 = EDGE_CURVE('',#1968,#1940,#1970,.T.);
#1968 = VERTEX_POINT('',#1969);
#1969 = CARTESIAN_POINT('',(75.623334073416,0.,1.575));
#1970 = SURFACE_CURVE('',#1971,(#1975,#1982),.PCURVE_S1.);
#1971 = LINE('',#1972,#1973);
#1972 = CARTESIAN_POINT('',(75.623334073416,0.,1.575));
#1973 = VECTOR('',#1974,1.);
#1974 = DIRECTION('',(0.,0.,1.));
#1975 = PCURVE('',#44,#1976);
#1976 = DEFINITIONAL_REPRESENTATION('',(#1977),#1981);
#1977 = LINE('',#1978,#1979);
#1978 = CARTESIAN_POINT('',(1.575,75.623334073416));
#1979 = VECTOR('',#1980,1.);
#1980 = DIRECTION('',(1.,0.));
#1981 = ( GEOMETRIC_REPRESENTATION_CONTEXT(2) 
PARAMETRIC_REPRESENTATION_CONTEXT() REPRESENTATION_CONTEXT('2D SPACE',''
  ) );
#1982 = PCURVE('',#1983,#1988);
#1983 = PLANE('',#1984);
#1984 = AXIS2_PLACEMENT_3D('',#1985,#1986,#1987);
#1985 = CARTESIAN_POINT('',(75.623334073416,0.,1.575));
#1986 = DIRECTION('',(1.,0.,0.));
#1987 = DIRECTION('',(0.,0.,1.));
#1988 = DEFINITIONAL_REPRESENTATION('',(#1989),#1993);
#1989 = LINE('',#1990,#1991);
#1990 = CARTESIAN_POINT('',(0.,0.));
#1991 = VECTOR('',#1992,1.);
#1992 = DIRECTION('',(1.,0.));
#1993 = ( GEOMETRIC_REPRESENTATION_CONTEXT(2) 
PARAMETRIC_REPRESENTATION_CONTEXT() REPRESENTATION_CONTEXT('2D SPACE',''
  ) );
#1994 = ORIENTED_EDGE('',*,*,#1995,.F.);
#1995 = EDGE_CURVE('',#1996,#1968,#1998,.T.);
#1996 = VERTEX_POINT('',#1997);
#1997 = CARTESIAN_POINT('',(79.376665926584,0.,1.575));
#1998 = SURFACE_CURVE('',#1999,(#2004,#2011),.PCURVE_S1.);
#1999 = CIRCLE('',#2000,2.45);
#2000 = AXIS2_PLACEMENT_3D('',#2001,#2002,#2003);
#2001 = CARTESIAN_POINT('',(77.5,0.,3.15));
#2002 = DIRECTION('',(-0.,1.,0.));
#2003 = DIRECTION('',(1.,0.,0.));
#2004 = PCURVE('',#44,#2005);
#2005 = DEFINITIONAL_REPRESENTATION('',(#2006),#2010);
#2006 = CIRCLE('',#2007,2.45);
#2007 = AXIS2_PLACEMENT_2D('',#2008,#2009);
#2008 = CARTESIAN_POINT('',(3.15,77.5));
#2009 = DIRECTION('',(0.,1.));
#2010 = ( GEOMETRIC_REPRESENTATION_CONTEXT(2) 
PARAMETRIC_REPRESENTATION_CONTEXT() REPRESENTATION_CONTEXT('2D SPACE',''
  ) );
#2011 = PCURVE('',#2012,#2017);
#2012 = CYLINDRICAL_SURFACE('',#2013,2.45);
#2013 = AXIS2_PLACEMENT_3D('',#2014,#2015,#2016);
#2014 = CARTESIAN_POINT('',(77.5,200.0000008,3.15));
#2015 = DIRECTION('',(0.,1.,0.));
#2016 = DIRECTION('',(1.,0.,0.));
#2017 = DEFINITIONAL_REPRESENTATION('',(#2018),#2022);
#2018 = LINE('',#2019,#2020);
#2019 = CARTESIAN_POINT('',(-6.28318530718,-200.0000008));
#2020 = VECTOR('',#2021,1.);
#2021 = DIRECTION('',(1.,-0.));
#2022 = ( GEOMETRIC_REPRESENTATION_CONTEXT(2) 
PARAMETRIC_REPRESENTATION_CONTEXT() REPRESENTATION_CONTEXT('2D SPACE',''
  ) );
#2023 = ORIENTED_EDGE('',*,*,#2024,.T.);
#2024 = EDGE_CURVE('',#1996,#2025,#2027,.T.);
#2025 = VERTEX_POINT('',#2026);
#2026 = CARTESIAN_POINT('',(79.376665926584,0.,4.575));
#2027 = SURFACE_CURVE('',#2028,(#2032,#2039),.PCURVE_S1.);
#2028 = LINE('',#2029,#2030);
#2029 = CARTESIAN_POINT('',(79.376665926584,0.,1.575));
#2030 = VECTOR('',#2031,1.);
#2031 = DIRECTION('',(0.,0.,1.));
#2032 = PCURVE('',#44,#2033);
#2033 = DEFINITIONAL_REPRESENTATION('',(#2034),#2038);
#2034 = LINE('',#2035,#2036);
#2035 = CARTESIAN_POINT('',(1.575,79.376665926584));
#2036 = VECTOR('',#2037,1.);
#2037 = DIRECTION('',(1.,0.));
#2038 = ( GEOMETRIC_REPRESENTATION_CONTEXT(2) 
PARAMETRIC_REPRESENTATION_CONTEXT() REPRESENTATION_CONTEXT('2D SPACE',''
  ) );
#2039 = PCURVE('',#2040,#2045);
#2040 = PLANE('',#2041);
#2041 = AXIS2_PLACEMENT_3D('',#2042,#2043,#2044);
#2042 = CARTESIAN_POINT('',(79.376665926584,0.,1.575));
#2043 = DIRECTION('',(1.,0.,0.));
#2044 = DIRECTION('',(0.,0.,1.));
#2045 = DEFINITIONAL_REPRESENTATION('',(#2046),#2050);
#2046 = LINE('',#2047,#2048);
#2047 = CARTESIAN_POINT('',(0.,0.));
#2048 = VECTOR('',#2049,1.);
#2049 = DIRECTION('',(1.,0.));
#2050 = ( GEOMETRIC_REPRESENTATION_CONTEXT(2) 
PARAMETRIC_REPRESENTATION_CONTEXT() REPRESENTATION_CONTEXT('2D SPACE',''
  ) );
#2051 = ORIENTED_EDGE('',*,*,#2052,.T.);
#2052 = EDGE_CURVE('',#2025,#2053,#2055,.T.);
#2053 = VERTEX_POINT('',#2054);
#2054 = CARTESIAN_POINT('',(80.623334073416,0.,4.575));
#2055 = SURFACE_CURVE('',#2056,(#2060,#2067),.PCURVE_S1.);
#2056 = LINE('',#2057,#2058);
#2057 = CARTESIAN_POINT('',(79.376665926584,0.,4.575));
#2058 = VECTOR('',#2059,1.);
#2059 = DIRECTION('',(1.,0.,0.));
#2060 = PCURVE('',#44,#2061);
#2061 = DEFINITIONAL_REPRESENTATION('',(#2062),#2066);
#2062 = LINE('',#2063,#2064);
#2063 = CARTESIAN_POINT('',(4.575,79.376665926584));
#2064 = VECTOR('',#2065,1.);
#2065 = DIRECTION('',(0.,1.));
#2066 = ( GEOMETRIC_REPRESENTATION_CONTEXT(2) 
PARAMETRIC_REPRESENTATION_CONTEXT() REPRESENTATION_CONTEXT('2D SPACE',''
  ) );
#2067 = PCURVE('',#2068,#2073);
#2068 = PLANE('',#2069);
#2069 = AXIS2_PLACEMENT_3D('',#2070,#2071,#2072);
#2070 = CARTESIAN_POINT('',(79.376665926584,0.,4.575));
#2071 = DIRECTION('',(0.,0.,1.));
#2072 = DIRECTION('',(1.,0.,0.));
#2073 = DEFINITIONAL_REPRESENTATION('',(#2074),#2078);
#2074 = LINE('',#2075,#2076);
#2075 = CARTESIAN_POINT('',(0.,0.));
#2076 = VECTOR('',#2077,1.);
#2077 = DIRECTION('',(1.,0.));
#2078 = ( GEOMETRIC_REPRESENTATION_CONTEXT(2) 
PARAMETRIC_REPRESENTATION_CONTEXT() REPRESENTATION_CONTEXT('2D SPACE',''
  ) );
#2079 = ORIENTED_EDGE('',*,*,#2080,.F.);
#2080 = EDGE_CURVE('',#2081,#2053,#2083,.T.);
#2081 = VERTEX_POINT('',#2082);
#2082 = CARTESIAN_POINT('',(80.623334073416,0.,1.575));
#2083 = SURFACE_CURVE('',#2084,(#2088,#2095),.PCURVE_S1.);
#2084 = LINE('',#2085,#2086);
#2085 = CARTESIAN_POINT('',(80.623334073416,0.,1.575));
#2086 = VECTOR('',#2087,1.);
#2087 = DIRECTION('',(0.,0.,1.));
#2088 = PCURVE('',#44,#2089);
#2089 = DEFINITIONAL_REPRESENTATION('',(#2090),#2094);
#2090 = LINE('',#2091,#2092);
#2091 = CARTESIAN_POINT('',(1.575,80.623334073416));
#2092 = VECTOR('',#2093,1.);
#2093 = DIRECTION('',(1.,0.));
#2094 = ( GEOMETRIC_REPRESENTATION_CONTEXT(2) 
PARAMETRIC_REPRESENTATION_CONTEXT() REPRESENTATION_CONTEXT('2D SPACE',''
  ) );
#2095 = PCURVE('',#2096,#2101);
#2096 = PLANE('',#2097);
#2097 = AXIS2_PLACEMENT_3D('',#2098,#2099,#2100);
#2098 = CARTESIAN_POINT('',(80.623334073416,0.,1.575));
#2099 = DIRECTION('',(1.,0.,0.));
#2100 = DIRECTION('',(0.,0.,1.));
#2101 = DEFINITIONAL_REPRESENTATION('',(#2102),#2106);
#2102 = LINE('',#2103,#2104);
#2103 = CARTESIAN_POINT('',(0.,0.));
#2104 = VECTOR('',#2105,1.);
#2105 = DIRECTION('',(1.,0.));
#2106 = ( GEOMETRIC_REPRESENTATION_CONTEXT(2) 
PARAMETRIC_REPRESENTATION_CONTEXT() REPRESENTATION_CONTEXT('2D SPACE',''
  ) );
#2107 = ORIENTED_EDGE('',*,*,#2108,.F.);
#2108 = EDGE_CURVE('',#2109,#2081,#2111,.T.);
#2109 = VERTEX_POINT('',#2110);
#2110 = CARTESIAN_POINT('',(84.376665926584,0.,1.575));
#2111 = SURFACE_CURVE('',#2112,(#2117,#2124),.PCURVE_S1.);
#2112 = CIRCLE('',#2113,2.45);
#2113 = AXIS2_PLACEMENT_3D('',#2114,#2115,#2116);
#2114 = CARTESIAN_POINT('',(82.5,0.,3.15));
#2115 = DIRECTION('',(-0.,1.,0.));
#2116 = DIRECTION('',(1.,0.,0.));
#2117 = PCURVE('',#44,#2118);
#2118 = DEFINITIONAL_REPRESENTATION('',(#2119),#2123);
#2119 = CIRCLE('',#2120,2.45);
#2120 = AXIS2_PLACEMENT_2D('',#2121,#2122);
#2121 = CARTESIAN_POINT('',(3.15,82.5));
#2122 = DIRECTION('',(0.,1.));
#2123 = ( GEOMETRIC_REPRESENTATION_CONTEXT(2) 
PARAMETRIC_REPRESENTATION_CONTEXT() REPRESENTATION_CONTEXT('2D SPACE',''
  ) );
#2124 = PCURVE('',#2125,#2130);
#2125 = CYLINDRICAL_SURFACE('',#2126,2.45);
#2126 = AXIS2_PLACEMENT_3D('',#2127,#2128,#2129);
#2127 = CARTESIAN_POINT('',(82.5,200.0000008,3.15));
#2128 = DIRECTION('',(0.,1.,0.));
#2129 = DIRECTION('',(1.,0.,0.));
#2130 = DEFINITIONAL_REPRESENTATION('',(#2131),#2135);
#2131 = LINE('',#2132,#2133);
#2132 = CARTESIAN_POINT('',(-6.28318530718,-200.0000008));
#2133 = VECTOR('',#2134,1.);
#2134 = DIRECTION('',(1.,-0.));
#2135 = ( GEOMETRIC_REPRESENTATION_CONTEXT(2) 
PARAMETRIC_REPRESENTATION_CONTEXT() REPRESENTATION_CONTEXT('2D SPACE',''
  ) );
#2136 = ORIENTED_EDGE('',*,*,#2137,.T.);
#2137 = EDGE_CURVE('',#2109,#2138,#2140,.T.);
#2138 = VERTEX_POINT('',#2139);
#2139 = CARTESIAN_POINT('',(84.376665926584,0.,4.575));
#2140 = SURFACE_CURVE('',#2141,(#2145,#2152),.PCURVE_S1.);
#2141 = LINE('',#2142,#2143);
#2142 = CARTESIAN_POINT('',(84.376665926584,0.,1.575));
#2143 = VECTOR('',#2144,1.);
#2144 = DIRECTION('',(0.,0.,1.));
#2145 = PCURVE('',#44,#2146);
#2146 = DEFINITIONAL_REPRESENTATION('',(#2147),#2151);
#2147 = LINE('',#2148,#2149);
#2148 = CARTESIAN_POINT('',(1.575,84.376665926584));
#2149 = VECTOR('',#2150,1.);
#2150 = DIRECTION('',(1.,0.));
#2151 = ( GEOMETRIC_REPRESENTATION_CONTEXT(2) 
PARAMETRIC_REPRESENTATION_CONTEXT() REPRESENTATION_CONTEXT('2D SPACE',''
  ) );
#2152 = PCURVE('',#2153,#2158);
#2153 = PLANE('',#2154);
#2154 = AXIS2_PLACEMENT_3D('',#2155,#2156,#2157);
#2155 = CARTESIAN_POINT('',(84.376665926584,0.,1.575));
#2156 = DIRECTION('',(1.,0.,0.));
#2157 = DIRECTION('',(0.,0.,1.));
#2158 = DEFINITIONAL_REPRESENTATION('',(#2159),#2163);
#2159 = LINE('',#2160,#2161);
#2160 = CARTESIAN_POINT('',(0.,0.));
#2161 = VECTOR('',#2162,1.);
#2162 = DIRECTION('',(1.,0.));
#2163 = ( GEOMETRIC_REPRESENTATION_CONTEXT(2) 
PARAMETRIC_REPRESENTATION_CONTEXT() REPRESENTATION_CONTEXT('2D SPACE',''
  ) );
#2164 = ORIENTED_EDGE('',*,*,#2165,.T.);
#2165 = EDGE_CURVE('',#2138,#2166,#2168,.T.);
#2166 = VERTEX_POINT('',#2167);
#2167 = CARTESIAN_POINT('',(85.623334073416,0.,4.575));
#2168 = SURFACE_CURVE('',#2169,(#2173,#2180),.PCURVE_S1.);
#2169 = LINE('',#2170,#2171);
#2170 = CARTESIAN_POINT('',(84.376665926584,0.,4.575));
#2171 = VECTOR('',#2172,1.);
#2172 = DIRECTION('',(1.,0.,0.));
#2173 = PCURVE('',#44,#2174);
#2174 = DEFINITIONAL_REPRESENTATION('',(#2175),#2179);
#2175 = LINE('',#2176,#2177);
#2176 = CARTESIAN_POINT('',(4.575,84.376665926584));
#2177 = VECTOR('',#2178,1.);
#2178 = DIRECTION('',(0.,1.));
#2179 = ( GEOMETRIC_REPRESENTATION_CONTEXT(2) 
PARAMETRIC_REPRESENTATION_CONTEXT() REPRESENTATION_CONTEXT('2D SPACE',''
  ) );
#2180 = PCURVE('',#2181,#2186);
#2181 = PLANE('',#2182);
#2182 = AXIS2_PLACEMENT_3D('',#2183,#2184,#2185);
#2183 = CARTESIAN_POINT('',(84.376665926584,0.,4.575));
#2184 = DIRECTION('',(0.,0.,1.));
#2185 = DIRECTION('',(1.,0.,0.));
#2186 = DEFINITIONAL_REPRESENTATION('',(#2187),#2191);
#2187 = LINE('',#2188,#2189);
#2188 = CARTESIAN_POINT('',(0.,0.));
#2189 = VECTOR('',#2190,1.);
#2190 = DIRECTION('',(1.,0.));
#2191 = ( GEOMETRIC_REPRESENTATION_CONTEXT(2) 
PARAMETRIC_REPRESENTATION_CONTEXT() REPRESENTATION_CONTEXT('2D SPACE',''
  ) );
#2192 = ORIENTED_EDGE('',*,*,#2193,.F.);
#2193 = EDGE_CURVE('',#2194,#2166,#2196,.T.);
#2194 = VERTEX_POINT('',#2195);
#2195 = CARTESIAN_POINT('',(85.623334073416,0.,1.575));
#2196 = SURFACE_CURVE('',#2197,(#2201,#2208),.PCURVE_S1.);
#2197 = LINE('',#2198,#2199);
#2198 = CARTESIAN_POINT('',(85.623334073416,0.,1.575));
#2199 = VECTOR('',#2200,1.);
#2200 = DIRECTION('',(0.,0.,1.));
#2201 = PCURVE('',#44,#2202);
#2202 = DEFINITIONAL_REPRESENTATION('',(#2203),#2207);
#2203 = LINE('',#2204,#2205);
#2204 = CARTESIAN_POINT('',(1.575,85.623334073416));
#2205 = VECTOR('',#2206,1.);
#2206 = DIRECTION('',(1.,0.));
#2207 = ( GEOMETRIC_REPRESENTATION_CONTEXT(2) 
PARAMETRIC_REPRESENTATION_CONTEXT() REPRESENTATION_CONTEXT('2D SPACE',''
  ) );
#2208 = PCURVE('',#2209,#2214);
#2209 = PLANE('',#2210);
#2210 = AXIS2_PLACEMENT_3D('',#2211,#2212,#2213);
#2211 = CARTESIAN_POINT('',(85.623334073416,0.,1.575));
#2212 = DIRECTION('',(1.,0.,0.));
#2213 = DIRECTION('',(0.,0.,1.));
#2214 = DEFINITIONAL_REPRESENTATION('',(#2215),#2219);
#2215 = LINE('',#2216,#2217);
#2216 = CARTESIAN_POINT('',(0.,0.));
#2217 = VECTOR('',#2218,1.);
#2218 = DIRECTION('',(1.,0.));
#2219 = ( GEOMETRIC_REPRESENTATION_CONTEXT(2) 
PARAMETRIC_REPRESENTATION_CONTEXT() REPRESENTATION_CONTEXT('2D SPACE',''
  ) );
#2220 = ORIENTED_EDGE('',*,*,#2221,.F.);
#2221 = EDGE_CURVE('',#2222,#2194,#2224,.T.);
#2222 = VERTEX_POINT('',#2223);
#2223 = CARTESIAN_POINT('',(89.376665926584,0.,1.575));
#2224 = SURFACE_CURVE('',#2225,(#2230,#2237),.PCURVE_S1.);
#2225 = CIRCLE('',#2226,2.45);
#2226 = AXIS2_PLACEMENT_3D('',#2227,#2228,#2229);
#2227 = CARTESIAN_POINT('',(87.5,0.,3.15));
#2228 = DIRECTION('',(-0.,1.,0.));
#2229 = DIRECTION('',(1.,0.,0.));
#2230 = PCURVE('',#44,#2231);
#2231 = DEFINITIONAL_REPRESENTATION('',(#2232),#2236);
#2232 = CIRCLE('',#2233,2.45);
#2233 = AXIS2_PLACEMENT_2D('',#2234,#2235);
#2234 = CARTESIAN_POINT('',(3.15,87.5));
#2235 = DIRECTION('',(0.,1.));
#2236 = ( GEOMETRIC_REPRESENTATION_CONTEXT(2) 
PARAMETRIC_REPRESENTATION_CONTEXT() REPRESENTATION_CONTEXT('2D SPACE',''
  ) );
#2237 = PCURVE('',#2238,#2243);
#2238 = CYLINDRICAL_SURFACE('',#2239,2.45);
#2239 = AXIS2_PLACEMENT_3D('',#2240,#2241,#2242);
#2240 = CARTESIAN_POINT('',(87.5,200.0000008,3.15));
#2241 = DIRECTION('',(0.,1.,0.));
#2242 = DIRECTION('',(1.,0.,0.));
#2243 = DEFINITIONAL_REPRESENTATION('',(#2244),#2248);
#2244 = LINE('',#2245,#2246);
#2245 = CARTESIAN_POINT('',(-6.28318530718,-200.0000008));
#2246 = VECTOR('',#2247,1.);
#2247 = DIRECTION('',(1.,-0.));
#2248 = ( GEOMETRIC_REPRESENTATION_CONTEXT(2) 
PARAMETRIC_REPRESENTATION_CONTEXT() REPRESENTATION_CONTEXT('2D SPACE',''
  ) );
#2249 = ORIENTED_EDGE('',*,*,#2250,.T.);
#2250 = EDGE_CURVE('',#2222,#2251,#2253,.T.);
#2251 = VERTEX_POINT('',#2252);
#2252 = CARTESIAN_POINT('',(89.376665926584,0.,4.575));
#2253 = SURFACE_CURVE('',#2254,(#2258,#2265),.PCURVE_S1.);
#2254 = LINE('',#2255,#2256);
#2255 = CARTESIAN_POINT('',(89.376665926584,0.,1.575));
#2256 = VECTOR('',#2257,1.);
#2257 = DIRECTION('',(0.,0.,1.));
#2258 = PCURVE('',#44,#2259);
#2259 = DEFINITIONAL_REPRESENTATION('',(#2260),#2264);
#2260 = LINE('',#2261,#2262);
#2261 = CARTESIAN_POINT('',(1.575,89.376665926584));
#2262 = VECTOR('',#2263,1.);
#2263 = DIRECTION('',(1.,0.));
#2264 = ( GEOMETRIC_REPRESENTATION_CONTEXT(2) 
PARAMETRIC_REPRESENTATION_CONTEXT() REPRESENTATION_CONTEXT('2D SPACE',''
  ) );
#2265 = PCURVE('',#2266,#2271);
#2266 = PLANE('',#2267);
#2267 = AXIS2_PLACEMENT_3D('',#2268,#2269,#2270);
#2268 = CARTESIAN_POINT('',(89.376665926584,0.,1.575));
#2269 = DIRECTION('',(1.,0.,0.));
#2270 = DIRECTION('',(0.,0.,1.));
#2271 = DEFINITIONAL_REPRESENTATION('',(#2272),#2276);
#2272 = LINE('',#2273,#2274);
#2273 = CARTESIAN_POINT('',(0.,0.));
#2274 = VECTOR('',#2275,1.);
#2275 = DIRECTION('',(1.,0.));
#2276 = ( GEOMETRIC_REPRESENTATION_CONTEXT(2) 
PARAMETRIC_REPRESENTATION_CONTEXT() REPRESENTATION_CONTEXT('2D SPACE',''
  ) );
#2277 = ORIENTED_EDGE('',*,*,#2278,.T.);
#2278 = EDGE_CURVE('',#2251,#2279,#2281,.T.);
#2279 = VERTEX_POINT('',#2280);
#2280 = CARTESIAN_POINT('',(90.623334073416,0.,4.575));
#2281 = SURFACE_CURVE('',#2282,(#2286,#2293),.PCURVE_S1.);
#2282 = LINE('',#2283,#2284);
#2283 = CARTESIAN_POINT('',(89.376665926584,0.,4.575));
#2284 = VECTOR('',#2285,1.);
#2285 = DIRECTION('',(1.,0.,0.));
#2286 = PCURVE('',#44,#2287);
#2287 = DEFINITIONAL_REPRESENTATION('',(#2288),#2292);
#2288 = LINE('',#2289,#2290);
#2289 = CARTESIAN_POINT('',(4.575,89.376665926584));
#2290 = VECTOR('',#2291,1.);
#2291 = DIRECTION('',(0.,1.));
#2292 = ( GEOMETRIC_REPRESENTATION_CONTEXT(2) 
PARAMETRIC_REPRESENTATION_CONTEXT() REPRESENTATION_CONTEXT('2D SPACE',''
  ) );
#2293 = PCURVE('',#2294,#2299);
#2294 = PLANE('',#2295);
#2295 = AXIS2_PLACEMENT_3D('',#2296,#2297,#2298);
#2296 = CARTESIAN_POINT('',(89.376665926584,0.,4.575));
#2297 = DIRECTION('',(0.,0.,1.));
#2298 = DIRECTION('',(1.,0.,0.));
#2299 = DEFINITIONAL_REPRESENTATION('',(#2300),#2304);
#2300 = LINE('',#2301,#2302);
#2301 = CARTESIAN_POINT('',(0.,0.));
#2302 = VECTOR('',#2303,1.);
#2303 = DIRECTION('',(1.,0.));
#2304 = ( GEOMETRIC_REPRESENTATION_CONTEXT(2) 
PARAMETRIC_REPRESENTATION_CONTEXT() REPRESENTATION_CONTEXT('2D SPACE',''
  ) );
#2305 = ORIENTED_EDGE('',*,*,#2306,.F.);
#2306 = EDGE_CURVE('',#2307,#2279,#2309,.T.);
#2307 = VERTEX_POINT('',#2308);
#2308 = CARTESIAN_POINT('',(90.623334073416,0.,1.575));
#2309 = SURFACE_CURVE('',#2310,(#2314,#2321),.PCURVE_S1.);
#2310 = LINE('',#2311,#2312);
#2311 = CARTESIAN_POINT('',(90.623334073416,0.,1.575));
#2312 = VECTOR('',#2313,1.);
#2313 = DIRECTION('',(0.,0.,1.));
#2314 = PCURVE('',#44,#2315);
#2315 = DEFINITIONAL_REPRESENTATION('',(#2316),#2320);
#2316 = LINE('',#2317,#2318);
#2317 = CARTESIAN_POINT('',(1.575,90.623334073416));
#2318 = VECTOR('',#2319,1.);
#2319 = DIRECTION('',(1.,0.));
#2320 = ( GEOMETRIC_REPRESENTATION_CONTEXT(2) 
PARAMETRIC_REPRESENTATION_CONTEXT() REPRESENTATION_CONTEXT('2D SPACE',''
  ) );
#2321 = PCURVE('',#2322,#2327);
#2322 = PLANE('',#2323);
#2323 = AXIS2_PLACEMENT_3D('',#2324,#2325,#2326);
#2324 = CARTESIAN_POINT('',(90.623334073416,0.,1.575));
#2325 = DIRECTION('',(1.,0.,0.));
#2326 = DIRECTION('',(0.,0.,1.));
#2327 = DEFINITIONAL_REPRESENTATION('',(#2328),#2332);
#2328 = LINE('',#2329,#2330);
#2329 = CARTESIAN_POINT('',(0.,0.));
#2330 = VECTOR('',#2331,1.);
#2331 = DIRECTION('',(1.,0.));
#2332 = ( GEOMETRIC_REPRESENTATION_CONTEXT(2) 
PARAMETRIC_REPRESENTATION_CONTEXT() REPRESENTATION_CONTEXT('2D SPACE',''
  ) );
#2333 = ORIENTED_EDGE('',*,*,#2334,.F.);
#2334 = EDGE_CURVE('',#2335,#2307,#2337,.T.);
#2335 = VERTEX_POINT('',#2336);
#2336 = CARTESIAN_POINT('',(94.376665926584,0.,1.575));
#2337 = SURFACE_CURVE('',#2338,(#2343,#2350),.PCURVE_S1.);
#2338 = CIRCLE('',#2339,2.45);
#2339 = AXIS2_PLACEMENT_3D('',#2340,#2341,#2342);
#2340 = CARTESIAN_POINT('',(92.5,0.,3.15));
#2341 = DIRECTION('',(-0.,1.,0.));
#2342 = DIRECTION('',(1.,0.,0.));
#2343 = PCURVE('',#44,#2344);
#2344 = DEFINITIONAL_REPRESENTATION('',(#2345),#2349);
#2345 = CIRCLE('',#2346,2.45);
#2346 = AXIS2_PLACEMENT_2D('',#2347,#2348);
#2347 = CARTESIAN_POINT('',(3.15,92.5));
#2348 = DIRECTION('',(0.,1.));
#2349 = ( GEOMETRIC_REPRESENTATION_CONTEXT(2) 
PARAMETRIC_REPRESENTATION_CONTEXT() REPRESENTATION_CONTEXT('2D SPACE',''
  ) );
#2350 = PCURVE('',#2351,#2356);
#2351 = CYLINDRICAL_SURFACE('',#2352,2.45);
#2352 = AXIS2_PLACEMENT_3D('',#2353,#2354,#2355);
#2353 = CARTESIAN_POINT('',(92.5,200.0000008,3.15));
#2354 = DIRECTION('',(0.,1.,0.));
#2355 = DIRECTION('',(1.,0.,0.));
#2356 = DEFINITIONAL_REPRESENTATION('',(#2357),#2361);
#2357 = LINE('',#2358,#2359);
#2358 = CARTESIAN_POINT('',(-6.28318530718,-200.0000008));
#2359 = VECTOR('',#2360,1.);
#2360 = DIRECTION('',(1.,-0.));
#2361 = ( GEOMETRIC_REPRESENTATION_CONTEXT(2) 
PARAMETRIC_REPRESENTATION_CONTEXT() REPRESENTATION_CONTEXT('2D SPACE',''
  ) );
#2362 = ORIENTED_EDGE('',*,*,#2363,.T.);
#2363 = EDGE_CURVE('',#2335,#2364,#2366,.T.);
#2364 = VERTEX_POINT('',#2365);
#2365 = CARTESIAN_POINT('',(94.376665926584,0.,4.575));
#2366 = SURFACE_CURVE('',#2367,(#2371,#2378),.PCURVE_S1.);
#2367 = LINE('',#2368,#2369);
#2368 = CARTESIAN_POINT('',(94.376665926584,0.,1.575));
#2369 = VECTOR('',#2370,1.);
#2370 = DIRECTION('',(0.,0.,1.));
#2371 = PCURVE('',#44,#2372);
#2372 = DEFINITIONAL_REPRESENTATION('',(#2373),#2377);
#2373 = LINE('',#2374,#2375);
#2374 = CARTESIAN_POINT('',(1.575,94.376665926584));
#2375 = VECTOR('',#2376,1.);
#2376 = DIRECTION('',(1.,0.));
#2377 = ( GEOMETRIC_REPRESENTATION_CONTEXT(2) 
PARAMETRIC_REPRESENTATION_CONTEXT() REPRESENTATION_CONTEXT('2D SPACE',''
  ) );
#2378 = PCURVE('',#2379,#2384);
#2379 = PLANE('',#2380);
#2380 = AXIS2_PLACEMENT_3D('',#2381,#2382,#2383);
#2381 = CARTESIAN_POINT('',(94.376665926584,0.,1.575));
#2382 = DIRECTION('',(1.,0.,0.));
#2383 = DIRECTION('',(0.,0.,1.));
#2384 = DEFINITIONAL_REPRESENTATION('',(#2385),#2389);
#2385 = LINE('',#2386,#2387);
#2386 = CARTESIAN_POINT('',(0.,0.));
#2387 = VECTOR('',#2388,1.);
#2388 = DIRECTION('',(1.,0.));
#2389 = ( GEOMETRIC_REPRESENTATION_CONTEXT(2) 
PARAMETRIC_REPRESENTATION_CONTEXT() REPRESENTATION_CONTEXT('2D SPACE',''
  ) );
#2390 = ORIENTED_EDGE('',*,*,#2391,.T.);
#2391 = EDGE_CURVE('',#2364,#2392,#2394,.T.);
#2392 = VERTEX_POINT('',#2393);
#2393 = CARTESIAN_POINT('',(95.623334073416,0.,4.575));
#2394 = SURFACE_CURVE('',#2395,(#2399,#2406),.PCURVE_S1.);
#2395 = LINE('',#2396,#2397);
#2396 = CARTESIAN_POINT('',(94.376665926584,0.,4.575));
#2397 = VECTOR('',#2398,1.);
#2398 = DIRECTION('',(1.,0.,0.));
#2399 = PCURVE('',#44,#2400);
#2400 = DEFINITIONAL_REPRESENTATION('',(#2401),#2405);
#2401 = LINE('',#2402,#2403);
#2402 = CARTESIAN_POINT('',(4.575,94.376665926584));
#2403 = VECTOR('',#2404,1.);
#2404 = DIRECTION('',(0.,1.));
#2405 = ( GEOMETRIC_REPRESENTATION_CONTEXT(2) 
PARAMETRIC_REPRESENTATION_CONTEXT() REPRESENTATION_CONTEXT('2D SPACE',''
  ) );
#2406 = PCURVE('',#2407,#2412);
#2407 = PLANE('',#2408);
#2408 = AXIS2_PLACEMENT_3D('',#2409,#2410,#2411);
#2409 = CARTESIAN_POINT('',(94.376665926584,0.,4.575));
#2410 = DIRECTION('',(0.,0.,1.));
#2411 = DIRECTION('',(1.,0.,0.));
#2412 = DEFINITIONAL_REPRESENTATION('',(#2413),#2417);
#2413 = LINE('',#2414,#2415);
#2414 = CARTESIAN_POINT('',(0.,0.));
#2415 = VECTOR('',#2416,1.);
#2416 = DIRECTION('',(1.,0.));
#2417 = ( GEOMETRIC_REPRESENTATION_CONTEXT(2) 
PARAMETRIC_REPRESENTATION_CONTEXT() REPRESENTATION_CONTEXT('2D SPACE',''
  ) );
#2418 = ORIENTED_EDGE('',*,*,#2419,.F.);
#2419 = EDGE_CURVE('',#2420,#2392,#2422,.T.);
#2420 = VERTEX_POINT('',#2421);
#2421 = CARTESIAN_POINT('',(95.623334073416,0.,1.575));
#2422 = SURFACE_CURVE('',#2423,(#2427,#2434),.PCURVE_S1.);
#2423 = LINE('',#2424,#2425);
#2424 = CARTESIAN_POINT('',(95.623334073416,0.,1.575));
#2425 = VECTOR('',#2426,1.);
#2426 = DIRECTION('',(0.,0.,1.));
#2427 = PCURVE('',#44,#2428);
#2428 = DEFINITIONAL_REPRESENTATION('',(#2429),#2433);
#2429 = LINE('',#2430,#2431);
#2430 = CARTESIAN_POINT('',(1.575,95.623334073416));
#2431 = VECTOR('',#2432,1.);
#2432 = DIRECTION('',(1.,0.));
#2433 = ( GEOMETRIC_REPRESENTATION_CONTEXT(2) 
PARAMETRIC_REPRESENTATION_CONTEXT() REPRESENTATION_CONTEXT('2D SPACE',''
  ) );
#2434 = PCURVE('',#2435,#2440);
#2435 = PLANE('',#2436);
#2436 = AXIS2_PLACEMENT_3D('',#2437,#2438,#2439);
#2437 = CARTESIAN_POINT('',(95.623334073416,0.,1.575));
#2438 = DIRECTION('',(1.,0.,0.));
#2439 = DIRECTION('',(0.,0.,1.));
#2440 = DEFINITIONAL_REPRESENTATION('',(#2441),#2445);
#2441 = LINE('',#2442,#2443);
#2442 = CARTESIAN_POINT('',(0.,0.));
#2443 = VECTOR('',#2444,1.);
#2444 = DIRECTION('',(1.,0.));
#2445 = ( GEOMETRIC_REPRESENTATION_CONTEXT(2) 
PARAMETRIC_REPRESENTATION_CONTEXT() REPRESENTATION_CONTEXT('2D SPACE',''
  ) );
#2446 = ORIENTED_EDGE('',*,*,#2447,.F.);
#2447 = EDGE_CURVE('',#2448,#2420,#2450,.T.);
#2448 = VERTEX_POINT('',#2449);
#2449 = CARTESIAN_POINT('',(99.376665926584,0.,1.575));
#2450 = SURFACE_CURVE('',#2451,(#2456,#2463),.PCURVE_S1.);
#2451 = CIRCLE('',#2452,2.45);
#2452 = AXIS2_PLACEMENT_3D('',#2453,#2454,#2455);
#2453 = CARTESIAN_POINT('',(97.5,0.,3.15));
#2454 = DIRECTION('',(-0.,1.,0.));
#2455 = DIRECTION('',(1.,0.,0.));
#2456 = PCURVE('',#44,#2457);
#2457 = DEFINITIONAL_REPRESENTATION('',(#2458),#2462);
#2458 = CIRCLE('',#2459,2.45);
#2459 = AXIS2_PLACEMENT_2D('',#2460,#2461);
#2460 = CARTESIAN_POINT('',(3.15,97.5));
#2461 = DIRECTION('',(0.,1.));
#2462 = ( GEOMETRIC_REPRESENTATION_CONTEXT(2) 
PARAMETRIC_REPRESENTATION_CONTEXT() REPRESENTATION_CONTEXT('2D SPACE',''
  ) );
#2463 = PCURVE('',#2464,#2469);
#2464 = CYLINDRICAL_SURFACE('',#2465,2.45);
#2465 = AXIS2_PLACEMENT_3D('',#2466,#2467,#2468);
#2466 = CARTESIAN_POINT('',(97.5,200.0000008,3.15));
#2467 = DIRECTION('',(0.,1.,0.));
#2468 = DIRECTION('',(1.,0.,0.));
#2469 = DEFINITIONAL_REPRESENTATION('',(#2470),#2474);
#2470 = LINE('',#2471,#2472);
#2471 = CARTESIAN_POINT('',(-6.28318530718,-200.0000008));
#2472 = VECTOR('',#2473,1.);
#2473 = DIRECTION('',(1.,-0.));
#2474 = ( GEOMETRIC_REPRESENTATION_CONTEXT(2) 
PARAMETRIC_REPRESENTATION_CONTEXT() REPRESENTATION_CONTEXT('2D SPACE',''
  ) );
#2475 = ORIENTED_EDGE('',*,*,#2476,.T.);
#2476 = EDGE_CURVE('',#2448,#2477,#2479,.T.);
#2477 = VERTEX_POINT('',#2478);
#2478 = CARTESIAN_POINT('',(99.376665926584,0.,4.575));
#2479 = SURFACE_CURVE('',#2480,(#2484,#2491),.PCURVE_S1.);
#2480 = LINE('',#2481,#2482);
#2481 = CARTESIAN_POINT('',(99.376665926584,0.,1.575));
#2482 = VECTOR('',#2483,1.);
#2483 = DIRECTION('',(0.,0.,1.));
#2484 = PCURVE('',#44,#2485);
#2485 = DEFINITIONAL_REPRESENTATION('',(#2486),#2490);
#2486 = LINE('',#2487,#2488);
#2487 = CARTESIAN_POINT('',(1.575,99.376665926584));
#2488 = VECTOR('',#2489,1.);
#2489 = DIRECTION('',(1.,0.));
#2490 = ( GEOMETRIC_REPRESENTATION_CONTEXT(2) 
PARAMETRIC_REPRESENTATION_CONTEXT() REPRESENTATION_CONTEXT('2D SPACE',''
  ) );
#2491 = PCURVE('',#2492,#2497);
#2492 = PLANE('',#2493);
#2493 = AXIS2_PLACEMENT_3D('',#2494,#2495,#2496);
#2494 = CARTESIAN_POINT('',(99.376665926584,0.,1.575));
#2495 = DIRECTION('',(1.,0.,0.));
#2496 = DIRECTION('',(0.,0.,1.));
#2497 = DEFINITIONAL_REPRESENTATION('',(#2498),#2502);
#2498 = LINE('',#2499,#2500);
#2499 = CARTESIAN_POINT('',(0.,0.));
#2500 = VECTOR('',#2501,1.);
#2501 = DIRECTION('',(1.,0.));
#2502 = ( GEOMETRIC_REPRESENTATION_CONTEXT(2) 
PARAMETRIC_REPRESENTATION_CONTEXT() REPRESENTATION_CONTEXT('2D SPACE',''
  ) );
#2503 = ORIENTED_EDGE('',*,*,#2504,.T.);
#2504 = EDGE_CURVE('',#2477,#2505,#2507,.T.);
#2505 = VERTEX_POINT('',#2506);
#2506 = CARTESIAN_POINT('',(100.62333407341,0.,4.575));
#2507 = SURFACE_CURVE('',#2508,(#2512,#2519),.PCURVE_S1.);
#2508 = LINE('',#2509,#2510);
#2509 = CARTESIAN_POINT('',(99.376665926584,0.,4.575));
#2510 = VECTOR('',#2511,1.);
#2511 = DIRECTION('',(1.,0.,0.));
#2512 = PCURVE('',#44,#2513);
#2513 = DEFINITIONAL_REPRESENTATION('',(#2514),#2518);
#2514 = LINE('',#2515,#2516);
#2515 = CARTESIAN_POINT('',(4.575,99.376665926584));
#2516 = VECTOR('',#2517,1.);
#2517 = DIRECTION('',(0.,1.));
#2518 = ( GEOMETRIC_REPRESENTATION_CONTEXT(2) 
PARAMETRIC_REPRESENTATION_CONTEXT() REPRESENTATION_CONTEXT('2D SPACE',''
  ) );
#2519 = PCURVE('',#2520,#2525);
#2520 = PLANE('',#2521);
#2521 = AXIS2_PLACEMENT_3D('',#2522,#2523,#2524);
#2522 = CARTESIAN_POINT('',(99.376665926584,0.,4.575));
#2523 = DIRECTION('',(0.,0.,1.));
#2524 = DIRECTION('',(1.,0.,0.));
#2525 = DEFINITIONAL_REPRESENTATION('',(#2526),#2530);
#2526 = LINE('',#2527,#2528);
#2527 = CARTESIAN_POINT('',(0.,0.));
#2528 = VECTOR('',#2529,1.);
#2529 = DIRECTION('',(1.,0.));
#2530 = ( GEOMETRIC_REPRESENTATION_CONTEXT(2) 
PARAMETRIC_REPRESENTATION_CONTEXT() REPRESENTATION_CONTEXT('2D SPACE',''
  ) );
#2531 = ORIENTED_EDGE('',*,*,#2532,.F.);
#2532 = EDGE_CURVE('',#2533,#2505,#2535,.T.);
#2533 = VERTEX_POINT('',#2534);
#2534 = CARTESIAN_POINT('',(100.62333407341,0.,1.575));
#2535 = SURFACE_CURVE('',#2536,(#2540,#2547),.PCURVE_S1.);
#2536 = LINE('',#2537,#2538);
#2537 = CARTESIAN_POINT('',(100.62333407341,0.,1.575));
#2538 = VECTOR('',#2539,1.);
#2539 = DIRECTION('',(0.,0.,1.));
#2540 = PCURVE('',#44,#2541);
#2541 = DEFINITIONAL_REPRESENTATION('',(#2542),#2546);
#2542 = LINE('',#2543,#2544);
#2543 = CARTESIAN_POINT('',(1.575,100.62333407341));
#2544 = VECTOR('',#2545,1.);
#2545 = DIRECTION('',(1.,0.));
#2546 = ( GEOMETRIC_REPRESENTATION_CONTEXT(2) 
PARAMETRIC_REPRESENTATION_CONTEXT() REPRESENTATION_CONTEXT('2D SPACE',''
  ) );
#2547 = PCURVE('',#2548,#2553);
#2548 = PLANE('',#2549);
#2549 = AXIS2_PLACEMENT_3D('',#2550,#2551,#2552);
#2550 = CARTESIAN_POINT('',(100.62333407341,0.,1.575));
#2551 = DIRECTION('',(1.,0.,0.));
#2552 = DIRECTION('',(0.,0.,1.));
#2553 = DEFINITIONAL_REPRESENTATION('',(#2554),#2558);
#2554 = LINE('',#2555,#2556);
#2555 = CARTESIAN_POINT('',(0.,0.));
#2556 = VECTOR('',#2557,1.);
#2557 = DIRECTION('',(1.,0.));
#2558 = ( GEOMETRIC_REPRESENTATION_CONTEXT(2) 
PARAMETRIC_REPRESENTATION_CONTEXT() REPRESENTATION_CONTEXT('2D SPACE',''
  ) );
#2559 = ORIENTED_EDGE('',*,*,#2560,.F.);
#2560 = EDGE_CURVE('',#2561,#2533,#2563,.T.);
#2561 = VERTEX_POINT('',#2562);
#2562 = CARTESIAN_POINT('',(104.37666592658,0.,1.575));
#2563 = SURFACE_CURVE('',#2564,(#2569,#2576),.PCURVE_S1.);
#2564 = CIRCLE('',#2565,2.45);
#2565 = AXIS2_PLACEMENT_3D('',#2566,#2567,#2568);
#2566 = CARTESIAN_POINT('',(102.5,0.,3.15));
#2567 = DIRECTION('',(-0.,1.,0.));
#2568 = DIRECTION('',(1.,0.,0.));
#2569 = PCURVE('',#44,#2570);
#2570 = DEFINITIONAL_REPRESENTATION('',(#2571),#2575);
#2571 = CIRCLE('',#2572,2.45);
#2572 = AXIS2_PLACEMENT_2D('',#2573,#2574);
#2573 = CARTESIAN_POINT('',(3.15,102.5));
#2574 = DIRECTION('',(0.,1.));
#2575 = ( GEOMETRIC_REPRESENTATION_CONTEXT(2) 
PARAMETRIC_REPRESENTATION_CONTEXT() REPRESENTATION_CONTEXT('2D SPACE',''
  ) );
#2576 = PCURVE('',#2577,#2582);
#2577 = CYLINDRICAL_SURFACE('',#2578,2.45);
#2578 = AXIS2_PLACEMENT_3D('',#2579,#2580,#2581);
#2579 = CARTESIAN_POINT('',(102.5,200.0000008,3.15));
#2580 = DIRECTION('',(0.,1.,0.));
#2581 = DIRECTION('',(1.,0.,0.));
#2582 = DEFINITIONAL_REPRESENTATION('',(#2583),#2587);
#2583 = LINE('',#2584,#2585);
#2584 = CARTESIAN_POINT('',(-6.28318530718,-200.0000008));
#2585 = VECTOR('',#2586,1.);
#2586 = DIRECTION('',(1.,-0.));
#2587 = ( GEOMETRIC_REPRESENTATION_CONTEXT(2) 
PARAMETRIC_REPRESENTATION_CONTEXT() REPRESENTATION_CONTEXT('2D SPACE',''
  ) );
#2588 = ORIENTED_EDGE('',*,*,#2589,.T.);
#2589 = EDGE_CURVE('',#2561,#2590,#2592,.T.);
#2590 = VERTEX_POINT('',#2591);
#2591 = CARTESIAN_POINT('',(104.37666592658,0.,4.575));
#2592 = SURFACE_CURVE('',#2593,(#2597,#2604),.PCURVE_S1.);
#2593 = LINE('',#2594,#2595);
#2594 = CARTESIAN_POINT('',(104.37666592658,0.,1.575));
#2595 = VECTOR('',#2596,1.);
#2596 = DIRECTION('',(0.,0.,1.));
#2597 = PCURVE('',#44,#2598);
#2598 = DEFINITIONAL_REPRESENTATION('',(#2599),#2603);
#2599 = LINE('',#2600,#2601);
#2600 = CARTESIAN_POINT('',(1.575,104.37666592658));
#2601 = VECTOR('',#2602,1.);
#2602 = DIRECTION('',(1.,0.));
#2603 = ( GEOMETRIC_REPRESENTATION_CONTEXT(2) 
PARAMETRIC_REPRESENTATION_CONTEXT() REPRESENTATION_CONTEXT('2D SPACE',''
  ) );
#2604 = PCURVE('',#2605,#2610);
#2605 = PLANE('',#2606);
#2606 = AXIS2_PLACEMENT_3D('',#2607,#2608,#2609);
#2607 = CARTESIAN_POINT('',(104.37666592658,0.,1.575));
#2608 = DIRECTION('',(1.,0.,0.));
#2609 = DIRECTION('',(0.,0.,1.));
#2610 = DEFINITIONAL_REPRESENTATION('',(#2611),#2615);
#2611 = LINE('',#2612,#2613);
#2612 = CARTESIAN_POINT('',(0.,0.));
#2613 = VECTOR('',#2614,1.);
#2614 = DIRECTION('',(1.,0.));
#2615 = ( GEOMETRIC_REPRESENTATION_CONTEXT(2) 
PARAMETRIC_REPRESENTATION_CONTEXT() REPRESENTATION_CONTEXT('2D SPACE',''
  ) );
#2616 = ORIENTED_EDGE('',*,*,#2617,.T.);
#2617 = EDGE_CURVE('',#2590,#2618,#2620,.T.);
#2618 = VERTEX_POINT('',#2619);
#2619 = CARTESIAN_POINT('',(105.62333407341,0.,4.575));
#2620 = SURFACE_CURVE('',#2621,(#2625,#2632),.PCURVE_S1.);
#2621 = LINE('',#2622,#2623);
#2622 = CARTESIAN_POINT('',(104.37666592658,0.,4.575));
#2623 = VECTOR('',#2624,1.);
#2624 = DIRECTION('',(1.,0.,0.));
#2625 = PCURVE('',#44,#2626);
#2626 = DEFINITIONAL_REPRESENTATION('',(#2627),#2631);
#2627 = LINE('',#2628,#2629);
#2628 = CARTESIAN_POINT('',(4.575,104.37666592658));
#2629 = VECTOR('',#2630,1.);
#2630 = DIRECTION('',(0.,1.));
#2631 = ( GEOMETRIC_REPRESENTATION_CONTEXT(2) 
PARAMETRIC_REPRESENTATION_CONTEXT() REPRESENTATION_CONTEXT('2D SPACE',''
  ) );
#2632 = PCURVE('',#2633,#2638);
#2633 = PLANE('',#2634);
#2634 = AXIS2_PLACEMENT_3D('',#2635,#2636,#2637);
#2635 = CARTESIAN_POINT('',(104.37666592658,0.,4.575));
#2636 = DIRECTION('',(0.,0.,1.));
#2637 = DIRECTION('',(1.,0.,0.));
#2638 = DEFINITIONAL_REPRESENTATION('',(#2639),#2643);
#2639 = LINE('',#2640,#2641);
#2640 = CARTESIAN_POINT('',(0.,0.));
#2641 = VECTOR('',#2642,1.);
#2642 = DIRECTION('',(1.,0.));
#2643 = ( GEOMETRIC_REPRESENTATION_CONTEXT(2) 
PARAMETRIC_REPRESENTATION_CONTEXT() REPRESENTATION_CONTEXT('2D SPACE',''
  ) );
#2644 = ORIENTED_EDGE('',*,*,#2645,.F.);
#2645 = EDGE_CURVE('',#2646,#2618,#2648,.T.);
#2646 = VERTEX_POINT('',#2647);
#2647 = CARTESIAN_POINT('',(105.62333407341,0.,1.575));
#2648 = SURFACE_CURVE('',#2649,(#2653,#2660),.PCURVE_S1.);
#2649 = LINE('',#2650,#2651);
#2650 = CARTESIAN_POINT('',(105.62333407341,0.,1.575));
#2651 = VECTOR('',#2652,1.);
#2652 = DIRECTION('',(0.,0.,1.));
#2653 = PCURVE('',#44,#2654);
#2654 = DEFINITIONAL_REPRESENTATION('',(#2655),#2659);
#2655 = LINE('',#2656,#2657);
#2656 = CARTESIAN_POINT('',(1.575,105.62333407341));
#2657 = VECTOR('',#2658,1.);
#2658 = DIRECTION('',(1.,0.));
#2659 = ( GEOMETRIC_REPRESENTATION_CONTEXT(2) 
PARAMETRIC_REPRESENTATION_CONTEXT() REPRESENTATION_CONTEXT('2D SPACE',''
  ) );
#2660 = PCURVE('',#2661,#2666);
#2661 = PLANE('',#2662);
#2662 = AXIS2_PLACEMENT_3D('',#2663,#2664,#2665);
#2663 = CARTESIAN_POINT('',(105.62333407341,0.,1.575));
#2664 = DIRECTION('',(1.,0.,0.));
#2665 = DIRECTION('',(0.,0.,1.));
#2666 = DEFINITIONAL_REPRESENTATION('',(#2667),#2671);
#2667 = LINE('',#2668,#2669);
#2668 = CARTESIAN_POINT('',(0.,0.));
#2669 = VECTOR('',#2670,1.);
#2670 = DIRECTION('',(1.,0.));
#2671 = ( GEOMETRIC_REPRESENTATION_CONTEXT(2) 
PARAMETRIC_REPRESENTATION_CONTEXT() REPRESENTATION_CONTEXT('2D SPACE',''
  ) );
#2672 = ORIENTED_EDGE('',*,*,#2673,.F.);
#2673 = EDGE_CURVE('',#2674,#2646,#2676,.T.);
#2674 = VERTEX_POINT('',#2675);
#2675 = CARTESIAN_POINT('',(109.37666592658,0.,1.575));
#2676 = SURFACE_CURVE('',#2677,(#2682,#2689),.PCURVE_S1.);
#2677 = CIRCLE('',#2678,2.45);
#2678 = AXIS2_PLACEMENT_3D('',#2679,#2680,#2681);
#2679 = CARTESIAN_POINT('',(107.5,0.,3.15));
#2680 = DIRECTION('',(-0.,1.,0.));
#2681 = DIRECTION('',(1.,0.,0.));
#2682 = PCURVE('',#44,#2683);
#2683 = DEFINITIONAL_REPRESENTATION('',(#2684),#2688);
#2684 = CIRCLE('',#2685,2.45);
#2685 = AXIS2_PLACEMENT_2D('',#2686,#2687);
#2686 = CARTESIAN_POINT('',(3.15,107.5));
#2687 = DIRECTION('',(0.,1.));
#2688 = ( GEOMETRIC_REPRESENTATION_CONTEXT(2) 
PARAMETRIC_REPRESENTATION_CONTEXT() REPRESENTATION_CONTEXT('2D SPACE',''
  ) );
#2689 = PCURVE('',#2690,#2695);
#2690 = CYLINDRICAL_SURFACE('',#2691,2.45);
#2691 = AXIS2_PLACEMENT_3D('',#2692,#2693,#2694);
#2692 = CARTESIAN_POINT('',(107.5,200.0000008,3.15));
#2693 = DIRECTION('',(0.,1.,0.));
#2694 = DIRECTION('',(1.,0.,0.));
#2695 = DEFINITIONAL_REPRESENTATION('',(#2696),#2700);
#2696 = LINE('',#2697,#2698);
#2697 = CARTESIAN_POINT('',(-6.28318530718,-200.0000008));
#2698 = VECTOR('',#2699,1.);
#2699 = DIRECTION('',(1.,-0.));
#2700 = ( GEOMETRIC_REPRESENTATION_CONTEXT(2) 
PARAMETRIC_REPRESENTATION_CONTEXT() REPRESENTATION_CONTEXT('2D SPACE',''
  ) );
#2701 = ORIENTED_EDGE('',*,*,#2702,.T.);
#2702 = EDGE_CURVE('',#2674,#2703,#2705,.T.);
#2703 = VERTEX_POINT('',#2704);
#2704 = CARTESIAN_POINT('',(109.37666592658,0.,4.575));
#2705 = SURFACE_CURVE('',#2706,(#2710,#2717),.PCURVE_S1.);
#2706 = LINE('',#2707,#2708);
#2707 = CARTESIAN_POINT('',(109.37666592658,0.,1.575));
#2708 = VECTOR('',#2709,1.);
#2709 = DIRECTION('',(0.,0.,1.));
#2710 = PCURVE('',#44,#2711);
#2711 = DEFINITIONAL_REPRESENTATION('',(#2712),#2716);
#2712 = LINE('',#2713,#2714);
#2713 = CARTESIAN_POINT('',(1.575,109.37666592658));
#2714 = VECTOR('',#2715,1.);
#2715 = DIRECTION('',(1.,0.));
#2716 = ( GEOMETRIC_REPRESENTATION_CONTEXT(2) 
PARAMETRIC_REPRESENTATION_CONTEXT() REPRESENTATION_CONTEXT('2D SPACE',''
  ) );
#2717 = PCURVE('',#2718,#2723);
#2718 = PLANE('',#2719);
#2719 = AXIS2_PLACEMENT_3D('',#2720,#2721,#2722);
#2720 = CARTESIAN_POINT('',(109.37666592658,0.,1.575));
#2721 = DIRECTION('',(1.,0.,0.));
#2722 = DIRECTION('',(0.,0.,1.));
#2723 = DEFINITIONAL_REPRESENTATION('',(#2724),#2728);
#2724 = LINE('',#2725,#2726);
#2725 = CARTESIAN_POINT('',(0.,0.));
#2726 = VECTOR('',#2727,1.);
#2727 = DIRECTION('',(1.,0.));
#2728 = ( GEOMETRIC_REPRESENTATION_CONTEXT(2) 
PARAMETRIC_REPRESENTATION_CONTEXT() REPRESENTATION_CONTEXT('2D SPACE',''
  ) );
#2729 = ORIENTED_EDGE('',*,*,#2730,.T.);
#2730 = EDGE_CURVE('',#2703,#2731,#2733,.T.);
#2731 = VERTEX_POINT('',#2732);
#2732 = CARTESIAN_POINT('',(110.62333407341,0.,4.575));
#2733 = SURFACE_CURVE('',#2734,(#2738,#2745),.PCURVE_S1.);
#2734 = LINE('',#2735,#2736);
#2735 = CARTESIAN_POINT('',(109.37666592658,0.,4.575));
#2736 = VECTOR('',#2737,1.);
#2737 = DIRECTION('',(1.,0.,0.));
#2738 = PCURVE('',#44,#2739);
#2739 = DEFINITIONAL_REPRESENTATION('',(#2740),#2744);
#2740 = LINE('',#2741,#2742);
#2741 = CARTESIAN_POINT('',(4.575,109.37666592658));
#2742 = VECTOR('',#2743,1.);
#2743 = DIRECTION('',(0.,1.));
#2744 = ( GEOMETRIC_REPRESENTATION_CONTEXT(2) 
PARAMETRIC_REPRESENTATION_CONTEXT() REPRESENTATION_CONTEXT('2D SPACE',''
  ) );
#2745 = PCURVE('',#2746,#2751);
#2746 = PLANE('',#2747);
#2747 = AXIS2_PLACEMENT_3D('',#2748,#2749,#2750);
#2748 = CARTESIAN_POINT('',(109.37666592658,0.,4.575));
#2749 = DIRECTION('',(0.,0.,1.));
#2750 = DIRECTION('',(1.,0.,0.));
#2751 = DEFINITIONAL_REPRESENTATION('',(#2752),#2756);
#2752 = LINE('',#2753,#2754);
#2753 = CARTESIAN_POINT('',(0.,0.));
#2754 = VECTOR('',#2755,1.);
#2755 = DIRECTION('',(1.,0.));
#2756 = ( GEOMETRIC_REPRESENTATION_CONTEXT(2) 
PARAMETRIC_REPRESENTATION_CONTEXT() REPRESENTATION_CONTEXT('2D SPACE',''
  ) );
#2757 = ORIENTED_EDGE('',*,*,#2758,.F.);
#2758 = EDGE_CURVE('',#2759,#2731,#2761,.T.);
#2759 = VERTEX_POINT('',#2760);
#2760 = CARTESIAN_POINT('',(110.62333407341,0.,1.575));
#2761 = SURFACE_CURVE('',#2762,(#2766,#2773),.PCURVE_S1.);
#2762 = LINE('',#2763,#2764);
#2763 = CARTESIAN_POINT('',(110.62333407341,0.,1.575));
#2764 = VECTOR('',#2765,1.);
#2765 = DIRECTION('',(0.,0.,1.));
#2766 = PCURVE('',#44,#2767);
#2767 = DEFINITIONAL_REPRESENTATION('',(#2768),#2772);
#2768 = LINE('',#2769,#2770);
#2769 = CARTESIAN_POINT('',(1.575,110.62333407341));
#2770 = VECTOR('',#2771,1.);
#2771 = DIRECTION('',(1.,0.));
#2772 = ( GEOMETRIC_REPRESENTATION_CONTEXT(2) 
PARAMETRIC_REPRESENTATION_CONTEXT() REPRESENTATION_CONTEXT('2D SPACE',''
  ) );
#2773 = PCURVE('',#2774,#2779);
#2774 = PLANE('',#2775);
#2775 = AXIS2_PLACEMENT_3D('',#2776,#2777,#2778);
#2776 = CARTESIAN_POINT('',(110.62333407341,0.,1.575));
#2777 = DIRECTION('',(1.,0.,0.));
#2778 = DIRECTION('',(0.,0.,1.));
#2779 = DEFINITIONAL_REPRESENTATION('',(#2780),#2784);
#2780 = LINE('',#2781,#2782);
#2781 = CARTESIAN_POINT('',(0.,0.));
#2782 = VECTOR('',#2783,1.);
#2783 = DIRECTION('',(1.,0.));
#2784 = ( GEOMETRIC_REPRESENTATION_CONTEXT(2) 
PARAMETRIC_REPRESENTATION_CONTEXT() REPRESENTATION_CONTEXT('2D SPACE',''
  ) );
#2785 = ORIENTED_EDGE('',*,*,#2786,.F.);
#2786 = EDGE_CURVE('',#2787,#2759,#2789,.T.);
#2787 = VERTEX_POINT('',#2788);
#2788 = CARTESIAN_POINT('',(114.37666592658,0.,1.575));
#2789 = SURFACE_CURVE('',#2790,(#2795,#2802),.PCURVE_S1.);
#2790 = CIRCLE('',#2791,2.45);
#2791 = AXIS2_PLACEMENT_3D('',#2792,#2793,#2794);
#2792 = CARTESIAN_POINT('',(112.5,0.,3.15));
#2793 = DIRECTION('',(-0.,1.,0.));
#2794 = DIRECTION('',(1.,0.,0.));
#2795 = PCURVE('',#44,#2796);
#2796 = DEFINITIONAL_REPRESENTATION('',(#2797),#2801);
#2797 = CIRCLE('',#2798,2.45);
#2798 = AXIS2_PLACEMENT_2D('',#2799,#2800);
#2799 = CARTESIAN_POINT('',(3.15,112.5));
#2800 = DIRECTION('',(0.,1.));
#2801 = ( GEOMETRIC_REPRESENTATION_CONTEXT(2) 
PARAMETRIC_REPRESENTATION_CONTEXT() REPRESENTATION_CONTEXT('2D SPACE',''
  ) );
#2802 = PCURVE('',#2803,#2808);
#2803 = CYLINDRICAL_SURFACE('',#2804,2.45);
#2804 = AXIS2_PLACEMENT_3D('',#2805,#2806,#2807);
#2805 = CARTESIAN_POINT('',(112.5,200.0000008,3.15));
#2806 = DIRECTION('',(0.,1.,0.));
#2807 = DIRECTION('',(1.,0.,0.));
#2808 = DEFINITIONAL_REPRESENTATION('',(#2809),#2813);
#2809 = LINE('',#2810,#2811);
#2810 = CARTESIAN_POINT('',(-6.28318530718,-200.0000008));
#2811 = VECTOR('',#2812,1.);
#2812 = DIRECTION('',(1.,-0.));
#2813 = ( GEOMETRIC_REPRESENTATION_CONTEXT(2) 
PARAMETRIC_REPRESENTATION_CONTEXT() REPRESENTATION_CONTEXT('2D SPACE',''
  ) );
#2814 = ORIENTED_EDGE('',*,*,#2815,.T.);
#2815 = EDGE_CURVE('',#2787,#2816,#2818,.T.);
#2816 = VERTEX_POINT('',#2817);
#2817 = CARTESIAN_POINT('',(114.37666592658,0.,4.575));
#2818 = SURFACE_CURVE('',#2819,(#2823,#2830),.PCURVE_S1.);
#2819 = LINE('',#2820,#2821);
#2820 = CARTESIAN_POINT('',(114.37666592658,0.,1.575));
#2821 = VECTOR('',#2822,1.);
#2822 = DIRECTION('',(0.,0.,1.));
#2823 = PCURVE('',#44,#2824);
#2824 = DEFINITIONAL_REPRESENTATION('',(#2825),#2829);
#2825 = LINE('',#2826,#2827);
#2826 = CARTESIAN_POINT('',(1.575,114.37666592658));
#2827 = VECTOR('',#2828,1.);
#2828 = DIRECTION('',(1.,0.));
#2829 = ( GEOMETRIC_REPRESENTATION_CONTEXT(2) 
PARAMETRIC_REPRESENTATION_CONTEXT() REPRESENTATION_CONTEXT('2D SPACE',''
  ) );
#2830 = PCURVE('',#2831,#2836);
#2831 = PLANE('',#2832);
#2832 = AXIS2_PLACEMENT_3D('',#2833,#2834,#2835);
#2833 = CARTESIAN_POINT('',(114.37666592658,0.,1.575));
#2834 = DIRECTION('',(1.,0.,0.));
#2835 = DIRECTION('',(0.,0.,1.));
#2836 = DEFINITIONAL_REPRESENTATION('',(#2837),#2841);
#2837 = LINE('',#2838,#2839);
#2838 = CARTESIAN_POINT('',(0.,0.));
#2839 = VECTOR('',#2840,1.);
#2840 = DIRECTION('',(1.,0.));
#2841 = ( GEOMETRIC_REPRESENTATION_CONTEXT(2) 
PARAMETRIC_REPRESENTATION_CONTEXT() REPRESENTATION_CONTEXT('2D SPACE',''
  ) );
#2842 = ORIENTED_EDGE('',*,*,#2843,.T.);
#2843 = EDGE_CURVE('',#2816,#2844,#2846,.T.);
#2844 = VERTEX_POINT('',#2845);
#2845 = CARTESIAN_POINT('',(115.62333407341,0.,4.575));
#2846 = SURFACE_CURVE('',#2847,(#2851,#2858),.PCURVE_S1.);
#2847 = LINE('',#2848,#2849);
#2848 = CARTESIAN_POINT('',(114.37666592658,0.,4.575));
#2849 = VECTOR('',#2850,1.);
#2850 = DIRECTION('',(1.,0.,0.));
#2851 = PCURVE('',#44,#2852);
#2852 = DEFINITIONAL_REPRESENTATION('',(#2853),#2857);
#2853 = LINE('',#2854,#2855);
#2854 = CARTESIAN_POINT('',(4.575,114.37666592658));
#2855 = VECTOR('',#2856,1.);
#2856 = DIRECTION('',(0.,1.));
#2857 = ( GEOMETRIC_REPRESENTATION_CONTEXT(2) 
PARAMETRIC_REPRESENTATION_CONTEXT() REPRESENTATION_CONTEXT('2D SPACE',''
  ) );
#2858 = PCURVE('',#2859,#2864);
#2859 = PLANE('',#2860);
#2860 = AXIS2_PLACEMENT_3D('',#2861,#2862,#2863);
#2861 = CARTESIAN_POINT('',(114.37666592658,0.,4.575));
#2862 = DIRECTION('',(0.,0.,1.));
#2863 = DIRECTION('',(1.,0.,0.));
#2864 = DEFINITIONAL_REPRESENTATION('',(#2865),#2869);
#2865 = LINE('',#2866,#2867);
#2866 = CARTESIAN_POINT('',(0.,0.));
#2867 = VECTOR('',#2868,1.);
#2868 = DIRECTION('',(1.,0.));
#2869 = ( GEOMETRIC_REPRESENTATION_CONTEXT(2) 
PARAMETRIC_REPRESENTATION_CONTEXT() REPRESENTATION_CONTEXT('2D SPACE',''
  ) );
#2870 = ORIENTED_EDGE('',*,*,#2871,.F.);
#2871 = EDGE_CURVE('',#2872,#2844,#2874,.T.);
#2872 = VERTEX_POINT('',#2873);
#2873 = CARTESIAN_POINT('',(115.62333407341,0.,1.575));
#2874 = SURFACE_CURVE('',#2875,(#2879,#2886),.PCURVE_S1.);
#2875 = LINE('',#2876,#2877);
#2876 = CARTESIAN_POINT('',(115.62333407341,0.,1.575));
#2877 = VECTOR('',#2878,1.);
#2878 = DIRECTION('',(0.,0.,1.));
#2879 = PCURVE('',#44,#2880);
#2880 = DEFINITIONAL_REPRESENTATION('',(#2881),#2885);
#2881 = LINE('',#2882,#2883);
#2882 = CARTESIAN_POINT('',(1.575,115.62333407341));
#2883 = VECTOR('',#2884,1.);
#2884 = DIRECTION('',(1.,0.));
#2885 = ( GEOMETRIC_REPRESENTATION_CONTEXT(2) 
PARAMETRIC_REPRESENTATION_CONTEXT() REPRESENTATION_CONTEXT('2D SPACE',''
  ) );
#2886 = PCURVE('',#2887,#2892);
#2887 = PLANE('',#2888);
#2888 = AXIS2_PLACEMENT_3D('',#2889,#2890,#2891);
#2889 = CARTESIAN_POINT('',(115.62333407341,0.,1.575));
#2890 = DIRECTION('',(1.,0.,0.));
#2891 = DIRECTION('',(0.,0.,1.));
#2892 = DEFINITIONAL_REPRESENTATION('',(#2893),#2897);
#2893 = LINE('',#2894,#2895);
#2894 = CARTESIAN_POINT('',(0.,0.));
#2895 = VECTOR('',#2896,1.);
#2896 = DIRECTION('',(1.,0.));
#2897 = ( GEOMETRIC_REPRESENTATION_CONTEXT(2) 
PARAMETRIC_REPRESENTATION_CONTEXT() REPRESENTATION_CONTEXT('2D SPACE',''
  ) );
#2898 = ORIENTED_EDGE('',*,*,#2899,.F.);
#2899 = EDGE_CURVE('',#2900,#2872,#2902,.T.);
#2900 = VERTEX_POINT('',#2901);
#2901 = CARTESIAN_POINT('',(119.37666592658,0.,1.575));
#2902 = SURFACE_CURVE('',#2903,(#2908,#2915),.PCURVE_S1.);
#2903 = CIRCLE('',#2904,2.45);
#2904 = AXIS2_PLACEMENT_3D('',#2905,#2906,#2907);
#2905 = CARTESIAN_POINT('',(117.5,0.,3.15));
#2906 = DIRECTION('',(-0.,1.,0.));
#2907 = DIRECTION('',(1.,0.,0.));
#2908 = PCURVE('',#44,#2909);
#2909 = DEFINITIONAL_REPRESENTATION('',(#2910),#2914);
#2910 = CIRCLE('',#2911,2.45);
#2911 = AXIS2_PLACEMENT_2D('',#2912,#2913);
#2912 = CARTESIAN_POINT('',(3.15,117.5));
#2913 = DIRECTION('',(0.,1.));
#2914 = ( GEOMETRIC_REPRESENTATION_CONTEXT(2) 
PARAMETRIC_REPRESENTATION_CONTEXT() REPRESENTATION_CONTEXT('2D SPACE',''
  ) );
#2915 = PCURVE('',#2916,#2921);
#2916 = CYLINDRICAL_SURFACE('',#2917,2.45);
#2917 = AXIS2_PLACEMENT_3D('',#2918,#2919,#2920);
#2918 = CARTESIAN_POINT('',(117.5,200.0000008,3.15));
#2919 = DIRECTION('',(0.,1.,0.));
#2920 = DIRECTION('',(1.,0.,0.));
#2921 = DEFINITIONAL_REPRESENTATION('',(#2922),#2926);
#2922 = LINE('',#2923,#2924);
#2923 = CARTESIAN_POINT('',(-6.28318530718,-200.0000008));
#2924 = VECTOR('',#2925,1.);
#2925 = DIRECTION('',(1.,-0.));
#2926 = ( GEOMETRIC_REPRESENTATION_CONTEXT(2) 
PARAMETRIC_REPRESENTATION_CONTEXT() REPRESENTATION_CONTEXT('2D SPACE',''
  ) );
#2927 = ORIENTED_EDGE('',*,*,#2928,.T.);
#2928 = EDGE_CURVE('',#2900,#2929,#2931,.T.);
#2929 = VERTEX_POINT('',#2930);
#2930 = CARTESIAN_POINT('',(119.37666592658,0.,4.575));
#2931 = SURFACE_CURVE('',#2932,(#2936,#2943),.PCURVE_S1.);
#2932 = LINE('',#2933,#2934);
#2933 = CARTESIAN_POINT('',(119.37666592658,0.,1.575));
#2934 = VECTOR('',#2935,1.);
#2935 = DIRECTION('',(0.,0.,1.));
#2936 = PCURVE('',#44,#2937);
#2937 = DEFINITIONAL_REPRESENTATION('',(#2938),#2942);
#2938 = LINE('',#2939,#2940);
#2939 = CARTESIAN_POINT('',(1.575,119.37666592658));
#2940 = VECTOR('',#2941,1.);
#2941 = DIRECTION('',(1.,0.));
#2942 = ( GEOMETRIC_REPRESENTATION_CONTEXT(2) 
PARAMETRIC_REPRESENTATION_CONTEXT() REPRESENTATION_CONTEXT('2D SPACE',''
  ) );
#2943 = PCURVE('',#2944,#2949);
#2944 = PLANE('',#2945);
#2945 = AXIS2_PLACEMENT_3D('',#2946,#2947,#2948);
#2946 = CARTESIAN_POINT('',(119.37666592658,0.,1.575));
#2947 = DIRECTION('',(1.,0.,0.));
#2948 = DIRECTION('',(0.,0.,1.));
#2949 = DEFINITIONAL_REPRESENTATION('',(#2950),#2954);
#2950 = LINE('',#2951,#2952);
#2951 = CARTESIAN_POINT('',(0.,0.));
#2952 = VECTOR('',#2953,1.);
#2953 = DIRECTION('',(1.,0.));
#2954 = ( GEOMETRIC_REPRESENTATION_CONTEXT(2) 
PARAMETRIC_REPRESENTATION_CONTEXT() REPRESENTATION_CONTEXT('2D SPACE',''
  ) );
#2955 = ORIENTED_EDGE('',*,*,#2956,.T.);
#2956 = EDGE_CURVE('',#2929,#2957,#2959,.T.);
#2957 = VERTEX_POINT('',#2958);
#2958 = CARTESIAN_POINT('',(120.62333407341,0.,4.575));
#2959 = SURFACE_CURVE('',#2960,(#2964,#2971),.PCURVE_S1.);
#2960 = LINE('',#2961,#2962);
#2961 = CARTESIAN_POINT('',(119.37666592658,0.,4.575));
#2962 = VECTOR('',#2963,1.);
#2963 = DIRECTION('',(1.,0.,0.));
#2964 = PCURVE('',#44,#2965);
#2965 = DEFINITIONAL_REPRESENTATION('',(#2966),#2970);
#2966 = LINE('',#2967,#2968);
#2967 = CARTESIAN_POINT('',(4.575,119.37666592658));
#2968 = VECTOR('',#2969,1.);
#2969 = DIRECTION('',(0.,1.));
#2970 = ( GEOMETRIC_REPRESENTATION_CONTEXT(2) 
PARAMETRIC_REPRESENTATION_CONTEXT() REPRESENTATION_CONTEXT('2D SPACE',''
  ) );
#2971 = PCURVE('',#2972,#2977);
#2972 = PLANE('',#2973);
#2973 = AXIS2_PLACEMENT_3D('',#2974,#2975,#2976);
#2974 = CARTESIAN_POINT('',(119.37666592658,0.,4.575));
#2975 = DIRECTION('',(0.,0.,1.));
#2976 = DIRECTION('',(1.,0.,0.));
#2977 = DEFINITIONAL_REPRESENTATION('',(#2978),#2982);
#2978 = LINE('',#2979,#2980);
#2979 = CARTESIAN_POINT('',(0.,0.));
#2980 = VECTOR('',#2981,1.);
#2981 = DIRECTION('',(1.,0.));
#2982 = ( GEOMETRIC_REPRESENTATION_CONTEXT(2) 
PARAMETRIC_REPRESENTATION_CONTEXT() REPRESENTATION_CONTEXT('2D SPACE',''
  ) );
#2983 = ORIENTED_EDGE('',*,*,#2984,.F.);
#2984 = EDGE_CURVE('',#2985,#2957,#2987,.T.);
#2985 = VERTEX_POINT('',#2986);
#2986 = CARTESIAN_POINT('',(120.62333407341,0.,1.575));
#2987 = SURFACE_CURVE('',#2988,(#2992,#2999),.PCURVE_S1.);
#2988 = LINE('',#2989,#2990);
#2989 = CARTESIAN_POINT('',(120.62333407341,0.,1.575));
#2990 = VECTOR('',#2991,1.);
#2991 = DIRECTION('',(0.,0.,1.));
#2992 = PCURVE('',#44,#2993);
#2993 = DEFINITIONAL_REPRESENTATION('',(#2994),#2998);
#2994 = LINE('',#2995,#2996);
#2995 = CARTESIAN_POINT('',(1.575,120.62333407341));
#2996 = VECTOR('',#2997,1.);
#2997 = DIRECTION('',(1.,0.));
#2998 = ( GEOMETRIC_REPRESENTATION_CONTEXT(2) 
PARAMETRIC_REPRESENTATION_CONTEXT() REPRESENTATION_CONTEXT('2D SPACE',''
  ) );
#2999 = PCURVE('',#3000,#3005);
#3000 = PLANE('',#3001);
#3001 = AXIS2_PLACEMENT_3D('',#3002,#3003,#3004);
#3002 = CARTESIAN_POINT('',(120.62333407341,0.,1.575));
#3003 = DIRECTION('',(1.,0.,0.));
#3004 = DIRECTION('',(0.,0.,1.));
#3005 = DEFINITIONAL_REPRESENTATION('',(#3006),#3010);
#3006 = LINE('',#3007,#3008);
#3007 = CARTESIAN_POINT('',(0.,0.));
#3008 = VECTOR('',#3009,1.);
#3009 = DIRECTION('',(1.,0.));
#3010 = ( GEOMETRIC_REPRESENTATION_CONTEXT(2) 
PARAMETRIC_REPRESENTATION_CONTEXT() REPRESENTATION_CONTEXT('2D SPACE',''
  ) );
#3011 = ORIENTED_EDGE('',*,*,#3012,.F.);
#3012 = EDGE_CURVE('',#3013,#2985,#3015,.T.);
#3013 = VERTEX_POINT('',#3014);
#3014 = CARTESIAN_POINT('',(124.37666592658,0.,1.575));
#3015 = SURFACE_CURVE('',#3016,(#3021,#3028),.PCURVE_S1.);
#3016 = CIRCLE('',#3017,2.45);
#3017 = AXIS2_PLACEMENT_3D('',#3018,#3019,#3020);
#3018 = CARTESIAN_POINT('',(122.5,0.,3.15));
#3019 = DIRECTION('',(-0.,1.,0.));
#3020 = DIRECTION('',(1.,0.,0.));
#3021 = PCURVE('',#44,#3022);
#3022 = DEFINITIONAL_REPRESENTATION('',(#3023),#3027);
#3023 = CIRCLE('',#3024,2.45);
#3024 = AXIS2_PLACEMENT_2D('',#3025,#3026);
#3025 = CARTESIAN_POINT('',(3.15,122.5));
#3026 = DIRECTION('',(0.,1.));
#3027 = ( GEOMETRIC_REPRESENTATION_CONTEXT(2) 
PARAMETRIC_REPRESENTATION_CONTEXT() REPRESENTATION_CONTEXT('2D SPACE',''
  ) );
#3028 = PCURVE('',#3029,#3034);
#3029 = CYLINDRICAL_SURFACE('',#3030,2.45);
#3030 = AXIS2_PLACEMENT_3D('',#3031,#3032,#3033);
#3031 = CARTESIAN_POINT('',(122.5,200.0000008,3.15));
#3032 = DIRECTION('',(0.,1.,0.));
#3033 = DIRECTION('',(1.,0.,0.));
#3034 = DEFINITIONAL_REPRESENTATION('',(#3035),#3039);
#3035 = LINE('',#3036,#3037);
#3036 = CARTESIAN_POINT('',(-6.28318530718,-200.0000008));
#3037 = VECTOR('',#3038,1.);
#3038 = DIRECTION('',(1.,-0.));
#3039 = ( GEOMETRIC_REPRESENTATION_CONTEXT(2) 
PARAMETRIC_REPRESENTATION_CONTEXT() REPRESENTATION_CONTEXT('2D SPACE',''
  ) );
#3040 = ORIENTED_EDGE('',*,*,#3041,.T.);
#3041 = EDGE_CURVE('',#3013,#3042,#3044,.T.);
#3042 = VERTEX_POINT('',#3043);
#3043 = CARTESIAN_POINT('',(124.37666592658,0.,4.575));
#3044 = SURFACE_CURVE('',#3045,(#3049,#3056),.PCURVE_S1.);
#3045 = LINE('',#3046,#3047);
#3046 = CARTESIAN_POINT('',(124.37666592658,0.,1.575));
#3047 = VECTOR('',#3048,1.);
#3048 = DIRECTION('',(0.,0.,1.));
#3049 = PCURVE('',#44,#3050);
#3050 = DEFINITIONAL_REPRESENTATION('',(#3051),#3055);
#3051 = LINE('',#3052,#3053);
#3052 = CARTESIAN_POINT('',(1.575,124.37666592658));
#3053 = VECTOR('',#3054,1.);
#3054 = DIRECTION('',(1.,0.));
#3055 = ( GEOMETRIC_REPRESENTATION_CONTEXT(2) 
PARAMETRIC_REPRESENTATION_CONTEXT() REPRESENTATION_CONTEXT('2D SPACE',''
  ) );
#3056 = PCURVE('',#3057,#3062);
#3057 = PLANE('',#3058);
#3058 = AXIS2_PLACEMENT_3D('',#3059,#3060,#3061);
#3059 = CARTESIAN_POINT('',(124.37666592658,0.,1.575));
#3060 = DIRECTION('',(1.,0.,0.));
#3061 = DIRECTION('',(0.,0.,1.));
#3062 = DEFINITIONAL_REPRESENTATION('',(#3063),#3067);
#3063 = LINE('',#3064,#3065);
#3064 = CARTESIAN_POINT('',(0.,0.));
#3065 = VECTOR('',#3066,1.);
#3066 = DIRECTION('',(1.,0.));
#3067 = ( GEOMETRIC_REPRESENTATION_CONTEXT(2) 
PARAMETRIC_REPRESENTATION_CONTEXT() REPRESENTATION_CONTEXT('2D SPACE',''
  ) );
#3068 = ORIENTED_EDGE('',*,*,#3069,.T.);
#3069 = EDGE_CURVE('',#3042,#3070,#3072,.T.);
#3070 = VERTEX_POINT('',#3071);
#3071 = CARTESIAN_POINT('',(125.62333407341,0.,4.575));
#3072 = SURFACE_CURVE('',#3073,(#3077,#3084),.PCURVE_S1.);
#3073 = LINE('',#3074,#3075);
#3074 = CARTESIAN_POINT('',(124.37666592658,0.,4.575));
#3075 = VECTOR('',#3076,1.);
#3076 = DIRECTION('',(1.,0.,0.));
#3077 = PCURVE('',#44,#3078);
#3078 = DEFINITIONAL_REPRESENTATION('',(#3079),#3083);
#3079 = LINE('',#3080,#3081);
#3080 = CARTESIAN_POINT('',(4.575,124.37666592658));
#3081 = VECTOR('',#3082,1.);
#3082 = DIRECTION('',(0.,1.));
#3083 = ( GEOMETRIC_REPRESENTATION_CONTEXT(2) 
PARAMETRIC_REPRESENTATION_CONTEXT() REPRESENTATION_CONTEXT('2D SPACE',''
  ) );
#3084 = PCURVE('',#3085,#3090);
#3085 = PLANE('',#3086);
#3086 = AXIS2_PLACEMENT_3D('',#3087,#3088,#3089);
#3087 = CARTESIAN_POINT('',(124.37666592658,0.,4.575));
#3088 = DIRECTION('',(0.,0.,1.));
#3089 = DIRECTION('',(1.,0.,0.));
#3090 = DEFINITIONAL_REPRESENTATION('',(#3091),#3095);
#3091 = LINE('',#3092,#3093);
#3092 = CARTESIAN_POINT('',(0.,0.));
#3093 = VECTOR('',#3094,1.);
#3094 = DIRECTION('',(1.,0.));
#3095 = ( GEOMETRIC_REPRESENTATION_CONTEXT(2) 
PARAMETRIC_REPRESENTATION_CONTEXT() REPRESENTATION_CONTEXT('2D SPACE',''
  ) );
#3096 = ORIENTED_EDGE('',*,*,#3097,.F.);
#3097 = EDGE_CURVE('',#3098,#3070,#3100,.T.);
#3098 = VERTEX_POINT('',#3099);
#3099 = CARTESIAN_POINT('',(125.62333407341,0.,1.575));
#3100 = SURFACE_CURVE('',#3101,(#3105,#3112),.PCURVE_S1.);
#3101 = LINE('',#3102,#3103);
#3102 = CARTESIAN_POINT('',(125.62333407341,0.,1.575));
#3103 = VECTOR('',#3104,1.);
#3104 = DIRECTION('',(0.,0.,1.));
#3105 = PCURVE('',#44,#3106);
#3106 = DEFINITIONAL_REPRESENTATION('',(#3107),#3111);
#3107 = LINE('',#3108,#3109);
#3108 = CARTESIAN_POINT('',(1.575,125.62333407341));
#3109 = VECTOR('',#3110,1.);
#3110 = DIRECTION('',(1.,0.));
#3111 = ( GEOMETRIC_REPRESENTATION_CONTEXT(2) 
PARAMETRIC_REPRESENTATION_CONTEXT() REPRESENTATION_CONTEXT('2D SPACE',''
  ) );
#3112 = PCURVE('',#3113,#3118);
#3113 = PLANE('',#3114);
#3114 = AXIS2_PLACEMENT_3D('',#3115,#3116,#3117);
#3115 = CARTESIAN_POINT('',(125.62333407341,0.,1.575));
#3116 = DIRECTION('',(1.,0.,0.));
#3117 = DIRECTION('',(0.,0.,1.));
#3118 = DEFINITIONAL_REPRESENTATION('',(#3119),#3123);
#3119 = LINE('',#3120,#3121);
#3120 = CARTESIAN_POINT('',(0.,0.));
#3121 = VECTOR('',#3122,1.);
#3122 = DIRECTION('',(1.,0.));
#3123 = ( GEOMETRIC_REPRESENTATION_CONTEXT(2) 
PARAMETRIC_REPRESENTATION_CONTEXT() REPRESENTATION_CONTEXT('2D SPACE',''
  ) );
#3124 = ORIENTED_EDGE('',*,*,#3125,.F.);
#3125 = EDGE_CURVE('',#3126,#3098,#3128,.T.);
#3126 = VERTEX_POINT('',#3127);
#3127 = CARTESIAN_POINT('',(129.37666592658,0.,1.575));
#3128 = SURFACE_CURVE('',#3129,(#3134,#3141),.PCURVE_S1.);
#3129 = CIRCLE('',#3130,2.45);
#3130 = AXIS2_PLACEMENT_3D('',#3131,#3132,#3133);
#3131 = CARTESIAN_POINT('',(127.5,0.,3.15));
#3132 = DIRECTION('',(-0.,1.,0.));
#3133 = DIRECTION('',(1.,0.,0.));
#3134 = PCURVE('',#44,#3135);
#3135 = DEFINITIONAL_REPRESENTATION('',(#3136),#3140);
#3136 = CIRCLE('',#3137,2.45);
#3137 = AXIS2_PLACEMENT_2D('',#3138,#3139);
#3138 = CARTESIAN_POINT('',(3.15,127.5));
#3139 = DIRECTION('',(0.,1.));
#3140 = ( GEOMETRIC_REPRESENTATION_CONTEXT(2) 
PARAMETRIC_REPRESENTATION_CONTEXT() REPRESENTATION_CONTEXT('2D SPACE',''
  ) );
#3141 = PCURVE('',#3142,#3147);
#3142 = CYLINDRICAL_SURFACE('',#3143,2.45);
#3143 = AXIS2_PLACEMENT_3D('',#3144,#3145,#3146);
#3144 = CARTESIAN_POINT('',(127.5,200.0000008,3.15));
#3145 = DIRECTION('',(0.,1.,0.));
#3146 = DIRECTION('',(1.,0.,0.));
#3147 = DEFINITIONAL_REPRESENTATION('',(#3148),#3152);
#3148 = LINE('',#3149,#3150);
#3149 = CARTESIAN_POINT('',(-6.28318530718,-200.0000008));
#3150 = VECTOR('',#3151,1.);
#3151 = DIRECTION('',(1.,-0.));
#3152 = ( GEOMETRIC_REPRESENTATION_CONTEXT(2) 
PARAMETRIC_REPRESENTATION_CONTEXT() REPRESENTATION_CONTEXT('2D SPACE',''
  ) );
#3153 = ORIENTED_EDGE('',*,*,#3154,.T.);
#3154 = EDGE_CURVE('',#3126,#3155,#3157,.T.);
#3155 = VERTEX_POINT('',#3156);
#3156 = CARTESIAN_POINT('',(129.37666592658,0.,4.575));
#3157 = SURFACE_CURVE('',#3158,(#3162,#3169),.PCURVE_S1.);
#3158 = LINE('',#3159,#3160);
#3159 = CARTESIAN_POINT('',(129.37666592658,0.,1.575));
#3160 = VECTOR('',#3161,1.);
#3161 = DIRECTION('',(0.,0.,1.));
#3162 = PCURVE('',#44,#3163);
#3163 = DEFINITIONAL_REPRESENTATION('',(#3164),#3168);
#3164 = LINE('',#3165,#3166);
#3165 = CARTESIAN_POINT('',(1.575,129.37666592658));
#3166 = VECTOR('',#3167,1.);
#3167 = DIRECTION('',(1.,0.));
#3168 = ( GEOMETRIC_REPRESENTATION_CONTEXT(2) 
PARAMETRIC_REPRESENTATION_CONTEXT() REPRESENTATION_CONTEXT('2D SPACE',''
  ) );
#3169 = PCURVE('',#3170,#3175);
#3170 = PLANE('',#3171);
#3171 = AXIS2_PLACEMENT_3D('',#3172,#3173,#3174);
#3172 = CARTESIAN_POINT('',(129.37666592658,0.,1.575));
#3173 = DIRECTION('',(1.,0.,0.));
#3174 = DIRECTION('',(0.,0.,1.));
#3175 = DEFINITIONAL_REPRESENTATION('',(#3176),#3180);
#3176 = LINE('',#3177,#3178);
#3177 = CARTESIAN_POINT('',(0.,0.));
#3178 = VECTOR('',#3179,1.);
#3179 = DIRECTION('',(1.,0.));
#3180 = ( GEOMETRIC_REPRESENTATION_CONTEXT(2) 
PARAMETRIC_REPRESENTATION_CONTEXT() REPRESENTATION_CONTEXT('2D SPACE',''
  ) );
#3181 = ORIENTED_EDGE('',*,*,#3182,.T.);
#3182 = EDGE_CURVE('',#3155,#3183,#3185,.T.);
#3183 = VERTEX_POINT('',#3184);
#3184 = CARTESIAN_POINT('',(130.62333407341,0.,4.575));
#3185 = SURFACE_CURVE('',#3186,(#3190,#3197),.PCURVE_S1.);
#3186 = LINE('',#3187,#3188);
#3187 = CARTESIAN_POINT('',(129.37666592658,0.,4.575));
#3188 = VECTOR('',#3189,1.);
#3189 = DIRECTION('',(1.,0.,0.));
#3190 = PCURVE('',#44,#3191);
#3191 = DEFINITIONAL_REPRESENTATION('',(#3192),#3196);
#3192 = LINE('',#3193,#3194);
#3193 = CARTESIAN_POINT('',(4.575,129.37666592658));
#3194 = VECTOR('',#3195,1.);
#3195 = DIRECTION('',(0.,1.));
#3196 = ( GEOMETRIC_REPRESENTATION_CONTEXT(2) 
PARAMETRIC_REPRESENTATION_CONTEXT() REPRESENTATION_CONTEXT('2D SPACE',''
  ) );
#3197 = PCURVE('',#3198,#3203);
#3198 = PLANE('',#3199);
#3199 = AXIS2_PLACEMENT_3D('',#3200,#3201,#3202);
#3200 = CARTESIAN_POINT('',(129.37666592658,0.,4.575));
#3201 = DIRECTION('',(0.,0.,1.));
#3202 = DIRECTION('',(1.,0.,0.));
#3203 = DEFINITIONAL_REPRESENTATION('',(#3204),#3208);
#3204 = LINE('',#3205,#3206);
#3205 = CARTESIAN_POINT('',(0.,0.));
#3206 = VECTOR('',#3207,1.);
#3207 = DIRECTION('',(1.,0.));
#3208 = ( GEOMETRIC_REPRESENTATION_CONTEXT(2) 
PARAMETRIC_REPRESENTATION_CONTEXT() REPRESENTATION_CONTEXT('2D SPACE',''
  ) );
#3209 = ORIENTED_EDGE('',*,*,#3210,.F.);
#3210 = EDGE_CURVE('',#3211,#3183,#3213,.T.);
#3211 = VERTEX_POINT('',#3212);
#3212 = CARTESIAN_POINT('',(130.62333407341,0.,1.575));
#3213 = SURFACE_CURVE('',#3214,(#3218,#3225),.PCURVE_S1.);
#3214 = LINE('',#3215,#3216);
#3215 = CARTESIAN_POINT('',(130.62333407341,0.,1.575));
#3216 = VECTOR('',#3217,1.);
#3217 = DIRECTION('',(0.,0.,1.));
#3218 = PCURVE('',#44,#3219);
#3219 = DEFINITIONAL_REPRESENTATION('',(#3220),#3224);
#3220 = LINE('',#3221,#3222);
#3221 = CARTESIAN_POINT('',(1.575,130.62333407341));
#3222 = VECTOR('',#3223,1.);
#3223 = DIRECTION('',(1.,0.));
#3224 = ( GEOMETRIC_REPRESENTATION_CONTEXT(2) 
PARAMETRIC_REPRESENTATION_CONTEXT() REPRESENTATION_CONTEXT('2D SPACE',''
  ) );
#3225 = PCURVE('',#3226,#3231);
#3226 = PLANE('',#3227);
#3227 = AXIS2_PLACEMENT_3D('',#3228,#3229,#3230);
#3228 = CARTESIAN_POINT('',(130.62333407341,0.,1.575));
#3229 = DIRECTION('',(1.,0.,0.));
#3230 = DIRECTION('',(0.,0.,1.));
#3231 = DEFINITIONAL_REPRESENTATION('',(#3232),#3236);
#3232 = LINE('',#3233,#3234);
#3233 = CARTESIAN_POINT('',(0.,0.));
#3234 = VECTOR('',#3235,1.);
#3235 = DIRECTION('',(1.,0.));
#3236 = ( GEOMETRIC_REPRESENTATION_CONTEXT(2) 
PARAMETRIC_REPRESENTATION_CONTEXT() REPRESENTATION_CONTEXT('2D SPACE',''
  ) );
#3237 = ORIENTED_EDGE('',*,*,#3238,.F.);
#3238 = EDGE_CURVE('',#3239,#3211,#3241,.T.);
#3239 = VERTEX_POINT('',#3240);
#3240 = CARTESIAN_POINT('',(134.37666592658,0.,1.575));
#3241 = SURFACE_CURVE('',#3242,(#3247,#3254),.PCURVE_S1.);
#3242 = CIRCLE('',#3243,2.45);
#3243 = AXIS2_PLACEMENT_3D('',#3244,#3245,#3246);
#3244 = CARTESIAN_POINT('',(132.5,0.,3.15));
#3245 = DIRECTION('',(-0.,1.,0.));
#3246 = DIRECTION('',(1.,0.,0.));
#3247 = PCURVE('',#44,#3248);
#3248 = DEFINITIONAL_REPRESENTATION('',(#3249),#3253);
#3249 = CIRCLE('',#3250,2.45);
#3250 = AXIS2_PLACEMENT_2D('',#3251,#3252);
#3251 = CARTESIAN_POINT('',(3.15,132.5));
#3252 = DIRECTION('',(0.,1.));
#3253 = ( GEOMETRIC_REPRESENTATION_CONTEXT(2) 
PARAMETRIC_REPRESENTATION_CONTEXT() REPRESENTATION_CONTEXT('2D SPACE',''
  ) );
#3254 = PCURVE('',#3255,#3260);
#3255 = CYLINDRICAL_SURFACE('',#3256,2.45);
#3256 = AXIS2_PLACEMENT_3D('',#3257,#3258,#3259);
#3257 = CARTESIAN_POINT('',(132.5,200.0000008,3.15));
#3258 = DIRECTION('',(0.,1.,0.));
#3259 = DIRECTION('',(1.,0.,0.));
#3260 = DEFINITIONAL_REPRESENTATION('',(#3261),#3265);
#3261 = LINE('',#3262,#3263);
#3262 = CARTESIAN_POINT('',(-6.28318530718,-200.0000008));
#3263 = VECTOR('',#3264,1.);
#3264 = DIRECTION('',(1.,-0.));
#3265 = ( GEOMETRIC_REPRESENTATION_CONTEXT(2) 
PARAMETRIC_REPRESENTATION_CONTEXT() REPRESENTATION_CONTEXT('2D SPACE',''
  ) );
#3266 = ORIENTED_EDGE('',*,*,#3267,.T.);
#3267 = EDGE_CURVE('',#3239,#3268,#3270,.T.);
#3268 = VERTEX_POINT('',#3269);
#3269 = CARTESIAN_POINT('',(134.37666592658,0.,4.575));
#3270 = SURFACE_CURVE('',#3271,(#3275,#3282),.PCURVE_S1.);
#3271 = LINE('',#3272,#3273);
#3272 = CARTESIAN_POINT('',(134.37666592658,0.,1.575));
#3273 = VECTOR('',#3274,1.);
#3274 = DIRECTION('',(0.,0.,1.));
#3275 = PCURVE('',#44,#3276);
#3276 = DEFINITIONAL_REPRESENTATION('',(#3277),#3281);
#3277 = LINE('',#3278,#3279);
#3278 = CARTESIAN_POINT('',(1.575,134.37666592658));
#3279 = VECTOR('',#3280,1.);
#3280 = DIRECTION('',(1.,0.));
#3281 = ( GEOMETRIC_REPRESENTATION_CONTEXT(2) 
PARAMETRIC_REPRESENTATION_CONTEXT() REPRESENTATION_CONTEXT('2D SPACE',''
  ) );
#3282 = PCURVE('',#3283,#3288);
#3283 = PLANE('',#3284);
#3284 = AXIS2_PLACEMENT_3D('',#3285,#3286,#3287);
#3285 = CARTESIAN_POINT('',(134.37666592658,0.,1.575));
#3286 = DIRECTION('',(1.,0.,0.));
#3287 = DIRECTION('',(0.,0.,1.));
#3288 = DEFINITIONAL_REPRESENTATION('',(#3289),#3293);
#3289 = LINE('',#3290,#3291);
#3290 = CARTESIAN_POINT('',(0.,0.));
#3291 = VECTOR('',#3292,1.);
#3292 = DIRECTION('',(1.,0.));
#3293 = ( GEOMETRIC_REPRESENTATION_CONTEXT(2) 
PARAMETRIC_REPRESENTATION_CONTEXT() REPRESENTATION_CONTEXT('2D SPACE',''
  ) );
#3294 = ORIENTED_EDGE('',*,*,#3295,.T.);
#3295 = EDGE_CURVE('',#3268,#3296,#3298,.T.);
#3296 = VERTEX_POINT('',#3297);
#3297 = CARTESIAN_POINT('',(135.62333407341,0.,4.575));
#3298 = SURFACE_CURVE('',#3299,(#3303,#3310),.PCURVE_S1.);
#3299 = LINE('',#3300,#3301);
#3300 = CARTESIAN_POINT('',(134.37666592658,0.,4.575));
#3301 = VECTOR('',#3302,1.);
#3302 = DIRECTION('',(1.,0.,0.));
#3303 = PCURVE('',#44,#3304);
#3304 = DEFINITIONAL_REPRESENTATION('',(#3305),#3309);
#3305 = LINE('',#3306,#3307);
#3306 = CARTESIAN_POINT('',(4.575,134.37666592658));
#3307 = VECTOR('',#3308,1.);
#3308 = DIRECTION('',(0.,1.));
#3309 = ( GEOMETRIC_REPRESENTATION_CONTEXT(2) 
PARAMETRIC_REPRESENTATION_CONTEXT() REPRESENTATION_CONTEXT('2D SPACE',''
  ) );
#3310 = PCURVE('',#3311,#3316);
#3311 = PLANE('',#3312);
#3312 = AXIS2_PLACEMENT_3D('',#3313,#3314,#3315);
#3313 = CARTESIAN_POINT('',(134.37666592658,0.,4.575));
#3314 = DIRECTION('',(0.,0.,1.));
#3315 = DIRECTION('',(1.,0.,0.));
#3316 = DEFINITIONAL_REPRESENTATION('',(#3317),#3321);
#3317 = LINE('',#3318,#3319);
#3318 = CARTESIAN_POINT('',(0.,0.));
#3319 = VECTOR('',#3320,1.);
#3320 = DIRECTION('',(1.,0.));
#3321 = ( GEOMETRIC_REPRESENTATION_CONTEXT(2) 
PARAMETRIC_REPRESENTATION_CONTEXT() REPRESENTATION_CONTEXT('2D SPACE',''
  ) );
#3322 = ORIENTED_EDGE('',*,*,#3323,.F.);
#3323 = EDGE_CURVE('',#3324,#3296,#3326,.T.);
#3324 = VERTEX_POINT('',#3325);
#3325 = CARTESIAN_POINT('',(135.62333407341,0.,1.575));
#3326 = SURFACE_CURVE('',#3327,(#3331,#3338),.PCURVE_S1.);
#3327 = LINE('',#3328,#3329);
#3328 = CARTESIAN_POINT('',(135.62333407341,0.,1.575));
#3329 = VECTOR('',#3330,1.);
#3330 = DIRECTION('',(0.,0.,1.));
#3331 = PCURVE('',#44,#3332);
#3332 = DEFINITIONAL_REPRESENTATION('',(#3333),#3337);
#3333 = LINE('',#3334,#3335);
#3334 = CARTESIAN_POINT('',(1.575,135.62333407341));
#3335 = VECTOR('',#3336,1.);
#3336 = DIRECTION('',(1.,0.));
#3337 = ( GEOMETRIC_REPRESENTATION_CONTEXT(2) 
PARAMETRIC_REPRESENTATION_CONTEXT() REPRESENTATION_CONTEXT('2D SPACE',''
  ) );
#3338 = PCURVE('',#3339,#3344);
#3339 = PLANE('',#3340);
#3340 = AXIS2_PLACEMENT_3D('',#3341,#3342,#3343);
#3341 = CARTESIAN_POINT('',(135.62333407341,0.,1.575));
#3342 = DIRECTION('',(1.,0.,0.));
#3343 = DIRECTION('',(0.,0.,1.));
#3344 = DEFINITIONAL_REPRESENTATION('',(#3345),#3349);
#3345 = LINE('',#3346,#3347);
#3346 = CARTESIAN_POINT('',(0.,0.));
#3347 = VECTOR('',#3348,1.);
#3348 = DIRECTION('',(1.,0.));
#3349 = ( GEOMETRIC_REPRESENTATION_CONTEXT(2) 
PARAMETRIC_REPRESENTATION_CONTEXT() REPRESENTATION_CONTEXT('2D SPACE',''
  ) );
#3350 = ORIENTED_EDGE('',*,*,#3351,.F.);
#3351 = EDGE_CURVE('',#3352,#3324,#3354,.T.);
#3352 = VERTEX_POINT('',#3353);
#3353 = CARTESIAN_POINT('',(139.37666592658,0.,1.575));
#3354 = SURFACE_CURVE('',#3355,(#3360,#3367),.PCURVE_S1.);
#3355 = CIRCLE('',#3356,2.45);
#3356 = AXIS2_PLACEMENT_3D('',#3357,#3358,#3359);
#3357 = CARTESIAN_POINT('',(137.5,0.,3.15));
#3358 = DIRECTION('',(-0.,1.,0.));
#3359 = DIRECTION('',(1.,0.,0.));
#3360 = PCURVE('',#44,#3361);
#3361 = DEFINITIONAL_REPRESENTATION('',(#3362),#3366);
#3362 = CIRCLE('',#3363,2.45);
#3363 = AXIS2_PLACEMENT_2D('',#3364,#3365);
#3364 = CARTESIAN_POINT('',(3.15,137.5));
#3365 = DIRECTION('',(0.,1.));
#3366 = ( GEOMETRIC_REPRESENTATION_CONTEXT(2) 
PARAMETRIC_REPRESENTATION_CONTEXT() REPRESENTATION_CONTEXT('2D SPACE',''
  ) );
#3367 = PCURVE('',#3368,#3373);
#3368 = CYLINDRICAL_SURFACE('',#3369,2.45);
#3369 = AXIS2_PLACEMENT_3D('',#3370,#3371,#3372);
#3370 = CARTESIAN_POINT('',(137.5,200.0000008,3.15));
#3371 = DIRECTION('',(0.,1.,0.));
#3372 = DIRECTION('',(1.,0.,0.));
#3373 = DEFINITIONAL_REPRESENTATION('',(#3374),#3378);
#3374 = LINE('',#3375,#3376);
#3375 = CARTESIAN_POINT('',(-6.28318530718,-200.0000008));
#3376 = VECTOR('',#3377,1.);
#3377 = DIRECTION('',(1.,-0.));
#3378 = ( GEOMETRIC_REPRESENTATION_CONTEXT(2) 
PARAMETRIC_REPRESENTATION_CONTEXT() REPRESENTATION_CONTEXT('2D SPACE',''
  ) );
#3379 = ORIENTED_EDGE('',*,*,#3380,.T.);
#3380 = EDGE_CURVE('',#3352,#3381,#3383,.T.);
#3381 = VERTEX_POINT('',#3382);
#3382 = CARTESIAN_POINT('',(139.37666592658,0.,4.575));
#3383 = SURFACE_CURVE('',#3384,(#3388,#3395),.PCURVE_S1.);
#3384 = LINE('',#3385,#3386);
#3385 = CARTESIAN_POINT('',(139.37666592658,0.,1.575));
#3386 = VECTOR('',#3387,1.);
#3387 = DIRECTION('',(0.,0.,1.));
#3388 = PCURVE('',#44,#3389);
#3389 = DEFINITIONAL_REPRESENTATION('',(#3390),#3394);
#3390 = LINE('',#3391,#3392);
#3391 = CARTESIAN_POINT('',(1.575,139.37666592658));
#3392 = VECTOR('',#3393,1.);
#3393 = DIRECTION('',(1.,0.));
#3394 = ( GEOMETRIC_REPRESENTATION_CONTEXT(2) 
PARAMETRIC_REPRESENTATION_CONTEXT() REPRESENTATION_CONTEXT('2D SPACE',''
  ) );
#3395 = PCURVE('',#3396,#3401);
#3396 = PLANE('',#3397);
#3397 = AXIS2_PLACEMENT_3D('',#3398,#3399,#3400);
#3398 = CARTESIAN_POINT('',(139.37666592658,0.,1.575));
#3399 = DIRECTION('',(1.,0.,0.));
#3400 = DIRECTION('',(0.,0.,1.));
#3401 = DEFINITIONAL_REPRESENTATION('',(#3402),#3406);
#3402 = LINE('',#3403,#3404);
#3403 = CARTESIAN_POINT('',(0.,0.));
#3404 = VECTOR('',#3405,1.);
#3405 = DIRECTION('',(1.,0.));
#3406 = ( GEOMETRIC_REPRESENTATION_CONTEXT(2) 
PARAMETRIC_REPRESENTATION_CONTEXT() REPRESENTATION_CONTEXT('2D SPACE',''
  ) );
#3407 = ORIENTED_EDGE('',*,*,#3408,.T.);
#3408 = EDGE_CURVE('',#3381,#3409,#3411,.T.);
#3409 = VERTEX_POINT('',#3410);
#3410 = CARTESIAN_POINT('',(140.62333407341,0.,4.575));
#3411 = SURFACE_CURVE('',#3412,(#3416,#3423),.PCURVE_S1.);
#3412 = LINE('',#3413,#3414);
#3413 = CARTESIAN_POINT('',(139.37666592658,0.,4.575));
#3414 = VECTOR('',#3415,1.);
#3415 = DIRECTION('',(1.,0.,0.));
#3416 = PCURVE('',#44,#3417);
#3417 = DEFINITIONAL_REPRESENTATION('',(#3418),#3422);
#3418 = LINE('',#3419,#3420);
#3419 = CARTESIAN_POINT('',(4.575,139.37666592658));
#3420 = VECTOR('',#3421,1.);
#3421 = DIRECTION('',(0.,1.));
#3422 = ( GEOMETRIC_REPRESENTATION_CONTEXT(2) 
PARAMETRIC_REPRESENTATION_CONTEXT() REPRESENTATION_CONTEXT('2D SPACE',''
  ) );
#3423 = PCURVE('',#3424,#3429);
#3424 = PLANE('',#3425);
#3425 = AXIS2_PLACEMENT_3D('',#3426,#3427,#3428);
#3426 = CARTESIAN_POINT('',(139.37666592658,0.,4.575));
#3427 = DIRECTION('',(0.,0.,1.));
#3428 = DIRECTION('',(1.,0.,0.));
#3429 = DEFINITIONAL_REPRESENTATION('',(#3430),#3434);
#3430 = LINE('',#3431,#3432);
#3431 = CARTESIAN_POINT('',(0.,0.));
#3432 = VECTOR('',#3433,1.);
#3433 = DIRECTION('',(1.,0.));
#3434 = ( GEOMETRIC_REPRESENTATION_CONTEXT(2) 
PARAMETRIC_REPRESENTATION_CONTEXT() REPRESENTATION_CONTEXT('2D SPACE',''
  ) );
#3435 = ORIENTED_EDGE('',*,*,#3436,.F.);
#3436 = EDGE_CURVE('',#3437,#3409,#3439,.T.);
#3437 = VERTEX_POINT('',#3438);
#3438 = CARTESIAN_POINT('',(140.62333407341,0.,1.575));
#3439 = SURFACE_CURVE('',#3440,(#3444,#3451),.PCURVE_S1.);
#3440 = LINE('',#3441,#3442);
#3441 = CARTESIAN_POINT('',(140.62333407341,0.,1.575));
#3442 = VECTOR('',#3443,1.);
#3443 = DIRECTION('',(0.,0.,1.));
#3444 = PCURVE('',#44,#3445);
#3445 = DEFINITIONAL_REPRESENTATION('',(#3446),#3450);
#3446 = LINE('',#3447,#3448);
#3447 = CARTESIAN_POINT('',(1.575,140.62333407341));
#3448 = VECTOR('',#3449,1.);
#3449 = DIRECTION('',(1.,0.));
#3450 = ( GEOMETRIC_REPRESENTATION_CONTEXT(2) 
PARAMETRIC_REPRESENTATION_CONTEXT() REPRESENTATION_CONTEXT('2D SPACE',''
  ) );
#3451 = PCURVE('',#3452,#3457);
#3452 = PLANE('',#3453);
#3453 = AXIS2_PLACEMENT_3D('',#3454,#3455,#3456);
#3454 = CARTESIAN_POINT('',(140.62333407341,0.,1.575));
#3455 = DIRECTION('',(1.,0.,0.));
#3456 = DIRECTION('',(0.,0.,1.));
#3457 = DEFINITIONAL_REPRESENTATION('',(#3458),#3462);
#3458 = LINE('',#3459,#3460);
#3459 = CARTESIAN_POINT('',(0.,0.));
#3460 = VECTOR('',#3461,1.);
#3461 = DIRECTION('',(1.,0.));
#3462 = ( GEOMETRIC_REPRESENTATION_CONTEXT(2) 
PARAMETRIC_REPRESENTATION_CONTEXT() REPRESENTATION_CONTEXT('2D SPACE',''
  ) );
#3463 = ORIENTED_EDGE('',*,*,#3464,.F.);
#3464 = EDGE_CURVE('',#3465,#3437,#3467,.T.);
#3465 = VERTEX_POINT('',#3466);
#3466 = CARTESIAN_POINT('',(144.37666592658,0.,1.575));
#3467 = SURFACE_CURVE('',#3468,(#3473,#3480),.PCURVE_S1.);
#3468 = CIRCLE('',#3469,2.45);
#3469 = AXIS2_PLACEMENT_3D('',#3470,#3471,#3472);
#3470 = CARTESIAN_POINT('',(142.5,0.,3.15));
#3471 = DIRECTION('',(-0.,1.,0.));
#3472 = DIRECTION('',(1.,0.,0.));
#3473 = PCURVE('',#44,#3474);
#3474 = DEFINITIONAL_REPRESENTATION('',(#3475),#3479);
#3475 = CIRCLE('',#3476,2.45);
#3476 = AXIS2_PLACEMENT_2D('',#3477,#3478);
#3477 = CARTESIAN_POINT('',(3.15,142.5));
#3478 = DIRECTION('',(0.,1.));
#3479 = ( GEOMETRIC_REPRESENTATION_CONTEXT(2) 
PARAMETRIC_REPRESENTATION_CONTEXT() REPRESENTATION_CONTEXT('2D SPACE',''
  ) );
#3480 = PCURVE('',#3481,#3486);
#3481 = CYLINDRICAL_SURFACE('',#3482,2.45);
#3482 = AXIS2_PLACEMENT_3D('',#3483,#3484,#3485);
#3483 = CARTESIAN_POINT('',(142.5,200.0000008,3.15));
#3484 = DIRECTION('',(0.,1.,0.));
#3485 = DIRECTION('',(1.,0.,0.));
#3486 = DEFINITIONAL_REPRESENTATION('',(#3487),#3491);
#3487 = LINE('',#3488,#3489);
#3488 = CARTESIAN_POINT('',(-6.28318530718,-200.0000008));
#3489 = VECTOR('',#3490,1.);
#3490 = DIRECTION('',(1.,-0.));
#3491 = ( GEOMETRIC_REPRESENTATION_CONTEXT(2) 
PARAMETRIC_REPRESENTATION_CONTEXT() REPRESENTATION_CONTEXT('2D SPACE',''
  ) );
#3492 = ORIENTED_EDGE('',*,*,#3493,.T.);
#3493 = EDGE_CURVE('',#3465,#3494,#3496,.T.);
#3494 = VERTEX_POINT('',#3495);
#3495 = CARTESIAN_POINT('',(144.37666592658,0.,4.575));
#3496 = SURFACE_CURVE('',#3497,(#3501,#3508),.PCURVE_S1.);
#3497 = LINE('',#3498,#3499);
#3498 = CARTESIAN_POINT('',(144.37666592658,0.,1.575));
#3499 = VECTOR('',#3500,1.);
#3500 = DIRECTION('',(0.,0.,1.));
#3501 = PCURVE('',#44,#3502);
#3502 = DEFINITIONAL_REPRESENTATION('',(#3503),#3507);
#3503 = LINE('',#3504,#3505);
#3504 = CARTESIAN_POINT('',(1.575,144.37666592658));
#3505 = VECTOR('',#3506,1.);
#3506 = DIRECTION('',(1.,0.));
#3507 = ( GEOMETRIC_REPRESENTATION_CONTEXT(2) 
PARAMETRIC_REPRESENTATION_CONTEXT() REPRESENTATION_CONTEXT('2D SPACE',''
  ) );
#3508 = PCURVE('',#3509,#3514);
#3509 = PLANE('',#3510);
#3510 = AXIS2_PLACEMENT_3D('',#3511,#3512,#3513);
#3511 = CARTESIAN_POINT('',(144.37666592658,0.,1.575));
#3512 = DIRECTION('',(1.,0.,0.));
#3513 = DIRECTION('',(0.,0.,1.));
#3514 = DEFINITIONAL_REPRESENTATION('',(#3515),#3519);
#3515 = LINE('',#3516,#3517);
#3516 = CARTESIAN_POINT('',(0.,0.));
#3517 = VECTOR('',#3518,1.);
#3518 = DIRECTION('',(1.,0.));
#3519 = ( GEOMETRIC_REPRESENTATION_CONTEXT(2) 
PARAMETRIC_REPRESENTATION_CONTEXT() REPRESENTATION_CONTEXT('2D SPACE',''
  ) );
#3520 = ORIENTED_EDGE('',*,*,#3521,.T.);
#3521 = EDGE_CURVE('',#3494,#3522,#3524,.T.);
#3522 = VERTEX_POINT('',#3523);
#3523 = CARTESIAN_POINT('',(145.62333407341,0.,4.575));
#3524 = SURFACE_CURVE('',#3525,(#3529,#3536),.PCURVE_S1.);
#3525 = LINE('',#3526,#3527);
#3526 = CARTESIAN_POINT('',(144.37666592658,0.,4.575));
#3527 = VECTOR('',#3528,1.);
#3528 = DIRECTION('',(1.,0.,0.));
#3529 = PCURVE('',#44,#3530);
#3530 = DEFINITIONAL_REPRESENTATION('',(#3531),#3535);
#3531 = LINE('',#3532,#3533);
#3532 = CARTESIAN_POINT('',(4.575,144.37666592658));
#3533 = VECTOR('',#3534,1.);
#3534 = DIRECTION('',(0.,1.));
#3535 = ( GEOMETRIC_REPRESENTATION_CONTEXT(2) 
PARAMETRIC_REPRESENTATION_CONTEXT() REPRESENTATION_CONTEXT('2D SPACE',''
  ) );
#3536 = PCURVE('',#3537,#3542);
#3537 = PLANE('',#3538);
#3538 = AXIS2_PLACEMENT_3D('',#3539,#3540,#3541);
#3539 = CARTESIAN_POINT('',(144.37666592658,0.,4.575));
#3540 = DIRECTION('',(0.,0.,1.));
#3541 = DIRECTION('',(1.,0.,0.));
#3542 = DEFINITIONAL_REPRESENTATION('',(#3543),#3547);
#3543 = LINE('',#3544,#3545);
#3544 = CARTESIAN_POINT('',(0.,0.));
#3545 = VECTOR('',#3546,1.);
#3546 = DIRECTION('',(1.,0.));
#3547 = ( GEOMETRIC_REPRESENTATION_CONTEXT(2) 
PARAMETRIC_REPRESENTATION_CONTEXT() REPRESENTATION_CONTEXT('2D SPACE',''
  ) );
#3548 = ORIENTED_EDGE('',*,*,#3549,.F.);
#3549 = EDGE_CURVE('',#3550,#3522,#3552,.T.);
#3550 = VERTEX_POINT('',#3551);
#3551 = CARTESIAN_POINT('',(145.62333407341,0.,1.575));
#3552 = SURFACE_CURVE('',#3553,(#3557,#3564),.PCURVE_S1.);
#3553 = LINE('',#3554,#3555);
#3554 = CARTESIAN_POINT('',(145.62333407341,0.,1.575));
#3555 = VECTOR('',#3556,1.);
#3556 = DIRECTION('',(0.,0.,1.));
#3557 = PCURVE('',#44,#3558);
#3558 = DEFINITIONAL_REPRESENTATION('',(#3559),#3563);
#3559 = LINE('',#3560,#3561);
#3560 = CARTESIAN_POINT('',(1.575,145.62333407341));
#3561 = VECTOR('',#3562,1.);
#3562 = DIRECTION('',(1.,0.));
#3563 = ( GEOMETRIC_REPRESENTATION_CONTEXT(2) 
PARAMETRIC_REPRESENTATION_CONTEXT() REPRESENTATION_CONTEXT('2D SPACE',''
  ) );
#3564 = PCURVE('',#3565,#3570);
#3565 = PLANE('',#3566);
#3566 = AXIS2_PLACEMENT_3D('',#3567,#3568,#3569);
#3567 = CARTESIAN_POINT('',(145.62333407341,0.,1.575));
#3568 = DIRECTION('',(1.,0.,0.));
#3569 = DIRECTION('',(0.,0.,1.));
#3570 = DEFINITIONAL_REPRESENTATION('',(#3571),#3575);
#3571 = LINE('',#3572,#3573);
#3572 = CARTESIAN_POINT('',(0.,0.));
#3573 = VECTOR('',#3574,1.);
#3574 = DIRECTION('',(1.,0.));
#3575 = ( GEOMETRIC_REPRESENTATION_CONTEXT(2) 
PARAMETRIC_REPRESENTATION_CONTEXT() REPRESENTATION_CONTEXT('2D SPACE',''
  ) );
#3576 = ORIENTED_EDGE('',*,*,#3577,.F.);
#3577 = EDGE_CURVE('',#3578,#3550,#3580,.T.);
#3578 = VERTEX_POINT('',#3579);
#3579 = CARTESIAN_POINT('',(149.37666592658,0.,1.575));
#3580 = SURFACE_CURVE('',#3581,(#3586,#3593),.PCURVE_S1.);
#3581 = CIRCLE('',#3582,2.45);
#3582 = AXIS2_PLACEMENT_3D('',#3583,#3584,#3585);
#3583 = CARTESIAN_POINT('',(147.5,0.,3.15));
#3584 = DIRECTION('',(-0.,1.,0.));
#3585 = DIRECTION('',(1.,0.,0.));
#3586 = PCURVE('',#44,#3587);
#3587 = DEFINITIONAL_REPRESENTATION('',(#3588),#3592);
#3588 = CIRCLE('',#3589,2.45);
#3589 = AXIS2_PLACEMENT_2D('',#3590,#3591);
#3590 = CARTESIAN_POINT('',(3.15,147.5));
#3591 = DIRECTION('',(0.,1.));
#3592 = ( GEOMETRIC_REPRESENTATION_CONTEXT(2) 
PARAMETRIC_REPRESENTATION_CONTEXT() REPRESENTATION_CONTEXT('2D SPACE',''
  ) );
#3593 = PCURVE('',#3594,#3599);
#3594 = CYLINDRICAL_SURFACE('',#3595,2.45);
#3595 = AXIS2_PLACEMENT_3D('',#3596,#3597,#3598);
#3596 = CARTESIAN_POINT('',(147.5,200.0000008,3.15));
#3597 = DIRECTION('',(0.,1.,0.));
#3598 = DIRECTION('',(1.,0.,0.));
#3599 = DEFINITIONAL_REPRESENTATION('',(#3600),#3604);
#3600 = LINE('',#3601,#3602);
#3601 = CARTESIAN_POINT('',(-6.28318530718,-200.0000008));
#3602 = VECTOR('',#3603,1.);
#3603 = DIRECTION('',(1.,-0.));
#3604 = ( GEOMETRIC_REPRESENTATION_CONTEXT(2) 
PARAMETRIC_REPRESENTATION_CONTEXT() REPRESENTATION_CONTEXT('2D SPACE',''
  ) );
#3605 = ORIENTED_EDGE('',*,*,#3606,.T.);
#3606 = EDGE_CURVE('',#3578,#3607,#3609,.T.);
#3607 = VERTEX_POINT('',#3608);
#3608 = CARTESIAN_POINT('',(149.37666592658,0.,4.575));
#3609 = SURFACE_CURVE('',#3610,(#3614,#3621),.PCURVE_S1.);
#3610 = LINE('',#3611,#3612);
#3611 = CARTESIAN_POINT('',(149.37666592658,0.,1.575));
#3612 = VECTOR('',#3613,1.);
#3613 = DIRECTION('',(0.,0.,1.));
#3614 = PCURVE('',#44,#3615);
#3615 = DEFINITIONAL_REPRESENTATION('',(#3616),#3620);
#3616 = LINE('',#3617,#3618);
#3617 = CARTESIAN_POINT('',(1.575,149.37666592658));
#3618 = VECTOR('',#3619,1.);
#3619 = DIRECTION('',(1.,0.));
#3620 = ( GEOMETRIC_REPRESENTATION_CONTEXT(2) 
PARAMETRIC_REPRESENTATION_CONTEXT() REPRESENTATION_CONTEXT('2D SPACE',''
  ) );
#3621 = PCURVE('',#3622,#3627);
#3622 = PLANE('',#3623);
#3623 = AXIS2_PLACEMENT_3D('',#3624,#3625,#3626);
#3624 = CARTESIAN_POINT('',(149.37666592658,0.,1.575));
#3625 = DIRECTION('',(1.,0.,0.));
#3626 = DIRECTION('',(0.,0.,1.));
#3627 = DEFINITIONAL_REPRESENTATION('',(#3628),#3632);
#3628 = LINE('',#3629,#3630);
#3629 = CARTESIAN_POINT('',(0.,0.));
#3630 = VECTOR('',#3631,1.);
#3631 = DIRECTION('',(1.,0.));
#3632 = ( GEOMETRIC_REPRESENTATION_CONTEXT(2) 
PARAMETRIC_REPRESENTATION_CONTEXT() REPRESENTATION_CONTEXT('2D SPACE',''
  ) );
#3633 = ORIENTED_EDGE('',*,*,#3634,.T.);
#3634 = EDGE_CURVE('',#3607,#3635,#3637,.T.);
#3635 = VERTEX_POINT('',#3636);
#3636 = CARTESIAN_POINT('',(150.62333407341,0.,4.575));
#3637 = SURFACE_CURVE('',#3638,(#3642,#3649),.PCURVE_S1.);
#3638 = LINE('',#3639,#3640);
#3639 = CARTESIAN_POINT('',(149.37666592658,0.,4.575));
#3640 = VECTOR('',#3641,1.);
#3641 = DIRECTION('',(1.,0.,0.));
#3642 = PCURVE('',#44,#3643);
#3643 = DEFINITIONAL_REPRESENTATION('',(#3644),#3648);
#3644 = LINE('',#3645,#3646);
#3645 = CARTESIAN_POINT('',(4.575,149.37666592658));
#3646 = VECTOR('',#3647,1.);
#3647 = DIRECTION('',(0.,1.));
#3648 = ( GEOMETRIC_REPRESENTATION_CONTEXT(2) 
PARAMETRIC_REPRESENTATION_CONTEXT() REPRESENTATION_CONTEXT('2D SPACE',''
  ) );
#3649 = PCURVE('',#3650,#3655);
#3650 = PLANE('',#3651);
#3651 = AXIS2_PLACEMENT_3D('',#3652,#3653,#3654);
#3652 = CARTESIAN_POINT('',(149.37666592658,0.,4.575));
#3653 = DIRECTION('',(0.,0.,1.));
#3654 = DIRECTION('',(1.,0.,0.));
#3655 = DEFINITIONAL_REPRESENTATION('',(#3656),#3660);
#3656 = LINE('',#3657,#3658);
#3657 = CARTESIAN_POINT('',(0.,0.));
#3658 = VECTOR('',#3659,1.);
#3659 = DIRECTION('',(1.,0.));
#3660 = ( GEOMETRIC_REPRESENTATION_CONTEXT(2) 
PARAMETRIC_REPRESENTATION_CONTEXT() REPRESENTATION_CONTEXT('2D SPACE',''
  ) );
#3661 = ORIENTED_EDGE('',*,*,#3662,.F.);
#3662 = EDGE_CURVE('',#3663,#3635,#3665,.T.);
#3663 = VERTEX_POINT('',#3664);
#3664 = CARTESIAN_POINT('',(150.62333407341,0.,1.575));
#3665 = SURFACE_CURVE('',#3666,(#3670,#3677),.PCURVE_S1.);
#3666 = LINE('',#3667,#3668);
#3667 = CARTESIAN_POINT('',(150.62333407341,0.,1.575));
#3668 = VECTOR('',#3669,1.);
#3669 = DIRECTION('',(0.,0.,1.));
#3670 = PCURVE('',#44,#3671);
#3671 = DEFINITIONAL_REPRESENTATION('',(#3672),#3676);
#3672 = LINE('',#3673,#3674);
#3673 = CARTESIAN_POINT('',(1.575,150.62333407341));
#3674 = VECTOR('',#3675,1.);
#3675 = DIRECTION('',(1.,0.));
#3676 = ( GEOMETRIC_REPRESENTATION_CONTEXT(2) 
PARAMETRIC_REPRESENTATION_CONTEXT() REPRESENTATION_CONTEXT('2D SPACE',''
  ) );
#3677 = PCURVE('',#3678,#3683);
#3678 = PLANE('',#3679);
#3679 = AXIS2_PLACEMENT_3D('',#3680,#3681,#3682);
#3680 = CARTESIAN_POINT('',(150.62333407341,0.,1.575));
#3681 = DIRECTION('',(1.,0.,0.));
#3682 = DIRECTION('',(0.,0.,1.));
#3683 = DEFINITIONAL_REPRESENTATION('',(#3684),#3688);
#3684 = LINE('',#3685,#3686);
#3685 = CARTESIAN_POINT('',(0.,0.));
#3686 = VECTOR('',#3687,1.);
#3687 = DIRECTION('',(1.,0.));
#3688 = ( GEOMETRIC_REPRESENTATION_CONTEXT(2) 
PARAMETRIC_REPRESENTATION_CONTEXT() REPRESENTATION_CONTEXT('2D SPACE',''
  ) );
#3689 = ORIENTED_EDGE('',*,*,#3690,.F.);
#3690 = EDGE_CURVE('',#3691,#3663,#3693,.T.);
#3691 = VERTEX_POINT('',#3692);
#3692 = CARTESIAN_POINT('',(154.37666592658,0.,1.575));
#3693 = SURFACE_CURVE('',#3694,(#3699,#3706),.PCURVE_S1.);
#3694 = CIRCLE('',#3695,2.45);
#3695 = AXIS2_PLACEMENT_3D('',#3696,#3697,#3698);
#3696 = CARTESIAN_POINT('',(152.5,0.,3.15));
#3697 = DIRECTION('',(-0.,1.,0.));
#3698 = DIRECTION('',(1.,0.,0.));
#3699 = PCURVE('',#44,#3700);
#3700 = DEFINITIONAL_REPRESENTATION('',(#3701),#3705);
#3701 = CIRCLE('',#3702,2.45);
#3702 = AXIS2_PLACEMENT_2D('',#3703,#3704);
#3703 = CARTESIAN_POINT('',(3.15,152.5));
#3704 = DIRECTION('',(0.,1.));
#3705 = ( GEOMETRIC_REPRESENTATION_CONTEXT(2) 
PARAMETRIC_REPRESENTATION_CONTEXT() REPRESENTATION_CONTEXT('2D SPACE',''
  ) );
#3706 = PCURVE('',#3707,#3712);
#3707 = CYLINDRICAL_SURFACE('',#3708,2.45);
#3708 = AXIS2_PLACEMENT_3D('',#3709,#3710,#3711);
#3709 = CARTESIAN_POINT('',(152.5,200.0000008,3.15));
#3710 = DIRECTION('',(0.,1.,0.));
#3711 = DIRECTION('',(1.,0.,0.));
#3712 = DEFINITIONAL_REPRESENTATION('',(#3713),#3717);
#3713 = LINE('',#3714,#3715);
#3714 = CARTESIAN_POINT('',(-6.28318530718,-200.0000008));
#3715 = VECTOR('',#3716,1.);
#3716 = DIRECTION('',(1.,-0.));
#3717 = ( GEOMETRIC_REPRESENTATION_CONTEXT(2) 
PARAMETRIC_REPRESENTATION_CONTEXT() REPRESENTATION_CONTEXT('2D SPACE',''
  ) );
#3718 = ORIENTED_EDGE('',*,*,#3719,.T.);
#3719 = EDGE_CURVE('',#3691,#3720,#3722,.T.);
#3720 = VERTEX_POINT('',#3721);
#3721 = CARTESIAN_POINT('',(154.37666592658,0.,4.575));
#3722 = SURFACE_CURVE('',#3723,(#3727,#3734),.PCURVE_S1.);
#3723 = LINE('',#3724,#3725);
#3724 = CARTESIAN_POINT('',(154.37666592658,0.,1.575));
#3725 = VECTOR('',#3726,1.);
#3726 = DIRECTION('',(0.,0.,1.));
#3727 = PCURVE('',#44,#3728);
#3728 = DEFINITIONAL_REPRESENTATION('',(#3729),#3733);
#3729 = LINE('',#3730,#3731);
#3730 = CARTESIAN_POINT('',(1.575,154.37666592658));
#3731 = VECTOR('',#3732,1.);
#3732 = DIRECTION('',(1.,0.));
#3733 = ( GEOMETRIC_REPRESENTATION_CONTEXT(2) 
PARAMETRIC_REPRESENTATION_CONTEXT() REPRESENTATION_CONTEXT('2D SPACE',''
  ) );
#3734 = PCURVE('',#3735,#3740);
#3735 = PLANE('',#3736);
#3736 = AXIS2_PLACEMENT_3D('',#3737,#3738,#3739);
#3737 = CARTESIAN_POINT('',(154.37666592658,0.,1.575));
#3738 = DIRECTION('',(1.,0.,0.));
#3739 = DIRECTION('',(0.,0.,1.));
#3740 = DEFINITIONAL_REPRESENTATION('',(#3741),#3745);
#3741 = LINE('',#3742,#3743);
#3742 = CARTESIAN_POINT('',(0.,0.));
#3743 = VECTOR('',#3744,1.);
#3744 = DIRECTION('',(1.,0.));
#3745 = ( GEOMETRIC_REPRESENTATION_CONTEXT(2) 
PARAMETRIC_REPRESENTATION_CONTEXT() REPRESENTATION_CONTEXT('2D SPACE',''
  ) );
#3746 = ORIENTED_EDGE('',*,*,#3747,.T.);
#3747 = EDGE_CURVE('',#3720,#3748,#3750,.T.);
#3748 = VERTEX_POINT('',#3749);
#3749 = CARTESIAN_POINT('',(155.62333407341,0.,4.575));
#3750 = SURFACE_CURVE('',#3751,(#3755,#3762),.PCURVE_S1.);
#3751 = LINE('',#3752,#3753);
#3752 = CARTESIAN_POINT('',(154.37666592658,0.,4.575));
#3753 = VECTOR('',#3754,1.);
#3754 = DIRECTION('',(1.,0.,0.));
#3755 = PCURVE('',#44,#3756);
#3756 = DEFINITIONAL_REPRESENTATION('',(#3757),#3761);
#3757 = LINE('',#3758,#3759);
#3758 = CARTESIAN_POINT('',(4.575,154.37666592658));
#3759 = VECTOR('',#3760,1.);
#3760 = DIRECTION('',(0.,1.));
#3761 = ( GEOMETRIC_REPRESENTATION_CONTEXT(2) 
PARAMETRIC_REPRESENTATION_CONTEXT() REPRESENTATION_CONTEXT('2D SPACE',''
  ) );
#3762 = PCURVE('',#3763,#3768);
#3763 = PLANE('',#3764);
#3764 = AXIS2_PLACEMENT_3D('',#3765,#3766,#3767);
#3765 = CARTESIAN_POINT('',(154.37666592658,0.,4.575));
#3766 = DIRECTION('',(0.,0.,1.));
#3767 = DIRECTION('',(1.,0.,0.));
#3768 = DEFINITIONAL_REPRESENTATION('',(#3769),#3773);
#3769 = LINE('',#3770,#3771);
#3770 = CARTESIAN_POINT('',(0.,0.));
#3771 = VECTOR('',#3772,1.);
#3772 = DIRECTION('',(1.,0.));
#3773 = ( GEOMETRIC_REPRESENTATION_CONTEXT(2) 
PARAMETRIC_REPRESENTATION_CONTEXT() REPRESENTATION_CONTEXT('2D SPACE',''
  ) );
#3774 = ORIENTED_EDGE('',*,*,#3775,.F.);
#3775 = EDGE_CURVE('',#3776,#3748,#3778,.T.);
#3776 = VERTEX_POINT('',#3777);
#3777 = CARTESIAN_POINT('',(155.62333407341,0.,1.575));
#3778 = SURFACE_CURVE('',#3779,(#3783,#3790),.PCURVE_S1.);
#3779 = LINE('',#3780,#3781);
#3780 = CARTESIAN_POINT('',(155.62333407341,0.,1.575));
#3781 = VECTOR('',#3782,1.);
#3782 = DIRECTION('',(0.,0.,1.));
#3783 = PCURVE('',#44,#3784);
#3784 = DEFINITIONAL_REPRESENTATION('',(#3785),#3789);
#3785 = LINE('',#3786,#3787);
#3786 = CARTESIAN_POINT('',(1.575,155.62333407341));
#3787 = VECTOR('',#3788,1.);
#3788 = DIRECTION('',(1.,0.));
#3789 = ( GEOMETRIC_REPRESENTATION_CONTEXT(2) 
PARAMETRIC_REPRESENTATION_CONTEXT() REPRESENTATION_CONTEXT('2D SPACE',''
  ) );
#3790 = PCURVE('',#3791,#3796);
#3791 = PLANE('',#3792);
#3792 = AXIS2_PLACEMENT_3D('',#3793,#3794,#3795);
#3793 = CARTESIAN_POINT('',(155.62333407341,0.,1.575));
#3794 = DIRECTION('',(1.,0.,0.));
#3795 = DIRECTION('',(0.,0.,1.));
#3796 = DEFINITIONAL_REPRESENTATION('',(#3797),#3801);
#3797 = LINE('',#3798,#3799);
#3798 = CARTESIAN_POINT('',(0.,0.));
#3799 = VECTOR('',#3800,1.);
#3800 = DIRECTION('',(1.,0.));
#3801 = ( GEOMETRIC_REPRESENTATION_CONTEXT(2) 
PARAMETRIC_REPRESENTATION_CONTEXT() REPRESENTATION_CONTEXT('2D SPACE',''
  ) );
#3802 = ORIENTED_EDGE('',*,*,#3803,.F.);
#3803 = EDGE_CURVE('',#3804,#3776,#3806,.T.);
#3804 = VERTEX_POINT('',#3805);
#3805 = CARTESIAN_POINT('',(159.37666592658,0.,1.575));
#3806 = SURFACE_CURVE('',#3807,(#3812,#3819),.PCURVE_S1.);
#3807 = CIRCLE('',#3808,2.45);
#3808 = AXIS2_PLACEMENT_3D('',#3809,#3810,#3811);
#3809 = CARTESIAN_POINT('',(157.5,0.,3.15));
#3810 = DIRECTION('',(-0.,1.,0.));
#3811 = DIRECTION('',(1.,0.,0.));
#3812 = PCURVE('',#44,#3813);
#3813 = DEFINITIONAL_REPRESENTATION('',(#3814),#3818);
#3814 = CIRCLE('',#3815,2.45);
#3815 = AXIS2_PLACEMENT_2D('',#3816,#3817);
#3816 = CARTESIAN_POINT('',(3.15,157.5));
#3817 = DIRECTION('',(0.,1.));
#3818 = ( GEOMETRIC_REPRESENTATION_CONTEXT(2) 
PARAMETRIC_REPRESENTATION_CONTEXT() REPRESENTATION_CONTEXT('2D SPACE',''
  ) );
#3819 = PCURVE('',#3820,#3825);
#3820 = CYLINDRICAL_SURFACE('',#3821,2.45);
#3821 = AXIS2_PLACEMENT_3D('',#3822,#3823,#3824);
#3822 = CARTESIAN_POINT('',(157.5,200.0000008,3.15));
#3823 = DIRECTION('',(0.,1.,0.));
#3824 = DIRECTION('',(1.,0.,0.));
#3825 = DEFINITIONAL_REPRESENTATION('',(#3826),#3830);
#3826 = LINE('',#3827,#3828);
#3827 = CARTESIAN_POINT('',(-6.28318530718,-200.0000008));
#3828 = VECTOR('',#3829,1.);
#3829 = DIRECTION('',(1.,-0.));
#3830 = ( GEOMETRIC_REPRESENTATION_CONTEXT(2) 
PARAMETRIC_REPRESENTATION_CONTEXT() REPRESENTATION_CONTEXT('2D SPACE',''
  ) );
#3831 = ORIENTED_EDGE('',*,*,#3832,.T.);
#3832 = EDGE_CURVE('',#3804,#3833,#3835,.T.);
#3833 = VERTEX_POINT('',#3834);
#3834 = CARTESIAN_POINT('',(159.37666592658,0.,4.575));
#3835 = SURFACE_CURVE('',#3836,(#3840,#3847),.PCURVE_S1.);
#3836 = LINE('',#3837,#3838);
#3837 = CARTESIAN_POINT('',(159.37666592658,0.,1.575));
#3838 = VECTOR('',#3839,1.);
#3839 = DIRECTION('',(0.,0.,1.));
#3840 = PCURVE('',#44,#3841);
#3841 = DEFINITIONAL_REPRESENTATION('',(#3842),#3846);
#3842 = LINE('',#3843,#3844);
#3843 = CARTESIAN_POINT('',(1.575,159.37666592658));
#3844 = VECTOR('',#3845,1.);
#3845 = DIRECTION('',(1.,0.));
#3846 = ( GEOMETRIC_REPRESENTATION_CONTEXT(2) 
PARAMETRIC_REPRESENTATION_CONTEXT() REPRESENTATION_CONTEXT('2D SPACE',''
  ) );
#3847 = PCURVE('',#3848,#3853);
#3848 = PLANE('',#3849);
#3849 = AXIS2_PLACEMENT_3D('',#3850,#3851,#3852);
#3850 = CARTESIAN_POINT('',(159.37666592658,0.,1.575));
#3851 = DIRECTION('',(1.,0.,0.));
#3852 = DIRECTION('',(0.,0.,1.));
#3853 = DEFINITIONAL_REPRESENTATION('',(#3854),#3858);
#3854 = LINE('',#3855,#3856);
#3855 = CARTESIAN_POINT('',(0.,0.));
#3856 = VECTOR('',#3857,1.);
#3857 = DIRECTION('',(1.,0.));
#3858 = ( GEOMETRIC_REPRESENTATION_CONTEXT(2) 
PARAMETRIC_REPRESENTATION_CONTEXT() REPRESENTATION_CONTEXT('2D SPACE',''
  ) );
#3859 = ORIENTED_EDGE('',*,*,#3860,.T.);
#3860 = EDGE_CURVE('',#3833,#3861,#3863,.T.);
#3861 = VERTEX_POINT('',#3862);
#3862 = CARTESIAN_POINT('',(160.62333407341,0.,4.575));
#3863 = SURFACE_CURVE('',#3864,(#3868,#3875),.PCURVE_S1.);
#3864 = LINE('',#3865,#3866);
#3865 = CARTESIAN_POINT('',(159.37666592658,0.,4.575));
#3866 = VECTOR('',#3867,1.);
#3867 = DIRECTION('',(1.,0.,0.));
#3868 = PCURVE('',#44,#3869);
#3869 = DEFINITIONAL_REPRESENTATION('',(#3870),#3874);
#3870 = LINE('',#3871,#3872);
#3871 = CARTESIAN_POINT('',(4.575,159.37666592658));
#3872 = VECTOR('',#3873,1.);
#3873 = DIRECTION('',(0.,1.));
#3874 = ( GEOMETRIC_REPRESENTATION_CONTEXT(2) 
PARAMETRIC_REPRESENTATION_CONTEXT() REPRESENTATION_CONTEXT('2D SPACE',''
  ) );
#3875 = PCURVE('',#3876,#3881);
#3876 = PLANE('',#3877);
#3877 = AXIS2_PLACEMENT_3D('',#3878,#3879,#3880);
#3878 = CARTESIAN_POINT('',(159.37666592658,0.,4.575));
#3879 = DIRECTION('',(0.,0.,1.));
#3880 = DIRECTION('',(1.,0.,0.));
#3881 = DEFINITIONAL_REPRESENTATION('',(#3882),#3886);
#3882 = LINE('',#3883,#3884);
#3883 = CARTESIAN_POINT('',(0.,0.));
#3884 = VECTOR('',#3885,1.);
#3885 = DIRECTION('',(1.,0.));
#3886 = ( GEOMETRIC_REPRESENTATION_CONTEXT(2) 
PARAMETRIC_REPRESENTATION_CONTEXT() REPRESENTATION_CONTEXT('2D SPACE',''
  ) );
#3887 = ORIENTED_EDGE('',*,*,#3888,.F.);
#3888 = EDGE_CURVE('',#3889,#3861,#3891,.T.);
#3889 = VERTEX_POINT('',#3890);
#3890 = CARTESIAN_POINT('',(160.62333407341,0.,1.575));
#3891 = SURFACE_CURVE('',#3892,(#3896,#3903),.PCURVE_S1.);
#3892 = LINE('',#3893,#3894);
#3893 = CARTESIAN_POINT('',(160.62333407341,0.,1.575));
#3894 = VECTOR('',#3895,1.);
#3895 = DIRECTION('',(0.,0.,1.));
#3896 = PCURVE('',#44,#3897);
#3897 = DEFINITIONAL_REPRESENTATION('',(#3898),#3902);
#3898 = LINE('',#3899,#3900);
#3899 = CARTESIAN_POINT('',(1.575,160.62333407341));
#3900 = VECTOR('',#3901,1.);
#3901 = DIRECTION('',(1.,0.));
#3902 = ( GEOMETRIC_REPRESENTATION_CONTEXT(2) 
PARAMETRIC_REPRESENTATION_CONTEXT() REPRESENTATION_CONTEXT('2D SPACE',''
  ) );
#3903 = PCURVE('',#3904,#3909);
#3904 = PLANE('',#3905);
#3905 = AXIS2_PLACEMENT_3D('',#3906,#3907,#3908);
#3906 = CARTESIAN_POINT('',(160.62333407341,0.,1.575));
#3907 = DIRECTION('',(1.,0.,0.));
#3908 = DIRECTION('',(0.,0.,1.));
#3909 = DEFINITIONAL_REPRESENTATION('',(#3910),#3914);
#3910 = LINE('',#3911,#3912);
#3911 = CARTESIAN_POINT('',(0.,0.));
#3912 = VECTOR('',#3913,1.);
#3913 = DIRECTION('',(1.,0.));
#3914 = ( GEOMETRIC_REPRESENTATION_CONTEXT(2) 
PARAMETRIC_REPRESENTATION_CONTEXT() REPRESENTATION_CONTEXT('2D SPACE',''
  ) );
#3915 = ORIENTED_EDGE('',*,*,#3916,.F.);
#3916 = EDGE_CURVE('',#3917,#3889,#3919,.T.);
#3917 = VERTEX_POINT('',#3918);
#3918 = CARTESIAN_POINT('',(164.37666592658,0.,1.575));
#3919 = SURFACE_CURVE('',#3920,(#3925,#3932),.PCURVE_S1.);
#3920 = CIRCLE('',#3921,2.45);
#3921 = AXIS2_PLACEMENT_3D('',#3922,#3923,#3924);
#3922 = CARTESIAN_POINT('',(162.5,0.,3.15));
#3923 = DIRECTION('',(-0.,1.,0.));
#3924 = DIRECTION('',(1.,0.,0.));
#3925 = PCURVE('',#44,#3926);
#3926 = DEFINITIONAL_REPRESENTATION('',(#3927),#3931);
#3927 = CIRCLE('',#3928,2.45);
#3928 = AXIS2_PLACEMENT_2D('',#3929,#3930);
#3929 = CARTESIAN_POINT('',(3.15,162.5));
#3930 = DIRECTION('',(0.,1.));
#3931 = ( GEOMETRIC_REPRESENTATION_CONTEXT(2) 
PARAMETRIC_REPRESENTATION_CONTEXT() REPRESENTATION_CONTEXT('2D SPACE',''
  ) );
#3932 = PCURVE('',#3933,#3938);
#3933 = CYLINDRICAL_SURFACE('',#3934,2.45);
#3934 = AXIS2_PLACEMENT_3D('',#3935,#3936,#3937);
#3935 = CARTESIAN_POINT('',(162.5,200.0000008,3.15));
#3936 = DIRECTION('',(0.,1.,0.));
#3937 = DIRECTION('',(1.,0.,0.));
#3938 = DEFINITIONAL_REPRESENTATION('',(#3939),#3943);
#3939 = LINE('',#3940,#3941);
#3940 = CARTESIAN_POINT('',(-6.28318530718,-200.0000008));
#3941 = VECTOR('',#3942,1.);
#3942 = DIRECTION('',(1.,-0.));
#3943 = ( GEOMETRIC_REPRESENTATION_CONTEXT(2) 
PARAMETRIC_REPRESENTATION_CONTEXT() REPRESENTATION_CONTEXT('2D SPACE',''
  ) );
#3944 = ORIENTED_EDGE('',*,*,#3945,.T.);
#3945 = EDGE_CURVE('',#3917,#3946,#3948,.T.);
#3946 = VERTEX_POINT('',#3947);
#3947 = CARTESIAN_POINT('',(164.37666592658,0.,4.575));
#3948 = SURFACE_CURVE('',#3949,(#3953,#3960),.PCURVE_S1.);
#3949 = LINE('',#3950,#3951);
#3950 = CARTESIAN_POINT('',(164.37666592658,0.,1.575));
#3951 = VECTOR('',#3952,1.);
#3952 = DIRECTION('',(0.,0.,1.));
#3953 = PCURVE('',#44,#3954);
#3954 = DEFINITIONAL_REPRESENTATION('',(#3955),#3959);
#3955 = LINE('',#3956,#3957);
#3956 = CARTESIAN_POINT('',(1.575,164.37666592658));
#3957 = VECTOR('',#3958,1.);
#3958 = DIRECTION('',(1.,0.));
#3959 = ( GEOMETRIC_REPRESENTATION_CONTEXT(2) 
PARAMETRIC_REPRESENTATION_CONTEXT() REPRESENTATION_CONTEXT('2D SPACE',''
  ) );
#3960 = PCURVE('',#3961,#3966);
#3961 = PLANE('',#3962);
#3962 = AXIS2_PLACEMENT_3D('',#3963,#3964,#3965);
#3963 = CARTESIAN_POINT('',(164.37666592658,0.,1.575));
#3964 = DIRECTION('',(1.,0.,0.));
#3965 = DIRECTION('',(0.,0.,1.));
#3966 = DEFINITIONAL_REPRESENTATION('',(#3967),#3971);
#3967 = LINE('',#3968,#3969);
#3968 = CARTESIAN_POINT('',(0.,0.));
#3969 = VECTOR('',#3970,1.);
#3970 = DIRECTION('',(1.,0.));
#3971 = ( GEOMETRIC_REPRESENTATION_CONTEXT(2) 
PARAMETRIC_REPRESENTATION_CONTEXT() REPRESENTATION_CONTEXT('2D SPACE',''
  ) );
#3972 = ORIENTED_EDGE('',*,*,#3973,.T.);
#3973 = EDGE_CURVE('',#3946,#3974,#3976,.T.);
#3974 = VERTEX_POINT('',#3975);
#3975 = CARTESIAN_POINT('',(165.62333407341,0.,4.575));
#3976 = SURFACE_CURVE('',#3977,(#3981,#3988),.PCURVE_S1.);
#3977 = LINE('',#3978,#3979);
#3978 = CARTESIAN_POINT('',(164.37666592658,0.,4.575));
#3979 = VECTOR('',#3980,1.);
#3980 = DIRECTION('',(1.,0.,0.));
#3981 = PCURVE('',#44,#3982);
#3982 = DEFINITIONAL_REPRESENTATION('',(#3983),#3987);
#3983 = LINE('',#3984,#3985);
#3984 = CARTESIAN_POINT('',(4.575,164.37666592658));
#3985 = VECTOR('',#3986,1.);
#3986 = DIRECTION('',(0.,1.));
#3987 = ( GEOMETRIC_REPRESENTATION_CONTEXT(2) 
PARAMETRIC_REPRESENTATION_CONTEXT() REPRESENTATION_CONTEXT('2D SPACE',''
  ) );
#3988 = PCURVE('',#3989,#3994);
#3989 = PLANE('',#3990);
#3990 = AXIS2_PLACEMENT_3D('',#3991,#3992,#3993);
#3991 = CARTESIAN_POINT('',(164.37666592658,0.,4.575));
#3992 = DIRECTION('',(0.,0.,1.));
#3993 = DIRECTION('',(1.,0.,0.));
#3994 = DEFINITIONAL_REPRESENTATION('',(#3995),#3999);
#3995 = LINE('',#3996,#3997);
#3996 = CARTESIAN_POINT('',(0.,0.));
#3997 = VECTOR('',#3998,1.);
#3998 = DIRECTION('',(1.,0.));
#3999 = ( GEOMETRIC_REPRESENTATION_CONTEXT(2) 
PARAMETRIC_REPRESENTATION_CONTEXT() REPRESENTATION_CONTEXT('2D SPACE',''
  ) );
#4000 = ORIENTED_EDGE('',*,*,#4001,.F.);
#4001 = EDGE_CURVE('',#4002,#3974,#4004,.T.);
#4002 = VERTEX_POINT('',#4003);
#4003 = CARTESIAN_POINT('',(165.62333407341,0.,1.575));
#4004 = SURFACE_CURVE('',#4005,(#4009,#4016),.PCURVE_S1.);
#4005 = LINE('',#4006,#4007);
#4006 = CARTESIAN_POINT('',(165.62333407341,0.,1.575));
#4007 = VECTOR('',#4008,1.);
#4008 = DIRECTION('',(0.,0.,1.));
#4009 = PCURVE('',#44,#4010);
#4010 = DEFINITIONAL_REPRESENTATION('',(#4011),#4015);
#4011 = LINE('',#4012,#4013);
#4012 = CARTESIAN_POINT('',(1.575,165.62333407341));
#4013 = VECTOR('',#4014,1.);
#4014 = DIRECTION('',(1.,0.));
#4015 = ( GEOMETRIC_REPRESENTATION_CONTEXT(2) 
PARAMETRIC_REPRESENTATION_CONTEXT() REPRESENTATION_CONTEXT('2D SPACE',''
  ) );
#4016 = PCURVE('',#4017,#4022);
#4017 = PLANE('',#4018);
#4018 = AXIS2_PLACEMENT_3D('',#4019,#4020,#4021);
#4019 = CARTESIAN_POINT('',(165.62333407341,0.,1.575));
#4020 = DIRECTION('',(1.,0.,0.));
#4021 = DIRECTION('',(0.,0.,1.));
#4022 = DEFINITIONAL_REPRESENTATION('',(#4023),#4027);
#4023 = LINE('',#4024,#4025);
#4024 = CARTESIAN_POINT('',(0.,0.));
#4025 = VECTOR('',#4026,1.);
#4026 = DIRECTION('',(1.,0.));
#4027 = ( GEOMETRIC_REPRESENTATION_CONTEXT(2) 
PARAMETRIC_REPRESENTATION_CONTEXT() REPRESENTATION_CONTEXT('2D SPACE',''
  ) );
#4028 = ORIENTED_EDGE('',*,*,#4029,.F.);
#4029 = EDGE_CURVE('',#4030,#4002,#4032,.T.);
#4030 = VERTEX_POINT('',#4031);
#4031 = CARTESIAN_POINT('',(169.37666592658,0.,1.575));
#4032 = SURFACE_CURVE('',#4033,(#4038,#4045),.PCURVE_S1.);
#4033 = CIRCLE('',#4034,2.45);
#4034 = AXIS2_PLACEMENT_3D('',#4035,#4036,#4037);
#4035 = CARTESIAN_POINT('',(167.5,0.,3.15));
#4036 = DIRECTION('',(-0.,1.,0.));
#4037 = DIRECTION('',(1.,0.,0.));
#4038 = PCURVE('',#44,#4039);
#4039 = DEFINITIONAL_REPRESENTATION('',(#4040),#4044);
#4040 = CIRCLE('',#4041,2.45);
#4041 = AXIS2_PLACEMENT_2D('',#4042,#4043);
#4042 = CARTESIAN_POINT('',(3.15,167.5));
#4043 = DIRECTION('',(0.,1.));
#4044 = ( GEOMETRIC_REPRESENTATION_CONTEXT(2) 
PARAMETRIC_REPRESENTATION_CONTEXT() REPRESENTATION_CONTEXT('2D SPACE',''
  ) );
#4045 = PCURVE('',#4046,#4051);
#4046 = CYLINDRICAL_SURFACE('',#4047,2.45);
#4047 = AXIS2_PLACEMENT_3D('',#4048,#4049,#4050);
#4048 = CARTESIAN_POINT('',(167.5,200.0000008,3.15));
#4049 = DIRECTION('',(0.,1.,0.));
#4050 = DIRECTION('',(1.,0.,0.));
#4051 = DEFINITIONAL_REPRESENTATION('',(#4052),#4056);
#4052 = LINE('',#4053,#4054);
#4053 = CARTESIAN_POINT('',(-6.28318530718,-200.0000008));
#4054 = VECTOR('',#4055,1.);
#4055 = DIRECTION('',(1.,-0.));
#4056 = ( GEOMETRIC_REPRESENTATION_CONTEXT(2) 
PARAMETRIC_REPRESENTATION_CONTEXT() REPRESENTATION_CONTEXT('2D SPACE',''
  ) );
#4057 = ORIENTED_EDGE('',*,*,#4058,.T.);
#4058 = EDGE_CURVE('',#4030,#4059,#4061,.T.);
#4059 = VERTEX_POINT('',#4060);
#4060 = CARTESIAN_POINT('',(169.37666592658,0.,4.575));
#4061 = SURFACE_CURVE('',#4062,(#4066,#4073),.PCURVE_S1.);
#4062 = LINE('',#4063,#4064);
#4063 = CARTESIAN_POINT('',(169.37666592658,0.,1.575));
#4064 = VECTOR('',#4065,1.);
#4065 = DIRECTION('',(0.,0.,1.));
#4066 = PCURVE('',#44,#4067);
#4067 = DEFINITIONAL_REPRESENTATION('',(#4068),#4072);
#4068 = LINE('',#4069,#4070);
#4069 = CARTESIAN_POINT('',(1.575,169.37666592658));
#4070 = VECTOR('',#4071,1.);
#4071 = DIRECTION('',(1.,0.));
#4072 = ( GEOMETRIC_REPRESENTATION_CONTEXT(2) 
PARAMETRIC_REPRESENTATION_CONTEXT() REPRESENTATION_CONTEXT('2D SPACE',''
  ) );
#4073 = PCURVE('',#4074,#4079);
#4074 = PLANE('',#4075);
#4075 = AXIS2_PLACEMENT_3D('',#4076,#4077,#4078);
#4076 = CARTESIAN_POINT('',(169.37666592658,0.,1.575));
#4077 = DIRECTION('',(1.,0.,0.));
#4078 = DIRECTION('',(0.,0.,1.));
#4079 = DEFINITIONAL_REPRESENTATION('',(#4080),#4084);
#4080 = LINE('',#4081,#4082);
#4081 = CARTESIAN_POINT('',(0.,0.));
#4082 = VECTOR('',#4083,1.);
#4083 = DIRECTION('',(1.,0.));
#4084 = ( GEOMETRIC_REPRESENTATION_CONTEXT(2) 
PARAMETRIC_REPRESENTATION_CONTEXT() REPRESENTATION_CONTEXT('2D SPACE',''
  ) );
#4085 = ORIENTED_EDGE('',*,*,#4086,.T.);
#4086 = EDGE_CURVE('',#4059,#4087,#4089,.T.);
#4087 = VERTEX_POINT('',#4088);
#4088 = CARTESIAN_POINT('',(170.62333407341,0.,4.575));
#4089 = SURFACE_CURVE('',#4090,(#4094,#4101),.PCURVE_S1.);
#4090 = LINE('',#4091,#4092);
#4091 = CARTESIAN_POINT('',(169.37666592658,0.,4.575));
#4092 = VECTOR('',#4093,1.);
#4093 = DIRECTION('',(1.,0.,0.));
#4094 = PCURVE('',#44,#4095);
#4095 = DEFINITIONAL_REPRESENTATION('',(#4096),#4100);
#4096 = LINE('',#4097,#4098);
#4097 = CARTESIAN_POINT('',(4.575,169.37666592658));
#4098 = VECTOR('',#4099,1.);
#4099 = DIRECTION('',(0.,1.));
#4100 = ( GEOMETRIC_REPRESENTATION_CONTEXT(2) 
PARAMETRIC_REPRESENTATION_CONTEXT() REPRESENTATION_CONTEXT('2D SPACE',''
  ) );
#4101 = PCURVE('',#4102,#4107);
#4102 = PLANE('',#4103);
#4103 = AXIS2_PLACEMENT_3D('',#4104,#4105,#4106);
#4104 = CARTESIAN_POINT('',(169.37666592658,0.,4.575));
#4105 = DIRECTION('',(0.,0.,1.));
#4106 = DIRECTION('',(1.,0.,0.));
#4107 = DEFINITIONAL_REPRESENTATION('',(#4108),#4112);
#4108 = LINE('',#4109,#4110);
#4109 = CARTESIAN_POINT('',(0.,0.));
#4110 = VECTOR('',#4111,1.);
#4111 = DIRECTION('',(1.,0.));
#4112 = ( GEOMETRIC_REPRESENTATION_CONTEXT(2) 
PARAMETRIC_REPRESENTATION_CONTEXT() REPRESENTATION_CONTEXT('2D SPACE',''
  ) );
#4113 = ORIENTED_EDGE('',*,*,#4114,.F.);
#4114 = EDGE_CURVE('',#4115,#4087,#4117,.T.);
#4115 = VERTEX_POINT('',#4116);
#4116 = CARTESIAN_POINT('',(170.62333407341,0.,1.575));
#4117 = SURFACE_CURVE('',#4118,(#4122,#4129),.PCURVE_S1.);
#4118 = LINE('',#4119,#4120);
#4119 = CARTESIAN_POINT('',(170.62333407341,0.,1.575));
#4120 = VECTOR('',#4121,1.);
#4121 = DIRECTION('',(0.,0.,1.));
#4122 = PCURVE('',#44,#4123);
#4123 = DEFINITIONAL_REPRESENTATION('',(#4124),#4128);
#4124 = LINE('',#4125,#4126);
#4125 = CARTESIAN_POINT('',(1.575,170.62333407341));
#4126 = VECTOR('',#4127,1.);
#4127 = DIRECTION('',(1.,0.));
#4128 = ( GEOMETRIC_REPRESENTATION_CONTEXT(2) 
PARAMETRIC_REPRESENTATION_CONTEXT() REPRESENTATION_CONTEXT('2D SPACE',''
  ) );
#4129 = PCURVE('',#4130,#4135);
#4130 = PLANE('',#4131);
#4131 = AXIS2_PLACEMENT_3D('',#4132,#4133,#4134);
#4132 = CARTESIAN_POINT('',(170.62333407341,0.,1.575));
#4133 = DIRECTION('',(1.,0.,0.));
#4134 = DIRECTION('',(0.,0.,1.));
#4135 = DEFINITIONAL_REPRESENTATION('',(#4136),#4140);
#4136 = LINE('',#4137,#4138);
#4137 = CARTESIAN_POINT('',(0.,0.));
#4138 = VECTOR('',#4139,1.);
#4139 = DIRECTION('',(1.,0.));
#4140 = ( GEOMETRIC_REPRESENTATION_CONTEXT(2) 
PARAMETRIC_REPRESENTATION_CONTEXT() REPRESENTATION_CONTEXT('2D SPACE',''
  ) );
#4141 = ORIENTED_EDGE('',*,*,#4142,.F.);
#4142 = EDGE_CURVE('',#4143,#4115,#4145,.T.);
#4143 = VERTEX_POINT('',#4144);
#4144 = CARTESIAN_POINT('',(174.37666592658,0.,1.575));
#4145 = SURFACE_CURVE('',#4146,(#4151,#4158),.PCURVE_S1.);
#4146 = CIRCLE('',#4147,2.45);
#4147 = AXIS2_PLACEMENT_3D('',#4148,#4149,#4150);
#4148 = CARTESIAN_POINT('',(172.5,0.,3.15));
#4149 = DIRECTION('',(-0.,1.,0.));
#4150 = DIRECTION('',(1.,0.,0.));
#4151 = PCURVE('',#44,#4152);
#4152 = DEFINITIONAL_REPRESENTATION('',(#4153),#4157);
#4153 = CIRCLE('',#4154,2.45);
#4154 = AXIS2_PLACEMENT_2D('',#4155,#4156);
#4155 = CARTESIAN_POINT('',(3.15,172.5));
#4156 = DIRECTION('',(0.,1.));
#4157 = ( GEOMETRIC_REPRESENTATION_CONTEXT(2) 
PARAMETRIC_REPRESENTATION_CONTEXT() REPRESENTATION_CONTEXT('2D SPACE',''
  ) );
#4158 = PCURVE('',#4159,#4164);
#4159 = CYLINDRICAL_SURFACE('',#4160,2.45);
#4160 = AXIS2_PLACEMENT_3D('',#4161,#4162,#4163);
#4161 = CARTESIAN_POINT('',(172.5,200.0000008,3.15));
#4162 = DIRECTION('',(0.,1.,0.));
#4163 = DIRECTION('',(1.,0.,0.));
#4164 = DEFINITIONAL_REPRESENTATION('',(#4165),#4169);
#4165 = LINE('',#4166,#4167);
#4166 = CARTESIAN_POINT('',(-6.28318530718,-200.0000008));
#4167 = VECTOR('',#4168,1.);
#4168 = DIRECTION('',(1.,-0.));
#4169 = ( GEOMETRIC_REPRESENTATION_CONTEXT(2) 
PARAMETRIC_REPRESENTATION_CONTEXT() REPRESENTATION_CONTEXT('2D SPACE',''
  ) );
#4170 = ORIENTED_EDGE('',*,*,#4171,.T.);
#4171 = EDGE_CURVE('',#4143,#4172,#4174,.T.);
#4172 = VERTEX_POINT('',#4173);
#4173 = CARTESIAN_POINT('',(174.37666592658,0.,4.575));
#4174 = SURFACE_CURVE('',#4175,(#4179,#4186),.PCURVE_S1.);
#4175 = LINE('',#4176,#4177);
#4176 = CARTESIAN_POINT('',(174.37666592658,0.,1.575));
#4177 = VECTOR('',#4178,1.);
#4178 = DIRECTION('',(0.,0.,1.));
#4179 = PCURVE('',#44,#4180);
#4180 = DEFINITIONAL_REPRESENTATION('',(#4181),#4185);
#4181 = LINE('',#4182,#4183);
#4182 = CARTESIAN_POINT('',(1.575,174.37666592658));
#4183 = VECTOR('',#4184,1.);
#4184 = DIRECTION('',(1.,0.));
#4185 = ( GEOMETRIC_REPRESENTATION_CONTEXT(2) 
PARAMETRIC_REPRESENTATION_CONTEXT() REPRESENTATION_CONTEXT('2D SPACE',''
  ) );
#4186 = PCURVE('',#4187,#4192);
#4187 = PLANE('',#4188);
#4188 = AXIS2_PLACEMENT_3D('',#4189,#4190,#4191);
#4189 = CARTESIAN_POINT('',(174.37666592658,0.,1.575));
#4190 = DIRECTION('',(1.,0.,0.));
#4191 = DIRECTION('',(0.,0.,1.));
#4192 = DEFINITIONAL_REPRESENTATION('',(#4193),#4197);
#4193 = LINE('',#4194,#4195);
#4194 = CARTESIAN_POINT('',(0.,0.));
#4195 = VECTOR('',#4196,1.);
#4196 = DIRECTION('',(1.,0.));
#4197 = ( GEOMETRIC_REPRESENTATION_CONTEXT(2) 
PARAMETRIC_REPRESENTATION_CONTEXT() REPRESENTATION_CONTEXT('2D SPACE',''
  ) );
#4198 = ORIENTED_EDGE('',*,*,#4199,.T.);
#4199 = EDGE_CURVE('',#4172,#4200,#4202,.T.);
#4200 = VERTEX_POINT('',#4201);
#4201 = CARTESIAN_POINT('',(175.62333407341,0.,4.575));
#4202 = SURFACE_CURVE('',#4203,(#4207,#4214),.PCURVE_S1.);
#4203 = LINE('',#4204,#4205);
#4204 = CARTESIAN_POINT('',(174.37666592658,0.,4.575));
#4205 = VECTOR('',#4206,1.);
#4206 = DIRECTION('',(1.,0.,0.));
#4207 = PCURVE('',#44,#4208);
#4208 = DEFINITIONAL_REPRESENTATION('',(#4209),#4213);
#4209 = LINE('',#4210,#4211);
#4210 = CARTESIAN_POINT('',(4.575,174.37666592658));
#4211 = VECTOR('',#4212,1.);
#4212 = DIRECTION('',(0.,1.));
#4213 = ( GEOMETRIC_REPRESENTATION_CONTEXT(2) 
PARAMETRIC_REPRESENTATION_CONTEXT() REPRESENTATION_CONTEXT('2D SPACE',''
  ) );
#4214 = PCURVE('',#4215,#4220);
#4215 = PLANE('',#4216);
#4216 = AXIS2_PLACEMENT_3D('',#4217,#4218,#4219);
#4217 = CARTESIAN_POINT('',(174.37666592658,0.,4.575));
#4218 = DIRECTION('',(0.,0.,1.));
#4219 = DIRECTION('',(1.,0.,0.));
#4220 = DEFINITIONAL_REPRESENTATION('',(#4221),#4225);
#4221 = LINE('',#4222,#4223);
#4222 = CARTESIAN_POINT('',(0.,0.));
#4223 = VECTOR('',#4224,1.);
#4224 = DIRECTION('',(1.,0.));
#4225 = ( GEOMETRIC_REPRESENTATION_CONTEXT(2) 
PARAMETRIC_REPRESENTATION_CONTEXT() REPRESENTATION_CONTEXT('2D SPACE',''
  ) );
#4226 = ORIENTED_EDGE('',*,*,#4227,.F.);
#4227 = EDGE_CURVE('',#4228,#4200,#4230,.T.);
#4228 = VERTEX_POINT('',#4229);
#4229 = CARTESIAN_POINT('',(175.62333407341,0.,1.575));
#4230 = SURFACE_CURVE('',#4231,(#4235,#4242),.PCURVE_S1.);
#4231 = LINE('',#4232,#4233);
#4232 = CARTESIAN_POINT('',(175.62333407341,0.,1.575));
#4233 = VECTOR('',#4234,1.);
#4234 = DIRECTION('',(0.,0.,1.));
#4235 = PCURVE('',#44,#4236);
#4236 = DEFINITIONAL_REPRESENTATION('',(#4237),#4241);
#4237 = LINE('',#4238,#4239);
#4238 = CARTESIAN_POINT('',(1.575,175.62333407341));
#4239 = VECTOR('',#4240,1.);
#4240 = DIRECTION('',(1.,0.));
#4241 = ( GEOMETRIC_REPRESENTATION_CONTEXT(2) 
PARAMETRIC_REPRESENTATION_CONTEXT() REPRESENTATION_CONTEXT('2D SPACE',''
  ) );
#4242 = PCURVE('',#4243,#4248);
#4243 = PLANE('',#4244);
#4244 = AXIS2_PLACEMENT_3D('',#4245,#4246,#4247);
#4245 = CARTESIAN_POINT('',(175.62333407341,0.,1.575));
#4246 = DIRECTION('',(1.,0.,0.));
#4247 = DIRECTION('',(0.,0.,1.));
#4248 = DEFINITIONAL_REPRESENTATION('',(#4249),#4253);
#4249 = LINE('',#4250,#4251);
#4250 = CARTESIAN_POINT('',(0.,0.));
#4251 = VECTOR('',#4252,1.);
#4252 = DIRECTION('',(1.,0.));
#4253 = ( GEOMETRIC_REPRESENTATION_CONTEXT(2) 
PARAMETRIC_REPRESENTATION_CONTEXT() REPRESENTATION_CONTEXT('2D SPACE',''
  ) );
#4254 = ORIENTED_EDGE('',*,*,#4255,.F.);
#4255 = EDGE_CURVE('',#4256,#4228,#4258,.T.);
#4256 = VERTEX_POINT('',#4257);
#4257 = CARTESIAN_POINT('',(179.37666592658,0.,1.575));
#4258 = SURFACE_CURVE('',#4259,(#4264,#4271),.PCURVE_S1.);
#4259 = CIRCLE('',#4260,2.45);
#4260 = AXIS2_PLACEMENT_3D('',#4261,#4262,#4263);
#4261 = CARTESIAN_POINT('',(177.5,0.,3.15));
#4262 = DIRECTION('',(-0.,1.,0.));
#4263 = DIRECTION('',(1.,0.,0.));
#4264 = PCURVE('',#44,#4265);
#4265 = DEFINITIONAL_REPRESENTATION('',(#4266),#4270);
#4266 = CIRCLE('',#4267,2.45);
#4267 = AXIS2_PLACEMENT_2D('',#4268,#4269);
#4268 = CARTESIAN_POINT('',(3.15,177.5));
#4269 = DIRECTION('',(0.,1.));
#4270 = ( GEOMETRIC_REPRESENTATION_CONTEXT(2) 
PARAMETRIC_REPRESENTATION_CONTEXT() REPRESENTATION_CONTEXT('2D SPACE',''
  ) );
#4271 = PCURVE('',#4272,#4277);
#4272 = CYLINDRICAL_SURFACE('',#4273,2.45);
#4273 = AXIS2_PLACEMENT_3D('',#4274,#4275,#4276);
#4274 = CARTESIAN_POINT('',(177.5,200.0000008,3.15));
#4275 = DIRECTION('',(0.,1.,0.));
#4276 = DIRECTION('',(1.,0.,0.));
#4277 = DEFINITIONAL_REPRESENTATION('',(#4278),#4282);
#4278 = LINE('',#4279,#4280);
#4279 = CARTESIAN_POINT('',(-6.28318530718,-200.0000008));
#4280 = VECTOR('',#4281,1.);
#4281 = DIRECTION('',(1.,-0.));
#4282 = ( GEOMETRIC_REPRESENTATION_CONTEXT(2) 
PARAMETRIC_REPRESENTATION_CONTEXT() REPRESENTATION_CONTEXT('2D SPACE',''
  ) );
#4283 = ORIENTED_EDGE('',*,*,#4284,.T.);
#4284 = EDGE_CURVE('',#4256,#4285,#4287,.T.);
#4285 = VERTEX_POINT('',#4286);
#4286 = CARTESIAN_POINT('',(179.37666592658,0.,4.575));
#4287 = SURFACE_CURVE('',#4288,(#4292,#4299),.PCURVE_S1.);
#4288 = LINE('',#4289,#4290);
#4289 = CARTESIAN_POINT('',(179.37666592658,0.,1.575));
#4290 = VECTOR('',#4291,1.);
#4291 = DIRECTION('',(0.,0.,1.));
#4292 = PCURVE('',#44,#4293);
#4293 = DEFINITIONAL_REPRESENTATION('',(#4294),#4298);
#4294 = LINE('',#4295,#4296);
#4295 = CARTESIAN_POINT('',(1.575,179.37666592658));
#4296 = VECTOR('',#4297,1.);
#4297 = DIRECTION('',(1.,0.));
#4298 = ( GEOMETRIC_REPRESENTATION_CONTEXT(2) 
PARAMETRIC_REPRESENTATION_CONTEXT() REPRESENTATION_CONTEXT('2D SPACE',''
  ) );
#4299 = PCURVE('',#4300,#4305);
#4300 = PLANE('',#4301);
#4301 = AXIS2_PLACEMENT_3D('',#4302,#4303,#4304);
#4302 = CARTESIAN_POINT('',(179.37666592658,0.,1.575));
#4303 = DIRECTION('',(1.,0.,0.));
#4304 = DIRECTION('',(0.,0.,1.));
#4305 = DEFINITIONAL_REPRESENTATION('',(#4306),#4310);
#4306 = LINE('',#4307,#4308);
#4307 = CARTESIAN_POINT('',(0.,0.));
#4308 = VECTOR('',#4309,1.);
#4309 = DIRECTION('',(1.,0.));
#4310 = ( GEOMETRIC_REPRESENTATION_CONTEXT(2) 
PARAMETRIC_REPRESENTATION_CONTEXT() REPRESENTATION_CONTEXT('2D SPACE',''
  ) );
#4311 = ORIENTED_EDGE('',*,*,#4312,.T.);
#4312 = EDGE_CURVE('',#4285,#4313,#4315,.T.);
#4313 = VERTEX_POINT('',#4314);
#4314 = CARTESIAN_POINT('',(180.62333407341,0.,4.575));
#4315 = SURFACE_CURVE('',#4316,(#4320,#4327),.PCURVE_S1.);
#4316 = LINE('',#4317,#4318);
#4317 = CARTESIAN_POINT('',(179.37666592658,0.,4.575));
#4318 = VECTOR('',#4319,1.);
#4319 = DIRECTION('',(1.,0.,0.));
#4320 = PCURVE('',#44,#4321);
#4321 = DEFINITIONAL_REPRESENTATION('',(#4322),#4326);
#4322 = LINE('',#4323,#4324);
#4323 = CARTESIAN_POINT('',(4.575,179.37666592658));
#4324 = VECTOR('',#4325,1.);
#4325 = DIRECTION('',(0.,1.));
#4326 = ( GEOMETRIC_REPRESENTATION_CONTEXT(2) 
PARAMETRIC_REPRESENTATION_CONTEXT() REPRESENTATION_CONTEXT('2D SPACE',''
  ) );
#4327 = PCURVE('',#4328,#4333);
#4328 = PLANE('',#4329);
#4329 = AXIS2_PLACEMENT_3D('',#4330,#4331,#4332);
#4330 = CARTESIAN_POINT('',(179.37666592658,0.,4.575));
#4331 = DIRECTION('',(0.,0.,1.));
#4332 = DIRECTION('',(1.,0.,0.));
#4333 = DEFINITIONAL_REPRESENTATION('',(#4334),#4338);
#4334 = LINE('',#4335,#4336);
#4335 = CARTESIAN_POINT('',(0.,0.));
#4336 = VECTOR('',#4337,1.);
#4337 = DIRECTION('',(1.,0.));
#4338 = ( GEOMETRIC_REPRESENTATION_CONTEXT(2) 
PARAMETRIC_REPRESENTATION_CONTEXT() REPRESENTATION_CONTEXT('2D SPACE',''
  ) );
#4339 = ORIENTED_EDGE('',*,*,#4340,.F.);
#4340 = EDGE_CURVE('',#4341,#4313,#4343,.T.);
#4341 = VERTEX_POINT('',#4342);
#4342 = CARTESIAN_POINT('',(180.62333407341,0.,1.575));
#4343 = SURFACE_CURVE('',#4344,(#4348,#4355),.PCURVE_S1.);
#4344 = LINE('',#4345,#4346);
#4345 = CARTESIAN_POINT('',(180.62333407341,0.,1.575));
#4346 = VECTOR('',#4347,1.);
#4347 = DIRECTION('',(0.,0.,1.));
#4348 = PCURVE('',#44,#4349);
#4349 = DEFINITIONAL_REPRESENTATION('',(#4350),#4354);
#4350 = LINE('',#4351,#4352);
#4351 = CARTESIAN_POINT('',(1.575,180.62333407341));
#4352 = VECTOR('',#4353,1.);
#4353 = DIRECTION('',(1.,0.));
#4354 = ( GEOMETRIC_REPRESENTATION_CONTEXT(2) 
PARAMETRIC_REPRESENTATION_CONTEXT() REPRESENTATION_CONTEXT('2D SPACE',''
  ) );
#4355 = PCURVE('',#4356,#4361);
#4356 = PLANE('',#4357);
#4357 = AXIS2_PLACEMENT_3D('',#4358,#4359,#4360);
#4358 = CARTESIAN_POINT('',(180.62333407341,0.,1.575));
#4359 = DIRECTION('',(1.,0.,0.));
#4360 = DIRECTION('',(0.,0.,1.));
#4361 = DEFINITIONAL_REPRESENTATION('',(#4362),#4366);
#4362 = LINE('',#4363,#4364);
#4363 = CARTESIAN_POINT('',(0.,0.));
#4364 = VECTOR('',#4365,1.);
#4365 = DIRECTION('',(1.,0.));
#4366 = ( GEOMETRIC_REPRESENTATION_CONTEXT(2) 
PARAMETRIC_REPRESENTATION_CONTEXT() REPRESENTATION_CONTEXT('2D SPACE',''
  ) );
#4367 = ORIENTED_EDGE('',*,*,#4368,.F.);
#4368 = EDGE_CURVE('',#4369,#4341,#4371,.T.);
#4369 = VERTEX_POINT('',#4370);
#4370 = CARTESIAN_POINT('',(184.37666592658,0.,1.575));
#4371 = SURFACE_CURVE('',#4372,(#4377,#4384),.PCURVE_S1.);
#4372 = CIRCLE('',#4373,2.45);
#4373 = AXIS2_PLACEMENT_3D('',#4374,#4375,#4376);
#4374 = CARTESIAN_POINT('',(182.5,0.,3.15));
#4375 = DIRECTION('',(-0.,1.,0.));
#4376 = DIRECTION('',(1.,0.,0.));
#4377 = PCURVE('',#44,#4378);
#4378 = DEFINITIONAL_REPRESENTATION('',(#4379),#4383);
#4379 = CIRCLE('',#4380,2.45);
#4380 = AXIS2_PLACEMENT_2D('',#4381,#4382);
#4381 = CARTESIAN_POINT('',(3.15,182.5));
#4382 = DIRECTION('',(0.,1.));
#4383 = ( GEOMETRIC_REPRESENTATION_CONTEXT(2) 
PARAMETRIC_REPRESENTATION_CONTEXT() REPRESENTATION_CONTEXT('2D SPACE',''
  ) );
#4384 = PCURVE('',#4385,#4390);
#4385 = CYLINDRICAL_SURFACE('',#4386,2.45);
#4386 = AXIS2_PLACEMENT_3D('',#4387,#4388,#4389);
#4387 = CARTESIAN_POINT('',(182.5,200.0000008,3.15));
#4388 = DIRECTION('',(0.,1.,0.));
#4389 = DIRECTION('',(1.,0.,0.));
#4390 = DEFINITIONAL_REPRESENTATION('',(#4391),#4395);
#4391 = LINE('',#4392,#4393);
#4392 = CARTESIAN_POINT('',(-6.28318530718,-200.0000008));
#4393 = VECTOR('',#4394,1.);
#4394 = DIRECTION('',(1.,-0.));
#4395 = ( GEOMETRIC_REPRESENTATION_CONTEXT(2) 
PARAMETRIC_REPRESENTATION_CONTEXT() REPRESENTATION_CONTEXT('2D SPACE',''
  ) );
#4396 = ORIENTED_EDGE('',*,*,#4397,.T.);
#4397 = EDGE_CURVE('',#4369,#4398,#4400,.T.);
#4398 = VERTEX_POINT('',#4399);
#4399 = CARTESIAN_POINT('',(184.37666592658,0.,4.575));
#4400 = SURFACE_CURVE('',#4401,(#4405,#4412),.PCURVE_S1.);
#4401 = LINE('',#4402,#4403);
#4402 = CARTESIAN_POINT('',(184.37666592658,0.,1.575));
#4403 = VECTOR('',#4404,1.);
#4404 = DIRECTION('',(0.,0.,1.));
#4405 = PCURVE('',#44,#4406);
#4406 = DEFINITIONAL_REPRESENTATION('',(#4407),#4411);
#4407 = LINE('',#4408,#4409);
#4408 = CARTESIAN_POINT('',(1.575,184.37666592658));
#4409 = VECTOR('',#4410,1.);
#4410 = DIRECTION('',(1.,0.));
#4411 = ( GEOMETRIC_REPRESENTATION_CONTEXT(2) 
PARAMETRIC_REPRESENTATION_CONTEXT() REPRESENTATION_CONTEXT('2D SPACE',''
  ) );
#4412 = PCURVE('',#4413,#4418);
#4413 = PLANE('',#4414);
#4414 = AXIS2_PLACEMENT_3D('',#4415,#4416,#4417);
#4415 = CARTESIAN_POINT('',(184.37666592658,0.,1.575));
#4416 = DIRECTION('',(1.,0.,0.));
#4417 = DIRECTION('',(0.,0.,1.));
#4418 = DEFINITIONAL_REPRESENTATION('',(#4419),#4423);
#4419 = LINE('',#4420,#4421);
#4420 = CARTESIAN_POINT('',(0.,0.));
#4421 = VECTOR('',#4422,1.);
#4422 = DIRECTION('',(1.,0.));
#4423 = ( GEOMETRIC_REPRESENTATION_CONTEXT(2) 
PARAMETRIC_REPRESENTATION_CONTEXT() REPRESENTATION_CONTEXT('2D SPACE',''
  ) );
#4424 = ORIENTED_EDGE('',*,*,#4425,.T.);
#4425 = EDGE_CURVE('',#4398,#4426,#4428,.T.);
#4426 = VERTEX_POINT('',#4427);
#4427 = CARTESIAN_POINT('',(185.62333407341,0.,4.575));
#4428 = SURFACE_CURVE('',#4429,(#4433,#4440),.PCURVE_S1.);
#4429 = LINE('',#4430,#4431);
#4430 = CARTESIAN_POINT('',(184.37666592658,0.,4.575));
#4431 = VECTOR('',#4432,1.);
#4432 = DIRECTION('',(1.,0.,0.));
#4433 = PCURVE('',#44,#4434);
#4434 = DEFINITIONAL_REPRESENTATION('',(#4435),#4439);
#4435 = LINE('',#4436,#4437);
#4436 = CARTESIAN_POINT('',(4.575,184.37666592658));
#4437 = VECTOR('',#4438,1.);
#4438 = DIRECTION('',(0.,1.));
#4439 = ( GEOMETRIC_REPRESENTATION_CONTEXT(2) 
PARAMETRIC_REPRESENTATION_CONTEXT() REPRESENTATION_CONTEXT('2D SPACE',''
  ) );
#4440 = PCURVE('',#4441,#4446);
#4441 = PLANE('',#4442);
#4442 = AXIS2_PLACEMENT_3D('',#4443,#4444,#4445);
#4443 = CARTESIAN_POINT('',(184.37666592658,0.,4.575));
#4444 = DIRECTION('',(0.,0.,1.));
#4445 = DIRECTION('',(1.,0.,0.));
#4446 = DEFINITIONAL_REPRESENTATION('',(#4447),#4451);
#4447 = LINE('',#4448,#4449);
#4448 = CARTESIAN_POINT('',(0.,0.));
#4449 = VECTOR('',#4450,1.);
#4450 = DIRECTION('',(1.,0.));
#4451 = ( GEOMETRIC_REPRESENTATION_CONTEXT(2) 
PARAMETRIC_REPRESENTATION_CONTEXT() REPRESENTATION_CONTEXT('2D SPACE',''
  ) );
#4452 = ORIENTED_EDGE('',*,*,#4453,.F.);
#4453 = EDGE_CURVE('',#4454,#4426,#4456,.T.);
#4454 = VERTEX_POINT('',#4455);
#4455 = CARTESIAN_POINT('',(185.62333407341,0.,1.575));
#4456 = SURFACE_CURVE('',#4457,(#4461,#4468),.PCURVE_S1.);
#4457 = LINE('',#4458,#4459);
#4458 = CARTESIAN_POINT('',(185.62333407341,0.,1.575));
#4459 = VECTOR('',#4460,1.);
#4460 = DIRECTION('',(0.,0.,1.));
#4461 = PCURVE('',#44,#4462);
#4462 = DEFINITIONAL_REPRESENTATION('',(#4463),#4467);
#4463 = LINE('',#4464,#4465);
#4464 = CARTESIAN_POINT('',(1.575,185.62333407341));
#4465 = VECTOR('',#4466,1.);
#4466 = DIRECTION('',(1.,0.));
#4467 = ( GEOMETRIC_REPRESENTATION_CONTEXT(2) 
PARAMETRIC_REPRESENTATION_CONTEXT() REPRESENTATION_CONTEXT('2D SPACE',''
  ) );
#4468 = PCURVE('',#4469,#4474);
#4469 = PLANE('',#4470);
#4470 = AXIS2_PLACEMENT_3D('',#4471,#4472,#4473);
#4471 = CARTESIAN_POINT('',(185.62333407341,0.,1.575));
#4472 = DIRECTION('',(1.,0.,0.));
#4473 = DIRECTION('',(0.,0.,1.));
#4474 = DEFINITIONAL_REPRESENTATION('',(#4475),#4479);
#4475 = LINE('',#4476,#4477);
#4476 = CARTESIAN_POINT('',(0.,0.));
#4477 = VECTOR('',#4478,1.);
#4478 = DIRECTION('',(1.,0.));
#4479 = ( GEOMETRIC_REPRESENTATION_CONTEXT(2) 
PARAMETRIC_REPRESENTATION_CONTEXT() REPRESENTATION_CONTEXT('2D SPACE',''
  ) );
#4480 = ORIENTED_EDGE('',*,*,#4481,.F.);
#4481 = EDGE_CURVE('',#4482,#4454,#4484,.T.);
#4482 = VERTEX_POINT('',#4483);
#4483 = CARTESIAN_POINT('',(189.37666592658,0.,1.575));
#4484 = SURFACE_CURVE('',#4485,(#4490,#4497),.PCURVE_S1.);
#4485 = CIRCLE('',#4486,2.45);
#4486 = AXIS2_PLACEMENT_3D('',#4487,#4488,#4489);
#4487 = CARTESIAN_POINT('',(187.5,0.,3.15));
#4488 = DIRECTION('',(-0.,1.,0.));
#4489 = DIRECTION('',(1.,0.,0.));
#4490 = PCURVE('',#44,#4491);
#4491 = DEFINITIONAL_REPRESENTATION('',(#4492),#4496);
#4492 = CIRCLE('',#4493,2.45);
#4493 = AXIS2_PLACEMENT_2D('',#4494,#4495);
#4494 = CARTESIAN_POINT('',(3.15,187.5));
#4495 = DIRECTION('',(0.,1.));
#4496 = ( GEOMETRIC_REPRESENTATION_CONTEXT(2) 
PARAMETRIC_REPRESENTATION_CONTEXT() REPRESENTATION_CONTEXT('2D SPACE',''
  ) );
#4497 = PCURVE('',#4498,#4503);
#4498 = CYLINDRICAL_SURFACE('',#4499,2.45);
#4499 = AXIS2_PLACEMENT_3D('',#4500,#4501,#4502);
#4500 = CARTESIAN_POINT('',(187.5,200.0000008,3.15));
#4501 = DIRECTION('',(0.,1.,0.));
#4502 = DIRECTION('',(1.,0.,0.));
#4503 = DEFINITIONAL_REPRESENTATION('',(#4504),#4508);
#4504 = LINE('',#4505,#4506);
#4505 = CARTESIAN_POINT('',(-6.28318530718,-200.0000008));
#4506 = VECTOR('',#4507,1.);
#4507 = DIRECTION('',(1.,-0.));
#4508 = ( GEOMETRIC_REPRESENTATION_CONTEXT(2) 
PARAMETRIC_REPRESENTATION_CONTEXT() REPRESENTATION_CONTEXT('2D SPACE',''
  ) );
#4509 = ORIENTED_EDGE('',*,*,#4510,.T.);
#4510 = EDGE_CURVE('',#4482,#4511,#4513,.T.);
#4511 = VERTEX_POINT('',#4512);
#4512 = CARTESIAN_POINT('',(189.37666592658,0.,4.575));
#4513 = SURFACE_CURVE('',#4514,(#4518,#4525),.PCURVE_S1.);
#4514 = LINE('',#4515,#4516);
#4515 = CARTESIAN_POINT('',(189.37666592658,0.,1.575));
#4516 = VECTOR('',#4517,1.);
#4517 = DIRECTION('',(0.,0.,1.));
#4518 = PCURVE('',#44,#4519);
#4519 = DEFINITIONAL_REPRESENTATION('',(#4520),#4524);
#4520 = LINE('',#4521,#4522);
#4521 = CARTESIAN_POINT('',(1.575,189.37666592658));
#4522 = VECTOR('',#4523,1.);
#4523 = DIRECTION('',(1.,0.));
#4524 = ( GEOMETRIC_REPRESENTATION_CONTEXT(2) 
PARAMETRIC_REPRESENTATION_CONTEXT() REPRESENTATION_CONTEXT('2D SPACE',''
  ) );
#4525 = PCURVE('',#4526,#4531);
#4526 = PLANE('',#4527);
#4527 = AXIS2_PLACEMENT_3D('',#4528,#4529,#4530);
#4528 = CARTESIAN_POINT('',(189.37666592658,0.,1.575));
#4529 = DIRECTION('',(1.,0.,0.));
#4530 = DIRECTION('',(0.,0.,1.));
#4531 = DEFINITIONAL_REPRESENTATION('',(#4532),#4536);
#4532 = LINE('',#4533,#4534);
#4533 = CARTESIAN_POINT('',(0.,0.));
#4534 = VECTOR('',#4535,1.);
#4535 = DIRECTION('',(1.,0.));
#4536 = ( GEOMETRIC_REPRESENTATION_CONTEXT(2) 
PARAMETRIC_REPRESENTATION_CONTEXT() REPRESENTATION_CONTEXT('2D SPACE',''
  ) );
#4537 = ORIENTED_EDGE('',*,*,#4538,.T.);
#4538 = EDGE_CURVE('',#4511,#4539,#4541,.T.);
#4539 = VERTEX_POINT('',#4540);
#4540 = CARTESIAN_POINT('',(190.62333407341,0.,4.575));
#4541 = SURFACE_CURVE('',#4542,(#4546,#4553),.PCURVE_S1.);
#4542 = LINE('',#4543,#4544);
#4543 = CARTESIAN_POINT('',(189.37666592658,0.,4.575));
#4544 = VECTOR('',#4545,1.);
#4545 = DIRECTION('',(1.,0.,0.));
#4546 = PCURVE('',#44,#4547);
#4547 = DEFINITIONAL_REPRESENTATION('',(#4548),#4552);
#4548 = LINE('',#4549,#4550);
#4549 = CARTESIAN_POINT('',(4.575,189.37666592658));
#4550 = VECTOR('',#4551,1.);
#4551 = DIRECTION('',(0.,1.));
#4552 = ( GEOMETRIC_REPRESENTATION_CONTEXT(2) 
PARAMETRIC_REPRESENTATION_CONTEXT() REPRESENTATION_CONTEXT('2D SPACE',''
  ) );
#4553 = PCURVE('',#4554,#4559);
#4554 = PLANE('',#4555);
#4555 = AXIS2_PLACEMENT_3D('',#4556,#4557,#4558);
#4556 = CARTESIAN_POINT('',(189.37666592658,0.,4.575));
#4557 = DIRECTION('',(0.,0.,1.));
#4558 = DIRECTION('',(1.,0.,0.));
#4559 = DEFINITIONAL_REPRESENTATION('',(#4560),#4564);
#4560 = LINE('',#4561,#4562);
#4561 = CARTESIAN_POINT('',(0.,0.));
#4562 = VECTOR('',#4563,1.);
#4563 = DIRECTION('',(1.,0.));
#4564 = ( GEOMETRIC_REPRESENTATION_CONTEXT(2) 
PARAMETRIC_REPRESENTATION_CONTEXT() REPRESENTATION_CONTEXT('2D SPACE',''
  ) );
#4565 = ORIENTED_EDGE('',*,*,#4566,.F.);
#4566 = EDGE_CURVE('',#4567,#4539,#4569,.T.);
#4567 = VERTEX_POINT('',#4568);
#4568 = CARTESIAN_POINT('',(190.62333407341,0.,1.575));
#4569 = SURFACE_CURVE('',#4570,(#4574,#4581),.PCURVE_S1.);
#4570 = LINE('',#4571,#4572);
#4571 = CARTESIAN_POINT('',(190.62333407341,0.,1.575));
#4572 = VECTOR('',#4573,1.);
#4573 = DIRECTION('',(0.,0.,1.));
#4574 = PCURVE('',#44,#4575);
#4575 = DEFINITIONAL_REPRESENTATION('',(#4576),#4580);
#4576 = LINE('',#4577,#4578);
#4577 = CARTESIAN_POINT('',(1.575,190.62333407341));
#4578 = VECTOR('',#4579,1.);
#4579 = DIRECTION('',(1.,0.));
#4580 = ( GEOMETRIC_REPRESENTATION_CONTEXT(2) 
PARAMETRIC_REPRESENTATION_CONTEXT() REPRESENTATION_CONTEXT('2D SPACE',''
  ) );
#4581 = PCURVE('',#4582,#4587);
#4582 = PLANE('',#4583);
#4583 = AXIS2_PLACEMENT_3D('',#4584,#4585,#4586);
#4584 = CARTESIAN_POINT('',(190.62333407341,0.,1.575));
#4585 = DIRECTION('',(1.,0.,0.));
#4586 = DIRECTION('',(0.,0.,1.));
#4587 = DEFINITIONAL_REPRESENTATION('',(#4588),#4592);
#4588 = LINE('',#4589,#4590);
#4589 = CARTESIAN_POINT('',(0.,0.));
#4590 = VECTOR('',#4591,1.);
#4591 = DIRECTION('',(1.,0.));
#4592 = ( GEOMETRIC_REPRESENTATION_CONTEXT(2) 
PARAMETRIC_REPRESENTATION_CONTEXT() REPRESENTATION_CONTEXT('2D SPACE',''
  ) );
#4593 = ORIENTED_EDGE('',*,*,#4594,.F.);
#4594 = EDGE_CURVE('',#4595,#4567,#4597,.T.);
#4595 = VERTEX_POINT('',#4596);
#4596 = CARTESIAN_POINT('',(194.37666592658,0.,1.575));
#4597 = SURFACE_CURVE('',#4598,(#4603,#4610),.PCURVE_S1.);
#4598 = CIRCLE('',#4599,2.45);
#4599 = AXIS2_PLACEMENT_3D('',#4600,#4601,#4602);
#4600 = CARTESIAN_POINT('',(192.5,0.,3.15));
#4601 = DIRECTION('',(-0.,1.,0.));
#4602 = DIRECTION('',(1.,0.,0.));
#4603 = PCURVE('',#44,#4604);
#4604 = DEFINITIONAL_REPRESENTATION('',(#4605),#4609);
#4605 = CIRCLE('',#4606,2.45);
#4606 = AXIS2_PLACEMENT_2D('',#4607,#4608);
#4607 = CARTESIAN_POINT('',(3.15,192.5));
#4608 = DIRECTION('',(0.,1.));
#4609 = ( GEOMETRIC_REPRESENTATION_CONTEXT(2) 
PARAMETRIC_REPRESENTATION_CONTEXT() REPRESENTATION_CONTEXT('2D SPACE',''
  ) );
#4610 = PCURVE('',#4611,#4616);
#4611 = CYLINDRICAL_SURFACE('',#4612,2.45);
#4612 = AXIS2_PLACEMENT_3D('',#4613,#4614,#4615);
#4613 = CARTESIAN_POINT('',(192.5,200.0000008,3.15));
#4614 = DIRECTION('',(0.,1.,0.));
#4615 = DIRECTION('',(1.,0.,0.));
#4616 = DEFINITIONAL_REPRESENTATION('',(#4617),#4621);
#4617 = LINE('',#4618,#4619);
#4618 = CARTESIAN_POINT('',(-6.28318530718,-200.0000008));
#4619 = VECTOR('',#4620,1.);
#4620 = DIRECTION('',(1.,-0.));
#4621 = ( GEOMETRIC_REPRESENTATION_CONTEXT(2) 
PARAMETRIC_REPRESENTATION_CONTEXT() REPRESENTATION_CONTEXT('2D SPACE',''
  ) );
#4622 = ORIENTED_EDGE('',*,*,#4623,.T.);
#4623 = EDGE_CURVE('',#4595,#4624,#4626,.T.);
#4624 = VERTEX_POINT('',#4625);
#4625 = CARTESIAN_POINT('',(194.37666592658,0.,4.575));
#4626 = SURFACE_CURVE('',#4627,(#4631,#4638),.PCURVE_S1.);
#4627 = LINE('',#4628,#4629);
#4628 = CARTESIAN_POINT('',(194.37666592658,0.,1.575));
#4629 = VECTOR('',#4630,1.);
#4630 = DIRECTION('',(0.,0.,1.));
#4631 = PCURVE('',#44,#4632);
#4632 = DEFINITIONAL_REPRESENTATION('',(#4633),#4637);
#4633 = LINE('',#4634,#4635);
#4634 = CARTESIAN_POINT('',(1.575,194.37666592658));
#4635 = VECTOR('',#4636,1.);
#4636 = DIRECTION('',(1.,0.));
#4637 = ( GEOMETRIC_REPRESENTATION_CONTEXT(2) 
PARAMETRIC_REPRESENTATION_CONTEXT() REPRESENTATION_CONTEXT('2D SPACE',''
  ) );
#4638 = PCURVE('',#4639,#4644);
#4639 = PLANE('',#4640);
#4640 = AXIS2_PLACEMENT_3D('',#4641,#4642,#4643);
#4641 = CARTESIAN_POINT('',(194.37666592658,0.,1.575));
#4642 = DIRECTION('',(1.,0.,0.));
#4643 = DIRECTION('',(0.,0.,1.));
#4644 = DEFINITIONAL_REPRESENTATION('',(#4645),#4649);
#4645 = LINE('',#4646,#4647);
#4646 = CARTESIAN_POINT('',(0.,0.));
#4647 = VECTOR('',#4648,1.);
#4648 = DIRECTION('',(1.,0.));
#4649 = ( GEOMETRIC_REPRESENTATION_CONTEXT(2) 
PARAMETRIC_REPRESENTATION_CONTEXT() REPRESENTATION_CONTEXT('2D SPACE',''
  ) );
#4650 = ORIENTED_EDGE('',*,*,#4651,.T.);
#4651 = EDGE_CURVE('',#4624,#4652,#4654,.T.);
#4652 = VERTEX_POINT('',#4653);
#4653 = CARTESIAN_POINT('',(195.62333407341,0.,4.575));
#4654 = SURFACE_CURVE('',#4655,(#4659,#4666),.PCURVE_S1.);
#4655 = LINE('',#4656,#4657);
#4656 = CARTESIAN_POINT('',(194.37666592658,0.,4.575));
#4657 = VECTOR('',#4658,1.);
#4658 = DIRECTION('',(1.,0.,0.));
#4659 = PCURVE('',#44,#4660);
#4660 = DEFINITIONAL_REPRESENTATION('',(#4661),#4665);
#4661 = LINE('',#4662,#4663);
#4662 = CARTESIAN_POINT('',(4.575,194.37666592658));
#4663 = VECTOR('',#4664,1.);
#4664 = DIRECTION('',(0.,1.));
#4665 = ( GEOMETRIC_REPRESENTATION_CONTEXT(2) 
PARAMETRIC_REPRESENTATION_CONTEXT() REPRESENTATION_CONTEXT('2D SPACE',''
  ) );
#4666 = PCURVE('',#4667,#4672);
#4667 = PLANE('',#4668);
#4668 = AXIS2_PLACEMENT_3D('',#4669,#4670,#4671);
#4669 = CARTESIAN_POINT('',(194.37666592658,0.,4.575));
#4670 = DIRECTION('',(0.,0.,1.));
#4671 = DIRECTION('',(1.,0.,0.));
#4672 = DEFINITIONAL_REPRESENTATION('',(#4673),#4677);
#4673 = LINE('',#4674,#4675);
#4674 = CARTESIAN_POINT('',(0.,0.));
#4675 = VECTOR('',#4676,1.);
#4676 = DIRECTION('',(1.,0.));
#4677 = ( GEOMETRIC_REPRESENTATION_CONTEXT(2) 
PARAMETRIC_REPRESENTATION_CONTEXT() REPRESENTATION_CONTEXT('2D SPACE',''
  ) );
#4678 = ORIENTED_EDGE('',*,*,#4679,.F.);
#4679 = EDGE_CURVE('',#4680,#4652,#4682,.T.);
#4680 = VERTEX_POINT('',#4681);
#4681 = CARTESIAN_POINT('',(195.62333407341,0.,1.575));
#4682 = SURFACE_CURVE('',#4683,(#4687,#4694),.PCURVE_S1.);
#4683 = LINE('',#4684,#4685);
#4684 = CARTESIAN_POINT('',(195.62333407341,0.,1.575));
#4685 = VECTOR('',#4686,1.);
#4686 = DIRECTION('',(0.,0.,1.));
#4687 = PCURVE('',#44,#4688);
#4688 = DEFINITIONAL_REPRESENTATION('',(#4689),#4693);
#4689 = LINE('',#4690,#4691);
#4690 = CARTESIAN_POINT('',(1.575,195.62333407341));
#4691 = VECTOR('',#4692,1.);
#4692 = DIRECTION('',(1.,0.));
#4693 = ( GEOMETRIC_REPRESENTATION_CONTEXT(2) 
PARAMETRIC_REPRESENTATION_CONTEXT() REPRESENTATION_CONTEXT('2D SPACE',''
  ) );
#4694 = PCURVE('',#4695,#4700);
#4695 = PLANE('',#4696);
#4696 = AXIS2_PLACEMENT_3D('',#4697,#4698,#4699);
#4697 = CARTESIAN_POINT('',(195.62333407341,0.,1.575));
#4698 = DIRECTION('',(1.,0.,0.));
#4699 = DIRECTION('',(0.,0.,1.));
#4700 = DEFINITIONAL_REPRESENTATION('',(#4701),#4705);
#4701 = LINE('',#4702,#4703);
#4702 = CARTESIAN_POINT('',(0.,0.));
#4703 = VECTOR('',#4704,1.);
#4704 = DIRECTION('',(1.,0.));
#4705 = ( GEOMETRIC_REPRESENTATION_CONTEXT(2) 
PARAMETRIC_REPRESENTATION_CONTEXT() REPRESENTATION_CONTEXT('2D SPACE',''
  ) );
#4706 = ORIENTED_EDGE('',*,*,#4707,.F.);
#4707 = EDGE_CURVE('',#4708,#4680,#4710,.T.);
#4708 = VERTEX_POINT('',#4709);
#4709 = CARTESIAN_POINT('',(199.37666592658,0.,1.575));
#4710 = SURFACE_CURVE('',#4711,(#4716,#4723),.PCURVE_S1.);
#4711 = CIRCLE('',#4712,2.45);
#4712 = AXIS2_PLACEMENT_3D('',#4713,#4714,#4715);
#4713 = CARTESIAN_POINT('',(197.5,0.,3.15));
#4714 = DIRECTION('',(-0.,1.,0.));
#4715 = DIRECTION('',(1.,0.,0.));
#4716 = PCURVE('',#44,#4717);
#4717 = DEFINITIONAL_REPRESENTATION('',(#4718),#4722);
#4718 = CIRCLE('',#4719,2.45);
#4719 = AXIS2_PLACEMENT_2D('',#4720,#4721);
#4720 = CARTESIAN_POINT('',(3.15,197.5));
#4721 = DIRECTION('',(0.,1.));
#4722 = ( GEOMETRIC_REPRESENTATION_CONTEXT(2) 
PARAMETRIC_REPRESENTATION_CONTEXT() REPRESENTATION_CONTEXT('2D SPACE',''
  ) );
#4723 = PCURVE('',#4724,#4729);
#4724 = CYLINDRICAL_SURFACE('',#4725,2.45);
#4725 = AXIS2_PLACEMENT_3D('',#4726,#4727,#4728);
#4726 = CARTESIAN_POINT('',(197.5,200.0000008,3.15));
#4727 = DIRECTION('',(0.,1.,0.));
#4728 = DIRECTION('',(1.,0.,0.));
#4729 = DEFINITIONAL_REPRESENTATION('',(#4730),#4734);
#4730 = LINE('',#4731,#4732);
#4731 = CARTESIAN_POINT('',(-6.28318530718,-200.0000008));
#4732 = VECTOR('',#4733,1.);
#4733 = DIRECTION('',(1.,-0.));
#4734 = ( GEOMETRIC_REPRESENTATION_CONTEXT(2) 
PARAMETRIC_REPRESENTATION_CONTEXT() REPRESENTATION_CONTEXT('2D SPACE',''
  ) );
#4735 = ORIENTED_EDGE('',*,*,#4736,.T.);
#4736 = EDGE_CURVE('',#4708,#4737,#4739,.T.);
#4737 = VERTEX_POINT('',#4738);
#4738 = CARTESIAN_POINT('',(199.37666592658,0.,4.575));
#4739 = SURFACE_CURVE('',#4740,(#4744,#4751),.PCURVE_S1.);
#4740 = LINE('',#4741,#4742);
#4741 = CARTESIAN_POINT('',(199.37666592658,0.,1.575));
#4742 = VECTOR('',#4743,1.);
#4743 = DIRECTION('',(0.,0.,1.));
#4744 = PCURVE('',#44,#4745);
#4745 = DEFINITIONAL_REPRESENTATION('',(#4746),#4750);
#4746 = LINE('',#4747,#4748);
#4747 = CARTESIAN_POINT('',(1.575,199.37666592658));
#4748 = VECTOR('',#4749,1.);
#4749 = DIRECTION('',(1.,0.));
#4750 = ( GEOMETRIC_REPRESENTATION_CONTEXT(2) 
PARAMETRIC_REPRESENTATION_CONTEXT() REPRESENTATION_CONTEXT('2D SPACE',''
  ) );
#4751 = PCURVE('',#4752,#4757);
#4752 = PLANE('',#4753);
#4753 = AXIS2_PLACEMENT_3D('',#4754,#4755,#4756);
#4754 = CARTESIAN_POINT('',(199.37666592658,0.,1.575));
#4755 = DIRECTION('',(1.,0.,0.));
#4756 = DIRECTION('',(0.,0.,1.));
#4757 = DEFINITIONAL_REPRESENTATION('',(#4758),#4762);
#4758 = LINE('',#4759,#4760);
#4759 = CARTESIAN_POINT('',(0.,0.));
#4760 = VECTOR('',#4761,1.);
#4761 = DIRECTION('',(1.,0.));
#4762 = ( GEOMETRIC_REPRESENTATION_CONTEXT(2) 
PARAMETRIC_REPRESENTATION_CONTEXT() REPRESENTATION_CONTEXT('2D SPACE',''
  ) );
#4763 = ORIENTED_EDGE('',*,*,#4764,.T.);
#4764 = EDGE_CURVE('',#4737,#4765,#4767,.T.);
#4765 = VERTEX_POINT('',#4766);
#4766 = CARTESIAN_POINT('',(200.62333407341,0.,4.575));
#4767 = SURFACE_CURVE('',#4768,(#4772,#4779),.PCURVE_S1.);
#4768 = LINE('',#4769,#4770);
#4769 = CARTESIAN_POINT('',(199.37666592658,0.,4.575));
#4770 = VECTOR('',#4771,1.);
#4771 = DIRECTION('',(1.,0.,0.));
#4772 = PCURVE('',#44,#4773);
#4773 = DEFINITIONAL_REPRESENTATION('',(#4774),#4778);
#4774 = LINE('',#4775,#4776);
#4775 = CARTESIAN_POINT('',(4.575,199.37666592658));
#4776 = VECTOR('',#4777,1.);
#4777 = DIRECTION('',(0.,1.));
#4778 = ( GEOMETRIC_REPRESENTATION_CONTEXT(2) 
PARAMETRIC_REPRESENTATION_CONTEXT() REPRESENTATION_CONTEXT('2D SPACE',''
  ) );
#4779 = PCURVE('',#4780,#4785);
#4780 = PLANE('',#4781);
#4781 = AXIS2_PLACEMENT_3D('',#4782,#4783,#4784);
#4782 = CARTESIAN_POINT('',(199.37666592658,0.,4.575));
#4783 = DIRECTION('',(0.,0.,1.));
#4784 = DIRECTION('',(1.,0.,0.));
#4785 = DEFINITIONAL_REPRESENTATION('',(#4786),#4790);
#4786 = LINE('',#4787,#4788);
#4787 = CARTESIAN_POINT('',(0.,0.));
#4788 = VECTOR('',#4789,1.);
#4789 = DIRECTION('',(1.,0.));
#4790 = ( GEOMETRIC_REPRESENTATION_CONTEXT(2) 
PARAMETRIC_REPRESENTATION_CONTEXT() REPRESENTATION_CONTEXT('2D SPACE',''
  ) );
#4791 = ORIENTED_EDGE('',*,*,#4792,.F.);
#4792 = EDGE_CURVE('',#4793,#4765,#4795,.T.);
#4793 = VERTEX_POINT('',#4794);
#4794 = CARTESIAN_POINT('',(200.62333407341,0.,1.575));
#4795 = SURFACE_CURVE('',#4796,(#4800,#4807),.PCURVE_S1.);
#4796 = LINE('',#4797,#4798);
#4797 = CARTESIAN_POINT('',(200.62333407341,0.,1.575));
#4798 = VECTOR('',#4799,1.);
#4799 = DIRECTION('',(0.,0.,1.));
#4800 = PCURVE('',#44,#4801);
#4801 = DEFINITIONAL_REPRESENTATION('',(#4802),#4806);
#4802 = LINE('',#4803,#4804);
#4803 = CARTESIAN_POINT('',(1.575,200.62333407341));
#4804 = VECTOR('',#4805,1.);
#4805 = DIRECTION('',(1.,0.));
#4806 = ( GEOMETRIC_REPRESENTATION_CONTEXT(2) 
PARAMETRIC_REPRESENTATION_CONTEXT() REPRESENTATION_CONTEXT('2D SPACE',''
  ) );
#4807 = PCURVE('',#4808,#4813);
#4808 = PLANE('',#4809);
#4809 = AXIS2_PLACEMENT_3D('',#4810,#4811,#4812);
#4810 = CARTESIAN_POINT('',(200.62333407341,0.,1.575));
#4811 = DIRECTION('',(1.,0.,0.));
#4812 = DIRECTION('',(0.,0.,1.));
#4813 = DEFINITIONAL_REPRESENTATION('',(#4814),#4818);
#4814 = LINE('',#4815,#4816);
#4815 = CARTESIAN_POINT('',(0.,0.));
#4816 = VECTOR('',#4817,1.);
#4817 = DIRECTION('',(1.,0.));
#4818 = ( GEOMETRIC_REPRESENTATION_CONTEXT(2) 
PARAMETRIC_REPRESENTATION_CONTEXT() REPRESENTATION_CONTEXT('2D SPACE',''
  ) );
#4819 = ORIENTED_EDGE('',*,*,#4820,.F.);
#4820 = EDGE_CURVE('',#144,#4793,#4821,.T.);
#4821 = SURFACE_CURVE('',#4822,(#4826,#4833),.PCURVE_S1.);
#4822 = LINE('',#4823,#4824);
#4823 = CARTESIAN_POINT('',(199.37666592658,0.,1.575));
#4824 = VECTOR('',#4825,1.);
#4825 = DIRECTION('',(1.,0.,0.));
#4826 = PCURVE('',#44,#4827);
#4827 = DEFINITIONAL_REPRESENTATION('',(#4828),#4832);
#4828 = LINE('',#4829,#4830);
#4829 = CARTESIAN_POINT('',(1.575,199.37666592658));
#4830 = VECTOR('',#4831,1.);
#4831 = DIRECTION('',(0.,1.));
#4832 = ( GEOMETRIC_REPRESENTATION_CONTEXT(2) 
PARAMETRIC_REPRESENTATION_CONTEXT() REPRESENTATION_CONTEXT('2D SPACE',''
  ) );
#4833 = PCURVE('',#4834,#4839);
#4834 = PLANE('',#4835);
#4835 = AXIS2_PLACEMENT_3D('',#4836,#4837,#4838);
#4836 = CARTESIAN_POINT('',(199.37666592658,0.,1.575));
#4837 = DIRECTION('',(0.,0.,1.));
#4838 = DIRECTION('',(1.,0.,0.));
#4839 = DEFINITIONAL_REPRESENTATION('',(#4840),#4844);
#4840 = LINE('',#4841,#4842);
#4841 = CARTESIAN_POINT('',(0.,0.));
#4842 = VECTOR('',#4843,1.);
#4843 = DIRECTION('',(1.,0.));
#4844 = ( GEOMETRIC_REPRESENTATION_CONTEXT(2) 
PARAMETRIC_REPRESENTATION_CONTEXT() REPRESENTATION_CONTEXT('2D SPACE',''
  ) );
#4845 = ADVANCED_FACE('',(#4846),#126,.F.);
#4846 = FACE_BOUND('',#4847,.F.);
#4847 = EDGE_LOOP('',(#4848,#4871,#4892,#4893));
#4848 = ORIENTED_EDGE('',*,*,#4849,.F.);
#4849 = EDGE_CURVE('',#4850,#85,#4852,.T.);
#4850 = VERTEX_POINT('',#4851);
#4851 = CARTESIAN_POINT('',(-0.623334073416,200.,1.575));
#4852 = SURFACE_CURVE('',#4853,(#4857,#4864),.PCURVE_S1.);
#4853 = LINE('',#4854,#4855);
#4854 = CARTESIAN_POINT('',(-0.623334073416,200.,1.575));
#4855 = VECTOR('',#4856,1.);
#4856 = DIRECTION('',(1.,0.,0.));
#4857 = PCURVE('',#126,#4858);
#4858 = DEFINITIONAL_REPRESENTATION('',(#4859),#4863);
#4859 = LINE('',#4860,#4861);
#4860 = CARTESIAN_POINT('',(0.,200.));
#4861 = VECTOR('',#4862,1.);
#4862 = DIRECTION('',(1.,0.));
#4863 = ( GEOMETRIC_REPRESENTATION_CONTEXT(2) 
PARAMETRIC_REPRESENTATION_CONTEXT() REPRESENTATION_CONTEXT('2D SPACE',''
  ) );
#4864 = PCURVE('',#100,#4865);
#4865 = DEFINITIONAL_REPRESENTATION('',(#4866),#4870);
#4866 = LINE('',#4867,#4868);
#4867 = CARTESIAN_POINT('',(1.575,-0.623334073416));
#4868 = VECTOR('',#4869,1.);
#4869 = DIRECTION('',(0.,1.));
#4870 = ( GEOMETRIC_REPRESENTATION_CONTEXT(2) 
PARAMETRIC_REPRESENTATION_CONTEXT() REPRESENTATION_CONTEXT('2D SPACE',''
  ) );
#4871 = ORIENTED_EDGE('',*,*,#4872,.F.);
#4872 = EDGE_CURVE('',#194,#4850,#4873,.T.);
#4873 = SURFACE_CURVE('',#4874,(#4878,#4885),.PCURVE_S1.);
#4874 = LINE('',#4875,#4876);
#4875 = CARTESIAN_POINT('',(-0.623334073416,0.,1.575));
#4876 = VECTOR('',#4877,1.);
#4877 = DIRECTION('',(0.,1.,0.));
#4878 = PCURVE('',#126,#4879);
#4879 = DEFINITIONAL_REPRESENTATION('',(#4880),#4884);
#4880 = LINE('',#4881,#4882);
#4881 = CARTESIAN_POINT('',(0.,0.));
#4882 = VECTOR('',#4883,1.);
#4883 = DIRECTION('',(0.,1.));
#4884 = ( GEOMETRIC_REPRESENTATION_CONTEXT(2) 
PARAMETRIC_REPRESENTATION_CONTEXT() REPRESENTATION_CONTEXT('2D SPACE',''
  ) );
#4885 = PCURVE('',#232,#4886);
#4886 = DEFINITIONAL_REPRESENTATION('',(#4887),#4891);
#4887 = LINE('',#4888,#4889);
#4888 = CARTESIAN_POINT('',(0.,0.));
#4889 = VECTOR('',#4890,1.);
#4890 = DIRECTION('',(0.,-1.));
#4891 = ( GEOMETRIC_REPRESENTATION_CONTEXT(2) 
PARAMETRIC_REPRESENTATION_CONTEXT() REPRESENTATION_CONTEXT('2D SPACE',''
  ) );
#4892 = ORIENTED_EDGE('',*,*,#193,.T.);
#4893 = ORIENTED_EDGE('',*,*,#112,.T.);
#4894 = ADVANCED_FACE('',(#4895),#100,.T.);
#4895 = FACE_BOUND('',#4896,.T.);
#4896 = EDGE_LOOP('',(#4897,#4922,#4943,#4944,#4945,#4968,#4991,#5014,
    #5042,#5065,#5088,#5111,#5139,#5162,#5185,#5208,#5236,#5259,#5282,
    #5305,#5333,#5356,#5379,#5402,#5430,#5453,#5476,#5499,#5527,#5550,
    #5573,#5596,#5624,#5647,#5670,#5693,#5721,#5744,#5767,#5790,#5818,
    #5841,#5864,#5887,#5915,#5938,#5961,#5984,#6012,#6035,#6058,#6081,
    #6109,#6132,#6155,#6178,#6206,#6229,#6252,#6275,#6303,#6326,#6349,
    #6372,#6400,#6423,#6446,#6469,#6497,#6520,#6543,#6566,#6594,#6617,
    #6640,#6663,#6691,#6714,#6737,#6760,#6788,#6811,#6834,#6857,#6885,
    #6908,#6931,#6954,#6982,#7005,#7028,#7051,#7079,#7102,#7125,#7148,
    #7176,#7199,#7222,#7245,#7273,#7296,#7319,#7342,#7370,#7393,#7416,
    #7439,#7467,#7490,#7513,#7536,#7564,#7587,#7610,#7633,#7661,#7684,
    #7707,#7730,#7758,#7781,#7804,#7827,#7855,#7878,#7901,#7924,#7952,
    #7975,#7998,#8021,#8049,#8072,#8095,#8118,#8146,#8169,#8192,#8215,
    #8243,#8266,#8289,#8312,#8340,#8363,#8386,#8409,#8437,#8460,#8483,
    #8506,#8534,#8557,#8580,#8603,#8631,#8654,#8677,#8700,#8728,#8751,
    #8774,#8797,#8825,#8848,#8871,#8894));
#4897 = ORIENTED_EDGE('',*,*,#4898,.F.);
#4898 = EDGE_CURVE('',#4899,#4901,#4903,.T.);
#4899 = VERTEX_POINT('',#4900);
#4900 = CARTESIAN_POINT('',(200.,200.,0.));
#4901 = VERTEX_POINT('',#4902);
#4902 = CARTESIAN_POINT('',(200.,200.,1.575));
#4903 = SURFACE_CURVE('',#4904,(#4908,#4915),.PCURVE_S1.);
#4904 = LINE('',#4905,#4906);
#4905 = CARTESIAN_POINT('',(200.,200.,0.));
#4906 = VECTOR('',#4907,1.);
#4907 = DIRECTION('',(0.,0.,1.));
#4908 = PCURVE('',#100,#4909);
#4909 = DEFINITIONAL_REPRESENTATION('',(#4910),#4914);
#4910 = LINE('',#4911,#4912);
#4911 = CARTESIAN_POINT('',(0.,200.));
#4912 = VECTOR('',#4913,1.);
#4913 = DIRECTION('',(1.,0.));
#4914 = ( GEOMETRIC_REPRESENTATION_CONTEXT(2) 
PARAMETRIC_REPRESENTATION_CONTEXT() REPRESENTATION_CONTEXT('2D SPACE',''
  ) );
#4915 = PCURVE('',#159,#4916);
#4916 = DEFINITIONAL_REPRESENTATION('',(#4917),#4921);
#4917 = LINE('',#4918,#4919);
#4918 = CARTESIAN_POINT('',(0.,-200.));
#4919 = VECTOR('',#4920,1.);
#4920 = DIRECTION('',(1.,0.));
#4921 = ( GEOMETRIC_REPRESENTATION_CONTEXT(2) 
PARAMETRIC_REPRESENTATION_CONTEXT() REPRESENTATION_CONTEXT('2D SPACE',''
  ) );
#4922 = ORIENTED_EDGE('',*,*,#4923,.F.);
#4923 = EDGE_CURVE('',#57,#4899,#4924,.T.);
#4924 = SURFACE_CURVE('',#4925,(#4929,#4936),.PCURVE_S1.);
#4925 = LINE('',#4926,#4927);
#4926 = CARTESIAN_POINT('',(0.,200.,0.));
#4927 = VECTOR('',#4928,1.);
#4928 = DIRECTION('',(1.,0.,0.));
#4929 = PCURVE('',#100,#4930);
#4930 = DEFINITIONAL_REPRESENTATION('',(#4931),#4935);
#4931 = LINE('',#4932,#4933);
#4932 = CARTESIAN_POINT('',(0.,0.));
#4933 = VECTOR('',#4934,1.);
#4934 = DIRECTION('',(0.,1.));
#4935 = ( GEOMETRIC_REPRESENTATION_CONTEXT(2) 
PARAMETRIC_REPRESENTATION_CONTEXT() REPRESENTATION_CONTEXT('2D SPACE',''
  ) );
#4936 = PCURVE('',#72,#4937);
#4937 = DEFINITIONAL_REPRESENTATION('',(#4938),#4942);
#4938 = LINE('',#4939,#4940);
#4939 = CARTESIAN_POINT('',(0.,200.));
#4940 = VECTOR('',#4941,1.);
#4941 = DIRECTION('',(1.,0.));
#4942 = ( GEOMETRIC_REPRESENTATION_CONTEXT(2) 
PARAMETRIC_REPRESENTATION_CONTEXT() REPRESENTATION_CONTEXT('2D SPACE',''
  ) );
#4943 = ORIENTED_EDGE('',*,*,#84,.T.);
#4944 = ORIENTED_EDGE('',*,*,#4849,.F.);
#4945 = ORIENTED_EDGE('',*,*,#4946,.T.);
#4946 = EDGE_CURVE('',#4850,#4947,#4949,.T.);
#4947 = VERTEX_POINT('',#4948);
#4948 = CARTESIAN_POINT('',(-0.623334073416,200.,4.575));
#4949 = SURFACE_CURVE('',#4950,(#4954,#4961),.PCURVE_S1.);
#4950 = LINE('',#4951,#4952);
#4951 = CARTESIAN_POINT('',(-0.623334073416,200.,1.575));
#4952 = VECTOR('',#4953,1.);
#4953 = DIRECTION('',(0.,0.,1.));
#4954 = PCURVE('',#100,#4955);
#4955 = DEFINITIONAL_REPRESENTATION('',(#4956),#4960);
#4956 = LINE('',#4957,#4958);
#4957 = CARTESIAN_POINT('',(1.575,-0.623334073416));
#4958 = VECTOR('',#4959,1.);
#4959 = DIRECTION('',(1.,0.));
#4960 = ( GEOMETRIC_REPRESENTATION_CONTEXT(2) 
PARAMETRIC_REPRESENTATION_CONTEXT() REPRESENTATION_CONTEXT('2D SPACE',''
  ) );
#4961 = PCURVE('',#232,#4962);
#4962 = DEFINITIONAL_REPRESENTATION('',(#4963),#4967);
#4963 = LINE('',#4964,#4965);
#4964 = CARTESIAN_POINT('',(0.,-200.));
#4965 = VECTOR('',#4966,1.);
#4966 = DIRECTION('',(1.,0.));
#4967 = ( GEOMETRIC_REPRESENTATION_CONTEXT(2) 
PARAMETRIC_REPRESENTATION_CONTEXT() REPRESENTATION_CONTEXT('2D SPACE',''
  ) );
#4968 = ORIENTED_EDGE('',*,*,#4969,.T.);
#4969 = EDGE_CURVE('',#4947,#4970,#4972,.T.);
#4970 = VERTEX_POINT('',#4971);
#4971 = CARTESIAN_POINT('',(0.623334073416,200.,4.575));
#4972 = SURFACE_CURVE('',#4973,(#4977,#4984),.PCURVE_S1.);
#4973 = LINE('',#4974,#4975);
#4974 = CARTESIAN_POINT('',(-0.623334073416,200.,4.575));
#4975 = VECTOR('',#4976,1.);
#4976 = DIRECTION('',(1.,0.,0.));
#4977 = PCURVE('',#100,#4978);
#4978 = DEFINITIONAL_REPRESENTATION('',(#4979),#4983);
#4979 = LINE('',#4980,#4981);
#4980 = CARTESIAN_POINT('',(4.575,-0.623334073416));
#4981 = VECTOR('',#4982,1.);
#4982 = DIRECTION('',(0.,1.));
#4983 = ( GEOMETRIC_REPRESENTATION_CONTEXT(2) 
PARAMETRIC_REPRESENTATION_CONTEXT() REPRESENTATION_CONTEXT('2D SPACE',''
  ) );
#4984 = PCURVE('',#260,#4985);
#4985 = DEFINITIONAL_REPRESENTATION('',(#4986),#4990);
#4986 = LINE('',#4987,#4988);
#4987 = CARTESIAN_POINT('',(0.,200.));
#4988 = VECTOR('',#4989,1.);
#4989 = DIRECTION('',(1.,0.));
#4990 = ( GEOMETRIC_REPRESENTATION_CONTEXT(2) 
PARAMETRIC_REPRESENTATION_CONTEXT() REPRESENTATION_CONTEXT('2D SPACE',''
  ) );
#4991 = ORIENTED_EDGE('',*,*,#4992,.F.);
#4992 = EDGE_CURVE('',#4993,#4970,#4995,.T.);
#4993 = VERTEX_POINT('',#4994);
#4994 = CARTESIAN_POINT('',(0.623334073416,200.0000001,1.575));
#4995 = SURFACE_CURVE('',#4996,(#5000,#5007),.PCURVE_S1.);
#4996 = LINE('',#4997,#4998);
#4997 = CARTESIAN_POINT('',(0.623334073416,200.,1.575));
#4998 = VECTOR('',#4999,1.);
#4999 = DIRECTION('',(0.,0.,1.));
#5000 = PCURVE('',#100,#5001);
#5001 = DEFINITIONAL_REPRESENTATION('',(#5002),#5006);
#5002 = LINE('',#5003,#5004);
#5003 = CARTESIAN_POINT('',(1.575,0.623334073416));
#5004 = VECTOR('',#5005,1.);
#5005 = DIRECTION('',(1.,0.));
#5006 = ( GEOMETRIC_REPRESENTATION_CONTEXT(2) 
PARAMETRIC_REPRESENTATION_CONTEXT() REPRESENTATION_CONTEXT('2D SPACE',''
  ) );
#5007 = PCURVE('',#288,#5008);
#5008 = DEFINITIONAL_REPRESENTATION('',(#5009),#5013);
#5009 = LINE('',#5010,#5011);
#5010 = CARTESIAN_POINT('',(0.,-200.));
#5011 = VECTOR('',#5012,1.);
#5012 = DIRECTION('',(1.,0.));
#5013 = ( GEOMETRIC_REPRESENTATION_CONTEXT(2) 
PARAMETRIC_REPRESENTATION_CONTEXT() REPRESENTATION_CONTEXT('2D SPACE',''
  ) );
#5014 = ORIENTED_EDGE('',*,*,#5015,.T.);
#5015 = EDGE_CURVE('',#4993,#5016,#5018,.T.);
#5016 = VERTEX_POINT('',#5017);
#5017 = CARTESIAN_POINT('',(4.376665926584,200.0000001,1.575));
#5018 = SURFACE_CURVE('',#5019,(#5024,#5035),.PCURVE_S1.);
#5019 = CIRCLE('',#5020,2.45);
#5020 = AXIS2_PLACEMENT_3D('',#5021,#5022,#5023);
#5021 = CARTESIAN_POINT('',(2.5,200.0000002,3.15));
#5022 = DIRECTION('',(0.,-1.,0.));
#5023 = DIRECTION('',(1.,0.,0.));
#5024 = PCURVE('',#100,#5025);
#5025 = DEFINITIONAL_REPRESENTATION('',(#5026),#5034);
#5026 = ( BOUNDED_CURVE() B_SPLINE_CURVE(2,(#5027,#5028,#5029,#5030,
#5031,#5032,#5033),.UNSPECIFIED.,.T.,.F.) B_SPLINE_CURVE_WITH_KNOTS((1,2
    ,2,2,2,1),(-2.094395102393,0.,2.094395102393,4.188790204786,
6.28318530718,8.377580409573),.UNSPECIFIED.) CURVE() 
GEOMETRIC_REPRESENTATION_ITEM() RATIONAL_B_SPLINE_CURVE((1.,0.5,1.,0.5,
1.,0.5,1.)) REPRESENTATION_ITEM('') );
#5027 = CARTESIAN_POINT('',(3.15,4.95));
#5028 = CARTESIAN_POINT('',(7.393524478544,4.95));
#5029 = CARTESIAN_POINT('',(5.271762239272,1.275));
#5030 = CARTESIAN_POINT('',(3.15,-2.4));
#5031 = CARTESIAN_POINT('',(1.028237760728,1.275));
#5032 = CARTESIAN_POINT('',(-1.093524478544,4.95));
#5033 = CARTESIAN_POINT('',(3.15,4.95));
#5034 = ( GEOMETRIC_REPRESENTATION_CONTEXT(2) 
PARAMETRIC_REPRESENTATION_CONTEXT() REPRESENTATION_CONTEXT('2D SPACE',''
  ) );
#5035 = PCURVE('',#317,#5036);
#5036 = DEFINITIONAL_REPRESENTATION('',(#5037),#5041);
#5037 = LINE('',#5038,#5039);
#5038 = CARTESIAN_POINT('',(-0.,0.));
#5039 = VECTOR('',#5040,1.);
#5040 = DIRECTION('',(-1.,0.));
#5041 = ( GEOMETRIC_REPRESENTATION_CONTEXT(2) 
PARAMETRIC_REPRESENTATION_CONTEXT() REPRESENTATION_CONTEXT('2D SPACE',''
  ) );
#5042 = ORIENTED_EDGE('',*,*,#5043,.T.);
#5043 = EDGE_CURVE('',#5016,#5044,#5046,.T.);
#5044 = VERTEX_POINT('',#5045);
#5045 = CARTESIAN_POINT('',(4.376665926584,200.,4.575));
#5046 = SURFACE_CURVE('',#5047,(#5051,#5058),.PCURVE_S1.);
#5047 = LINE('',#5048,#5049);
#5048 = CARTESIAN_POINT('',(4.376665926584,200.,1.575));
#5049 = VECTOR('',#5050,1.);
#5050 = DIRECTION('',(0.,0.,1.));
#5051 = PCURVE('',#100,#5052);
#5052 = DEFINITIONAL_REPRESENTATION('',(#5053),#5057);
#5053 = LINE('',#5054,#5055);
#5054 = CARTESIAN_POINT('',(1.575,4.376665926584));
#5055 = VECTOR('',#5056,1.);
#5056 = DIRECTION('',(1.,0.));
#5057 = ( GEOMETRIC_REPRESENTATION_CONTEXT(2) 
PARAMETRIC_REPRESENTATION_CONTEXT() REPRESENTATION_CONTEXT('2D SPACE',''
  ) );
#5058 = PCURVE('',#345,#5059);
#5059 = DEFINITIONAL_REPRESENTATION('',(#5060),#5064);
#5060 = LINE('',#5061,#5062);
#5061 = CARTESIAN_POINT('',(0.,-200.));
#5062 = VECTOR('',#5063,1.);
#5063 = DIRECTION('',(1.,0.));
#5064 = ( GEOMETRIC_REPRESENTATION_CONTEXT(2) 
PARAMETRIC_REPRESENTATION_CONTEXT() REPRESENTATION_CONTEXT('2D SPACE',''
  ) );
#5065 = ORIENTED_EDGE('',*,*,#5066,.T.);
#5066 = EDGE_CURVE('',#5044,#5067,#5069,.T.);
#5067 = VERTEX_POINT('',#5068);
#5068 = CARTESIAN_POINT('',(5.623334073416,200.,4.575));
#5069 = SURFACE_CURVE('',#5070,(#5074,#5081),.PCURVE_S1.);
#5070 = LINE('',#5071,#5072);
#5071 = CARTESIAN_POINT('',(4.376665926584,200.,4.575));
#5072 = VECTOR('',#5073,1.);
#5073 = DIRECTION('',(1.,0.,0.));
#5074 = PCURVE('',#100,#5075);
#5075 = DEFINITIONAL_REPRESENTATION('',(#5076),#5080);
#5076 = LINE('',#5077,#5078);
#5077 = CARTESIAN_POINT('',(4.575,4.376665926584));
#5078 = VECTOR('',#5079,1.);
#5079 = DIRECTION('',(0.,1.));
#5080 = ( GEOMETRIC_REPRESENTATION_CONTEXT(2) 
PARAMETRIC_REPRESENTATION_CONTEXT() REPRESENTATION_CONTEXT('2D SPACE',''
  ) );
#5081 = PCURVE('',#373,#5082);
#5082 = DEFINITIONAL_REPRESENTATION('',(#5083),#5087);
#5083 = LINE('',#5084,#5085);
#5084 = CARTESIAN_POINT('',(0.,200.));
#5085 = VECTOR('',#5086,1.);
#5086 = DIRECTION('',(1.,0.));
#5087 = ( GEOMETRIC_REPRESENTATION_CONTEXT(2) 
PARAMETRIC_REPRESENTATION_CONTEXT() REPRESENTATION_CONTEXT('2D SPACE',''
  ) );
#5088 = ORIENTED_EDGE('',*,*,#5089,.F.);
#5089 = EDGE_CURVE('',#5090,#5067,#5092,.T.);
#5090 = VERTEX_POINT('',#5091);
#5091 = CARTESIAN_POINT('',(5.623334073416,200.,1.575));
#5092 = SURFACE_CURVE('',#5093,(#5097,#5104),.PCURVE_S1.);
#5093 = LINE('',#5094,#5095);
#5094 = CARTESIAN_POINT('',(5.623334073416,200.,1.575));
#5095 = VECTOR('',#5096,1.);
#5096 = DIRECTION('',(0.,0.,1.));
#5097 = PCURVE('',#100,#5098);
#5098 = DEFINITIONAL_REPRESENTATION('',(#5099),#5103);
#5099 = LINE('',#5100,#5101);
#5100 = CARTESIAN_POINT('',(1.575,5.623334073416));
#5101 = VECTOR('',#5102,1.);
#5102 = DIRECTION('',(1.,0.));
#5103 = ( GEOMETRIC_REPRESENTATION_CONTEXT(2) 
PARAMETRIC_REPRESENTATION_CONTEXT() REPRESENTATION_CONTEXT('2D SPACE',''
  ) );
#5104 = PCURVE('',#401,#5105);
#5105 = DEFINITIONAL_REPRESENTATION('',(#5106),#5110);
#5106 = LINE('',#5107,#5108);
#5107 = CARTESIAN_POINT('',(0.,-200.));
#5108 = VECTOR('',#5109,1.);
#5109 = DIRECTION('',(1.,0.));
#5110 = ( GEOMETRIC_REPRESENTATION_CONTEXT(2) 
PARAMETRIC_REPRESENTATION_CONTEXT() REPRESENTATION_CONTEXT('2D SPACE',''
  ) );
#5111 = ORIENTED_EDGE('',*,*,#5112,.T.);
#5112 = EDGE_CURVE('',#5090,#5113,#5115,.T.);
#5113 = VERTEX_POINT('',#5114);
#5114 = CARTESIAN_POINT('',(9.376665926584,200.,1.575));
#5115 = SURFACE_CURVE('',#5116,(#5121,#5132),.PCURVE_S1.);
#5116 = CIRCLE('',#5117,2.45);
#5117 = AXIS2_PLACEMENT_3D('',#5118,#5119,#5120);
#5118 = CARTESIAN_POINT('',(7.5,200.,3.15));
#5119 = DIRECTION('',(0.,-1.,0.));
#5120 = DIRECTION('',(1.,0.,5.437827059389E-16));
#5121 = PCURVE('',#100,#5122);
#5122 = DEFINITIONAL_REPRESENTATION('',(#5123),#5131);
#5123 = ( BOUNDED_CURVE() B_SPLINE_CURVE(2,(#5124,#5125,#5126,#5127,
#5128,#5129,#5130),.UNSPECIFIED.,.T.,.F.) B_SPLINE_CURVE_WITH_KNOTS((1,2
    ,2,2,2,1),(-2.094395102393,0.,2.094395102393,4.188790204786,
6.28318530718,8.377580409573),.UNSPECIFIED.) CURVE() 
GEOMETRIC_REPRESENTATION_ITEM() RATIONAL_B_SPLINE_CURVE((1.,0.5,1.,0.5,
1.,0.5,1.)) REPRESENTATION_ITEM('') );
#5124 = CARTESIAN_POINT('',(3.15,9.95));
#5125 = CARTESIAN_POINT('',(7.393524478544,9.95));
#5126 = CARTESIAN_POINT('',(5.271762239272,6.275));
#5127 = CARTESIAN_POINT('',(3.15,2.6));
#5128 = CARTESIAN_POINT('',(1.028237760728,6.275));
#5129 = CARTESIAN_POINT('',(-1.093524478544,9.95));
#5130 = CARTESIAN_POINT('',(3.15,9.95));
#5131 = ( GEOMETRIC_REPRESENTATION_CONTEXT(2) 
PARAMETRIC_REPRESENTATION_CONTEXT() REPRESENTATION_CONTEXT('2D SPACE',''
  ) );
#5132 = PCURVE('',#430,#5133);
#5133 = DEFINITIONAL_REPRESENTATION('',(#5134),#5138);
#5134 = LINE('',#5135,#5136);
#5135 = CARTESIAN_POINT('',(-0.,-7.999999525055E-07));
#5136 = VECTOR('',#5137,1.);
#5137 = DIRECTION('',(-1.,-0.));
#5138 = ( GEOMETRIC_REPRESENTATION_CONTEXT(2) 
PARAMETRIC_REPRESENTATION_CONTEXT() REPRESENTATION_CONTEXT('2D SPACE',''
  ) );
#5139 = ORIENTED_EDGE('',*,*,#5140,.T.);
#5140 = EDGE_CURVE('',#5113,#5141,#5143,.T.);
#5141 = VERTEX_POINT('',#5142);
#5142 = CARTESIAN_POINT('',(9.376665926584,200.,4.575));
#5143 = SURFACE_CURVE('',#5144,(#5148,#5155),.PCURVE_S1.);
#5144 = LINE('',#5145,#5146);
#5145 = CARTESIAN_POINT('',(9.376665926584,200.,1.575));
#5146 = VECTOR('',#5147,1.);
#5147 = DIRECTION('',(0.,0.,1.));
#5148 = PCURVE('',#100,#5149);
#5149 = DEFINITIONAL_REPRESENTATION('',(#5150),#5154);
#5150 = LINE('',#5151,#5152);
#5151 = CARTESIAN_POINT('',(1.575,9.376665926584));
#5152 = VECTOR('',#5153,1.);
#5153 = DIRECTION('',(1.,0.));
#5154 = ( GEOMETRIC_REPRESENTATION_CONTEXT(2) 
PARAMETRIC_REPRESENTATION_CONTEXT() REPRESENTATION_CONTEXT('2D SPACE',''
  ) );
#5155 = PCURVE('',#458,#5156);
#5156 = DEFINITIONAL_REPRESENTATION('',(#5157),#5161);
#5157 = LINE('',#5158,#5159);
#5158 = CARTESIAN_POINT('',(0.,-200.));
#5159 = VECTOR('',#5160,1.);
#5160 = DIRECTION('',(1.,0.));
#5161 = ( GEOMETRIC_REPRESENTATION_CONTEXT(2) 
PARAMETRIC_REPRESENTATION_CONTEXT() REPRESENTATION_CONTEXT('2D SPACE',''
  ) );
#5162 = ORIENTED_EDGE('',*,*,#5163,.T.);
#5163 = EDGE_CURVE('',#5141,#5164,#5166,.T.);
#5164 = VERTEX_POINT('',#5165);
#5165 = CARTESIAN_POINT('',(10.623334073416,200.,4.575));
#5166 = SURFACE_CURVE('',#5167,(#5171,#5178),.PCURVE_S1.);
#5167 = LINE('',#5168,#5169);
#5168 = CARTESIAN_POINT('',(9.376665926584,200.,4.575));
#5169 = VECTOR('',#5170,1.);
#5170 = DIRECTION('',(1.,0.,0.));
#5171 = PCURVE('',#100,#5172);
#5172 = DEFINITIONAL_REPRESENTATION('',(#5173),#5177);
#5173 = LINE('',#5174,#5175);
#5174 = CARTESIAN_POINT('',(4.575,9.376665926584));
#5175 = VECTOR('',#5176,1.);
#5176 = DIRECTION('',(0.,1.));
#5177 = ( GEOMETRIC_REPRESENTATION_CONTEXT(2) 
PARAMETRIC_REPRESENTATION_CONTEXT() REPRESENTATION_CONTEXT('2D SPACE',''
  ) );
#5178 = PCURVE('',#486,#5179);
#5179 = DEFINITIONAL_REPRESENTATION('',(#5180),#5184);
#5180 = LINE('',#5181,#5182);
#5181 = CARTESIAN_POINT('',(0.,200.));
#5182 = VECTOR('',#5183,1.);
#5183 = DIRECTION('',(1.,0.));
#5184 = ( GEOMETRIC_REPRESENTATION_CONTEXT(2) 
PARAMETRIC_REPRESENTATION_CONTEXT() REPRESENTATION_CONTEXT('2D SPACE',''
  ) );
#5185 = ORIENTED_EDGE('',*,*,#5186,.F.);
#5186 = EDGE_CURVE('',#5187,#5164,#5189,.T.);
#5187 = VERTEX_POINT('',#5188);
#5188 = CARTESIAN_POINT('',(10.623334073416,200.,1.575));
#5189 = SURFACE_CURVE('',#5190,(#5194,#5201),.PCURVE_S1.);
#5190 = LINE('',#5191,#5192);
#5191 = CARTESIAN_POINT('',(10.623334073416,200.,1.575));
#5192 = VECTOR('',#5193,1.);
#5193 = DIRECTION('',(0.,0.,1.));
#5194 = PCURVE('',#100,#5195);
#5195 = DEFINITIONAL_REPRESENTATION('',(#5196),#5200);
#5196 = LINE('',#5197,#5198);
#5197 = CARTESIAN_POINT('',(1.575,10.623334073416));
#5198 = VECTOR('',#5199,1.);
#5199 = DIRECTION('',(1.,0.));
#5200 = ( GEOMETRIC_REPRESENTATION_CONTEXT(2) 
PARAMETRIC_REPRESENTATION_CONTEXT() REPRESENTATION_CONTEXT('2D SPACE',''
  ) );
#5201 = PCURVE('',#514,#5202);
#5202 = DEFINITIONAL_REPRESENTATION('',(#5203),#5207);
#5203 = LINE('',#5204,#5205);
#5204 = CARTESIAN_POINT('',(0.,-200.));
#5205 = VECTOR('',#5206,1.);
#5206 = DIRECTION('',(1.,0.));
#5207 = ( GEOMETRIC_REPRESENTATION_CONTEXT(2) 
PARAMETRIC_REPRESENTATION_CONTEXT() REPRESENTATION_CONTEXT('2D SPACE',''
  ) );
#5208 = ORIENTED_EDGE('',*,*,#5209,.T.);
#5209 = EDGE_CURVE('',#5187,#5210,#5212,.T.);
#5210 = VERTEX_POINT('',#5211);
#5211 = CARTESIAN_POINT('',(14.376665926584,200.,1.575));
#5212 = SURFACE_CURVE('',#5213,(#5218,#5229),.PCURVE_S1.);
#5213 = CIRCLE('',#5214,2.45);
#5214 = AXIS2_PLACEMENT_3D('',#5215,#5216,#5217);
#5215 = CARTESIAN_POINT('',(12.5,200.,3.15));
#5216 = DIRECTION('',(0.,-1.,0.));
#5217 = DIRECTION('',(1.,0.,1.812609019796E-16));
#5218 = PCURVE('',#100,#5219);
#5219 = DEFINITIONAL_REPRESENTATION('',(#5220),#5228);
#5220 = ( BOUNDED_CURVE() B_SPLINE_CURVE(2,(#5221,#5222,#5223,#5224,
#5225,#5226,#5227),.UNSPECIFIED.,.T.,.F.) B_SPLINE_CURVE_WITH_KNOTS((1,2
    ,2,2,2,1),(-2.094395102393,0.,2.094395102393,4.188790204786,
6.28318530718,8.377580409573),.UNSPECIFIED.) CURVE() 
GEOMETRIC_REPRESENTATION_ITEM() RATIONAL_B_SPLINE_CURVE((1.,0.5,1.,0.5,
1.,0.5,1.)) REPRESENTATION_ITEM('') );
#5221 = CARTESIAN_POINT('',(3.15,14.95));
#5222 = CARTESIAN_POINT('',(7.393524478544,14.95));
#5223 = CARTESIAN_POINT('',(5.271762239272,11.275));
#5224 = CARTESIAN_POINT('',(3.15,7.6));
#5225 = CARTESIAN_POINT('',(1.028237760728,11.275));
#5226 = CARTESIAN_POINT('',(-1.093524478544,14.95));
#5227 = CARTESIAN_POINT('',(3.15,14.95));
#5228 = ( GEOMETRIC_REPRESENTATION_CONTEXT(2) 
PARAMETRIC_REPRESENTATION_CONTEXT() REPRESENTATION_CONTEXT('2D SPACE',''
  ) );
#5229 = PCURVE('',#543,#5230);
#5230 = DEFINITIONAL_REPRESENTATION('',(#5231),#5235);
#5231 = LINE('',#5232,#5233);
#5232 = CARTESIAN_POINT('',(-0.,-7.999999525055E-07));
#5233 = VECTOR('',#5234,1.);
#5234 = DIRECTION('',(-1.,-0.));
#5235 = ( GEOMETRIC_REPRESENTATION_CONTEXT(2) 
PARAMETRIC_REPRESENTATION_CONTEXT() REPRESENTATION_CONTEXT('2D SPACE',''
  ) );
#5236 = ORIENTED_EDGE('',*,*,#5237,.T.);
#5237 = EDGE_CURVE('',#5210,#5238,#5240,.T.);
#5238 = VERTEX_POINT('',#5239);
#5239 = CARTESIAN_POINT('',(14.376665926584,200.,4.575));
#5240 = SURFACE_CURVE('',#5241,(#5245,#5252),.PCURVE_S1.);
#5241 = LINE('',#5242,#5243);
#5242 = CARTESIAN_POINT('',(14.376665926584,200.,1.575));
#5243 = VECTOR('',#5244,1.);
#5244 = DIRECTION('',(0.,0.,1.));
#5245 = PCURVE('',#100,#5246);
#5246 = DEFINITIONAL_REPRESENTATION('',(#5247),#5251);
#5247 = LINE('',#5248,#5249);
#5248 = CARTESIAN_POINT('',(1.575,14.376665926584));
#5249 = VECTOR('',#5250,1.);
#5250 = DIRECTION('',(1.,0.));
#5251 = ( GEOMETRIC_REPRESENTATION_CONTEXT(2) 
PARAMETRIC_REPRESENTATION_CONTEXT() REPRESENTATION_CONTEXT('2D SPACE',''
  ) );
#5252 = PCURVE('',#571,#5253);
#5253 = DEFINITIONAL_REPRESENTATION('',(#5254),#5258);
#5254 = LINE('',#5255,#5256);
#5255 = CARTESIAN_POINT('',(0.,-200.));
#5256 = VECTOR('',#5257,1.);
#5257 = DIRECTION('',(1.,0.));
#5258 = ( GEOMETRIC_REPRESENTATION_CONTEXT(2) 
PARAMETRIC_REPRESENTATION_CONTEXT() REPRESENTATION_CONTEXT('2D SPACE',''
  ) );
#5259 = ORIENTED_EDGE('',*,*,#5260,.T.);
#5260 = EDGE_CURVE('',#5238,#5261,#5263,.T.);
#5261 = VERTEX_POINT('',#5262);
#5262 = CARTESIAN_POINT('',(15.623334073416,200.,4.575));
#5263 = SURFACE_CURVE('',#5264,(#5268,#5275),.PCURVE_S1.);
#5264 = LINE('',#5265,#5266);
#5265 = CARTESIAN_POINT('',(14.376665926584,200.,4.575));
#5266 = VECTOR('',#5267,1.);
#5267 = DIRECTION('',(1.,0.,0.));
#5268 = PCURVE('',#100,#5269);
#5269 = DEFINITIONAL_REPRESENTATION('',(#5270),#5274);
#5270 = LINE('',#5271,#5272);
#5271 = CARTESIAN_POINT('',(4.575,14.376665926584));
#5272 = VECTOR('',#5273,1.);
#5273 = DIRECTION('',(0.,1.));
#5274 = ( GEOMETRIC_REPRESENTATION_CONTEXT(2) 
PARAMETRIC_REPRESENTATION_CONTEXT() REPRESENTATION_CONTEXT('2D SPACE',''
  ) );
#5275 = PCURVE('',#599,#5276);
#5276 = DEFINITIONAL_REPRESENTATION('',(#5277),#5281);
#5277 = LINE('',#5278,#5279);
#5278 = CARTESIAN_POINT('',(0.,200.));
#5279 = VECTOR('',#5280,1.);
#5280 = DIRECTION('',(1.,0.));
#5281 = ( GEOMETRIC_REPRESENTATION_CONTEXT(2) 
PARAMETRIC_REPRESENTATION_CONTEXT() REPRESENTATION_CONTEXT('2D SPACE',''
  ) );
#5282 = ORIENTED_EDGE('',*,*,#5283,.F.);
#5283 = EDGE_CURVE('',#5284,#5261,#5286,.T.);
#5284 = VERTEX_POINT('',#5285);
#5285 = CARTESIAN_POINT('',(15.623334073416,200.,1.575));
#5286 = SURFACE_CURVE('',#5287,(#5291,#5298),.PCURVE_S1.);
#5287 = LINE('',#5288,#5289);
#5288 = CARTESIAN_POINT('',(15.623334073416,200.,1.575));
#5289 = VECTOR('',#5290,1.);
#5290 = DIRECTION('',(0.,0.,1.));
#5291 = PCURVE('',#100,#5292);
#5292 = DEFINITIONAL_REPRESENTATION('',(#5293),#5297);
#5293 = LINE('',#5294,#5295);
#5294 = CARTESIAN_POINT('',(1.575,15.623334073416));
#5295 = VECTOR('',#5296,1.);
#5296 = DIRECTION('',(1.,0.));
#5297 = ( GEOMETRIC_REPRESENTATION_CONTEXT(2) 
PARAMETRIC_REPRESENTATION_CONTEXT() REPRESENTATION_CONTEXT('2D SPACE',''
  ) );
#5298 = PCURVE('',#627,#5299);
#5299 = DEFINITIONAL_REPRESENTATION('',(#5300),#5304);
#5300 = LINE('',#5301,#5302);
#5301 = CARTESIAN_POINT('',(0.,-200.));
#5302 = VECTOR('',#5303,1.);
#5303 = DIRECTION('',(1.,0.));
#5304 = ( GEOMETRIC_REPRESENTATION_CONTEXT(2) 
PARAMETRIC_REPRESENTATION_CONTEXT() REPRESENTATION_CONTEXT('2D SPACE',''
  ) );
#5305 = ORIENTED_EDGE('',*,*,#5306,.T.);
#5306 = EDGE_CURVE('',#5284,#5307,#5309,.T.);
#5307 = VERTEX_POINT('',#5308);
#5308 = CARTESIAN_POINT('',(19.376665926584,200.,1.575));
#5309 = SURFACE_CURVE('',#5310,(#5315,#5326),.PCURVE_S1.);
#5310 = CIRCLE('',#5311,2.45);
#5311 = AXIS2_PLACEMENT_3D('',#5312,#5313,#5314);
#5312 = CARTESIAN_POINT('',(17.5,200.,3.15));
#5313 = DIRECTION('',(0.,-1.,0.));
#5314 = DIRECTION('',(1.,0.,-5.437827059389E-16));
#5315 = PCURVE('',#100,#5316);
#5316 = DEFINITIONAL_REPRESENTATION('',(#5317),#5325);
#5317 = ( BOUNDED_CURVE() B_SPLINE_CURVE(2,(#5318,#5319,#5320,#5321,
#5322,#5323,#5324),.UNSPECIFIED.,.T.,.F.) B_SPLINE_CURVE_WITH_KNOTS((1,2
    ,2,2,2,1),(-2.094395102393,0.,2.094395102393,4.188790204786,
6.28318530718,8.377580409573),.UNSPECIFIED.) CURVE() 
GEOMETRIC_REPRESENTATION_ITEM() RATIONAL_B_SPLINE_CURVE((1.,0.5,1.,0.5,
1.,0.5,1.)) REPRESENTATION_ITEM('') );
#5318 = CARTESIAN_POINT('',(3.15,19.95));
#5319 = CARTESIAN_POINT('',(7.393524478544,19.95));
#5320 = CARTESIAN_POINT('',(5.271762239272,16.275));
#5321 = CARTESIAN_POINT('',(3.15,12.6));
#5322 = CARTESIAN_POINT('',(1.028237760728,16.275));
#5323 = CARTESIAN_POINT('',(-1.093524478544,19.95));
#5324 = CARTESIAN_POINT('',(3.15,19.95));
#5325 = ( GEOMETRIC_REPRESENTATION_CONTEXT(2) 
PARAMETRIC_REPRESENTATION_CONTEXT() REPRESENTATION_CONTEXT('2D SPACE',''
  ) );
#5326 = PCURVE('',#656,#5327);
#5327 = DEFINITIONAL_REPRESENTATION('',(#5328),#5332);
#5328 = LINE('',#5329,#5330);
#5329 = CARTESIAN_POINT('',(-0.,-7.999999525055E-07));
#5330 = VECTOR('',#5331,1.);
#5331 = DIRECTION('',(-1.,-0.));
#5332 = ( GEOMETRIC_REPRESENTATION_CONTEXT(2) 
PARAMETRIC_REPRESENTATION_CONTEXT() REPRESENTATION_CONTEXT('2D SPACE',''
  ) );
#5333 = ORIENTED_EDGE('',*,*,#5334,.T.);
#5334 = EDGE_CURVE('',#5307,#5335,#5337,.T.);
#5335 = VERTEX_POINT('',#5336);
#5336 = CARTESIAN_POINT('',(19.376665926584,200.,4.575));
#5337 = SURFACE_CURVE('',#5338,(#5342,#5349),.PCURVE_S1.);
#5338 = LINE('',#5339,#5340);
#5339 = CARTESIAN_POINT('',(19.376665926584,200.,1.575));
#5340 = VECTOR('',#5341,1.);
#5341 = DIRECTION('',(0.,0.,1.));
#5342 = PCURVE('',#100,#5343);
#5343 = DEFINITIONAL_REPRESENTATION('',(#5344),#5348);
#5344 = LINE('',#5345,#5346);
#5345 = CARTESIAN_POINT('',(1.575,19.376665926584));
#5346 = VECTOR('',#5347,1.);
#5347 = DIRECTION('',(1.,0.));
#5348 = ( GEOMETRIC_REPRESENTATION_CONTEXT(2) 
PARAMETRIC_REPRESENTATION_CONTEXT() REPRESENTATION_CONTEXT('2D SPACE',''
  ) );
#5349 = PCURVE('',#684,#5350);
#5350 = DEFINITIONAL_REPRESENTATION('',(#5351),#5355);
#5351 = LINE('',#5352,#5353);
#5352 = CARTESIAN_POINT('',(0.,-200.));
#5353 = VECTOR('',#5354,1.);
#5354 = DIRECTION('',(1.,0.));
#5355 = ( GEOMETRIC_REPRESENTATION_CONTEXT(2) 
PARAMETRIC_REPRESENTATION_CONTEXT() REPRESENTATION_CONTEXT('2D SPACE',''
  ) );
#5356 = ORIENTED_EDGE('',*,*,#5357,.T.);
#5357 = EDGE_CURVE('',#5335,#5358,#5360,.T.);
#5358 = VERTEX_POINT('',#5359);
#5359 = CARTESIAN_POINT('',(20.623334073416,200.,4.575));
#5360 = SURFACE_CURVE('',#5361,(#5365,#5372),.PCURVE_S1.);
#5361 = LINE('',#5362,#5363);
#5362 = CARTESIAN_POINT('',(19.376665926584,200.,4.575));
#5363 = VECTOR('',#5364,1.);
#5364 = DIRECTION('',(1.,0.,0.));
#5365 = PCURVE('',#100,#5366);
#5366 = DEFINITIONAL_REPRESENTATION('',(#5367),#5371);
#5367 = LINE('',#5368,#5369);
#5368 = CARTESIAN_POINT('',(4.575,19.376665926584));
#5369 = VECTOR('',#5370,1.);
#5370 = DIRECTION('',(0.,1.));
#5371 = ( GEOMETRIC_REPRESENTATION_CONTEXT(2) 
PARAMETRIC_REPRESENTATION_CONTEXT() REPRESENTATION_CONTEXT('2D SPACE',''
  ) );
#5372 = PCURVE('',#712,#5373);
#5373 = DEFINITIONAL_REPRESENTATION('',(#5374),#5378);
#5374 = LINE('',#5375,#5376);
#5375 = CARTESIAN_POINT('',(0.,200.));
#5376 = VECTOR('',#5377,1.);
#5377 = DIRECTION('',(1.,0.));
#5378 = ( GEOMETRIC_REPRESENTATION_CONTEXT(2) 
PARAMETRIC_REPRESENTATION_CONTEXT() REPRESENTATION_CONTEXT('2D SPACE',''
  ) );
#5379 = ORIENTED_EDGE('',*,*,#5380,.F.);
#5380 = EDGE_CURVE('',#5381,#5358,#5383,.T.);
#5381 = VERTEX_POINT('',#5382);
#5382 = CARTESIAN_POINT('',(20.623334073416,200.,1.575));
#5383 = SURFACE_CURVE('',#5384,(#5388,#5395),.PCURVE_S1.);
#5384 = LINE('',#5385,#5386);
#5385 = CARTESIAN_POINT('',(20.623334073416,200.,1.575));
#5386 = VECTOR('',#5387,1.);
#5387 = DIRECTION('',(0.,0.,1.));
#5388 = PCURVE('',#100,#5389);
#5389 = DEFINITIONAL_REPRESENTATION('',(#5390),#5394);
#5390 = LINE('',#5391,#5392);
#5391 = CARTESIAN_POINT('',(1.575,20.623334073416));
#5392 = VECTOR('',#5393,1.);
#5393 = DIRECTION('',(1.,0.));
#5394 = ( GEOMETRIC_REPRESENTATION_CONTEXT(2) 
PARAMETRIC_REPRESENTATION_CONTEXT() REPRESENTATION_CONTEXT('2D SPACE',''
  ) );
#5395 = PCURVE('',#740,#5396);
#5396 = DEFINITIONAL_REPRESENTATION('',(#5397),#5401);
#5397 = LINE('',#5398,#5399);
#5398 = CARTESIAN_POINT('',(0.,-200.));
#5399 = VECTOR('',#5400,1.);
#5400 = DIRECTION('',(1.,0.));
#5401 = ( GEOMETRIC_REPRESENTATION_CONTEXT(2) 
PARAMETRIC_REPRESENTATION_CONTEXT() REPRESENTATION_CONTEXT('2D SPACE',''
  ) );
#5402 = ORIENTED_EDGE('',*,*,#5403,.T.);
#5403 = EDGE_CURVE('',#5381,#5404,#5406,.T.);
#5404 = VERTEX_POINT('',#5405);
#5405 = CARTESIAN_POINT('',(24.376665926584,200.,1.575));
#5406 = SURFACE_CURVE('',#5407,(#5412,#5423),.PCURVE_S1.);
#5407 = CIRCLE('',#5408,2.45);
#5408 = AXIS2_PLACEMENT_3D('',#5409,#5410,#5411);
#5409 = CARTESIAN_POINT('',(22.5,200.,3.15));
#5410 = DIRECTION('',(0.,-1.,0.));
#5411 = DIRECTION('',(1.,0.,-5.437827059389E-16));
#5412 = PCURVE('',#100,#5413);
#5413 = DEFINITIONAL_REPRESENTATION('',(#5414),#5422);
#5414 = ( BOUNDED_CURVE() B_SPLINE_CURVE(2,(#5415,#5416,#5417,#5418,
#5419,#5420,#5421),.UNSPECIFIED.,.T.,.F.) B_SPLINE_CURVE_WITH_KNOTS((1,2
    ,2,2,2,1),(-2.094395102393,0.,2.094395102393,4.188790204786,
6.28318530718,8.377580409573),.UNSPECIFIED.) CURVE() 
GEOMETRIC_REPRESENTATION_ITEM() RATIONAL_B_SPLINE_CURVE((1.,0.5,1.,0.5,
1.,0.5,1.)) REPRESENTATION_ITEM('') );
#5415 = CARTESIAN_POINT('',(3.15,24.95));
#5416 = CARTESIAN_POINT('',(7.393524478544,24.95));
#5417 = CARTESIAN_POINT('',(5.271762239272,21.275));
#5418 = CARTESIAN_POINT('',(3.15,17.6));
#5419 = CARTESIAN_POINT('',(1.028237760728,21.275));
#5420 = CARTESIAN_POINT('',(-1.093524478544,24.95));
#5421 = CARTESIAN_POINT('',(3.15,24.95));
#5422 = ( GEOMETRIC_REPRESENTATION_CONTEXT(2) 
PARAMETRIC_REPRESENTATION_CONTEXT() REPRESENTATION_CONTEXT('2D SPACE',''
  ) );
#5423 = PCURVE('',#769,#5424);
#5424 = DEFINITIONAL_REPRESENTATION('',(#5425),#5429);
#5425 = LINE('',#5426,#5427);
#5426 = CARTESIAN_POINT('',(-0.,-7.999999525055E-07));
#5427 = VECTOR('',#5428,1.);
#5428 = DIRECTION('',(-1.,-0.));
#5429 = ( GEOMETRIC_REPRESENTATION_CONTEXT(2) 
PARAMETRIC_REPRESENTATION_CONTEXT() REPRESENTATION_CONTEXT('2D SPACE',''
  ) );
#5430 = ORIENTED_EDGE('',*,*,#5431,.T.);
#5431 = EDGE_CURVE('',#5404,#5432,#5434,.T.);
#5432 = VERTEX_POINT('',#5433);
#5433 = CARTESIAN_POINT('',(24.376665926584,200.,4.575));
#5434 = SURFACE_CURVE('',#5435,(#5439,#5446),.PCURVE_S1.);
#5435 = LINE('',#5436,#5437);
#5436 = CARTESIAN_POINT('',(24.376665926584,200.,1.575));
#5437 = VECTOR('',#5438,1.);
#5438 = DIRECTION('',(0.,0.,1.));
#5439 = PCURVE('',#100,#5440);
#5440 = DEFINITIONAL_REPRESENTATION('',(#5441),#5445);
#5441 = LINE('',#5442,#5443);
#5442 = CARTESIAN_POINT('',(1.575,24.376665926584));
#5443 = VECTOR('',#5444,1.);
#5444 = DIRECTION('',(1.,0.));
#5445 = ( GEOMETRIC_REPRESENTATION_CONTEXT(2) 
PARAMETRIC_REPRESENTATION_CONTEXT() REPRESENTATION_CONTEXT('2D SPACE',''
  ) );
#5446 = PCURVE('',#797,#5447);
#5447 = DEFINITIONAL_REPRESENTATION('',(#5448),#5452);
#5448 = LINE('',#5449,#5450);
#5449 = CARTESIAN_POINT('',(0.,-200.));
#5450 = VECTOR('',#5451,1.);
#5451 = DIRECTION('',(1.,0.));
#5452 = ( GEOMETRIC_REPRESENTATION_CONTEXT(2) 
PARAMETRIC_REPRESENTATION_CONTEXT() REPRESENTATION_CONTEXT('2D SPACE',''
  ) );
#5453 = ORIENTED_EDGE('',*,*,#5454,.T.);
#5454 = EDGE_CURVE('',#5432,#5455,#5457,.T.);
#5455 = VERTEX_POINT('',#5456);
#5456 = CARTESIAN_POINT('',(25.623334073416,200.,4.575));
#5457 = SURFACE_CURVE('',#5458,(#5462,#5469),.PCURVE_S1.);
#5458 = LINE('',#5459,#5460);
#5459 = CARTESIAN_POINT('',(24.376665926584,200.,4.575));
#5460 = VECTOR('',#5461,1.);
#5461 = DIRECTION('',(1.,0.,0.));
#5462 = PCURVE('',#100,#5463);
#5463 = DEFINITIONAL_REPRESENTATION('',(#5464),#5468);
#5464 = LINE('',#5465,#5466);
#5465 = CARTESIAN_POINT('',(4.575,24.376665926584));
#5466 = VECTOR('',#5467,1.);
#5467 = DIRECTION('',(0.,1.));
#5468 = ( GEOMETRIC_REPRESENTATION_CONTEXT(2) 
PARAMETRIC_REPRESENTATION_CONTEXT() REPRESENTATION_CONTEXT('2D SPACE',''
  ) );
#5469 = PCURVE('',#825,#5470);
#5470 = DEFINITIONAL_REPRESENTATION('',(#5471),#5475);
#5471 = LINE('',#5472,#5473);
#5472 = CARTESIAN_POINT('',(0.,200.));
#5473 = VECTOR('',#5474,1.);
#5474 = DIRECTION('',(1.,0.));
#5475 = ( GEOMETRIC_REPRESENTATION_CONTEXT(2) 
PARAMETRIC_REPRESENTATION_CONTEXT() REPRESENTATION_CONTEXT('2D SPACE',''
  ) );
#5476 = ORIENTED_EDGE('',*,*,#5477,.F.);
#5477 = EDGE_CURVE('',#5478,#5455,#5480,.T.);
#5478 = VERTEX_POINT('',#5479);
#5479 = CARTESIAN_POINT('',(25.623334073416,200.,1.575));
#5480 = SURFACE_CURVE('',#5481,(#5485,#5492),.PCURVE_S1.);
#5481 = LINE('',#5482,#5483);
#5482 = CARTESIAN_POINT('',(25.623334073416,200.,1.575));
#5483 = VECTOR('',#5484,1.);
#5484 = DIRECTION('',(0.,0.,1.));
#5485 = PCURVE('',#100,#5486);
#5486 = DEFINITIONAL_REPRESENTATION('',(#5487),#5491);
#5487 = LINE('',#5488,#5489);
#5488 = CARTESIAN_POINT('',(1.575,25.623334073416));
#5489 = VECTOR('',#5490,1.);
#5490 = DIRECTION('',(1.,0.));
#5491 = ( GEOMETRIC_REPRESENTATION_CONTEXT(2) 
PARAMETRIC_REPRESENTATION_CONTEXT() REPRESENTATION_CONTEXT('2D SPACE',''
  ) );
#5492 = PCURVE('',#853,#5493);
#5493 = DEFINITIONAL_REPRESENTATION('',(#5494),#5498);
#5494 = LINE('',#5495,#5496);
#5495 = CARTESIAN_POINT('',(0.,-200.));
#5496 = VECTOR('',#5497,1.);
#5497 = DIRECTION('',(1.,0.));
#5498 = ( GEOMETRIC_REPRESENTATION_CONTEXT(2) 
PARAMETRIC_REPRESENTATION_CONTEXT() REPRESENTATION_CONTEXT('2D SPACE',''
  ) );
#5499 = ORIENTED_EDGE('',*,*,#5500,.T.);
#5500 = EDGE_CURVE('',#5478,#5501,#5503,.T.);
#5501 = VERTEX_POINT('',#5502);
#5502 = CARTESIAN_POINT('',(29.376665926584,200.,1.575));
#5503 = SURFACE_CURVE('',#5504,(#5509,#5520),.PCURVE_S1.);
#5504 = CIRCLE('',#5505,2.45);
#5505 = AXIS2_PLACEMENT_3D('',#5506,#5507,#5508);
#5506 = CARTESIAN_POINT('',(27.5,200.,3.15));
#5507 = DIRECTION('',(0.,-1.,0.));
#5508 = DIRECTION('',(1.,0.,-5.437827059389E-16));
#5509 = PCURVE('',#100,#5510);
#5510 = DEFINITIONAL_REPRESENTATION('',(#5511),#5519);
#5511 = ( BOUNDED_CURVE() B_SPLINE_CURVE(2,(#5512,#5513,#5514,#5515,
#5516,#5517,#5518),.UNSPECIFIED.,.T.,.F.) B_SPLINE_CURVE_WITH_KNOTS((1,2
    ,2,2,2,1),(-2.094395102393,0.,2.094395102393,4.188790204786,
6.28318530718,8.377580409573),.UNSPECIFIED.) CURVE() 
GEOMETRIC_REPRESENTATION_ITEM() RATIONAL_B_SPLINE_CURVE((1.,0.5,1.,0.5,
1.,0.5,1.)) REPRESENTATION_ITEM('') );
#5512 = CARTESIAN_POINT('',(3.15,29.95));
#5513 = CARTESIAN_POINT('',(7.393524478544,29.95));
#5514 = CARTESIAN_POINT('',(5.271762239272,26.275));
#5515 = CARTESIAN_POINT('',(3.15,22.6));
#5516 = CARTESIAN_POINT('',(1.028237760728,26.275));
#5517 = CARTESIAN_POINT('',(-1.093524478544,29.95));
#5518 = CARTESIAN_POINT('',(3.15,29.95));
#5519 = ( GEOMETRIC_REPRESENTATION_CONTEXT(2) 
PARAMETRIC_REPRESENTATION_CONTEXT() REPRESENTATION_CONTEXT('2D SPACE',''
  ) );
#5520 = PCURVE('',#882,#5521);
#5521 = DEFINITIONAL_REPRESENTATION('',(#5522),#5526);
#5522 = LINE('',#5523,#5524);
#5523 = CARTESIAN_POINT('',(-0.,-7.999999525055E-07));
#5524 = VECTOR('',#5525,1.);
#5525 = DIRECTION('',(-1.,-0.));
#5526 = ( GEOMETRIC_REPRESENTATION_CONTEXT(2) 
PARAMETRIC_REPRESENTATION_CONTEXT() REPRESENTATION_CONTEXT('2D SPACE',''
  ) );
#5527 = ORIENTED_EDGE('',*,*,#5528,.T.);
#5528 = EDGE_CURVE('',#5501,#5529,#5531,.T.);
#5529 = VERTEX_POINT('',#5530);
#5530 = CARTESIAN_POINT('',(29.376665926584,200.,4.575));
#5531 = SURFACE_CURVE('',#5532,(#5536,#5543),.PCURVE_S1.);
#5532 = LINE('',#5533,#5534);
#5533 = CARTESIAN_POINT('',(29.376665926584,200.,1.575));
#5534 = VECTOR('',#5535,1.);
#5535 = DIRECTION('',(0.,0.,1.));
#5536 = PCURVE('',#100,#5537);
#5537 = DEFINITIONAL_REPRESENTATION('',(#5538),#5542);
#5538 = LINE('',#5539,#5540);
#5539 = CARTESIAN_POINT('',(1.575,29.376665926584));
#5540 = VECTOR('',#5541,1.);
#5541 = DIRECTION('',(1.,0.));
#5542 = ( GEOMETRIC_REPRESENTATION_CONTEXT(2) 
PARAMETRIC_REPRESENTATION_CONTEXT() REPRESENTATION_CONTEXT('2D SPACE',''
  ) );
#5543 = PCURVE('',#910,#5544);
#5544 = DEFINITIONAL_REPRESENTATION('',(#5545),#5549);
#5545 = LINE('',#5546,#5547);
#5546 = CARTESIAN_POINT('',(0.,-200.));
#5547 = VECTOR('',#5548,1.);
#5548 = DIRECTION('',(1.,0.));
#5549 = ( GEOMETRIC_REPRESENTATION_CONTEXT(2) 
PARAMETRIC_REPRESENTATION_CONTEXT() REPRESENTATION_CONTEXT('2D SPACE',''
  ) );
#5550 = ORIENTED_EDGE('',*,*,#5551,.T.);
#5551 = EDGE_CURVE('',#5529,#5552,#5554,.T.);
#5552 = VERTEX_POINT('',#5553);
#5553 = CARTESIAN_POINT('',(30.623334073416,200.,4.575));
#5554 = SURFACE_CURVE('',#5555,(#5559,#5566),.PCURVE_S1.);
#5555 = LINE('',#5556,#5557);
#5556 = CARTESIAN_POINT('',(29.376665926584,200.,4.575));
#5557 = VECTOR('',#5558,1.);
#5558 = DIRECTION('',(1.,0.,0.));
#5559 = PCURVE('',#100,#5560);
#5560 = DEFINITIONAL_REPRESENTATION('',(#5561),#5565);
#5561 = LINE('',#5562,#5563);
#5562 = CARTESIAN_POINT('',(4.575,29.376665926584));
#5563 = VECTOR('',#5564,1.);
#5564 = DIRECTION('',(0.,1.));
#5565 = ( GEOMETRIC_REPRESENTATION_CONTEXT(2) 
PARAMETRIC_REPRESENTATION_CONTEXT() REPRESENTATION_CONTEXT('2D SPACE',''
  ) );
#5566 = PCURVE('',#938,#5567);
#5567 = DEFINITIONAL_REPRESENTATION('',(#5568),#5572);
#5568 = LINE('',#5569,#5570);
#5569 = CARTESIAN_POINT('',(0.,200.));
#5570 = VECTOR('',#5571,1.);
#5571 = DIRECTION('',(1.,0.));
#5572 = ( GEOMETRIC_REPRESENTATION_CONTEXT(2) 
PARAMETRIC_REPRESENTATION_CONTEXT() REPRESENTATION_CONTEXT('2D SPACE',''
  ) );
#5573 = ORIENTED_EDGE('',*,*,#5574,.F.);
#5574 = EDGE_CURVE('',#5575,#5552,#5577,.T.);
#5575 = VERTEX_POINT('',#5576);
#5576 = CARTESIAN_POINT('',(30.623334073416,200.,1.575));
#5577 = SURFACE_CURVE('',#5578,(#5582,#5589),.PCURVE_S1.);
#5578 = LINE('',#5579,#5580);
#5579 = CARTESIAN_POINT('',(30.623334073416,200.,1.575));
#5580 = VECTOR('',#5581,1.);
#5581 = DIRECTION('',(0.,0.,1.));
#5582 = PCURVE('',#100,#5583);
#5583 = DEFINITIONAL_REPRESENTATION('',(#5584),#5588);
#5584 = LINE('',#5585,#5586);
#5585 = CARTESIAN_POINT('',(1.575,30.623334073416));
#5586 = VECTOR('',#5587,1.);
#5587 = DIRECTION('',(1.,0.));
#5588 = ( GEOMETRIC_REPRESENTATION_CONTEXT(2) 
PARAMETRIC_REPRESENTATION_CONTEXT() REPRESENTATION_CONTEXT('2D SPACE',''
  ) );
#5589 = PCURVE('',#966,#5590);
#5590 = DEFINITIONAL_REPRESENTATION('',(#5591),#5595);
#5591 = LINE('',#5592,#5593);
#5592 = CARTESIAN_POINT('',(0.,-200.));
#5593 = VECTOR('',#5594,1.);
#5594 = DIRECTION('',(1.,0.));
#5595 = ( GEOMETRIC_REPRESENTATION_CONTEXT(2) 
PARAMETRIC_REPRESENTATION_CONTEXT() REPRESENTATION_CONTEXT('2D SPACE',''
  ) );
#5596 = ORIENTED_EDGE('',*,*,#5597,.T.);
#5597 = EDGE_CURVE('',#5575,#5598,#5600,.T.);
#5598 = VERTEX_POINT('',#5599);
#5599 = CARTESIAN_POINT('',(34.376665926584,200.,1.575));
#5600 = SURFACE_CURVE('',#5601,(#5606,#5617),.PCURVE_S1.);
#5601 = CIRCLE('',#5602,2.45);
#5602 = AXIS2_PLACEMENT_3D('',#5603,#5604,#5605);
#5603 = CARTESIAN_POINT('',(32.5,200.,3.15));
#5604 = DIRECTION('',(0.,-1.,0.));
#5605 = DIRECTION('',(1.,0.,1.450087215837E-15));
#5606 = PCURVE('',#100,#5607);
#5607 = DEFINITIONAL_REPRESENTATION('',(#5608),#5616);
#5608 = ( BOUNDED_CURVE() B_SPLINE_CURVE(2,(#5609,#5610,#5611,#5612,
#5613,#5614,#5615),.UNSPECIFIED.,.T.,.F.) B_SPLINE_CURVE_WITH_KNOTS((1,2
    ,2,2,2,1),(-2.094395102393,0.,2.094395102393,4.188790204786,
6.28318530718,8.377580409573),.UNSPECIFIED.) CURVE() 
GEOMETRIC_REPRESENTATION_ITEM() RATIONAL_B_SPLINE_CURVE((1.,0.5,1.,0.5,
1.,0.5,1.)) REPRESENTATION_ITEM('') );
#5609 = CARTESIAN_POINT('',(3.15,34.95));
#5610 = CARTESIAN_POINT('',(7.393524478544,34.95));
#5611 = CARTESIAN_POINT('',(5.271762239272,31.275));
#5612 = CARTESIAN_POINT('',(3.15,27.6));
#5613 = CARTESIAN_POINT('',(1.028237760728,31.275));
#5614 = CARTESIAN_POINT('',(-1.093524478544,34.95));
#5615 = CARTESIAN_POINT('',(3.15,34.95));
#5616 = ( GEOMETRIC_REPRESENTATION_CONTEXT(2) 
PARAMETRIC_REPRESENTATION_CONTEXT() REPRESENTATION_CONTEXT('2D SPACE',''
  ) );
#5617 = PCURVE('',#995,#5618);
#5618 = DEFINITIONAL_REPRESENTATION('',(#5619),#5623);
#5619 = LINE('',#5620,#5621);
#5620 = CARTESIAN_POINT('',(-0.,-7.999999525055E-07));
#5621 = VECTOR('',#5622,1.);
#5622 = DIRECTION('',(-1.,-0.));
#5623 = ( GEOMETRIC_REPRESENTATION_CONTEXT(2) 
PARAMETRIC_REPRESENTATION_CONTEXT() REPRESENTATION_CONTEXT('2D SPACE',''
  ) );
#5624 = ORIENTED_EDGE('',*,*,#5625,.T.);
#5625 = EDGE_CURVE('',#5598,#5626,#5628,.T.);
#5626 = VERTEX_POINT('',#5627);
#5627 = CARTESIAN_POINT('',(34.376665926584,200.,4.575));
#5628 = SURFACE_CURVE('',#5629,(#5633,#5640),.PCURVE_S1.);
#5629 = LINE('',#5630,#5631);
#5630 = CARTESIAN_POINT('',(34.376665926584,200.,1.575));
#5631 = VECTOR('',#5632,1.);
#5632 = DIRECTION('',(0.,0.,1.));
#5633 = PCURVE('',#100,#5634);
#5634 = DEFINITIONAL_REPRESENTATION('',(#5635),#5639);
#5635 = LINE('',#5636,#5637);
#5636 = CARTESIAN_POINT('',(1.575,34.376665926584));
#5637 = VECTOR('',#5638,1.);
#5638 = DIRECTION('',(1.,0.));
#5639 = ( GEOMETRIC_REPRESENTATION_CONTEXT(2) 
PARAMETRIC_REPRESENTATION_CONTEXT() REPRESENTATION_CONTEXT('2D SPACE',''
  ) );
#5640 = PCURVE('',#1023,#5641);
#5641 = DEFINITIONAL_REPRESENTATION('',(#5642),#5646);
#5642 = LINE('',#5643,#5644);
#5643 = CARTESIAN_POINT('',(0.,-200.));
#5644 = VECTOR('',#5645,1.);
#5645 = DIRECTION('',(1.,0.));
#5646 = ( GEOMETRIC_REPRESENTATION_CONTEXT(2) 
PARAMETRIC_REPRESENTATION_CONTEXT() REPRESENTATION_CONTEXT('2D SPACE',''
  ) );
#5647 = ORIENTED_EDGE('',*,*,#5648,.T.);
#5648 = EDGE_CURVE('',#5626,#5649,#5651,.T.);
#5649 = VERTEX_POINT('',#5650);
#5650 = CARTESIAN_POINT('',(35.623334073416,200.,4.575));
#5651 = SURFACE_CURVE('',#5652,(#5656,#5663),.PCURVE_S1.);
#5652 = LINE('',#5653,#5654);
#5653 = CARTESIAN_POINT('',(34.376665926584,200.,4.575));
#5654 = VECTOR('',#5655,1.);
#5655 = DIRECTION('',(1.,0.,0.));
#5656 = PCURVE('',#100,#5657);
#5657 = DEFINITIONAL_REPRESENTATION('',(#5658),#5662);
#5658 = LINE('',#5659,#5660);
#5659 = CARTESIAN_POINT('',(4.575,34.376665926584));
#5660 = VECTOR('',#5661,1.);
#5661 = DIRECTION('',(0.,1.));
#5662 = ( GEOMETRIC_REPRESENTATION_CONTEXT(2) 
PARAMETRIC_REPRESENTATION_CONTEXT() REPRESENTATION_CONTEXT('2D SPACE',''
  ) );
#5663 = PCURVE('',#1051,#5664);
#5664 = DEFINITIONAL_REPRESENTATION('',(#5665),#5669);
#5665 = LINE('',#5666,#5667);
#5666 = CARTESIAN_POINT('',(0.,200.));
#5667 = VECTOR('',#5668,1.);
#5668 = DIRECTION('',(1.,0.));
#5669 = ( GEOMETRIC_REPRESENTATION_CONTEXT(2) 
PARAMETRIC_REPRESENTATION_CONTEXT() REPRESENTATION_CONTEXT('2D SPACE',''
  ) );
#5670 = ORIENTED_EDGE('',*,*,#5671,.F.);
#5671 = EDGE_CURVE('',#5672,#5649,#5674,.T.);
#5672 = VERTEX_POINT('',#5673);
#5673 = CARTESIAN_POINT('',(35.623334073416,200.,1.575));
#5674 = SURFACE_CURVE('',#5675,(#5679,#5686),.PCURVE_S1.);
#5675 = LINE('',#5676,#5677);
#5676 = CARTESIAN_POINT('',(35.623334073416,200.,1.575));
#5677 = VECTOR('',#5678,1.);
#5678 = DIRECTION('',(0.,0.,1.));
#5679 = PCURVE('',#100,#5680);
#5680 = DEFINITIONAL_REPRESENTATION('',(#5681),#5685);
#5681 = LINE('',#5682,#5683);
#5682 = CARTESIAN_POINT('',(1.575,35.623334073416));
#5683 = VECTOR('',#5684,1.);
#5684 = DIRECTION('',(1.,0.));
#5685 = ( GEOMETRIC_REPRESENTATION_CONTEXT(2) 
PARAMETRIC_REPRESENTATION_CONTEXT() REPRESENTATION_CONTEXT('2D SPACE',''
  ) );
#5686 = PCURVE('',#1079,#5687);
#5687 = DEFINITIONAL_REPRESENTATION('',(#5688),#5692);
#5688 = LINE('',#5689,#5690);
#5689 = CARTESIAN_POINT('',(0.,-200.));
#5690 = VECTOR('',#5691,1.);
#5691 = DIRECTION('',(1.,0.));
#5692 = ( GEOMETRIC_REPRESENTATION_CONTEXT(2) 
PARAMETRIC_REPRESENTATION_CONTEXT() REPRESENTATION_CONTEXT('2D SPACE',''
  ) );
#5693 = ORIENTED_EDGE('',*,*,#5694,.T.);
#5694 = EDGE_CURVE('',#5672,#5695,#5697,.T.);
#5695 = VERTEX_POINT('',#5696);
#5696 = CARTESIAN_POINT('',(39.376665926584,200.,1.575));
#5697 = SURFACE_CURVE('',#5698,(#5703,#5714),.PCURVE_S1.);
#5698 = CIRCLE('',#5699,2.45);
#5699 = AXIS2_PLACEMENT_3D('',#5700,#5701,#5702);
#5700 = CARTESIAN_POINT('',(37.5,200.,3.15));
#5701 = DIRECTION('',(0.,-1.,0.));
#5702 = DIRECTION('',(1.,0.,1.450087215837E-15));
#5703 = PCURVE('',#100,#5704);
#5704 = DEFINITIONAL_REPRESENTATION('',(#5705),#5713);
#5705 = ( BOUNDED_CURVE() B_SPLINE_CURVE(2,(#5706,#5707,#5708,#5709,
#5710,#5711,#5712),.UNSPECIFIED.,.T.,.F.) B_SPLINE_CURVE_WITH_KNOTS((1,2
    ,2,2,2,1),(-2.094395102393,0.,2.094395102393,4.188790204786,
6.28318530718,8.377580409573),.UNSPECIFIED.) CURVE() 
GEOMETRIC_REPRESENTATION_ITEM() RATIONAL_B_SPLINE_CURVE((1.,0.5,1.,0.5,
1.,0.5,1.)) REPRESENTATION_ITEM('') );
#5706 = CARTESIAN_POINT('',(3.15,39.95));
#5707 = CARTESIAN_POINT('',(7.393524478544,39.95));
#5708 = CARTESIAN_POINT('',(5.271762239272,36.275));
#5709 = CARTESIAN_POINT('',(3.15,32.6));
#5710 = CARTESIAN_POINT('',(1.028237760728,36.275));
#5711 = CARTESIAN_POINT('',(-1.093524478544,39.95));
#5712 = CARTESIAN_POINT('',(3.15,39.95));
#5713 = ( GEOMETRIC_REPRESENTATION_CONTEXT(2) 
PARAMETRIC_REPRESENTATION_CONTEXT() REPRESENTATION_CONTEXT('2D SPACE',''
  ) );
#5714 = PCURVE('',#1108,#5715);
#5715 = DEFINITIONAL_REPRESENTATION('',(#5716),#5720);
#5716 = LINE('',#5717,#5718);
#5717 = CARTESIAN_POINT('',(-0.,-7.999999525055E-07));
#5718 = VECTOR('',#5719,1.);
#5719 = DIRECTION('',(-1.,-0.));
#5720 = ( GEOMETRIC_REPRESENTATION_CONTEXT(2) 
PARAMETRIC_REPRESENTATION_CONTEXT() REPRESENTATION_CONTEXT('2D SPACE',''
  ) );
#5721 = ORIENTED_EDGE('',*,*,#5722,.T.);
#5722 = EDGE_CURVE('',#5695,#5723,#5725,.T.);
#5723 = VERTEX_POINT('',#5724);
#5724 = CARTESIAN_POINT('',(39.376665926584,200.,4.575));
#5725 = SURFACE_CURVE('',#5726,(#5730,#5737),.PCURVE_S1.);
#5726 = LINE('',#5727,#5728);
#5727 = CARTESIAN_POINT('',(39.376665926584,200.,1.575));
#5728 = VECTOR('',#5729,1.);
#5729 = DIRECTION('',(0.,0.,1.));
#5730 = PCURVE('',#100,#5731);
#5731 = DEFINITIONAL_REPRESENTATION('',(#5732),#5736);
#5732 = LINE('',#5733,#5734);
#5733 = CARTESIAN_POINT('',(1.575,39.376665926584));
#5734 = VECTOR('',#5735,1.);
#5735 = DIRECTION('',(1.,0.));
#5736 = ( GEOMETRIC_REPRESENTATION_CONTEXT(2) 
PARAMETRIC_REPRESENTATION_CONTEXT() REPRESENTATION_CONTEXT('2D SPACE',''
  ) );
#5737 = PCURVE('',#1136,#5738);
#5738 = DEFINITIONAL_REPRESENTATION('',(#5739),#5743);
#5739 = LINE('',#5740,#5741);
#5740 = CARTESIAN_POINT('',(0.,-200.));
#5741 = VECTOR('',#5742,1.);
#5742 = DIRECTION('',(1.,0.));
#5743 = ( GEOMETRIC_REPRESENTATION_CONTEXT(2) 
PARAMETRIC_REPRESENTATION_CONTEXT() REPRESENTATION_CONTEXT('2D SPACE',''
  ) );
#5744 = ORIENTED_EDGE('',*,*,#5745,.T.);
#5745 = EDGE_CURVE('',#5723,#5746,#5748,.T.);
#5746 = VERTEX_POINT('',#5747);
#5747 = CARTESIAN_POINT('',(40.623334073416,200.,4.575));
#5748 = SURFACE_CURVE('',#5749,(#5753,#5760),.PCURVE_S1.);
#5749 = LINE('',#5750,#5751);
#5750 = CARTESIAN_POINT('',(39.376665926584,200.,4.575));
#5751 = VECTOR('',#5752,1.);
#5752 = DIRECTION('',(1.,0.,0.));
#5753 = PCURVE('',#100,#5754);
#5754 = DEFINITIONAL_REPRESENTATION('',(#5755),#5759);
#5755 = LINE('',#5756,#5757);
#5756 = CARTESIAN_POINT('',(4.575,39.376665926584));
#5757 = VECTOR('',#5758,1.);
#5758 = DIRECTION('',(0.,1.));
#5759 = ( GEOMETRIC_REPRESENTATION_CONTEXT(2) 
PARAMETRIC_REPRESENTATION_CONTEXT() REPRESENTATION_CONTEXT('2D SPACE',''
  ) );
#5760 = PCURVE('',#1164,#5761);
#5761 = DEFINITIONAL_REPRESENTATION('',(#5762),#5766);
#5762 = LINE('',#5763,#5764);
#5763 = CARTESIAN_POINT('',(0.,200.));
#5764 = VECTOR('',#5765,1.);
#5765 = DIRECTION('',(1.,0.));
#5766 = ( GEOMETRIC_REPRESENTATION_CONTEXT(2) 
PARAMETRIC_REPRESENTATION_CONTEXT() REPRESENTATION_CONTEXT('2D SPACE',''
  ) );
#5767 = ORIENTED_EDGE('',*,*,#5768,.F.);
#5768 = EDGE_CURVE('',#5769,#5746,#5771,.T.);
#5769 = VERTEX_POINT('',#5770);
#5770 = CARTESIAN_POINT('',(40.623334073416,200.,1.575));
#5771 = SURFACE_CURVE('',#5772,(#5776,#5783),.PCURVE_S1.);
#5772 = LINE('',#5773,#5774);
#5773 = CARTESIAN_POINT('',(40.623334073416,200.,1.575));
#5774 = VECTOR('',#5775,1.);
#5775 = DIRECTION('',(0.,0.,1.));
#5776 = PCURVE('',#100,#5777);
#5777 = DEFINITIONAL_REPRESENTATION('',(#5778),#5782);
#5778 = LINE('',#5779,#5780);
#5779 = CARTESIAN_POINT('',(1.575,40.623334073416));
#5780 = VECTOR('',#5781,1.);
#5781 = DIRECTION('',(1.,0.));
#5782 = ( GEOMETRIC_REPRESENTATION_CONTEXT(2) 
PARAMETRIC_REPRESENTATION_CONTEXT() REPRESENTATION_CONTEXT('2D SPACE',''
  ) );
#5783 = PCURVE('',#1192,#5784);
#5784 = DEFINITIONAL_REPRESENTATION('',(#5785),#5789);
#5785 = LINE('',#5786,#5787);
#5786 = CARTESIAN_POINT('',(0.,-200.));
#5787 = VECTOR('',#5788,1.);
#5788 = DIRECTION('',(1.,0.));
#5789 = ( GEOMETRIC_REPRESENTATION_CONTEXT(2) 
PARAMETRIC_REPRESENTATION_CONTEXT() REPRESENTATION_CONTEXT('2D SPACE',''
  ) );
#5790 = ORIENTED_EDGE('',*,*,#5791,.T.);
#5791 = EDGE_CURVE('',#5769,#5792,#5794,.T.);
#5792 = VERTEX_POINT('',#5793);
#5793 = CARTESIAN_POINT('',(44.376665926584,200.,1.575));
#5794 = SURFACE_CURVE('',#5795,(#5800,#5811),.PCURVE_S1.);
#5795 = CIRCLE('',#5796,2.45);
#5796 = AXIS2_PLACEMENT_3D('',#5797,#5798,#5799);
#5797 = CARTESIAN_POINT('',(42.5,200.,3.15));
#5798 = DIRECTION('',(0.,-1.,0.));
#5799 = DIRECTION('',(1.,0.,1.450087215837E-15));
#5800 = PCURVE('',#100,#5801);
#5801 = DEFINITIONAL_REPRESENTATION('',(#5802),#5810);
#5802 = ( BOUNDED_CURVE() B_SPLINE_CURVE(2,(#5803,#5804,#5805,#5806,
#5807,#5808,#5809),.UNSPECIFIED.,.T.,.F.) B_SPLINE_CURVE_WITH_KNOTS((1,2
    ,2,2,2,1),(-2.094395102393,0.,2.094395102393,4.188790204786,
6.28318530718,8.377580409573),.UNSPECIFIED.) CURVE() 
GEOMETRIC_REPRESENTATION_ITEM() RATIONAL_B_SPLINE_CURVE((1.,0.5,1.,0.5,
1.,0.5,1.)) REPRESENTATION_ITEM('') );
#5803 = CARTESIAN_POINT('',(3.15,44.95));
#5804 = CARTESIAN_POINT('',(7.393524478544,44.95));
#5805 = CARTESIAN_POINT('',(5.271762239272,41.275));
#5806 = CARTESIAN_POINT('',(3.15,37.6));
#5807 = CARTESIAN_POINT('',(1.028237760728,41.275));
#5808 = CARTESIAN_POINT('',(-1.093524478544,44.95));
#5809 = CARTESIAN_POINT('',(3.15,44.95));
#5810 = ( GEOMETRIC_REPRESENTATION_CONTEXT(2) 
PARAMETRIC_REPRESENTATION_CONTEXT() REPRESENTATION_CONTEXT('2D SPACE',''
  ) );
#5811 = PCURVE('',#1221,#5812);
#5812 = DEFINITIONAL_REPRESENTATION('',(#5813),#5817);
#5813 = LINE('',#5814,#5815);
#5814 = CARTESIAN_POINT('',(-0.,-7.999999525055E-07));
#5815 = VECTOR('',#5816,1.);
#5816 = DIRECTION('',(-1.,-0.));
#5817 = ( GEOMETRIC_REPRESENTATION_CONTEXT(2) 
PARAMETRIC_REPRESENTATION_CONTEXT() REPRESENTATION_CONTEXT('2D SPACE',''
  ) );
#5818 = ORIENTED_EDGE('',*,*,#5819,.T.);
#5819 = EDGE_CURVE('',#5792,#5820,#5822,.T.);
#5820 = VERTEX_POINT('',#5821);
#5821 = CARTESIAN_POINT('',(44.376665926584,200.,4.575));
#5822 = SURFACE_CURVE('',#5823,(#5827,#5834),.PCURVE_S1.);
#5823 = LINE('',#5824,#5825);
#5824 = CARTESIAN_POINT('',(44.376665926584,200.,1.575));
#5825 = VECTOR('',#5826,1.);
#5826 = DIRECTION('',(0.,0.,1.));
#5827 = PCURVE('',#100,#5828);
#5828 = DEFINITIONAL_REPRESENTATION('',(#5829),#5833);
#5829 = LINE('',#5830,#5831);
#5830 = CARTESIAN_POINT('',(1.575,44.376665926584));
#5831 = VECTOR('',#5832,1.);
#5832 = DIRECTION('',(1.,0.));
#5833 = ( GEOMETRIC_REPRESENTATION_CONTEXT(2) 
PARAMETRIC_REPRESENTATION_CONTEXT() REPRESENTATION_CONTEXT('2D SPACE',''
  ) );
#5834 = PCURVE('',#1249,#5835);
#5835 = DEFINITIONAL_REPRESENTATION('',(#5836),#5840);
#5836 = LINE('',#5837,#5838);
#5837 = CARTESIAN_POINT('',(0.,-200.));
#5838 = VECTOR('',#5839,1.);
#5839 = DIRECTION('',(1.,0.));
#5840 = ( GEOMETRIC_REPRESENTATION_CONTEXT(2) 
PARAMETRIC_REPRESENTATION_CONTEXT() REPRESENTATION_CONTEXT('2D SPACE',''
  ) );
#5841 = ORIENTED_EDGE('',*,*,#5842,.T.);
#5842 = EDGE_CURVE('',#5820,#5843,#5845,.T.);
#5843 = VERTEX_POINT('',#5844);
#5844 = CARTESIAN_POINT('',(45.623334073416,200.,4.575));
#5845 = SURFACE_CURVE('',#5846,(#5850,#5857),.PCURVE_S1.);
#5846 = LINE('',#5847,#5848);
#5847 = CARTESIAN_POINT('',(44.376665926584,200.,4.575));
#5848 = VECTOR('',#5849,1.);
#5849 = DIRECTION('',(1.,0.,0.));
#5850 = PCURVE('',#100,#5851);
#5851 = DEFINITIONAL_REPRESENTATION('',(#5852),#5856);
#5852 = LINE('',#5853,#5854);
#5853 = CARTESIAN_POINT('',(4.575,44.376665926584));
#5854 = VECTOR('',#5855,1.);
#5855 = DIRECTION('',(0.,1.));
#5856 = ( GEOMETRIC_REPRESENTATION_CONTEXT(2) 
PARAMETRIC_REPRESENTATION_CONTEXT() REPRESENTATION_CONTEXT('2D SPACE',''
  ) );
#5857 = PCURVE('',#1277,#5858);
#5858 = DEFINITIONAL_REPRESENTATION('',(#5859),#5863);
#5859 = LINE('',#5860,#5861);
#5860 = CARTESIAN_POINT('',(0.,200.));
#5861 = VECTOR('',#5862,1.);
#5862 = DIRECTION('',(1.,0.));
#5863 = ( GEOMETRIC_REPRESENTATION_CONTEXT(2) 
PARAMETRIC_REPRESENTATION_CONTEXT() REPRESENTATION_CONTEXT('2D SPACE',''
  ) );
#5864 = ORIENTED_EDGE('',*,*,#5865,.F.);
#5865 = EDGE_CURVE('',#5866,#5843,#5868,.T.);
#5866 = VERTEX_POINT('',#5867);
#5867 = CARTESIAN_POINT('',(45.623334073416,200.,1.575));
#5868 = SURFACE_CURVE('',#5869,(#5873,#5880),.PCURVE_S1.);
#5869 = LINE('',#5870,#5871);
#5870 = CARTESIAN_POINT('',(45.623334073416,200.,1.575));
#5871 = VECTOR('',#5872,1.);
#5872 = DIRECTION('',(0.,0.,1.));
#5873 = PCURVE('',#100,#5874);
#5874 = DEFINITIONAL_REPRESENTATION('',(#5875),#5879);
#5875 = LINE('',#5876,#5877);
#5876 = CARTESIAN_POINT('',(1.575,45.623334073416));
#5877 = VECTOR('',#5878,1.);
#5878 = DIRECTION('',(1.,0.));
#5879 = ( GEOMETRIC_REPRESENTATION_CONTEXT(2) 
PARAMETRIC_REPRESENTATION_CONTEXT() REPRESENTATION_CONTEXT('2D SPACE',''
  ) );
#5880 = PCURVE('',#1305,#5881);
#5881 = DEFINITIONAL_REPRESENTATION('',(#5882),#5886);
#5882 = LINE('',#5883,#5884);
#5883 = CARTESIAN_POINT('',(0.,-200.));
#5884 = VECTOR('',#5885,1.);
#5885 = DIRECTION('',(1.,0.));
#5886 = ( GEOMETRIC_REPRESENTATION_CONTEXT(2) 
PARAMETRIC_REPRESENTATION_CONTEXT() REPRESENTATION_CONTEXT('2D SPACE',''
  ) );
#5887 = ORIENTED_EDGE('',*,*,#5888,.T.);
#5888 = EDGE_CURVE('',#5866,#5889,#5891,.T.);
#5889 = VERTEX_POINT('',#5890);
#5890 = CARTESIAN_POINT('',(49.376665926584,200.,1.575));
#5891 = SURFACE_CURVE('',#5892,(#5897,#5908),.PCURVE_S1.);
#5892 = CIRCLE('',#5893,2.45);
#5893 = AXIS2_PLACEMENT_3D('',#5894,#5895,#5896);
#5894 = CARTESIAN_POINT('',(47.5,200.,3.15));
#5895 = DIRECTION('',(0.,-1.,0.));
#5896 = DIRECTION('',(1.,0.,1.450087215837E-15));
#5897 = PCURVE('',#100,#5898);
#5898 = DEFINITIONAL_REPRESENTATION('',(#5899),#5907);
#5899 = ( BOUNDED_CURVE() B_SPLINE_CURVE(2,(#5900,#5901,#5902,#5903,
#5904,#5905,#5906),.UNSPECIFIED.,.T.,.F.) B_SPLINE_CURVE_WITH_KNOTS((1,2
    ,2,2,2,1),(-2.094395102393,0.,2.094395102393,4.188790204786,
6.28318530718,8.377580409573),.UNSPECIFIED.) CURVE() 
GEOMETRIC_REPRESENTATION_ITEM() RATIONAL_B_SPLINE_CURVE((1.,0.5,1.,0.5,
1.,0.5,1.)) REPRESENTATION_ITEM('') );
#5900 = CARTESIAN_POINT('',(3.15,49.95));
#5901 = CARTESIAN_POINT('',(7.393524478544,49.95));
#5902 = CARTESIAN_POINT('',(5.271762239272,46.275));
#5903 = CARTESIAN_POINT('',(3.15,42.6));
#5904 = CARTESIAN_POINT('',(1.028237760728,46.275));
#5905 = CARTESIAN_POINT('',(-1.093524478544,49.95));
#5906 = CARTESIAN_POINT('',(3.15,49.95));
#5907 = ( GEOMETRIC_REPRESENTATION_CONTEXT(2) 
PARAMETRIC_REPRESENTATION_CONTEXT() REPRESENTATION_CONTEXT('2D SPACE',''
  ) );
#5908 = PCURVE('',#1334,#5909);
#5909 = DEFINITIONAL_REPRESENTATION('',(#5910),#5914);
#5910 = LINE('',#5911,#5912);
#5911 = CARTESIAN_POINT('',(-0.,-7.999999525055E-07));
#5912 = VECTOR('',#5913,1.);
#5913 = DIRECTION('',(-1.,-0.));
#5914 = ( GEOMETRIC_REPRESENTATION_CONTEXT(2) 
PARAMETRIC_REPRESENTATION_CONTEXT() REPRESENTATION_CONTEXT('2D SPACE',''
  ) );
#5915 = ORIENTED_EDGE('',*,*,#5916,.T.);
#5916 = EDGE_CURVE('',#5889,#5917,#5919,.T.);
#5917 = VERTEX_POINT('',#5918);
#5918 = CARTESIAN_POINT('',(49.376665926584,200.,4.575));
#5919 = SURFACE_CURVE('',#5920,(#5924,#5931),.PCURVE_S1.);
#5920 = LINE('',#5921,#5922);
#5921 = CARTESIAN_POINT('',(49.376665926584,200.,1.575));
#5922 = VECTOR('',#5923,1.);
#5923 = DIRECTION('',(0.,0.,1.));
#5924 = PCURVE('',#100,#5925);
#5925 = DEFINITIONAL_REPRESENTATION('',(#5926),#5930);
#5926 = LINE('',#5927,#5928);
#5927 = CARTESIAN_POINT('',(1.575,49.376665926584));
#5928 = VECTOR('',#5929,1.);
#5929 = DIRECTION('',(1.,0.));
#5930 = ( GEOMETRIC_REPRESENTATION_CONTEXT(2) 
PARAMETRIC_REPRESENTATION_CONTEXT() REPRESENTATION_CONTEXT('2D SPACE',''
  ) );
#5931 = PCURVE('',#1362,#5932);
#5932 = DEFINITIONAL_REPRESENTATION('',(#5933),#5937);
#5933 = LINE('',#5934,#5935);
#5934 = CARTESIAN_POINT('',(0.,-200.));
#5935 = VECTOR('',#5936,1.);
#5936 = DIRECTION('',(1.,0.));
#5937 = ( GEOMETRIC_REPRESENTATION_CONTEXT(2) 
PARAMETRIC_REPRESENTATION_CONTEXT() REPRESENTATION_CONTEXT('2D SPACE',''
  ) );
#5938 = ORIENTED_EDGE('',*,*,#5939,.T.);
#5939 = EDGE_CURVE('',#5917,#5940,#5942,.T.);
#5940 = VERTEX_POINT('',#5941);
#5941 = CARTESIAN_POINT('',(50.623334073416,200.,4.575));
#5942 = SURFACE_CURVE('',#5943,(#5947,#5954),.PCURVE_S1.);
#5943 = LINE('',#5944,#5945);
#5944 = CARTESIAN_POINT('',(49.376665926584,200.,4.575));
#5945 = VECTOR('',#5946,1.);
#5946 = DIRECTION('',(1.,0.,0.));
#5947 = PCURVE('',#100,#5948);
#5948 = DEFINITIONAL_REPRESENTATION('',(#5949),#5953);
#5949 = LINE('',#5950,#5951);
#5950 = CARTESIAN_POINT('',(4.575,49.376665926584));
#5951 = VECTOR('',#5952,1.);
#5952 = DIRECTION('',(0.,1.));
#5953 = ( GEOMETRIC_REPRESENTATION_CONTEXT(2) 
PARAMETRIC_REPRESENTATION_CONTEXT() REPRESENTATION_CONTEXT('2D SPACE',''
  ) );
#5954 = PCURVE('',#1390,#5955);
#5955 = DEFINITIONAL_REPRESENTATION('',(#5956),#5960);
#5956 = LINE('',#5957,#5958);
#5957 = CARTESIAN_POINT('',(0.,200.));
#5958 = VECTOR('',#5959,1.);
#5959 = DIRECTION('',(1.,0.));
#5960 = ( GEOMETRIC_REPRESENTATION_CONTEXT(2) 
PARAMETRIC_REPRESENTATION_CONTEXT() REPRESENTATION_CONTEXT('2D SPACE',''
  ) );
#5961 = ORIENTED_EDGE('',*,*,#5962,.F.);
#5962 = EDGE_CURVE('',#5963,#5940,#5965,.T.);
#5963 = VERTEX_POINT('',#5964);
#5964 = CARTESIAN_POINT('',(50.623334073416,200.,1.575));
#5965 = SURFACE_CURVE('',#5966,(#5970,#5977),.PCURVE_S1.);
#5966 = LINE('',#5967,#5968);
#5967 = CARTESIAN_POINT('',(50.623334073416,200.,1.575));
#5968 = VECTOR('',#5969,1.);
#5969 = DIRECTION('',(0.,0.,1.));
#5970 = PCURVE('',#100,#5971);
#5971 = DEFINITIONAL_REPRESENTATION('',(#5972),#5976);
#5972 = LINE('',#5973,#5974);
#5973 = CARTESIAN_POINT('',(1.575,50.623334073416));
#5974 = VECTOR('',#5975,1.);
#5975 = DIRECTION('',(1.,0.));
#5976 = ( GEOMETRIC_REPRESENTATION_CONTEXT(2) 
PARAMETRIC_REPRESENTATION_CONTEXT() REPRESENTATION_CONTEXT('2D SPACE',''
  ) );
#5977 = PCURVE('',#1418,#5978);
#5978 = DEFINITIONAL_REPRESENTATION('',(#5979),#5983);
#5979 = LINE('',#5980,#5981);
#5980 = CARTESIAN_POINT('',(0.,-200.));
#5981 = VECTOR('',#5982,1.);
#5982 = DIRECTION('',(1.,0.));
#5983 = ( GEOMETRIC_REPRESENTATION_CONTEXT(2) 
PARAMETRIC_REPRESENTATION_CONTEXT() REPRESENTATION_CONTEXT('2D SPACE',''
  ) );
#5984 = ORIENTED_EDGE('',*,*,#5985,.T.);
#5985 = EDGE_CURVE('',#5963,#5986,#5988,.T.);
#5986 = VERTEX_POINT('',#5987);
#5987 = CARTESIAN_POINT('',(54.376665926584,200.,1.575));
#5988 = SURFACE_CURVE('',#5989,(#5994,#6005),.PCURVE_S1.);
#5989 = CIRCLE('',#5990,2.45);
#5990 = AXIS2_PLACEMENT_3D('',#5991,#5992,#5993);
#5991 = CARTESIAN_POINT('',(52.5,200.,3.15));
#5992 = DIRECTION('',(0.,-1.,0.));
#5993 = DIRECTION('',(1.,0.,1.450087215837E-15));
#5994 = PCURVE('',#100,#5995);
#5995 = DEFINITIONAL_REPRESENTATION('',(#5996),#6004);
#5996 = ( BOUNDED_CURVE() B_SPLINE_CURVE(2,(#5997,#5998,#5999,#6000,
#6001,#6002,#6003),.UNSPECIFIED.,.T.,.F.) B_SPLINE_CURVE_WITH_KNOTS((1,2
    ,2,2,2,1),(-2.094395102393,0.,2.094395102393,4.188790204786,
6.28318530718,8.377580409573),.UNSPECIFIED.) CURVE() 
GEOMETRIC_REPRESENTATION_ITEM() RATIONAL_B_SPLINE_CURVE((1.,0.5,1.,0.5,
1.,0.5,1.)) REPRESENTATION_ITEM('') );
#5997 = CARTESIAN_POINT('',(3.15,54.95));
#5998 = CARTESIAN_POINT('',(7.393524478544,54.95));
#5999 = CARTESIAN_POINT('',(5.271762239272,51.275));
#6000 = CARTESIAN_POINT('',(3.15,47.6));
#6001 = CARTESIAN_POINT('',(1.028237760728,51.275));
#6002 = CARTESIAN_POINT('',(-1.093524478544,54.95));
#6003 = CARTESIAN_POINT('',(3.15,54.95));
#6004 = ( GEOMETRIC_REPRESENTATION_CONTEXT(2) 
PARAMETRIC_REPRESENTATION_CONTEXT() REPRESENTATION_CONTEXT('2D SPACE',''
  ) );
#6005 = PCURVE('',#1447,#6006);
#6006 = DEFINITIONAL_REPRESENTATION('',(#6007),#6011);
#6007 = LINE('',#6008,#6009);
#6008 = CARTESIAN_POINT('',(-0.,-7.999999525055E-07));
#6009 = VECTOR('',#6010,1.);
#6010 = DIRECTION('',(-1.,-0.));
#6011 = ( GEOMETRIC_REPRESENTATION_CONTEXT(2) 
PARAMETRIC_REPRESENTATION_CONTEXT() REPRESENTATION_CONTEXT('2D SPACE',''
  ) );
#6012 = ORIENTED_EDGE('',*,*,#6013,.T.);
#6013 = EDGE_CURVE('',#5986,#6014,#6016,.T.);
#6014 = VERTEX_POINT('',#6015);
#6015 = CARTESIAN_POINT('',(54.376665926584,200.,4.575));
#6016 = SURFACE_CURVE('',#6017,(#6021,#6028),.PCURVE_S1.);
#6017 = LINE('',#6018,#6019);
#6018 = CARTESIAN_POINT('',(54.376665926584,200.,1.575));
#6019 = VECTOR('',#6020,1.);
#6020 = DIRECTION('',(0.,0.,1.));
#6021 = PCURVE('',#100,#6022);
#6022 = DEFINITIONAL_REPRESENTATION('',(#6023),#6027);
#6023 = LINE('',#6024,#6025);
#6024 = CARTESIAN_POINT('',(1.575,54.376665926584));
#6025 = VECTOR('',#6026,1.);
#6026 = DIRECTION('',(1.,0.));
#6027 = ( GEOMETRIC_REPRESENTATION_CONTEXT(2) 
PARAMETRIC_REPRESENTATION_CONTEXT() REPRESENTATION_CONTEXT('2D SPACE',''
  ) );
#6028 = PCURVE('',#1475,#6029);
#6029 = DEFINITIONAL_REPRESENTATION('',(#6030),#6034);
#6030 = LINE('',#6031,#6032);
#6031 = CARTESIAN_POINT('',(0.,-200.));
#6032 = VECTOR('',#6033,1.);
#6033 = DIRECTION('',(1.,0.));
#6034 = ( GEOMETRIC_REPRESENTATION_CONTEXT(2) 
PARAMETRIC_REPRESENTATION_CONTEXT() REPRESENTATION_CONTEXT('2D SPACE',''
  ) );
#6035 = ORIENTED_EDGE('',*,*,#6036,.T.);
#6036 = EDGE_CURVE('',#6014,#6037,#6039,.T.);
#6037 = VERTEX_POINT('',#6038);
#6038 = CARTESIAN_POINT('',(55.623334073416,200.,4.575));
#6039 = SURFACE_CURVE('',#6040,(#6044,#6051),.PCURVE_S1.);
#6040 = LINE('',#6041,#6042);
#6041 = CARTESIAN_POINT('',(54.376665926584,200.,4.575));
#6042 = VECTOR('',#6043,1.);
#6043 = DIRECTION('',(1.,0.,0.));
#6044 = PCURVE('',#100,#6045);
#6045 = DEFINITIONAL_REPRESENTATION('',(#6046),#6050);
#6046 = LINE('',#6047,#6048);
#6047 = CARTESIAN_POINT('',(4.575,54.376665926584));
#6048 = VECTOR('',#6049,1.);
#6049 = DIRECTION('',(0.,1.));
#6050 = ( GEOMETRIC_REPRESENTATION_CONTEXT(2) 
PARAMETRIC_REPRESENTATION_CONTEXT() REPRESENTATION_CONTEXT('2D SPACE',''
  ) );
#6051 = PCURVE('',#1503,#6052);
#6052 = DEFINITIONAL_REPRESENTATION('',(#6053),#6057);
#6053 = LINE('',#6054,#6055);
#6054 = CARTESIAN_POINT('',(0.,200.));
#6055 = VECTOR('',#6056,1.);
#6056 = DIRECTION('',(1.,0.));
#6057 = ( GEOMETRIC_REPRESENTATION_CONTEXT(2) 
PARAMETRIC_REPRESENTATION_CONTEXT() REPRESENTATION_CONTEXT('2D SPACE',''
  ) );
#6058 = ORIENTED_EDGE('',*,*,#6059,.F.);
#6059 = EDGE_CURVE('',#6060,#6037,#6062,.T.);
#6060 = VERTEX_POINT('',#6061);
#6061 = CARTESIAN_POINT('',(55.623334073416,200.,1.575));
#6062 = SURFACE_CURVE('',#6063,(#6067,#6074),.PCURVE_S1.);
#6063 = LINE('',#6064,#6065);
#6064 = CARTESIAN_POINT('',(55.623334073416,200.,1.575));
#6065 = VECTOR('',#6066,1.);
#6066 = DIRECTION('',(0.,0.,1.));
#6067 = PCURVE('',#100,#6068);
#6068 = DEFINITIONAL_REPRESENTATION('',(#6069),#6073);
#6069 = LINE('',#6070,#6071);
#6070 = CARTESIAN_POINT('',(1.575,55.623334073416));
#6071 = VECTOR('',#6072,1.);
#6072 = DIRECTION('',(1.,0.));
#6073 = ( GEOMETRIC_REPRESENTATION_CONTEXT(2) 
PARAMETRIC_REPRESENTATION_CONTEXT() REPRESENTATION_CONTEXT('2D SPACE',''
  ) );
#6074 = PCURVE('',#1531,#6075);
#6075 = DEFINITIONAL_REPRESENTATION('',(#6076),#6080);
#6076 = LINE('',#6077,#6078);
#6077 = CARTESIAN_POINT('',(0.,-200.));
#6078 = VECTOR('',#6079,1.);
#6079 = DIRECTION('',(1.,0.));
#6080 = ( GEOMETRIC_REPRESENTATION_CONTEXT(2) 
PARAMETRIC_REPRESENTATION_CONTEXT() REPRESENTATION_CONTEXT('2D SPACE',''
  ) );
#6081 = ORIENTED_EDGE('',*,*,#6082,.T.);
#6082 = EDGE_CURVE('',#6060,#6083,#6085,.T.);
#6083 = VERTEX_POINT('',#6084);
#6084 = CARTESIAN_POINT('',(59.376665926584,200.,1.575));
#6085 = SURFACE_CURVE('',#6086,(#6091,#6102),.PCURVE_S1.);
#6086 = CIRCLE('',#6087,2.45);
#6087 = AXIS2_PLACEMENT_3D('',#6088,#6089,#6090);
#6088 = CARTESIAN_POINT('',(57.5,200.,3.15));
#6089 = DIRECTION('',(0.,-1.,0.));
#6090 = DIRECTION('',(1.,0.,1.450087215837E-15));
#6091 = PCURVE('',#100,#6092);
#6092 = DEFINITIONAL_REPRESENTATION('',(#6093),#6101);
#6093 = ( BOUNDED_CURVE() B_SPLINE_CURVE(2,(#6094,#6095,#6096,#6097,
#6098,#6099,#6100),.UNSPECIFIED.,.T.,.F.) B_SPLINE_CURVE_WITH_KNOTS((1,2
    ,2,2,2,1),(-2.094395102393,0.,2.094395102393,4.188790204786,
6.28318530718,8.377580409573),.UNSPECIFIED.) CURVE() 
GEOMETRIC_REPRESENTATION_ITEM() RATIONAL_B_SPLINE_CURVE((1.,0.5,1.,0.5,
1.,0.5,1.)) REPRESENTATION_ITEM('') );
#6094 = CARTESIAN_POINT('',(3.15,59.95));
#6095 = CARTESIAN_POINT('',(7.393524478544,59.95));
#6096 = CARTESIAN_POINT('',(5.271762239272,56.275));
#6097 = CARTESIAN_POINT('',(3.15,52.6));
#6098 = CARTESIAN_POINT('',(1.028237760728,56.275));
#6099 = CARTESIAN_POINT('',(-1.093524478544,59.95));
#6100 = CARTESIAN_POINT('',(3.15,59.95));
#6101 = ( GEOMETRIC_REPRESENTATION_CONTEXT(2) 
PARAMETRIC_REPRESENTATION_CONTEXT() REPRESENTATION_CONTEXT('2D SPACE',''
  ) );
#6102 = PCURVE('',#1560,#6103);
#6103 = DEFINITIONAL_REPRESENTATION('',(#6104),#6108);
#6104 = LINE('',#6105,#6106);
#6105 = CARTESIAN_POINT('',(-0.,-7.999999525055E-07));
#6106 = VECTOR('',#6107,1.);
#6107 = DIRECTION('',(-1.,-0.));
#6108 = ( GEOMETRIC_REPRESENTATION_CONTEXT(2) 
PARAMETRIC_REPRESENTATION_CONTEXT() REPRESENTATION_CONTEXT('2D SPACE',''
  ) );
#6109 = ORIENTED_EDGE('',*,*,#6110,.T.);
#6110 = EDGE_CURVE('',#6083,#6111,#6113,.T.);
#6111 = VERTEX_POINT('',#6112);
#6112 = CARTESIAN_POINT('',(59.376665926584,200.,4.575));
#6113 = SURFACE_CURVE('',#6114,(#6118,#6125),.PCURVE_S1.);
#6114 = LINE('',#6115,#6116);
#6115 = CARTESIAN_POINT('',(59.376665926584,200.,1.575));
#6116 = VECTOR('',#6117,1.);
#6117 = DIRECTION('',(0.,0.,1.));
#6118 = PCURVE('',#100,#6119);
#6119 = DEFINITIONAL_REPRESENTATION('',(#6120),#6124);
#6120 = LINE('',#6121,#6122);
#6121 = CARTESIAN_POINT('',(1.575,59.376665926584));
#6122 = VECTOR('',#6123,1.);
#6123 = DIRECTION('',(1.,0.));
#6124 = ( GEOMETRIC_REPRESENTATION_CONTEXT(2) 
PARAMETRIC_REPRESENTATION_CONTEXT() REPRESENTATION_CONTEXT('2D SPACE',''
  ) );
#6125 = PCURVE('',#1588,#6126);
#6126 = DEFINITIONAL_REPRESENTATION('',(#6127),#6131);
#6127 = LINE('',#6128,#6129);
#6128 = CARTESIAN_POINT('',(0.,-200.));
#6129 = VECTOR('',#6130,1.);
#6130 = DIRECTION('',(1.,0.));
#6131 = ( GEOMETRIC_REPRESENTATION_CONTEXT(2) 
PARAMETRIC_REPRESENTATION_CONTEXT() REPRESENTATION_CONTEXT('2D SPACE',''
  ) );
#6132 = ORIENTED_EDGE('',*,*,#6133,.T.);
#6133 = EDGE_CURVE('',#6111,#6134,#6136,.T.);
#6134 = VERTEX_POINT('',#6135);
#6135 = CARTESIAN_POINT('',(60.623334073416,200.,4.575));
#6136 = SURFACE_CURVE('',#6137,(#6141,#6148),.PCURVE_S1.);
#6137 = LINE('',#6138,#6139);
#6138 = CARTESIAN_POINT('',(59.376665926584,200.,4.575));
#6139 = VECTOR('',#6140,1.);
#6140 = DIRECTION('',(1.,0.,0.));
#6141 = PCURVE('',#100,#6142);
#6142 = DEFINITIONAL_REPRESENTATION('',(#6143),#6147);
#6143 = LINE('',#6144,#6145);
#6144 = CARTESIAN_POINT('',(4.575,59.376665926584));
#6145 = VECTOR('',#6146,1.);
#6146 = DIRECTION('',(0.,1.));
#6147 = ( GEOMETRIC_REPRESENTATION_CONTEXT(2) 
PARAMETRIC_REPRESENTATION_CONTEXT() REPRESENTATION_CONTEXT('2D SPACE',''
  ) );
#6148 = PCURVE('',#1616,#6149);
#6149 = DEFINITIONAL_REPRESENTATION('',(#6150),#6154);
#6150 = LINE('',#6151,#6152);
#6151 = CARTESIAN_POINT('',(0.,200.));
#6152 = VECTOR('',#6153,1.);
#6153 = DIRECTION('',(1.,0.));
#6154 = ( GEOMETRIC_REPRESENTATION_CONTEXT(2) 
PARAMETRIC_REPRESENTATION_CONTEXT() REPRESENTATION_CONTEXT('2D SPACE',''
  ) );
#6155 = ORIENTED_EDGE('',*,*,#6156,.F.);
#6156 = EDGE_CURVE('',#6157,#6134,#6159,.T.);
#6157 = VERTEX_POINT('',#6158);
#6158 = CARTESIAN_POINT('',(60.623334073416,200.,1.575));
#6159 = SURFACE_CURVE('',#6160,(#6164,#6171),.PCURVE_S1.);
#6160 = LINE('',#6161,#6162);
#6161 = CARTESIAN_POINT('',(60.623334073416,200.,1.575));
#6162 = VECTOR('',#6163,1.);
#6163 = DIRECTION('',(0.,0.,1.));
#6164 = PCURVE('',#100,#6165);
#6165 = DEFINITIONAL_REPRESENTATION('',(#6166),#6170);
#6166 = LINE('',#6167,#6168);
#6167 = CARTESIAN_POINT('',(1.575,60.623334073416));
#6168 = VECTOR('',#6169,1.);
#6169 = DIRECTION('',(1.,0.));
#6170 = ( GEOMETRIC_REPRESENTATION_CONTEXT(2) 
PARAMETRIC_REPRESENTATION_CONTEXT() REPRESENTATION_CONTEXT('2D SPACE',''
  ) );
#6171 = PCURVE('',#1644,#6172);
#6172 = DEFINITIONAL_REPRESENTATION('',(#6173),#6177);
#6173 = LINE('',#6174,#6175);
#6174 = CARTESIAN_POINT('',(0.,-200.));
#6175 = VECTOR('',#6176,1.);
#6176 = DIRECTION('',(1.,0.));
#6177 = ( GEOMETRIC_REPRESENTATION_CONTEXT(2) 
PARAMETRIC_REPRESENTATION_CONTEXT() REPRESENTATION_CONTEXT('2D SPACE',''
  ) );
#6178 = ORIENTED_EDGE('',*,*,#6179,.T.);
#6179 = EDGE_CURVE('',#6157,#6180,#6182,.T.);
#6180 = VERTEX_POINT('',#6181);
#6181 = CARTESIAN_POINT('',(64.376665926584,200.,1.575));
#6182 = SURFACE_CURVE('',#6183,(#6188,#6199),.PCURVE_S1.);
#6183 = CIRCLE('',#6184,2.45);
#6184 = AXIS2_PLACEMENT_3D('',#6185,#6186,#6187);
#6185 = CARTESIAN_POINT('',(62.5,200.,3.15));
#6186 = DIRECTION('',(0.,-1.,0.));
#6187 = DIRECTION('',(1.,0.,1.450087215837E-15));
#6188 = PCURVE('',#100,#6189);
#6189 = DEFINITIONAL_REPRESENTATION('',(#6190),#6198);
#6190 = ( BOUNDED_CURVE() B_SPLINE_CURVE(2,(#6191,#6192,#6193,#6194,
#6195,#6196,#6197),.UNSPECIFIED.,.T.,.F.) B_SPLINE_CURVE_WITH_KNOTS((1,2
    ,2,2,2,1),(-2.094395102393,0.,2.094395102393,4.188790204786,
6.28318530718,8.377580409573),.UNSPECIFIED.) CURVE() 
GEOMETRIC_REPRESENTATION_ITEM() RATIONAL_B_SPLINE_CURVE((1.,0.5,1.,0.5,
1.,0.5,1.)) REPRESENTATION_ITEM('') );
#6191 = CARTESIAN_POINT('',(3.15,64.95));
#6192 = CARTESIAN_POINT('',(7.393524478544,64.95));
#6193 = CARTESIAN_POINT('',(5.271762239272,61.275));
#6194 = CARTESIAN_POINT('',(3.15,57.6));
#6195 = CARTESIAN_POINT('',(1.028237760728,61.275));
#6196 = CARTESIAN_POINT('',(-1.093524478544,64.95));
#6197 = CARTESIAN_POINT('',(3.15,64.95));
#6198 = ( GEOMETRIC_REPRESENTATION_CONTEXT(2) 
PARAMETRIC_REPRESENTATION_CONTEXT() REPRESENTATION_CONTEXT('2D SPACE',''
  ) );
#6199 = PCURVE('',#1673,#6200);
#6200 = DEFINITIONAL_REPRESENTATION('',(#6201),#6205);
#6201 = LINE('',#6202,#6203);
#6202 = CARTESIAN_POINT('',(-0.,-7.999999525055E-07));
#6203 = VECTOR('',#6204,1.);
#6204 = DIRECTION('',(-1.,-0.));
#6205 = ( GEOMETRIC_REPRESENTATION_CONTEXT(2) 
PARAMETRIC_REPRESENTATION_CONTEXT() REPRESENTATION_CONTEXT('2D SPACE',''
  ) );
#6206 = ORIENTED_EDGE('',*,*,#6207,.T.);
#6207 = EDGE_CURVE('',#6180,#6208,#6210,.T.);
#6208 = VERTEX_POINT('',#6209);
#6209 = CARTESIAN_POINT('',(64.376665926584,200.,4.575));
#6210 = SURFACE_CURVE('',#6211,(#6215,#6222),.PCURVE_S1.);
#6211 = LINE('',#6212,#6213);
#6212 = CARTESIAN_POINT('',(64.376665926584,200.,1.575));
#6213 = VECTOR('',#6214,1.);
#6214 = DIRECTION('',(0.,0.,1.));
#6215 = PCURVE('',#100,#6216);
#6216 = DEFINITIONAL_REPRESENTATION('',(#6217),#6221);
#6217 = LINE('',#6218,#6219);
#6218 = CARTESIAN_POINT('',(1.575,64.376665926584));
#6219 = VECTOR('',#6220,1.);
#6220 = DIRECTION('',(1.,0.));
#6221 = ( GEOMETRIC_REPRESENTATION_CONTEXT(2) 
PARAMETRIC_REPRESENTATION_CONTEXT() REPRESENTATION_CONTEXT('2D SPACE',''
  ) );
#6222 = PCURVE('',#1701,#6223);
#6223 = DEFINITIONAL_REPRESENTATION('',(#6224),#6228);
#6224 = LINE('',#6225,#6226);
#6225 = CARTESIAN_POINT('',(0.,-200.));
#6226 = VECTOR('',#6227,1.);
#6227 = DIRECTION('',(1.,0.));
#6228 = ( GEOMETRIC_REPRESENTATION_CONTEXT(2) 
PARAMETRIC_REPRESENTATION_CONTEXT() REPRESENTATION_CONTEXT('2D SPACE',''
  ) );
#6229 = ORIENTED_EDGE('',*,*,#6230,.T.);
#6230 = EDGE_CURVE('',#6208,#6231,#6233,.T.);
#6231 = VERTEX_POINT('',#6232);
#6232 = CARTESIAN_POINT('',(65.623334073416,200.,4.575));
#6233 = SURFACE_CURVE('',#6234,(#6238,#6245),.PCURVE_S1.);
#6234 = LINE('',#6235,#6236);
#6235 = CARTESIAN_POINT('',(64.376665926584,200.,4.575));
#6236 = VECTOR('',#6237,1.);
#6237 = DIRECTION('',(1.,0.,0.));
#6238 = PCURVE('',#100,#6239);
#6239 = DEFINITIONAL_REPRESENTATION('',(#6240),#6244);
#6240 = LINE('',#6241,#6242);
#6241 = CARTESIAN_POINT('',(4.575,64.376665926584));
#6242 = VECTOR('',#6243,1.);
#6243 = DIRECTION('',(0.,1.));
#6244 = ( GEOMETRIC_REPRESENTATION_CONTEXT(2) 
PARAMETRIC_REPRESENTATION_CONTEXT() REPRESENTATION_CONTEXT('2D SPACE',''
  ) );
#6245 = PCURVE('',#1729,#6246);
#6246 = DEFINITIONAL_REPRESENTATION('',(#6247),#6251);
#6247 = LINE('',#6248,#6249);
#6248 = CARTESIAN_POINT('',(0.,200.));
#6249 = VECTOR('',#6250,1.);
#6250 = DIRECTION('',(1.,0.));
#6251 = ( GEOMETRIC_REPRESENTATION_CONTEXT(2) 
PARAMETRIC_REPRESENTATION_CONTEXT() REPRESENTATION_CONTEXT('2D SPACE',''
  ) );
#6252 = ORIENTED_EDGE('',*,*,#6253,.F.);
#6253 = EDGE_CURVE('',#6254,#6231,#6256,.T.);
#6254 = VERTEX_POINT('',#6255);
#6255 = CARTESIAN_POINT('',(65.623334073416,200.,1.575));
#6256 = SURFACE_CURVE('',#6257,(#6261,#6268),.PCURVE_S1.);
#6257 = LINE('',#6258,#6259);
#6258 = CARTESIAN_POINT('',(65.623334073416,200.,1.575));
#6259 = VECTOR('',#6260,1.);
#6260 = DIRECTION('',(0.,0.,1.));
#6261 = PCURVE('',#100,#6262);
#6262 = DEFINITIONAL_REPRESENTATION('',(#6263),#6267);
#6263 = LINE('',#6264,#6265);
#6264 = CARTESIAN_POINT('',(1.575,65.623334073416));
#6265 = VECTOR('',#6266,1.);
#6266 = DIRECTION('',(1.,0.));
#6267 = ( GEOMETRIC_REPRESENTATION_CONTEXT(2) 
PARAMETRIC_REPRESENTATION_CONTEXT() REPRESENTATION_CONTEXT('2D SPACE',''
  ) );
#6268 = PCURVE('',#1757,#6269);
#6269 = DEFINITIONAL_REPRESENTATION('',(#6270),#6274);
#6270 = LINE('',#6271,#6272);
#6271 = CARTESIAN_POINT('',(0.,-200.));
#6272 = VECTOR('',#6273,1.);
#6273 = DIRECTION('',(1.,0.));
#6274 = ( GEOMETRIC_REPRESENTATION_CONTEXT(2) 
PARAMETRIC_REPRESENTATION_CONTEXT() REPRESENTATION_CONTEXT('2D SPACE',''
  ) );
#6275 = ORIENTED_EDGE('',*,*,#6276,.T.);
#6276 = EDGE_CURVE('',#6254,#6277,#6279,.T.);
#6277 = VERTEX_POINT('',#6278);
#6278 = CARTESIAN_POINT('',(69.376665926584,200.,1.575));
#6279 = SURFACE_CURVE('',#6280,(#6285,#6296),.PCURVE_S1.);
#6280 = CIRCLE('',#6281,2.45);
#6281 = AXIS2_PLACEMENT_3D('',#6282,#6283,#6284);
#6282 = CARTESIAN_POINT('',(67.5,200.,3.15));
#6283 = DIRECTION('',(0.,-1.,0.));
#6284 = DIRECTION('',(1.,0.,3.625218039592E-16));
#6285 = PCURVE('',#100,#6286);
#6286 = DEFINITIONAL_REPRESENTATION('',(#6287),#6295);
#6287 = ( BOUNDED_CURVE() B_SPLINE_CURVE(2,(#6288,#6289,#6290,#6291,
#6292,#6293,#6294),.UNSPECIFIED.,.T.,.F.) B_SPLINE_CURVE_WITH_KNOTS((1,2
    ,2,2,2,1),(-2.094395102393,0.,2.094395102393,4.188790204786,
6.28318530718,8.377580409573),.UNSPECIFIED.) CURVE() 
GEOMETRIC_REPRESENTATION_ITEM() RATIONAL_B_SPLINE_CURVE((1.,0.5,1.,0.5,
1.,0.5,1.)) REPRESENTATION_ITEM('') );
#6288 = CARTESIAN_POINT('',(3.15,69.95));
#6289 = CARTESIAN_POINT('',(7.393524478544,69.95));
#6290 = CARTESIAN_POINT('',(5.271762239272,66.275));
#6291 = CARTESIAN_POINT('',(3.15,62.6));
#6292 = CARTESIAN_POINT('',(1.028237760728,66.275));
#6293 = CARTESIAN_POINT('',(-1.093524478544,69.95));
#6294 = CARTESIAN_POINT('',(3.15,69.95));
#6295 = ( GEOMETRIC_REPRESENTATION_CONTEXT(2) 
PARAMETRIC_REPRESENTATION_CONTEXT() REPRESENTATION_CONTEXT('2D SPACE',''
  ) );
#6296 = PCURVE('',#1786,#6297);
#6297 = DEFINITIONAL_REPRESENTATION('',(#6298),#6302);
#6298 = LINE('',#6299,#6300);
#6299 = CARTESIAN_POINT('',(-0.,-7.999999525055E-07));
#6300 = VECTOR('',#6301,1.);
#6301 = DIRECTION('',(-1.,-0.));
#6302 = ( GEOMETRIC_REPRESENTATION_CONTEXT(2) 
PARAMETRIC_REPRESENTATION_CONTEXT() REPRESENTATION_CONTEXT('2D SPACE',''
  ) );
#6303 = ORIENTED_EDGE('',*,*,#6304,.T.);
#6304 = EDGE_CURVE('',#6277,#6305,#6307,.T.);
#6305 = VERTEX_POINT('',#6306);
#6306 = CARTESIAN_POINT('',(69.376665926584,200.,4.575));
#6307 = SURFACE_CURVE('',#6308,(#6312,#6319),.PCURVE_S1.);
#6308 = LINE('',#6309,#6310);
#6309 = CARTESIAN_POINT('',(69.376665926584,200.,1.575));
#6310 = VECTOR('',#6311,1.);
#6311 = DIRECTION('',(0.,0.,1.));
#6312 = PCURVE('',#100,#6313);
#6313 = DEFINITIONAL_REPRESENTATION('',(#6314),#6318);
#6314 = LINE('',#6315,#6316);
#6315 = CARTESIAN_POINT('',(1.575,69.376665926584));
#6316 = VECTOR('',#6317,1.);
#6317 = DIRECTION('',(1.,0.));
#6318 = ( GEOMETRIC_REPRESENTATION_CONTEXT(2) 
PARAMETRIC_REPRESENTATION_CONTEXT() REPRESENTATION_CONTEXT('2D SPACE',''
  ) );
#6319 = PCURVE('',#1814,#6320);
#6320 = DEFINITIONAL_REPRESENTATION('',(#6321),#6325);
#6321 = LINE('',#6322,#6323);
#6322 = CARTESIAN_POINT('',(0.,-200.));
#6323 = VECTOR('',#6324,1.);
#6324 = DIRECTION('',(1.,0.));
#6325 = ( GEOMETRIC_REPRESENTATION_CONTEXT(2) 
PARAMETRIC_REPRESENTATION_CONTEXT() REPRESENTATION_CONTEXT('2D SPACE',''
  ) );
#6326 = ORIENTED_EDGE('',*,*,#6327,.T.);
#6327 = EDGE_CURVE('',#6305,#6328,#6330,.T.);
#6328 = VERTEX_POINT('',#6329);
#6329 = CARTESIAN_POINT('',(70.623334073416,200.,4.575));
#6330 = SURFACE_CURVE('',#6331,(#6335,#6342),.PCURVE_S1.);
#6331 = LINE('',#6332,#6333);
#6332 = CARTESIAN_POINT('',(69.376665926584,200.,4.575));
#6333 = VECTOR('',#6334,1.);
#6334 = DIRECTION('',(1.,0.,0.));
#6335 = PCURVE('',#100,#6336);
#6336 = DEFINITIONAL_REPRESENTATION('',(#6337),#6341);
#6337 = LINE('',#6338,#6339);
#6338 = CARTESIAN_POINT('',(4.575,69.376665926584));
#6339 = VECTOR('',#6340,1.);
#6340 = DIRECTION('',(0.,1.));
#6341 = ( GEOMETRIC_REPRESENTATION_CONTEXT(2) 
PARAMETRIC_REPRESENTATION_CONTEXT() REPRESENTATION_CONTEXT('2D SPACE',''
  ) );
#6342 = PCURVE('',#1842,#6343);
#6343 = DEFINITIONAL_REPRESENTATION('',(#6344),#6348);
#6344 = LINE('',#6345,#6346);
#6345 = CARTESIAN_POINT('',(0.,200.));
#6346 = VECTOR('',#6347,1.);
#6347 = DIRECTION('',(1.,0.));
#6348 = ( GEOMETRIC_REPRESENTATION_CONTEXT(2) 
PARAMETRIC_REPRESENTATION_CONTEXT() REPRESENTATION_CONTEXT('2D SPACE',''
  ) );
#6349 = ORIENTED_EDGE('',*,*,#6350,.F.);
#6350 = EDGE_CURVE('',#6351,#6328,#6353,.T.);
#6351 = VERTEX_POINT('',#6352);
#6352 = CARTESIAN_POINT('',(70.623334073416,200.,1.575));
#6353 = SURFACE_CURVE('',#6354,(#6358,#6365),.PCURVE_S1.);
#6354 = LINE('',#6355,#6356);
#6355 = CARTESIAN_POINT('',(70.623334073416,200.,1.575));
#6356 = VECTOR('',#6357,1.);
#6357 = DIRECTION('',(0.,0.,1.));
#6358 = PCURVE('',#100,#6359);
#6359 = DEFINITIONAL_REPRESENTATION('',(#6360),#6364);
#6360 = LINE('',#6361,#6362);
#6361 = CARTESIAN_POINT('',(1.575,70.623334073416));
#6362 = VECTOR('',#6363,1.);
#6363 = DIRECTION('',(1.,0.));
#6364 = ( GEOMETRIC_REPRESENTATION_CONTEXT(2) 
PARAMETRIC_REPRESENTATION_CONTEXT() REPRESENTATION_CONTEXT('2D SPACE',''
  ) );
#6365 = PCURVE('',#1870,#6366);
#6366 = DEFINITIONAL_REPRESENTATION('',(#6367),#6371);
#6367 = LINE('',#6368,#6369);
#6368 = CARTESIAN_POINT('',(0.,-200.));
#6369 = VECTOR('',#6370,1.);
#6370 = DIRECTION('',(1.,0.));
#6371 = ( GEOMETRIC_REPRESENTATION_CONTEXT(2) 
PARAMETRIC_REPRESENTATION_CONTEXT() REPRESENTATION_CONTEXT('2D SPACE',''
  ) );
#6372 = ORIENTED_EDGE('',*,*,#6373,.T.);
#6373 = EDGE_CURVE('',#6351,#6374,#6376,.T.);
#6374 = VERTEX_POINT('',#6375);
#6375 = CARTESIAN_POINT('',(74.376665926584,200.,1.575));
#6376 = SURFACE_CURVE('',#6377,(#6382,#6393),.PCURVE_S1.);
#6377 = CIRCLE('',#6378,2.45);
#6378 = AXIS2_PLACEMENT_3D('',#6379,#6380,#6381);
#6379 = CARTESIAN_POINT('',(72.5,200.,3.15));
#6380 = DIRECTION('',(0.,-1.,0.));
#6381 = DIRECTION('',(1.,0.,3.625218039592E-16));
#6382 = PCURVE('',#100,#6383);
#6383 = DEFINITIONAL_REPRESENTATION('',(#6384),#6392);
#6384 = ( BOUNDED_CURVE() B_SPLINE_CURVE(2,(#6385,#6386,#6387,#6388,
#6389,#6390,#6391),.UNSPECIFIED.,.T.,.F.) B_SPLINE_CURVE_WITH_KNOTS((1,2
    ,2,2,2,1),(-2.094395102393,0.,2.094395102393,4.188790204786,
6.28318530718,8.377580409573),.UNSPECIFIED.) CURVE() 
GEOMETRIC_REPRESENTATION_ITEM() RATIONAL_B_SPLINE_CURVE((1.,0.5,1.,0.5,
1.,0.5,1.)) REPRESENTATION_ITEM('') );
#6385 = CARTESIAN_POINT('',(3.15,74.95));
#6386 = CARTESIAN_POINT('',(7.393524478544,74.95));
#6387 = CARTESIAN_POINT('',(5.271762239272,71.275));
#6388 = CARTESIAN_POINT('',(3.15,67.6));
#6389 = CARTESIAN_POINT('',(1.028237760728,71.275));
#6390 = CARTESIAN_POINT('',(-1.093524478544,74.95));
#6391 = CARTESIAN_POINT('',(3.15,74.95));
#6392 = ( GEOMETRIC_REPRESENTATION_CONTEXT(2) 
PARAMETRIC_REPRESENTATION_CONTEXT() REPRESENTATION_CONTEXT('2D SPACE',''
  ) );
#6393 = PCURVE('',#1899,#6394);
#6394 = DEFINITIONAL_REPRESENTATION('',(#6395),#6399);
#6395 = LINE('',#6396,#6397);
#6396 = CARTESIAN_POINT('',(-0.,-7.999999525055E-07));
#6397 = VECTOR('',#6398,1.);
#6398 = DIRECTION('',(-1.,-0.));
#6399 = ( GEOMETRIC_REPRESENTATION_CONTEXT(2) 
PARAMETRIC_REPRESENTATION_CONTEXT() REPRESENTATION_CONTEXT('2D SPACE',''
  ) );
#6400 = ORIENTED_EDGE('',*,*,#6401,.T.);
#6401 = EDGE_CURVE('',#6374,#6402,#6404,.T.);
#6402 = VERTEX_POINT('',#6403);
#6403 = CARTESIAN_POINT('',(74.376665926584,200.,4.575));
#6404 = SURFACE_CURVE('',#6405,(#6409,#6416),.PCURVE_S1.);
#6405 = LINE('',#6406,#6407);
#6406 = CARTESIAN_POINT('',(74.376665926584,200.,1.575));
#6407 = VECTOR('',#6408,1.);
#6408 = DIRECTION('',(0.,0.,1.));
#6409 = PCURVE('',#100,#6410);
#6410 = DEFINITIONAL_REPRESENTATION('',(#6411),#6415);
#6411 = LINE('',#6412,#6413);
#6412 = CARTESIAN_POINT('',(1.575,74.376665926584));
#6413 = VECTOR('',#6414,1.);
#6414 = DIRECTION('',(1.,0.));
#6415 = ( GEOMETRIC_REPRESENTATION_CONTEXT(2) 
PARAMETRIC_REPRESENTATION_CONTEXT() REPRESENTATION_CONTEXT('2D SPACE',''
  ) );
#6416 = PCURVE('',#1927,#6417);
#6417 = DEFINITIONAL_REPRESENTATION('',(#6418),#6422);
#6418 = LINE('',#6419,#6420);
#6419 = CARTESIAN_POINT('',(0.,-200.));
#6420 = VECTOR('',#6421,1.);
#6421 = DIRECTION('',(1.,0.));
#6422 = ( GEOMETRIC_REPRESENTATION_CONTEXT(2) 
PARAMETRIC_REPRESENTATION_CONTEXT() REPRESENTATION_CONTEXT('2D SPACE',''
  ) );
#6423 = ORIENTED_EDGE('',*,*,#6424,.T.);
#6424 = EDGE_CURVE('',#6402,#6425,#6427,.T.);
#6425 = VERTEX_POINT('',#6426);
#6426 = CARTESIAN_POINT('',(75.623334073416,200.,4.575));
#6427 = SURFACE_CURVE('',#6428,(#6432,#6439),.PCURVE_S1.);
#6428 = LINE('',#6429,#6430);
#6429 = CARTESIAN_POINT('',(74.376665926584,200.,4.575));
#6430 = VECTOR('',#6431,1.);
#6431 = DIRECTION('',(1.,0.,0.));
#6432 = PCURVE('',#100,#6433);
#6433 = DEFINITIONAL_REPRESENTATION('',(#6434),#6438);
#6434 = LINE('',#6435,#6436);
#6435 = CARTESIAN_POINT('',(4.575,74.376665926584));
#6436 = VECTOR('',#6437,1.);
#6437 = DIRECTION('',(0.,1.));
#6438 = ( GEOMETRIC_REPRESENTATION_CONTEXT(2) 
PARAMETRIC_REPRESENTATION_CONTEXT() REPRESENTATION_CONTEXT('2D SPACE',''
  ) );
#6439 = PCURVE('',#1955,#6440);
#6440 = DEFINITIONAL_REPRESENTATION('',(#6441),#6445);
#6441 = LINE('',#6442,#6443);
#6442 = CARTESIAN_POINT('',(0.,200.));
#6443 = VECTOR('',#6444,1.);
#6444 = DIRECTION('',(1.,0.));
#6445 = ( GEOMETRIC_REPRESENTATION_CONTEXT(2) 
PARAMETRIC_REPRESENTATION_CONTEXT() REPRESENTATION_CONTEXT('2D SPACE',''
  ) );
#6446 = ORIENTED_EDGE('',*,*,#6447,.F.);
#6447 = EDGE_CURVE('',#6448,#6425,#6450,.T.);
#6448 = VERTEX_POINT('',#6449);
#6449 = CARTESIAN_POINT('',(75.623334073416,200.,1.575));
#6450 = SURFACE_CURVE('',#6451,(#6455,#6462),.PCURVE_S1.);
#6451 = LINE('',#6452,#6453);
#6452 = CARTESIAN_POINT('',(75.623334073416,200.,1.575));
#6453 = VECTOR('',#6454,1.);
#6454 = DIRECTION('',(0.,0.,1.));
#6455 = PCURVE('',#100,#6456);
#6456 = DEFINITIONAL_REPRESENTATION('',(#6457),#6461);
#6457 = LINE('',#6458,#6459);
#6458 = CARTESIAN_POINT('',(1.575,75.623334073416));
#6459 = VECTOR('',#6460,1.);
#6460 = DIRECTION('',(1.,0.));
#6461 = ( GEOMETRIC_REPRESENTATION_CONTEXT(2) 
PARAMETRIC_REPRESENTATION_CONTEXT() REPRESENTATION_CONTEXT('2D SPACE',''
  ) );
#6462 = PCURVE('',#1983,#6463);
#6463 = DEFINITIONAL_REPRESENTATION('',(#6464),#6468);
#6464 = LINE('',#6465,#6466);
#6465 = CARTESIAN_POINT('',(0.,-200.));
#6466 = VECTOR('',#6467,1.);
#6467 = DIRECTION('',(1.,0.));
#6468 = ( GEOMETRIC_REPRESENTATION_CONTEXT(2) 
PARAMETRIC_REPRESENTATION_CONTEXT() REPRESENTATION_CONTEXT('2D SPACE',''
  ) );
#6469 = ORIENTED_EDGE('',*,*,#6470,.T.);
#6470 = EDGE_CURVE('',#6448,#6471,#6473,.T.);
#6471 = VERTEX_POINT('',#6472);
#6472 = CARTESIAN_POINT('',(79.376665926584,200.,1.575));
#6473 = SURFACE_CURVE('',#6474,(#6479,#6490),.PCURVE_S1.);
#6474 = CIRCLE('',#6475,2.45);
#6475 = AXIS2_PLACEMENT_3D('',#6476,#6477,#6478);
#6476 = CARTESIAN_POINT('',(77.5,200.,3.15));
#6477 = DIRECTION('',(0.,-1.,0.));
#6478 = DIRECTION('',(1.,0.,3.625218039592E-16));
#6479 = PCURVE('',#100,#6480);
#6480 = DEFINITIONAL_REPRESENTATION('',(#6481),#6489);
#6481 = ( BOUNDED_CURVE() B_SPLINE_CURVE(2,(#6482,#6483,#6484,#6485,
#6486,#6487,#6488),.UNSPECIFIED.,.T.,.F.) B_SPLINE_CURVE_WITH_KNOTS((1,2
    ,2,2,2,1),(-2.094395102393,0.,2.094395102393,4.188790204786,
6.28318530718,8.377580409573),.UNSPECIFIED.) CURVE() 
GEOMETRIC_REPRESENTATION_ITEM() RATIONAL_B_SPLINE_CURVE((1.,0.5,1.,0.5,
1.,0.5,1.)) REPRESENTATION_ITEM('') );
#6482 = CARTESIAN_POINT('',(3.15,79.95));
#6483 = CARTESIAN_POINT('',(7.393524478544,79.95));
#6484 = CARTESIAN_POINT('',(5.271762239272,76.275));
#6485 = CARTESIAN_POINT('',(3.15,72.6));
#6486 = CARTESIAN_POINT('',(1.028237760728,76.275));
#6487 = CARTESIAN_POINT('',(-1.093524478544,79.95));
#6488 = CARTESIAN_POINT('',(3.15,79.95));
#6489 = ( GEOMETRIC_REPRESENTATION_CONTEXT(2) 
PARAMETRIC_REPRESENTATION_CONTEXT() REPRESENTATION_CONTEXT('2D SPACE',''
  ) );
#6490 = PCURVE('',#2012,#6491);
#6491 = DEFINITIONAL_REPRESENTATION('',(#6492),#6496);
#6492 = LINE('',#6493,#6494);
#6493 = CARTESIAN_POINT('',(-0.,-7.999999525055E-07));
#6494 = VECTOR('',#6495,1.);
#6495 = DIRECTION('',(-1.,-0.));
#6496 = ( GEOMETRIC_REPRESENTATION_CONTEXT(2) 
PARAMETRIC_REPRESENTATION_CONTEXT() REPRESENTATION_CONTEXT('2D SPACE',''
  ) );
#6497 = ORIENTED_EDGE('',*,*,#6498,.T.);
#6498 = EDGE_CURVE('',#6471,#6499,#6501,.T.);
#6499 = VERTEX_POINT('',#6500);
#6500 = CARTESIAN_POINT('',(79.376665926584,200.,4.575));
#6501 = SURFACE_CURVE('',#6502,(#6506,#6513),.PCURVE_S1.);
#6502 = LINE('',#6503,#6504);
#6503 = CARTESIAN_POINT('',(79.376665926584,200.,1.575));
#6504 = VECTOR('',#6505,1.);
#6505 = DIRECTION('',(0.,0.,1.));
#6506 = PCURVE('',#100,#6507);
#6507 = DEFINITIONAL_REPRESENTATION('',(#6508),#6512);
#6508 = LINE('',#6509,#6510);
#6509 = CARTESIAN_POINT('',(1.575,79.376665926584));
#6510 = VECTOR('',#6511,1.);
#6511 = DIRECTION('',(1.,0.));
#6512 = ( GEOMETRIC_REPRESENTATION_CONTEXT(2) 
PARAMETRIC_REPRESENTATION_CONTEXT() REPRESENTATION_CONTEXT('2D SPACE',''
  ) );
#6513 = PCURVE('',#2040,#6514);
#6514 = DEFINITIONAL_REPRESENTATION('',(#6515),#6519);
#6515 = LINE('',#6516,#6517);
#6516 = CARTESIAN_POINT('',(0.,-200.));
#6517 = VECTOR('',#6518,1.);
#6518 = DIRECTION('',(1.,0.));
#6519 = ( GEOMETRIC_REPRESENTATION_CONTEXT(2) 
PARAMETRIC_REPRESENTATION_CONTEXT() REPRESENTATION_CONTEXT('2D SPACE',''
  ) );
#6520 = ORIENTED_EDGE('',*,*,#6521,.T.);
#6521 = EDGE_CURVE('',#6499,#6522,#6524,.T.);
#6522 = VERTEX_POINT('',#6523);
#6523 = CARTESIAN_POINT('',(80.623334073416,200.,4.575));
#6524 = SURFACE_CURVE('',#6525,(#6529,#6536),.PCURVE_S1.);
#6525 = LINE('',#6526,#6527);
#6526 = CARTESIAN_POINT('',(79.376665926584,200.,4.575));
#6527 = VECTOR('',#6528,1.);
#6528 = DIRECTION('',(1.,0.,0.));
#6529 = PCURVE('',#100,#6530);
#6530 = DEFINITIONAL_REPRESENTATION('',(#6531),#6535);
#6531 = LINE('',#6532,#6533);
#6532 = CARTESIAN_POINT('',(4.575,79.376665926584));
#6533 = VECTOR('',#6534,1.);
#6534 = DIRECTION('',(0.,1.));
#6535 = ( GEOMETRIC_REPRESENTATION_CONTEXT(2) 
PARAMETRIC_REPRESENTATION_CONTEXT() REPRESENTATION_CONTEXT('2D SPACE',''
  ) );
#6536 = PCURVE('',#2068,#6537);
#6537 = DEFINITIONAL_REPRESENTATION('',(#6538),#6542);
#6538 = LINE('',#6539,#6540);
#6539 = CARTESIAN_POINT('',(0.,200.));
#6540 = VECTOR('',#6541,1.);
#6541 = DIRECTION('',(1.,0.));
#6542 = ( GEOMETRIC_REPRESENTATION_CONTEXT(2) 
PARAMETRIC_REPRESENTATION_CONTEXT() REPRESENTATION_CONTEXT('2D SPACE',''
  ) );
#6543 = ORIENTED_EDGE('',*,*,#6544,.F.);
#6544 = EDGE_CURVE('',#6545,#6522,#6547,.T.);
#6545 = VERTEX_POINT('',#6546);
#6546 = CARTESIAN_POINT('',(80.623334073416,200.,1.575));
#6547 = SURFACE_CURVE('',#6548,(#6552,#6559),.PCURVE_S1.);
#6548 = LINE('',#6549,#6550);
#6549 = CARTESIAN_POINT('',(80.623334073416,200.,1.575));
#6550 = VECTOR('',#6551,1.);
#6551 = DIRECTION('',(0.,0.,1.));
#6552 = PCURVE('',#100,#6553);
#6553 = DEFINITIONAL_REPRESENTATION('',(#6554),#6558);
#6554 = LINE('',#6555,#6556);
#6555 = CARTESIAN_POINT('',(1.575,80.623334073416));
#6556 = VECTOR('',#6557,1.);
#6557 = DIRECTION('',(1.,0.));
#6558 = ( GEOMETRIC_REPRESENTATION_CONTEXT(2) 
PARAMETRIC_REPRESENTATION_CONTEXT() REPRESENTATION_CONTEXT('2D SPACE',''
  ) );
#6559 = PCURVE('',#2096,#6560);
#6560 = DEFINITIONAL_REPRESENTATION('',(#6561),#6565);
#6561 = LINE('',#6562,#6563);
#6562 = CARTESIAN_POINT('',(0.,-200.));
#6563 = VECTOR('',#6564,1.);
#6564 = DIRECTION('',(1.,0.));
#6565 = ( GEOMETRIC_REPRESENTATION_CONTEXT(2) 
PARAMETRIC_REPRESENTATION_CONTEXT() REPRESENTATION_CONTEXT('2D SPACE',''
  ) );
#6566 = ORIENTED_EDGE('',*,*,#6567,.T.);
#6567 = EDGE_CURVE('',#6545,#6568,#6570,.T.);
#6568 = VERTEX_POINT('',#6569);
#6569 = CARTESIAN_POINT('',(84.376665926584,200.,1.575));
#6570 = SURFACE_CURVE('',#6571,(#6576,#6587),.PCURVE_S1.);
#6571 = CIRCLE('',#6572,2.45);
#6572 = AXIS2_PLACEMENT_3D('',#6573,#6574,#6575);
#6573 = CARTESIAN_POINT('',(82.5,200.,3.15));
#6574 = DIRECTION('',(0.,-1.,0.));
#6575 = DIRECTION('',(1.,0.,3.625218039592E-16));
#6576 = PCURVE('',#100,#6577);
#6577 = DEFINITIONAL_REPRESENTATION('',(#6578),#6586);
#6578 = ( BOUNDED_CURVE() B_SPLINE_CURVE(2,(#6579,#6580,#6581,#6582,
#6583,#6584,#6585),.UNSPECIFIED.,.T.,.F.) B_SPLINE_CURVE_WITH_KNOTS((1,2
    ,2,2,2,1),(-2.094395102393,0.,2.094395102393,4.188790204786,
6.28318530718,8.377580409573),.UNSPECIFIED.) CURVE() 
GEOMETRIC_REPRESENTATION_ITEM() RATIONAL_B_SPLINE_CURVE((1.,0.5,1.,0.5,
1.,0.5,1.)) REPRESENTATION_ITEM('') );
#6579 = CARTESIAN_POINT('',(3.15,84.95));
#6580 = CARTESIAN_POINT('',(7.393524478544,84.95));
#6581 = CARTESIAN_POINT('',(5.271762239272,81.275));
#6582 = CARTESIAN_POINT('',(3.15,77.6));
#6583 = CARTESIAN_POINT('',(1.028237760728,81.275));
#6584 = CARTESIAN_POINT('',(-1.093524478544,84.95));
#6585 = CARTESIAN_POINT('',(3.15,84.95));
#6586 = ( GEOMETRIC_REPRESENTATION_CONTEXT(2) 
PARAMETRIC_REPRESENTATION_CONTEXT() REPRESENTATION_CONTEXT('2D SPACE',''
  ) );
#6587 = PCURVE('',#2125,#6588);
#6588 = DEFINITIONAL_REPRESENTATION('',(#6589),#6593);
#6589 = LINE('',#6590,#6591);
#6590 = CARTESIAN_POINT('',(-0.,-7.999999525055E-07));
#6591 = VECTOR('',#6592,1.);
#6592 = DIRECTION('',(-1.,-0.));
#6593 = ( GEOMETRIC_REPRESENTATION_CONTEXT(2) 
PARAMETRIC_REPRESENTATION_CONTEXT() REPRESENTATION_CONTEXT('2D SPACE',''
  ) );
#6594 = ORIENTED_EDGE('',*,*,#6595,.T.);
#6595 = EDGE_CURVE('',#6568,#6596,#6598,.T.);
#6596 = VERTEX_POINT('',#6597);
#6597 = CARTESIAN_POINT('',(84.376665926584,200.,4.575));
#6598 = SURFACE_CURVE('',#6599,(#6603,#6610),.PCURVE_S1.);
#6599 = LINE('',#6600,#6601);
#6600 = CARTESIAN_POINT('',(84.376665926584,200.,1.575));
#6601 = VECTOR('',#6602,1.);
#6602 = DIRECTION('',(0.,0.,1.));
#6603 = PCURVE('',#100,#6604);
#6604 = DEFINITIONAL_REPRESENTATION('',(#6605),#6609);
#6605 = LINE('',#6606,#6607);
#6606 = CARTESIAN_POINT('',(1.575,84.376665926584));
#6607 = VECTOR('',#6608,1.);
#6608 = DIRECTION('',(1.,0.));
#6609 = ( GEOMETRIC_REPRESENTATION_CONTEXT(2) 
PARAMETRIC_REPRESENTATION_CONTEXT() REPRESENTATION_CONTEXT('2D SPACE',''
  ) );
#6610 = PCURVE('',#2153,#6611);
#6611 = DEFINITIONAL_REPRESENTATION('',(#6612),#6616);
#6612 = LINE('',#6613,#6614);
#6613 = CARTESIAN_POINT('',(0.,-200.));
#6614 = VECTOR('',#6615,1.);
#6615 = DIRECTION('',(1.,0.));
#6616 = ( GEOMETRIC_REPRESENTATION_CONTEXT(2) 
PARAMETRIC_REPRESENTATION_CONTEXT() REPRESENTATION_CONTEXT('2D SPACE',''
  ) );
#6617 = ORIENTED_EDGE('',*,*,#6618,.T.);
#6618 = EDGE_CURVE('',#6596,#6619,#6621,.T.);
#6619 = VERTEX_POINT('',#6620);
#6620 = CARTESIAN_POINT('',(85.623334073416,200.,4.575));
#6621 = SURFACE_CURVE('',#6622,(#6626,#6633),.PCURVE_S1.);
#6622 = LINE('',#6623,#6624);
#6623 = CARTESIAN_POINT('',(84.376665926584,200.,4.575));
#6624 = VECTOR('',#6625,1.);
#6625 = DIRECTION('',(1.,0.,0.));
#6626 = PCURVE('',#100,#6627);
#6627 = DEFINITIONAL_REPRESENTATION('',(#6628),#6632);
#6628 = LINE('',#6629,#6630);
#6629 = CARTESIAN_POINT('',(4.575,84.376665926584));
#6630 = VECTOR('',#6631,1.);
#6631 = DIRECTION('',(0.,1.));
#6632 = ( GEOMETRIC_REPRESENTATION_CONTEXT(2) 
PARAMETRIC_REPRESENTATION_CONTEXT() REPRESENTATION_CONTEXT('2D SPACE',''
  ) );
#6633 = PCURVE('',#2181,#6634);
#6634 = DEFINITIONAL_REPRESENTATION('',(#6635),#6639);
#6635 = LINE('',#6636,#6637);
#6636 = CARTESIAN_POINT('',(0.,200.));
#6637 = VECTOR('',#6638,1.);
#6638 = DIRECTION('',(1.,0.));
#6639 = ( GEOMETRIC_REPRESENTATION_CONTEXT(2) 
PARAMETRIC_REPRESENTATION_CONTEXT() REPRESENTATION_CONTEXT('2D SPACE',''
  ) );
#6640 = ORIENTED_EDGE('',*,*,#6641,.F.);
#6641 = EDGE_CURVE('',#6642,#6619,#6644,.T.);
#6642 = VERTEX_POINT('',#6643);
#6643 = CARTESIAN_POINT('',(85.623334073416,200.,1.575));
#6644 = SURFACE_CURVE('',#6645,(#6649,#6656),.PCURVE_S1.);
#6645 = LINE('',#6646,#6647);
#6646 = CARTESIAN_POINT('',(85.623334073416,200.,1.575));
#6647 = VECTOR('',#6648,1.);
#6648 = DIRECTION('',(0.,0.,1.));
#6649 = PCURVE('',#100,#6650);
#6650 = DEFINITIONAL_REPRESENTATION('',(#6651),#6655);
#6651 = LINE('',#6652,#6653);
#6652 = CARTESIAN_POINT('',(1.575,85.623334073416));
#6653 = VECTOR('',#6654,1.);
#6654 = DIRECTION('',(1.,0.));
#6655 = ( GEOMETRIC_REPRESENTATION_CONTEXT(2) 
PARAMETRIC_REPRESENTATION_CONTEXT() REPRESENTATION_CONTEXT('2D SPACE',''
  ) );
#6656 = PCURVE('',#2209,#6657);
#6657 = DEFINITIONAL_REPRESENTATION('',(#6658),#6662);
#6658 = LINE('',#6659,#6660);
#6659 = CARTESIAN_POINT('',(0.,-200.));
#6660 = VECTOR('',#6661,1.);
#6661 = DIRECTION('',(1.,0.));
#6662 = ( GEOMETRIC_REPRESENTATION_CONTEXT(2) 
PARAMETRIC_REPRESENTATION_CONTEXT() REPRESENTATION_CONTEXT('2D SPACE',''
  ) );
#6663 = ORIENTED_EDGE('',*,*,#6664,.T.);
#6664 = EDGE_CURVE('',#6642,#6665,#6667,.T.);
#6665 = VERTEX_POINT('',#6666);
#6666 = CARTESIAN_POINT('',(89.376665926584,200.,1.575));
#6667 = SURFACE_CURVE('',#6668,(#6673,#6684),.PCURVE_S1.);
#6668 = CIRCLE('',#6669,2.45);
#6669 = AXIS2_PLACEMENT_3D('',#6670,#6671,#6672);
#6670 = CARTESIAN_POINT('',(87.5,200.,3.15));
#6671 = DIRECTION('',(0.,-1.,0.));
#6672 = DIRECTION('',(1.,0.,3.625218039592E-16));
#6673 = PCURVE('',#100,#6674);
#6674 = DEFINITIONAL_REPRESENTATION('',(#6675),#6683);
#6675 = ( BOUNDED_CURVE() B_SPLINE_CURVE(2,(#6676,#6677,#6678,#6679,
#6680,#6681,#6682),.UNSPECIFIED.,.T.,.F.) B_SPLINE_CURVE_WITH_KNOTS((1,2
    ,2,2,2,1),(-2.094395102393,0.,2.094395102393,4.188790204786,
6.28318530718,8.377580409573),.UNSPECIFIED.) CURVE() 
GEOMETRIC_REPRESENTATION_ITEM() RATIONAL_B_SPLINE_CURVE((1.,0.5,1.,0.5,
1.,0.5,1.)) REPRESENTATION_ITEM('') );
#6676 = CARTESIAN_POINT('',(3.15,89.95));
#6677 = CARTESIAN_POINT('',(7.393524478544,89.95));
#6678 = CARTESIAN_POINT('',(5.271762239272,86.275));
#6679 = CARTESIAN_POINT('',(3.15,82.6));
#6680 = CARTESIAN_POINT('',(1.028237760728,86.275));
#6681 = CARTESIAN_POINT('',(-1.093524478544,89.95));
#6682 = CARTESIAN_POINT('',(3.15,89.95));
#6683 = ( GEOMETRIC_REPRESENTATION_CONTEXT(2) 
PARAMETRIC_REPRESENTATION_CONTEXT() REPRESENTATION_CONTEXT('2D SPACE',''
  ) );
#6684 = PCURVE('',#2238,#6685);
#6685 = DEFINITIONAL_REPRESENTATION('',(#6686),#6690);
#6686 = LINE('',#6687,#6688);
#6687 = CARTESIAN_POINT('',(-0.,-7.999999525055E-07));
#6688 = VECTOR('',#6689,1.);
#6689 = DIRECTION('',(-1.,-0.));
#6690 = ( GEOMETRIC_REPRESENTATION_CONTEXT(2) 
PARAMETRIC_REPRESENTATION_CONTEXT() REPRESENTATION_CONTEXT('2D SPACE',''
  ) );
#6691 = ORIENTED_EDGE('',*,*,#6692,.T.);
#6692 = EDGE_CURVE('',#6665,#6693,#6695,.T.);
#6693 = VERTEX_POINT('',#6694);
#6694 = CARTESIAN_POINT('',(89.376665926584,200.,4.575));
#6695 = SURFACE_CURVE('',#6696,(#6700,#6707),.PCURVE_S1.);
#6696 = LINE('',#6697,#6698);
#6697 = CARTESIAN_POINT('',(89.376665926584,200.,1.575));
#6698 = VECTOR('',#6699,1.);
#6699 = DIRECTION('',(0.,0.,1.));
#6700 = PCURVE('',#100,#6701);
#6701 = DEFINITIONAL_REPRESENTATION('',(#6702),#6706);
#6702 = LINE('',#6703,#6704);
#6703 = CARTESIAN_POINT('',(1.575,89.376665926584));
#6704 = VECTOR('',#6705,1.);
#6705 = DIRECTION('',(1.,0.));
#6706 = ( GEOMETRIC_REPRESENTATION_CONTEXT(2) 
PARAMETRIC_REPRESENTATION_CONTEXT() REPRESENTATION_CONTEXT('2D SPACE',''
  ) );
#6707 = PCURVE('',#2266,#6708);
#6708 = DEFINITIONAL_REPRESENTATION('',(#6709),#6713);
#6709 = LINE('',#6710,#6711);
#6710 = CARTESIAN_POINT('',(0.,-200.));
#6711 = VECTOR('',#6712,1.);
#6712 = DIRECTION('',(1.,0.));
#6713 = ( GEOMETRIC_REPRESENTATION_CONTEXT(2) 
PARAMETRIC_REPRESENTATION_CONTEXT() REPRESENTATION_CONTEXT('2D SPACE',''
  ) );
#6714 = ORIENTED_EDGE('',*,*,#6715,.T.);
#6715 = EDGE_CURVE('',#6693,#6716,#6718,.T.);
#6716 = VERTEX_POINT('',#6717);
#6717 = CARTESIAN_POINT('',(90.623334073416,200.,4.575));
#6718 = SURFACE_CURVE('',#6719,(#6723,#6730),.PCURVE_S1.);
#6719 = LINE('',#6720,#6721);
#6720 = CARTESIAN_POINT('',(89.376665926584,200.,4.575));
#6721 = VECTOR('',#6722,1.);
#6722 = DIRECTION('',(1.,0.,0.));
#6723 = PCURVE('',#100,#6724);
#6724 = DEFINITIONAL_REPRESENTATION('',(#6725),#6729);
#6725 = LINE('',#6726,#6727);
#6726 = CARTESIAN_POINT('',(4.575,89.376665926584));
#6727 = VECTOR('',#6728,1.);
#6728 = DIRECTION('',(0.,1.));
#6729 = ( GEOMETRIC_REPRESENTATION_CONTEXT(2) 
PARAMETRIC_REPRESENTATION_CONTEXT() REPRESENTATION_CONTEXT('2D SPACE',''
  ) );
#6730 = PCURVE('',#2294,#6731);
#6731 = DEFINITIONAL_REPRESENTATION('',(#6732),#6736);
#6732 = LINE('',#6733,#6734);
#6733 = CARTESIAN_POINT('',(0.,200.));
#6734 = VECTOR('',#6735,1.);
#6735 = DIRECTION('',(1.,0.));
#6736 = ( GEOMETRIC_REPRESENTATION_CONTEXT(2) 
PARAMETRIC_REPRESENTATION_CONTEXT() REPRESENTATION_CONTEXT('2D SPACE',''
  ) );
#6737 = ORIENTED_EDGE('',*,*,#6738,.F.);
#6738 = EDGE_CURVE('',#6739,#6716,#6741,.T.);
#6739 = VERTEX_POINT('',#6740);
#6740 = CARTESIAN_POINT('',(90.623334073416,200.,1.575));
#6741 = SURFACE_CURVE('',#6742,(#6746,#6753),.PCURVE_S1.);
#6742 = LINE('',#6743,#6744);
#6743 = CARTESIAN_POINT('',(90.623334073416,200.,1.575));
#6744 = VECTOR('',#6745,1.);
#6745 = DIRECTION('',(0.,0.,1.));
#6746 = PCURVE('',#100,#6747);
#6747 = DEFINITIONAL_REPRESENTATION('',(#6748),#6752);
#6748 = LINE('',#6749,#6750);
#6749 = CARTESIAN_POINT('',(1.575,90.623334073416));
#6750 = VECTOR('',#6751,1.);
#6751 = DIRECTION('',(1.,0.));
#6752 = ( GEOMETRIC_REPRESENTATION_CONTEXT(2) 
PARAMETRIC_REPRESENTATION_CONTEXT() REPRESENTATION_CONTEXT('2D SPACE',''
  ) );
#6753 = PCURVE('',#2322,#6754);
#6754 = DEFINITIONAL_REPRESENTATION('',(#6755),#6759);
#6755 = LINE('',#6756,#6757);
#6756 = CARTESIAN_POINT('',(0.,-200.));
#6757 = VECTOR('',#6758,1.);
#6758 = DIRECTION('',(1.,0.));
#6759 = ( GEOMETRIC_REPRESENTATION_CONTEXT(2) 
PARAMETRIC_REPRESENTATION_CONTEXT() REPRESENTATION_CONTEXT('2D SPACE',''
  ) );
#6760 = ORIENTED_EDGE('',*,*,#6761,.T.);
#6761 = EDGE_CURVE('',#6739,#6762,#6764,.T.);
#6762 = VERTEX_POINT('',#6763);
#6763 = CARTESIAN_POINT('',(94.376665926584,200.,1.575));
#6764 = SURFACE_CURVE('',#6765,(#6770,#6781),.PCURVE_S1.);
#6765 = CIRCLE('',#6766,2.45);
#6766 = AXIS2_PLACEMENT_3D('',#6767,#6768,#6769);
#6767 = CARTESIAN_POINT('',(92.5,200.,3.15));
#6768 = DIRECTION('',(0.,-1.,0.));
#6769 = DIRECTION('',(1.,0.,3.625218039592E-16));
#6770 = PCURVE('',#100,#6771);
#6771 = DEFINITIONAL_REPRESENTATION('',(#6772),#6780);
#6772 = ( BOUNDED_CURVE() B_SPLINE_CURVE(2,(#6773,#6774,#6775,#6776,
#6777,#6778,#6779),.UNSPECIFIED.,.T.,.F.) B_SPLINE_CURVE_WITH_KNOTS((1,2
    ,2,2,2,1),(-2.094395102393,0.,2.094395102393,4.188790204786,
6.28318530718,8.377580409573),.UNSPECIFIED.) CURVE() 
GEOMETRIC_REPRESENTATION_ITEM() RATIONAL_B_SPLINE_CURVE((1.,0.5,1.,0.5,
1.,0.5,1.)) REPRESENTATION_ITEM('') );
#6773 = CARTESIAN_POINT('',(3.15,94.95));
#6774 = CARTESIAN_POINT('',(7.393524478544,94.95));
#6775 = CARTESIAN_POINT('',(5.271762239272,91.275));
#6776 = CARTESIAN_POINT('',(3.15,87.6));
#6777 = CARTESIAN_POINT('',(1.028237760728,91.275));
#6778 = CARTESIAN_POINT('',(-1.093524478544,94.95));
#6779 = CARTESIAN_POINT('',(3.15,94.95));
#6780 = ( GEOMETRIC_REPRESENTATION_CONTEXT(2) 
PARAMETRIC_REPRESENTATION_CONTEXT() REPRESENTATION_CONTEXT('2D SPACE',''
  ) );
#6781 = PCURVE('',#2351,#6782);
#6782 = DEFINITIONAL_REPRESENTATION('',(#6783),#6787);
#6783 = LINE('',#6784,#6785);
#6784 = CARTESIAN_POINT('',(-0.,-7.999999525055E-07));
#6785 = VECTOR('',#6786,1.);
#6786 = DIRECTION('',(-1.,-0.));
#6787 = ( GEOMETRIC_REPRESENTATION_CONTEXT(2) 
PARAMETRIC_REPRESENTATION_CONTEXT() REPRESENTATION_CONTEXT('2D SPACE',''
  ) );
#6788 = ORIENTED_EDGE('',*,*,#6789,.T.);
#6789 = EDGE_CURVE('',#6762,#6790,#6792,.T.);
#6790 = VERTEX_POINT('',#6791);
#6791 = CARTESIAN_POINT('',(94.376665926584,200.,4.575));
#6792 = SURFACE_CURVE('',#6793,(#6797,#6804),.PCURVE_S1.);
#6793 = LINE('',#6794,#6795);
#6794 = CARTESIAN_POINT('',(94.376665926584,200.,1.575));
#6795 = VECTOR('',#6796,1.);
#6796 = DIRECTION('',(0.,0.,1.));
#6797 = PCURVE('',#100,#6798);
#6798 = DEFINITIONAL_REPRESENTATION('',(#6799),#6803);
#6799 = LINE('',#6800,#6801);
#6800 = CARTESIAN_POINT('',(1.575,94.376665926584));
#6801 = VECTOR('',#6802,1.);
#6802 = DIRECTION('',(1.,0.));
#6803 = ( GEOMETRIC_REPRESENTATION_CONTEXT(2) 
PARAMETRIC_REPRESENTATION_CONTEXT() REPRESENTATION_CONTEXT('2D SPACE',''
  ) );
#6804 = PCURVE('',#2379,#6805);
#6805 = DEFINITIONAL_REPRESENTATION('',(#6806),#6810);
#6806 = LINE('',#6807,#6808);
#6807 = CARTESIAN_POINT('',(0.,-200.));
#6808 = VECTOR('',#6809,1.);
#6809 = DIRECTION('',(1.,0.));
#6810 = ( GEOMETRIC_REPRESENTATION_CONTEXT(2) 
PARAMETRIC_REPRESENTATION_CONTEXT() REPRESENTATION_CONTEXT('2D SPACE',''
  ) );
#6811 = ORIENTED_EDGE('',*,*,#6812,.T.);
#6812 = EDGE_CURVE('',#6790,#6813,#6815,.T.);
#6813 = VERTEX_POINT('',#6814);
#6814 = CARTESIAN_POINT('',(95.623334073416,200.,4.575));
#6815 = SURFACE_CURVE('',#6816,(#6820,#6827),.PCURVE_S1.);
#6816 = LINE('',#6817,#6818);
#6817 = CARTESIAN_POINT('',(94.376665926584,200.,4.575));
#6818 = VECTOR('',#6819,1.);
#6819 = DIRECTION('',(1.,0.,0.));
#6820 = PCURVE('',#100,#6821);
#6821 = DEFINITIONAL_REPRESENTATION('',(#6822),#6826);
#6822 = LINE('',#6823,#6824);
#6823 = CARTESIAN_POINT('',(4.575,94.376665926584));
#6824 = VECTOR('',#6825,1.);
#6825 = DIRECTION('',(0.,1.));
#6826 = ( GEOMETRIC_REPRESENTATION_CONTEXT(2) 
PARAMETRIC_REPRESENTATION_CONTEXT() REPRESENTATION_CONTEXT('2D SPACE',''
  ) );
#6827 = PCURVE('',#2407,#6828);
#6828 = DEFINITIONAL_REPRESENTATION('',(#6829),#6833);
#6829 = LINE('',#6830,#6831);
#6830 = CARTESIAN_POINT('',(0.,200.));
#6831 = VECTOR('',#6832,1.);
#6832 = DIRECTION('',(1.,0.));
#6833 = ( GEOMETRIC_REPRESENTATION_CONTEXT(2) 
PARAMETRIC_REPRESENTATION_CONTEXT() REPRESENTATION_CONTEXT('2D SPACE',''
  ) );
#6834 = ORIENTED_EDGE('',*,*,#6835,.F.);
#6835 = EDGE_CURVE('',#6836,#6813,#6838,.T.);
#6836 = VERTEX_POINT('',#6837);
#6837 = CARTESIAN_POINT('',(95.623334073416,200.,1.575));
#6838 = SURFACE_CURVE('',#6839,(#6843,#6850),.PCURVE_S1.);
#6839 = LINE('',#6840,#6841);
#6840 = CARTESIAN_POINT('',(95.623334073416,200.,1.575));
#6841 = VECTOR('',#6842,1.);
#6842 = DIRECTION('',(0.,0.,1.));
#6843 = PCURVE('',#100,#6844);
#6844 = DEFINITIONAL_REPRESENTATION('',(#6845),#6849);
#6845 = LINE('',#6846,#6847);
#6846 = CARTESIAN_POINT('',(1.575,95.623334073416));
#6847 = VECTOR('',#6848,1.);
#6848 = DIRECTION('',(1.,0.));
#6849 = ( GEOMETRIC_REPRESENTATION_CONTEXT(2) 
PARAMETRIC_REPRESENTATION_CONTEXT() REPRESENTATION_CONTEXT('2D SPACE',''
  ) );
#6850 = PCURVE('',#2435,#6851);
#6851 = DEFINITIONAL_REPRESENTATION('',(#6852),#6856);
#6852 = LINE('',#6853,#6854);
#6853 = CARTESIAN_POINT('',(0.,-200.));
#6854 = VECTOR('',#6855,1.);
#6855 = DIRECTION('',(1.,0.));
#6856 = ( GEOMETRIC_REPRESENTATION_CONTEXT(2) 
PARAMETRIC_REPRESENTATION_CONTEXT() REPRESENTATION_CONTEXT('2D SPACE',''
  ) );
#6857 = ORIENTED_EDGE('',*,*,#6858,.T.);
#6858 = EDGE_CURVE('',#6836,#6859,#6861,.T.);
#6859 = VERTEX_POINT('',#6860);
#6860 = CARTESIAN_POINT('',(99.376665926584,200.,1.575));
#6861 = SURFACE_CURVE('',#6862,(#6867,#6878),.PCURVE_S1.);
#6862 = CIRCLE('',#6863,2.45);
#6863 = AXIS2_PLACEMENT_3D('',#6864,#6865,#6866);
#6864 = CARTESIAN_POINT('',(97.5,200.,3.15));
#6865 = DIRECTION('',(0.,-1.,0.));
#6866 = DIRECTION('',(1.,0.,3.625218039592E-16));
#6867 = PCURVE('',#100,#6868);
#6868 = DEFINITIONAL_REPRESENTATION('',(#6869),#6877);
#6869 = ( BOUNDED_CURVE() B_SPLINE_CURVE(2,(#6870,#6871,#6872,#6873,
#6874,#6875,#6876),.UNSPECIFIED.,.T.,.F.) B_SPLINE_CURVE_WITH_KNOTS((1,2
    ,2,2,2,1),(-2.094395102393,0.,2.094395102393,4.188790204786,
6.28318530718,8.377580409573),.UNSPECIFIED.) CURVE() 
GEOMETRIC_REPRESENTATION_ITEM() RATIONAL_B_SPLINE_CURVE((1.,0.5,1.,0.5,
1.,0.5,1.)) REPRESENTATION_ITEM('') );
#6870 = CARTESIAN_POINT('',(3.15,99.95));
#6871 = CARTESIAN_POINT('',(7.393524478544,99.95));
#6872 = CARTESIAN_POINT('',(5.271762239272,96.275));
#6873 = CARTESIAN_POINT('',(3.15,92.6));
#6874 = CARTESIAN_POINT('',(1.028237760728,96.275));
#6875 = CARTESIAN_POINT('',(-1.093524478544,99.95));
#6876 = CARTESIAN_POINT('',(3.15,99.95));
#6877 = ( GEOMETRIC_REPRESENTATION_CONTEXT(2) 
PARAMETRIC_REPRESENTATION_CONTEXT() REPRESENTATION_CONTEXT('2D SPACE',''
  ) );
#6878 = PCURVE('',#2464,#6879);
#6879 = DEFINITIONAL_REPRESENTATION('',(#6880),#6884);
#6880 = LINE('',#6881,#6882);
#6881 = CARTESIAN_POINT('',(-0.,-7.999999525055E-07));
#6882 = VECTOR('',#6883,1.);
#6883 = DIRECTION('',(-1.,-0.));
#6884 = ( GEOMETRIC_REPRESENTATION_CONTEXT(2) 
PARAMETRIC_REPRESENTATION_CONTEXT() REPRESENTATION_CONTEXT('2D SPACE',''
  ) );
#6885 = ORIENTED_EDGE('',*,*,#6886,.T.);
#6886 = EDGE_CURVE('',#6859,#6887,#6889,.T.);
#6887 = VERTEX_POINT('',#6888);
#6888 = CARTESIAN_POINT('',(99.376665926584,200.,4.575));
#6889 = SURFACE_CURVE('',#6890,(#6894,#6901),.PCURVE_S1.);
#6890 = LINE('',#6891,#6892);
#6891 = CARTESIAN_POINT('',(99.376665926584,200.,1.575));
#6892 = VECTOR('',#6893,1.);
#6893 = DIRECTION('',(0.,0.,1.));
#6894 = PCURVE('',#100,#6895);
#6895 = DEFINITIONAL_REPRESENTATION('',(#6896),#6900);
#6896 = LINE('',#6897,#6898);
#6897 = CARTESIAN_POINT('',(1.575,99.376665926584));
#6898 = VECTOR('',#6899,1.);
#6899 = DIRECTION('',(1.,0.));
#6900 = ( GEOMETRIC_REPRESENTATION_CONTEXT(2) 
PARAMETRIC_REPRESENTATION_CONTEXT() REPRESENTATION_CONTEXT('2D SPACE',''
  ) );
#6901 = PCURVE('',#2492,#6902);
#6902 = DEFINITIONAL_REPRESENTATION('',(#6903),#6907);
#6903 = LINE('',#6904,#6905);
#6904 = CARTESIAN_POINT('',(0.,-200.));
#6905 = VECTOR('',#6906,1.);
#6906 = DIRECTION('',(1.,0.));
#6907 = ( GEOMETRIC_REPRESENTATION_CONTEXT(2) 
PARAMETRIC_REPRESENTATION_CONTEXT() REPRESENTATION_CONTEXT('2D SPACE',''
  ) );
#6908 = ORIENTED_EDGE('',*,*,#6909,.T.);
#6909 = EDGE_CURVE('',#6887,#6910,#6912,.T.);
#6910 = VERTEX_POINT('',#6911);
#6911 = CARTESIAN_POINT('',(100.62333407341,200.,4.575));
#6912 = SURFACE_CURVE('',#6913,(#6917,#6924),.PCURVE_S1.);
#6913 = LINE('',#6914,#6915);
#6914 = CARTESIAN_POINT('',(99.376665926584,200.,4.575));
#6915 = VECTOR('',#6916,1.);
#6916 = DIRECTION('',(1.,0.,0.));
#6917 = PCURVE('',#100,#6918);
#6918 = DEFINITIONAL_REPRESENTATION('',(#6919),#6923);
#6919 = LINE('',#6920,#6921);
#6920 = CARTESIAN_POINT('',(4.575,99.376665926584));
#6921 = VECTOR('',#6922,1.);
#6922 = DIRECTION('',(0.,1.));
#6923 = ( GEOMETRIC_REPRESENTATION_CONTEXT(2) 
PARAMETRIC_REPRESENTATION_CONTEXT() REPRESENTATION_CONTEXT('2D SPACE',''
  ) );
#6924 = PCURVE('',#2520,#6925);
#6925 = DEFINITIONAL_REPRESENTATION('',(#6926),#6930);
#6926 = LINE('',#6927,#6928);
#6927 = CARTESIAN_POINT('',(0.,200.));
#6928 = VECTOR('',#6929,1.);
#6929 = DIRECTION('',(1.,0.));
#6930 = ( GEOMETRIC_REPRESENTATION_CONTEXT(2) 
PARAMETRIC_REPRESENTATION_CONTEXT() REPRESENTATION_CONTEXT('2D SPACE',''
  ) );
#6931 = ORIENTED_EDGE('',*,*,#6932,.F.);
#6932 = EDGE_CURVE('',#6933,#6910,#6935,.T.);
#6933 = VERTEX_POINT('',#6934);
#6934 = CARTESIAN_POINT('',(100.62333407341,200.,1.575));
#6935 = SURFACE_CURVE('',#6936,(#6940,#6947),.PCURVE_S1.);
#6936 = LINE('',#6937,#6938);
#6937 = CARTESIAN_POINT('',(100.62333407341,200.,1.575));
#6938 = VECTOR('',#6939,1.);
#6939 = DIRECTION('',(0.,0.,1.));
#6940 = PCURVE('',#100,#6941);
#6941 = DEFINITIONAL_REPRESENTATION('',(#6942),#6946);
#6942 = LINE('',#6943,#6944);
#6943 = CARTESIAN_POINT('',(1.575,100.62333407341));
#6944 = VECTOR('',#6945,1.);
#6945 = DIRECTION('',(1.,0.));
#6946 = ( GEOMETRIC_REPRESENTATION_CONTEXT(2) 
PARAMETRIC_REPRESENTATION_CONTEXT() REPRESENTATION_CONTEXT('2D SPACE',''
  ) );
#6947 = PCURVE('',#2548,#6948);
#6948 = DEFINITIONAL_REPRESENTATION('',(#6949),#6953);
#6949 = LINE('',#6950,#6951);
#6950 = CARTESIAN_POINT('',(0.,-200.));
#6951 = VECTOR('',#6952,1.);
#6952 = DIRECTION('',(1.,0.));
#6953 = ( GEOMETRIC_REPRESENTATION_CONTEXT(2) 
PARAMETRIC_REPRESENTATION_CONTEXT() REPRESENTATION_CONTEXT('2D SPACE',''
  ) );
#6954 = ORIENTED_EDGE('',*,*,#6955,.T.);
#6955 = EDGE_CURVE('',#6933,#6956,#6958,.T.);
#6956 = VERTEX_POINT('',#6957);
#6957 = CARTESIAN_POINT('',(104.37666592658,200.,1.575));
#6958 = SURFACE_CURVE('',#6959,(#6964,#6975),.PCURVE_S1.);
#6959 = CIRCLE('',#6960,2.45);
#6960 = AXIS2_PLACEMENT_3D('',#6961,#6962,#6963);
#6961 = CARTESIAN_POINT('',(102.5,200.,3.15));
#6962 = DIRECTION('',(0.,-1.,0.));
#6963 = DIRECTION('',(1.,0.,3.625218039592E-16));
#6964 = PCURVE('',#100,#6965);
#6965 = DEFINITIONAL_REPRESENTATION('',(#6966),#6974);
#6966 = ( BOUNDED_CURVE() B_SPLINE_CURVE(2,(#6967,#6968,#6969,#6970,
#6971,#6972,#6973),.UNSPECIFIED.,.T.,.F.) B_SPLINE_CURVE_WITH_KNOTS((1,2
    ,2,2,2,1),(-2.094395102393,0.,2.094395102393,4.188790204786,
6.28318530718,8.377580409573),.UNSPECIFIED.) CURVE() 
GEOMETRIC_REPRESENTATION_ITEM() RATIONAL_B_SPLINE_CURVE((1.,0.5,1.,0.5,
1.,0.5,1.)) REPRESENTATION_ITEM('') );
#6967 = CARTESIAN_POINT('',(3.15,104.95));
#6968 = CARTESIAN_POINT('',(7.393524478544,104.95));
#6969 = CARTESIAN_POINT('',(5.271762239272,101.275));
#6970 = CARTESIAN_POINT('',(3.15,97.6));
#6971 = CARTESIAN_POINT('',(1.028237760728,101.275));
#6972 = CARTESIAN_POINT('',(-1.093524478544,104.95));
#6973 = CARTESIAN_POINT('',(3.15,104.95));
#6974 = ( GEOMETRIC_REPRESENTATION_CONTEXT(2) 
PARAMETRIC_REPRESENTATION_CONTEXT() REPRESENTATION_CONTEXT('2D SPACE',''
  ) );
#6975 = PCURVE('',#2577,#6976);
#6976 = DEFINITIONAL_REPRESENTATION('',(#6977),#6981);
#6977 = LINE('',#6978,#6979);
#6978 = CARTESIAN_POINT('',(-0.,-7.999999525055E-07));
#6979 = VECTOR('',#6980,1.);
#6980 = DIRECTION('',(-1.,-0.));
#6981 = ( GEOMETRIC_REPRESENTATION_CONTEXT(2) 
PARAMETRIC_REPRESENTATION_CONTEXT() REPRESENTATION_CONTEXT('2D SPACE',''
  ) );
#6982 = ORIENTED_EDGE('',*,*,#6983,.T.);
#6983 = EDGE_CURVE('',#6956,#6984,#6986,.T.);
#6984 = VERTEX_POINT('',#6985);
#6985 = CARTESIAN_POINT('',(104.37666592658,200.,4.575));
#6986 = SURFACE_CURVE('',#6987,(#6991,#6998),.PCURVE_S1.);
#6987 = LINE('',#6988,#6989);
#6988 = CARTESIAN_POINT('',(104.37666592658,200.,1.575));
#6989 = VECTOR('',#6990,1.);
#6990 = DIRECTION('',(0.,0.,1.));
#6991 = PCURVE('',#100,#6992);
#6992 = DEFINITIONAL_REPRESENTATION('',(#6993),#6997);
#6993 = LINE('',#6994,#6995);
#6994 = CARTESIAN_POINT('',(1.575,104.37666592658));
#6995 = VECTOR('',#6996,1.);
#6996 = DIRECTION('',(1.,0.));
#6997 = ( GEOMETRIC_REPRESENTATION_CONTEXT(2) 
PARAMETRIC_REPRESENTATION_CONTEXT() REPRESENTATION_CONTEXT('2D SPACE',''
  ) );
#6998 = PCURVE('',#2605,#6999);
#6999 = DEFINITIONAL_REPRESENTATION('',(#7000),#7004);
#7000 = LINE('',#7001,#7002);
#7001 = CARTESIAN_POINT('',(0.,-200.));
#7002 = VECTOR('',#7003,1.);
#7003 = DIRECTION('',(1.,0.));
#7004 = ( GEOMETRIC_REPRESENTATION_CONTEXT(2) 
PARAMETRIC_REPRESENTATION_CONTEXT() REPRESENTATION_CONTEXT('2D SPACE',''
  ) );
#7005 = ORIENTED_EDGE('',*,*,#7006,.T.);
#7006 = EDGE_CURVE('',#6984,#7007,#7009,.T.);
#7007 = VERTEX_POINT('',#7008);
#7008 = CARTESIAN_POINT('',(105.62333407341,200.,4.575));
#7009 = SURFACE_CURVE('',#7010,(#7014,#7021),.PCURVE_S1.);
#7010 = LINE('',#7011,#7012);
#7011 = CARTESIAN_POINT('',(104.37666592658,200.,4.575));
#7012 = VECTOR('',#7013,1.);
#7013 = DIRECTION('',(1.,0.,0.));
#7014 = PCURVE('',#100,#7015);
#7015 = DEFINITIONAL_REPRESENTATION('',(#7016),#7020);
#7016 = LINE('',#7017,#7018);
#7017 = CARTESIAN_POINT('',(4.575,104.37666592658));
#7018 = VECTOR('',#7019,1.);
#7019 = DIRECTION('',(0.,1.));
#7020 = ( GEOMETRIC_REPRESENTATION_CONTEXT(2) 
PARAMETRIC_REPRESENTATION_CONTEXT() REPRESENTATION_CONTEXT('2D SPACE',''
  ) );
#7021 = PCURVE('',#2633,#7022);
#7022 = DEFINITIONAL_REPRESENTATION('',(#7023),#7027);
#7023 = LINE('',#7024,#7025);
#7024 = CARTESIAN_POINT('',(0.,200.));
#7025 = VECTOR('',#7026,1.);
#7026 = DIRECTION('',(1.,0.));
#7027 = ( GEOMETRIC_REPRESENTATION_CONTEXT(2) 
PARAMETRIC_REPRESENTATION_CONTEXT() REPRESENTATION_CONTEXT('2D SPACE',''
  ) );
#7028 = ORIENTED_EDGE('',*,*,#7029,.F.);
#7029 = EDGE_CURVE('',#7030,#7007,#7032,.T.);
#7030 = VERTEX_POINT('',#7031);
#7031 = CARTESIAN_POINT('',(105.62333407341,200.,1.575));
#7032 = SURFACE_CURVE('',#7033,(#7037,#7044),.PCURVE_S1.);
#7033 = LINE('',#7034,#7035);
#7034 = CARTESIAN_POINT('',(105.62333407341,200.,1.575));
#7035 = VECTOR('',#7036,1.);
#7036 = DIRECTION('',(0.,0.,1.));
#7037 = PCURVE('',#100,#7038);
#7038 = DEFINITIONAL_REPRESENTATION('',(#7039),#7043);
#7039 = LINE('',#7040,#7041);
#7040 = CARTESIAN_POINT('',(1.575,105.62333407341));
#7041 = VECTOR('',#7042,1.);
#7042 = DIRECTION('',(1.,0.));
#7043 = ( GEOMETRIC_REPRESENTATION_CONTEXT(2) 
PARAMETRIC_REPRESENTATION_CONTEXT() REPRESENTATION_CONTEXT('2D SPACE',''
  ) );
#7044 = PCURVE('',#2661,#7045);
#7045 = DEFINITIONAL_REPRESENTATION('',(#7046),#7050);
#7046 = LINE('',#7047,#7048);
#7047 = CARTESIAN_POINT('',(0.,-200.));
#7048 = VECTOR('',#7049,1.);
#7049 = DIRECTION('',(1.,0.));
#7050 = ( GEOMETRIC_REPRESENTATION_CONTEXT(2) 
PARAMETRIC_REPRESENTATION_CONTEXT() REPRESENTATION_CONTEXT('2D SPACE',''
  ) );
#7051 = ORIENTED_EDGE('',*,*,#7052,.T.);
#7052 = EDGE_CURVE('',#7030,#7053,#7055,.T.);
#7053 = VERTEX_POINT('',#7054);
#7054 = CARTESIAN_POINT('',(109.37666592658,200.,1.575));
#7055 = SURFACE_CURVE('',#7056,(#7061,#7072),.PCURVE_S1.);
#7056 = CIRCLE('',#7057,2.45);
#7057 = AXIS2_PLACEMENT_3D('',#7058,#7059,#7060);
#7058 = CARTESIAN_POINT('',(107.5,200.,3.15));
#7059 = DIRECTION('',(0.,-1.,0.));
#7060 = DIRECTION('',(1.,0.,3.625218039592E-16));
#7061 = PCURVE('',#100,#7062);
#7062 = DEFINITIONAL_REPRESENTATION('',(#7063),#7071);
#7063 = ( BOUNDED_CURVE() B_SPLINE_CURVE(2,(#7064,#7065,#7066,#7067,
#7068,#7069,#7070),.UNSPECIFIED.,.T.,.F.) B_SPLINE_CURVE_WITH_KNOTS((1,2
    ,2,2,2,1),(-2.094395102393,0.,2.094395102393,4.188790204786,
6.28318530718,8.377580409573),.UNSPECIFIED.) CURVE() 
GEOMETRIC_REPRESENTATION_ITEM() RATIONAL_B_SPLINE_CURVE((1.,0.5,1.,0.5,
1.,0.5,1.)) REPRESENTATION_ITEM('') );
#7064 = CARTESIAN_POINT('',(3.15,109.95));
#7065 = CARTESIAN_POINT('',(7.393524478544,109.95));
#7066 = CARTESIAN_POINT('',(5.271762239272,106.275));
#7067 = CARTESIAN_POINT('',(3.15,102.6));
#7068 = CARTESIAN_POINT('',(1.028237760728,106.275));
#7069 = CARTESIAN_POINT('',(-1.093524478544,109.95));
#7070 = CARTESIAN_POINT('',(3.15,109.95));
#7071 = ( GEOMETRIC_REPRESENTATION_CONTEXT(2) 
PARAMETRIC_REPRESENTATION_CONTEXT() REPRESENTATION_CONTEXT('2D SPACE',''
  ) );
#7072 = PCURVE('',#2690,#7073);
#7073 = DEFINITIONAL_REPRESENTATION('',(#7074),#7078);
#7074 = LINE('',#7075,#7076);
#7075 = CARTESIAN_POINT('',(-0.,-7.999999525055E-07));
#7076 = VECTOR('',#7077,1.);
#7077 = DIRECTION('',(-1.,-0.));
#7078 = ( GEOMETRIC_REPRESENTATION_CONTEXT(2) 
PARAMETRIC_REPRESENTATION_CONTEXT() REPRESENTATION_CONTEXT('2D SPACE',''
  ) );
#7079 = ORIENTED_EDGE('',*,*,#7080,.T.);
#7080 = EDGE_CURVE('',#7053,#7081,#7083,.T.);
#7081 = VERTEX_POINT('',#7082);
#7082 = CARTESIAN_POINT('',(109.37666592658,200.,4.575));
#7083 = SURFACE_CURVE('',#7084,(#7088,#7095),.PCURVE_S1.);
#7084 = LINE('',#7085,#7086);
#7085 = CARTESIAN_POINT('',(109.37666592658,200.,1.575));
#7086 = VECTOR('',#7087,1.);
#7087 = DIRECTION('',(0.,0.,1.));
#7088 = PCURVE('',#100,#7089);
#7089 = DEFINITIONAL_REPRESENTATION('',(#7090),#7094);
#7090 = LINE('',#7091,#7092);
#7091 = CARTESIAN_POINT('',(1.575,109.37666592658));
#7092 = VECTOR('',#7093,1.);
#7093 = DIRECTION('',(1.,0.));
#7094 = ( GEOMETRIC_REPRESENTATION_CONTEXT(2) 
PARAMETRIC_REPRESENTATION_CONTEXT() REPRESENTATION_CONTEXT('2D SPACE',''
  ) );
#7095 = PCURVE('',#2718,#7096);
#7096 = DEFINITIONAL_REPRESENTATION('',(#7097),#7101);
#7097 = LINE('',#7098,#7099);
#7098 = CARTESIAN_POINT('',(0.,-200.));
#7099 = VECTOR('',#7100,1.);
#7100 = DIRECTION('',(1.,0.));
#7101 = ( GEOMETRIC_REPRESENTATION_CONTEXT(2) 
PARAMETRIC_REPRESENTATION_CONTEXT() REPRESENTATION_CONTEXT('2D SPACE',''
  ) );
#7102 = ORIENTED_EDGE('',*,*,#7103,.T.);
#7103 = EDGE_CURVE('',#7081,#7104,#7106,.T.);
#7104 = VERTEX_POINT('',#7105);
#7105 = CARTESIAN_POINT('',(110.62333407341,200.,4.575));
#7106 = SURFACE_CURVE('',#7107,(#7111,#7118),.PCURVE_S1.);
#7107 = LINE('',#7108,#7109);
#7108 = CARTESIAN_POINT('',(109.37666592658,200.,4.575));
#7109 = VECTOR('',#7110,1.);
#7110 = DIRECTION('',(1.,0.,0.));
#7111 = PCURVE('',#100,#7112);
#7112 = DEFINITIONAL_REPRESENTATION('',(#7113),#7117);
#7113 = LINE('',#7114,#7115);
#7114 = CARTESIAN_POINT('',(4.575,109.37666592658));
#7115 = VECTOR('',#7116,1.);
#7116 = DIRECTION('',(0.,1.));
#7117 = ( GEOMETRIC_REPRESENTATION_CONTEXT(2) 
PARAMETRIC_REPRESENTATION_CONTEXT() REPRESENTATION_CONTEXT('2D SPACE',''
  ) );
#7118 = PCURVE('',#2746,#7119);
#7119 = DEFINITIONAL_REPRESENTATION('',(#7120),#7124);
#7120 = LINE('',#7121,#7122);
#7121 = CARTESIAN_POINT('',(0.,200.));
#7122 = VECTOR('',#7123,1.);
#7123 = DIRECTION('',(1.,0.));
#7124 = ( GEOMETRIC_REPRESENTATION_CONTEXT(2) 
PARAMETRIC_REPRESENTATION_CONTEXT() REPRESENTATION_CONTEXT('2D SPACE',''
  ) );
#7125 = ORIENTED_EDGE('',*,*,#7126,.F.);
#7126 = EDGE_CURVE('',#7127,#7104,#7129,.T.);
#7127 = VERTEX_POINT('',#7128);
#7128 = CARTESIAN_POINT('',(110.62333407341,200.,1.575));
#7129 = SURFACE_CURVE('',#7130,(#7134,#7141),.PCURVE_S1.);
#7130 = LINE('',#7131,#7132);
#7131 = CARTESIAN_POINT('',(110.62333407341,200.,1.575));
#7132 = VECTOR('',#7133,1.);
#7133 = DIRECTION('',(0.,0.,1.));
#7134 = PCURVE('',#100,#7135);
#7135 = DEFINITIONAL_REPRESENTATION('',(#7136),#7140);
#7136 = LINE('',#7137,#7138);
#7137 = CARTESIAN_POINT('',(1.575,110.62333407341));
#7138 = VECTOR('',#7139,1.);
#7139 = DIRECTION('',(1.,0.));
#7140 = ( GEOMETRIC_REPRESENTATION_CONTEXT(2) 
PARAMETRIC_REPRESENTATION_CONTEXT() REPRESENTATION_CONTEXT('2D SPACE',''
  ) );
#7141 = PCURVE('',#2774,#7142);
#7142 = DEFINITIONAL_REPRESENTATION('',(#7143),#7147);
#7143 = LINE('',#7144,#7145);
#7144 = CARTESIAN_POINT('',(0.,-200.));
#7145 = VECTOR('',#7146,1.);
#7146 = DIRECTION('',(1.,0.));
#7147 = ( GEOMETRIC_REPRESENTATION_CONTEXT(2) 
PARAMETRIC_REPRESENTATION_CONTEXT() REPRESENTATION_CONTEXT('2D SPACE',''
  ) );
#7148 = ORIENTED_EDGE('',*,*,#7149,.T.);
#7149 = EDGE_CURVE('',#7127,#7150,#7152,.T.);
#7150 = VERTEX_POINT('',#7151);
#7151 = CARTESIAN_POINT('',(114.37666592658,200.,1.575));
#7152 = SURFACE_CURVE('',#7153,(#7158,#7169),.PCURVE_S1.);
#7153 = CIRCLE('',#7154,2.45);
#7154 = AXIS2_PLACEMENT_3D('',#7155,#7156,#7157);
#7155 = CARTESIAN_POINT('',(112.5,200.,3.15));
#7156 = DIRECTION('',(0.,-1.,0.));
#7157 = DIRECTION('',(1.,0.,3.625218039592E-16));
#7158 = PCURVE('',#100,#7159);
#7159 = DEFINITIONAL_REPRESENTATION('',(#7160),#7168);
#7160 = ( BOUNDED_CURVE() B_SPLINE_CURVE(2,(#7161,#7162,#7163,#7164,
#7165,#7166,#7167),.UNSPECIFIED.,.T.,.F.) B_SPLINE_CURVE_WITH_KNOTS((1,2
    ,2,2,2,1),(-2.094395102393,0.,2.094395102393,4.188790204786,
6.28318530718,8.377580409573),.UNSPECIFIED.) CURVE() 
GEOMETRIC_REPRESENTATION_ITEM() RATIONAL_B_SPLINE_CURVE((1.,0.5,1.,0.5,
1.,0.5,1.)) REPRESENTATION_ITEM('') );
#7161 = CARTESIAN_POINT('',(3.15,114.95));
#7162 = CARTESIAN_POINT('',(7.393524478544,114.95));
#7163 = CARTESIAN_POINT('',(5.271762239272,111.275));
#7164 = CARTESIAN_POINT('',(3.15,107.6));
#7165 = CARTESIAN_POINT('',(1.028237760728,111.275));
#7166 = CARTESIAN_POINT('',(-1.093524478544,114.95));
#7167 = CARTESIAN_POINT('',(3.15,114.95));
#7168 = ( GEOMETRIC_REPRESENTATION_CONTEXT(2) 
PARAMETRIC_REPRESENTATION_CONTEXT() REPRESENTATION_CONTEXT('2D SPACE',''
  ) );
#7169 = PCURVE('',#2803,#7170);
#7170 = DEFINITIONAL_REPRESENTATION('',(#7171),#7175);
#7171 = LINE('',#7172,#7173);
#7172 = CARTESIAN_POINT('',(-0.,-7.999999525055E-07));
#7173 = VECTOR('',#7174,1.);
#7174 = DIRECTION('',(-1.,-0.));
#7175 = ( GEOMETRIC_REPRESENTATION_CONTEXT(2) 
PARAMETRIC_REPRESENTATION_CONTEXT() REPRESENTATION_CONTEXT('2D SPACE',''
  ) );
#7176 = ORIENTED_EDGE('',*,*,#7177,.T.);
#7177 = EDGE_CURVE('',#7150,#7178,#7180,.T.);
#7178 = VERTEX_POINT('',#7179);
#7179 = CARTESIAN_POINT('',(114.37666592658,200.,4.575));
#7180 = SURFACE_CURVE('',#7181,(#7185,#7192),.PCURVE_S1.);
#7181 = LINE('',#7182,#7183);
#7182 = CARTESIAN_POINT('',(114.37666592658,200.,1.575));
#7183 = VECTOR('',#7184,1.);
#7184 = DIRECTION('',(0.,0.,1.));
#7185 = PCURVE('',#100,#7186);
#7186 = DEFINITIONAL_REPRESENTATION('',(#7187),#7191);
#7187 = LINE('',#7188,#7189);
#7188 = CARTESIAN_POINT('',(1.575,114.37666592658));
#7189 = VECTOR('',#7190,1.);
#7190 = DIRECTION('',(1.,0.));
#7191 = ( GEOMETRIC_REPRESENTATION_CONTEXT(2) 
PARAMETRIC_REPRESENTATION_CONTEXT() REPRESENTATION_CONTEXT('2D SPACE',''
  ) );
#7192 = PCURVE('',#2831,#7193);
#7193 = DEFINITIONAL_REPRESENTATION('',(#7194),#7198);
#7194 = LINE('',#7195,#7196);
#7195 = CARTESIAN_POINT('',(0.,-200.));
#7196 = VECTOR('',#7197,1.);
#7197 = DIRECTION('',(1.,0.));
#7198 = ( GEOMETRIC_REPRESENTATION_CONTEXT(2) 
PARAMETRIC_REPRESENTATION_CONTEXT() REPRESENTATION_CONTEXT('2D SPACE',''
  ) );
#7199 = ORIENTED_EDGE('',*,*,#7200,.T.);
#7200 = EDGE_CURVE('',#7178,#7201,#7203,.T.);
#7201 = VERTEX_POINT('',#7202);
#7202 = CARTESIAN_POINT('',(115.62333407341,200.,4.575));
#7203 = SURFACE_CURVE('',#7204,(#7208,#7215),.PCURVE_S1.);
#7204 = LINE('',#7205,#7206);
#7205 = CARTESIAN_POINT('',(114.37666592658,200.,4.575));
#7206 = VECTOR('',#7207,1.);
#7207 = DIRECTION('',(1.,0.,0.));
#7208 = PCURVE('',#100,#7209);
#7209 = DEFINITIONAL_REPRESENTATION('',(#7210),#7214);
#7210 = LINE('',#7211,#7212);
#7211 = CARTESIAN_POINT('',(4.575,114.37666592658));
#7212 = VECTOR('',#7213,1.);
#7213 = DIRECTION('',(0.,1.));
#7214 = ( GEOMETRIC_REPRESENTATION_CONTEXT(2) 
PARAMETRIC_REPRESENTATION_CONTEXT() REPRESENTATION_CONTEXT('2D SPACE',''
  ) );
#7215 = PCURVE('',#2859,#7216);
#7216 = DEFINITIONAL_REPRESENTATION('',(#7217),#7221);
#7217 = LINE('',#7218,#7219);
#7218 = CARTESIAN_POINT('',(0.,200.));
#7219 = VECTOR('',#7220,1.);
#7220 = DIRECTION('',(1.,0.));
#7221 = ( GEOMETRIC_REPRESENTATION_CONTEXT(2) 
PARAMETRIC_REPRESENTATION_CONTEXT() REPRESENTATION_CONTEXT('2D SPACE',''
  ) );
#7222 = ORIENTED_EDGE('',*,*,#7223,.F.);
#7223 = EDGE_CURVE('',#7224,#7201,#7226,.T.);
#7224 = VERTEX_POINT('',#7225);
#7225 = CARTESIAN_POINT('',(115.62333407341,200.,1.575));
#7226 = SURFACE_CURVE('',#7227,(#7231,#7238),.PCURVE_S1.);
#7227 = LINE('',#7228,#7229);
#7228 = CARTESIAN_POINT('',(115.62333407341,200.,1.575));
#7229 = VECTOR('',#7230,1.);
#7230 = DIRECTION('',(0.,0.,1.));
#7231 = PCURVE('',#100,#7232);
#7232 = DEFINITIONAL_REPRESENTATION('',(#7233),#7237);
#7233 = LINE('',#7234,#7235);
#7234 = CARTESIAN_POINT('',(1.575,115.62333407341));
#7235 = VECTOR('',#7236,1.);
#7236 = DIRECTION('',(1.,0.));
#7237 = ( GEOMETRIC_REPRESENTATION_CONTEXT(2) 
PARAMETRIC_REPRESENTATION_CONTEXT() REPRESENTATION_CONTEXT('2D SPACE',''
  ) );
#7238 = PCURVE('',#2887,#7239);
#7239 = DEFINITIONAL_REPRESENTATION('',(#7240),#7244);
#7240 = LINE('',#7241,#7242);
#7241 = CARTESIAN_POINT('',(0.,-200.));
#7242 = VECTOR('',#7243,1.);
#7243 = DIRECTION('',(1.,0.));
#7244 = ( GEOMETRIC_REPRESENTATION_CONTEXT(2) 
PARAMETRIC_REPRESENTATION_CONTEXT() REPRESENTATION_CONTEXT('2D SPACE',''
  ) );
#7245 = ORIENTED_EDGE('',*,*,#7246,.T.);
#7246 = EDGE_CURVE('',#7224,#7247,#7249,.T.);
#7247 = VERTEX_POINT('',#7248);
#7248 = CARTESIAN_POINT('',(119.37666592658,200.,1.575));
#7249 = SURFACE_CURVE('',#7250,(#7255,#7266),.PCURVE_S1.);
#7250 = CIRCLE('',#7251,2.45);
#7251 = AXIS2_PLACEMENT_3D('',#7252,#7253,#7254);
#7252 = CARTESIAN_POINT('',(117.5,200.,3.15));
#7253 = DIRECTION('',(0.,-1.,0.));
#7254 = DIRECTION('',(1.,0.,3.625218039592E-16));
#7255 = PCURVE('',#100,#7256);
#7256 = DEFINITIONAL_REPRESENTATION('',(#7257),#7265);
#7257 = ( BOUNDED_CURVE() B_SPLINE_CURVE(2,(#7258,#7259,#7260,#7261,
#7262,#7263,#7264),.UNSPECIFIED.,.T.,.F.) B_SPLINE_CURVE_WITH_KNOTS((1,2
    ,2,2,2,1),(-2.094395102393,0.,2.094395102393,4.188790204786,
6.28318530718,8.377580409573),.UNSPECIFIED.) CURVE() 
GEOMETRIC_REPRESENTATION_ITEM() RATIONAL_B_SPLINE_CURVE((1.,0.5,1.,0.5,
1.,0.5,1.)) REPRESENTATION_ITEM('') );
#7258 = CARTESIAN_POINT('',(3.15,119.95));
#7259 = CARTESIAN_POINT('',(7.393524478544,119.95));
#7260 = CARTESIAN_POINT('',(5.271762239272,116.275));
#7261 = CARTESIAN_POINT('',(3.15,112.6));
#7262 = CARTESIAN_POINT('',(1.028237760728,116.275));
#7263 = CARTESIAN_POINT('',(-1.093524478544,119.95));
#7264 = CARTESIAN_POINT('',(3.15,119.95));
#7265 = ( GEOMETRIC_REPRESENTATION_CONTEXT(2) 
PARAMETRIC_REPRESENTATION_CONTEXT() REPRESENTATION_CONTEXT('2D SPACE',''
  ) );
#7266 = PCURVE('',#2916,#7267);
#7267 = DEFINITIONAL_REPRESENTATION('',(#7268),#7272);
#7268 = LINE('',#7269,#7270);
#7269 = CARTESIAN_POINT('',(-0.,-7.999999525055E-07));
#7270 = VECTOR('',#7271,1.);
#7271 = DIRECTION('',(-1.,-0.));
#7272 = ( GEOMETRIC_REPRESENTATION_CONTEXT(2) 
PARAMETRIC_REPRESENTATION_CONTEXT() REPRESENTATION_CONTEXT('2D SPACE',''
  ) );
#7273 = ORIENTED_EDGE('',*,*,#7274,.T.);
#7274 = EDGE_CURVE('',#7247,#7275,#7277,.T.);
#7275 = VERTEX_POINT('',#7276);
#7276 = CARTESIAN_POINT('',(119.37666592658,200.,4.575));
#7277 = SURFACE_CURVE('',#7278,(#7282,#7289),.PCURVE_S1.);
#7278 = LINE('',#7279,#7280);
#7279 = CARTESIAN_POINT('',(119.37666592658,200.,1.575));
#7280 = VECTOR('',#7281,1.);
#7281 = DIRECTION('',(0.,0.,1.));
#7282 = PCURVE('',#100,#7283);
#7283 = DEFINITIONAL_REPRESENTATION('',(#7284),#7288);
#7284 = LINE('',#7285,#7286);
#7285 = CARTESIAN_POINT('',(1.575,119.37666592658));
#7286 = VECTOR('',#7287,1.);
#7287 = DIRECTION('',(1.,0.));
#7288 = ( GEOMETRIC_REPRESENTATION_CONTEXT(2) 
PARAMETRIC_REPRESENTATION_CONTEXT() REPRESENTATION_CONTEXT('2D SPACE',''
  ) );
#7289 = PCURVE('',#2944,#7290);
#7290 = DEFINITIONAL_REPRESENTATION('',(#7291),#7295);
#7291 = LINE('',#7292,#7293);
#7292 = CARTESIAN_POINT('',(0.,-200.));
#7293 = VECTOR('',#7294,1.);
#7294 = DIRECTION('',(1.,0.));
#7295 = ( GEOMETRIC_REPRESENTATION_CONTEXT(2) 
PARAMETRIC_REPRESENTATION_CONTEXT() REPRESENTATION_CONTEXT('2D SPACE',''
  ) );
#7296 = ORIENTED_EDGE('',*,*,#7297,.T.);
#7297 = EDGE_CURVE('',#7275,#7298,#7300,.T.);
#7298 = VERTEX_POINT('',#7299);
#7299 = CARTESIAN_POINT('',(120.62333407341,200.,4.575));
#7300 = SURFACE_CURVE('',#7301,(#7305,#7312),.PCURVE_S1.);
#7301 = LINE('',#7302,#7303);
#7302 = CARTESIAN_POINT('',(119.37666592658,200.,4.575));
#7303 = VECTOR('',#7304,1.);
#7304 = DIRECTION('',(1.,0.,0.));
#7305 = PCURVE('',#100,#7306);
#7306 = DEFINITIONAL_REPRESENTATION('',(#7307),#7311);
#7307 = LINE('',#7308,#7309);
#7308 = CARTESIAN_POINT('',(4.575,119.37666592658));
#7309 = VECTOR('',#7310,1.);
#7310 = DIRECTION('',(0.,1.));
#7311 = ( GEOMETRIC_REPRESENTATION_CONTEXT(2) 
PARAMETRIC_REPRESENTATION_CONTEXT() REPRESENTATION_CONTEXT('2D SPACE',''
  ) );
#7312 = PCURVE('',#2972,#7313);
#7313 = DEFINITIONAL_REPRESENTATION('',(#7314),#7318);
#7314 = LINE('',#7315,#7316);
#7315 = CARTESIAN_POINT('',(0.,200.));
#7316 = VECTOR('',#7317,1.);
#7317 = DIRECTION('',(1.,0.));
#7318 = ( GEOMETRIC_REPRESENTATION_CONTEXT(2) 
PARAMETRIC_REPRESENTATION_CONTEXT() REPRESENTATION_CONTEXT('2D SPACE',''
  ) );
#7319 = ORIENTED_EDGE('',*,*,#7320,.F.);
#7320 = EDGE_CURVE('',#7321,#7298,#7323,.T.);
#7321 = VERTEX_POINT('',#7322);
#7322 = CARTESIAN_POINT('',(120.62333407341,200.,1.575));
#7323 = SURFACE_CURVE('',#7324,(#7328,#7335),.PCURVE_S1.);
#7324 = LINE('',#7325,#7326);
#7325 = CARTESIAN_POINT('',(120.62333407341,200.,1.575));
#7326 = VECTOR('',#7327,1.);
#7327 = DIRECTION('',(0.,0.,1.));
#7328 = PCURVE('',#100,#7329);
#7329 = DEFINITIONAL_REPRESENTATION('',(#7330),#7334);
#7330 = LINE('',#7331,#7332);
#7331 = CARTESIAN_POINT('',(1.575,120.62333407341));
#7332 = VECTOR('',#7333,1.);
#7333 = DIRECTION('',(1.,0.));
#7334 = ( GEOMETRIC_REPRESENTATION_CONTEXT(2) 
PARAMETRIC_REPRESENTATION_CONTEXT() REPRESENTATION_CONTEXT('2D SPACE',''
  ) );
#7335 = PCURVE('',#3000,#7336);
#7336 = DEFINITIONAL_REPRESENTATION('',(#7337),#7341);
#7337 = LINE('',#7338,#7339);
#7338 = CARTESIAN_POINT('',(0.,-200.));
#7339 = VECTOR('',#7340,1.);
#7340 = DIRECTION('',(1.,0.));
#7341 = ( GEOMETRIC_REPRESENTATION_CONTEXT(2) 
PARAMETRIC_REPRESENTATION_CONTEXT() REPRESENTATION_CONTEXT('2D SPACE',''
  ) );
#7342 = ORIENTED_EDGE('',*,*,#7343,.T.);
#7343 = EDGE_CURVE('',#7321,#7344,#7346,.T.);
#7344 = VERTEX_POINT('',#7345);
#7345 = CARTESIAN_POINT('',(124.37666592658,200.,1.575));
#7346 = SURFACE_CURVE('',#7347,(#7352,#7363),.PCURVE_S1.);
#7347 = CIRCLE('',#7348,2.45);
#7348 = AXIS2_PLACEMENT_3D('',#7349,#7350,#7351);
#7349 = CARTESIAN_POINT('',(122.5,200.,3.15));
#7350 = DIRECTION('',(0.,-1.,0.));
#7351 = DIRECTION('',(1.,0.,3.625218039592E-16));
#7352 = PCURVE('',#100,#7353);
#7353 = DEFINITIONAL_REPRESENTATION('',(#7354),#7362);
#7354 = ( BOUNDED_CURVE() B_SPLINE_CURVE(2,(#7355,#7356,#7357,#7358,
#7359,#7360,#7361),.UNSPECIFIED.,.T.,.F.) B_SPLINE_CURVE_WITH_KNOTS((1,2
    ,2,2,2,1),(-2.094395102393,0.,2.094395102393,4.188790204786,
6.28318530718,8.377580409573),.UNSPECIFIED.) CURVE() 
GEOMETRIC_REPRESENTATION_ITEM() RATIONAL_B_SPLINE_CURVE((1.,0.5,1.,0.5,
1.,0.5,1.)) REPRESENTATION_ITEM('') );
#7355 = CARTESIAN_POINT('',(3.15,124.95));
#7356 = CARTESIAN_POINT('',(7.393524478544,124.95));
#7357 = CARTESIAN_POINT('',(5.271762239272,121.275));
#7358 = CARTESIAN_POINT('',(3.15,117.6));
#7359 = CARTESIAN_POINT('',(1.028237760728,121.275));
#7360 = CARTESIAN_POINT('',(-1.093524478544,124.95));
#7361 = CARTESIAN_POINT('',(3.15,124.95));
#7362 = ( GEOMETRIC_REPRESENTATION_CONTEXT(2) 
PARAMETRIC_REPRESENTATION_CONTEXT() REPRESENTATION_CONTEXT('2D SPACE',''
  ) );
#7363 = PCURVE('',#3029,#7364);
#7364 = DEFINITIONAL_REPRESENTATION('',(#7365),#7369);
#7365 = LINE('',#7366,#7367);
#7366 = CARTESIAN_POINT('',(-0.,-7.999999525055E-07));
#7367 = VECTOR('',#7368,1.);
#7368 = DIRECTION('',(-1.,-0.));
#7369 = ( GEOMETRIC_REPRESENTATION_CONTEXT(2) 
PARAMETRIC_REPRESENTATION_CONTEXT() REPRESENTATION_CONTEXT('2D SPACE',''
  ) );
#7370 = ORIENTED_EDGE('',*,*,#7371,.T.);
#7371 = EDGE_CURVE('',#7344,#7372,#7374,.T.);
#7372 = VERTEX_POINT('',#7373);
#7373 = CARTESIAN_POINT('',(124.37666592658,200.,4.575));
#7374 = SURFACE_CURVE('',#7375,(#7379,#7386),.PCURVE_S1.);
#7375 = LINE('',#7376,#7377);
#7376 = CARTESIAN_POINT('',(124.37666592658,200.,1.575));
#7377 = VECTOR('',#7378,1.);
#7378 = DIRECTION('',(0.,0.,1.));
#7379 = PCURVE('',#100,#7380);
#7380 = DEFINITIONAL_REPRESENTATION('',(#7381),#7385);
#7381 = LINE('',#7382,#7383);
#7382 = CARTESIAN_POINT('',(1.575,124.37666592658));
#7383 = VECTOR('',#7384,1.);
#7384 = DIRECTION('',(1.,0.));
#7385 = ( GEOMETRIC_REPRESENTATION_CONTEXT(2) 
PARAMETRIC_REPRESENTATION_CONTEXT() REPRESENTATION_CONTEXT('2D SPACE',''
  ) );
#7386 = PCURVE('',#3057,#7387);
#7387 = DEFINITIONAL_REPRESENTATION('',(#7388),#7392);
#7388 = LINE('',#7389,#7390);
#7389 = CARTESIAN_POINT('',(0.,-200.));
#7390 = VECTOR('',#7391,1.);
#7391 = DIRECTION('',(1.,0.));
#7392 = ( GEOMETRIC_REPRESENTATION_CONTEXT(2) 
PARAMETRIC_REPRESENTATION_CONTEXT() REPRESENTATION_CONTEXT('2D SPACE',''
  ) );
#7393 = ORIENTED_EDGE('',*,*,#7394,.T.);
#7394 = EDGE_CURVE('',#7372,#7395,#7397,.T.);
#7395 = VERTEX_POINT('',#7396);
#7396 = CARTESIAN_POINT('',(125.62333407341,200.,4.575));
#7397 = SURFACE_CURVE('',#7398,(#7402,#7409),.PCURVE_S1.);
#7398 = LINE('',#7399,#7400);
#7399 = CARTESIAN_POINT('',(124.37666592658,200.,4.575));
#7400 = VECTOR('',#7401,1.);
#7401 = DIRECTION('',(1.,0.,0.));
#7402 = PCURVE('',#100,#7403);
#7403 = DEFINITIONAL_REPRESENTATION('',(#7404),#7408);
#7404 = LINE('',#7405,#7406);
#7405 = CARTESIAN_POINT('',(4.575,124.37666592658));
#7406 = VECTOR('',#7407,1.);
#7407 = DIRECTION('',(0.,1.));
#7408 = ( GEOMETRIC_REPRESENTATION_CONTEXT(2) 
PARAMETRIC_REPRESENTATION_CONTEXT() REPRESENTATION_CONTEXT('2D SPACE',''
  ) );
#7409 = PCURVE('',#3085,#7410);
#7410 = DEFINITIONAL_REPRESENTATION('',(#7411),#7415);
#7411 = LINE('',#7412,#7413);
#7412 = CARTESIAN_POINT('',(0.,200.));
#7413 = VECTOR('',#7414,1.);
#7414 = DIRECTION('',(1.,0.));
#7415 = ( GEOMETRIC_REPRESENTATION_CONTEXT(2) 
PARAMETRIC_REPRESENTATION_CONTEXT() REPRESENTATION_CONTEXT('2D SPACE',''
  ) );
#7416 = ORIENTED_EDGE('',*,*,#7417,.F.);
#7417 = EDGE_CURVE('',#7418,#7395,#7420,.T.);
#7418 = VERTEX_POINT('',#7419);
#7419 = CARTESIAN_POINT('',(125.62333407341,200.,1.575));
#7420 = SURFACE_CURVE('',#7421,(#7425,#7432),.PCURVE_S1.);
#7421 = LINE('',#7422,#7423);
#7422 = CARTESIAN_POINT('',(125.62333407341,200.,1.575));
#7423 = VECTOR('',#7424,1.);
#7424 = DIRECTION('',(0.,0.,1.));
#7425 = PCURVE('',#100,#7426);
#7426 = DEFINITIONAL_REPRESENTATION('',(#7427),#7431);
#7427 = LINE('',#7428,#7429);
#7428 = CARTESIAN_POINT('',(1.575,125.62333407341));
#7429 = VECTOR('',#7430,1.);
#7430 = DIRECTION('',(1.,0.));
#7431 = ( GEOMETRIC_REPRESENTATION_CONTEXT(2) 
PARAMETRIC_REPRESENTATION_CONTEXT() REPRESENTATION_CONTEXT('2D SPACE',''
  ) );
#7432 = PCURVE('',#3113,#7433);
#7433 = DEFINITIONAL_REPRESENTATION('',(#7434),#7438);
#7434 = LINE('',#7435,#7436);
#7435 = CARTESIAN_POINT('',(0.,-200.));
#7436 = VECTOR('',#7437,1.);
#7437 = DIRECTION('',(1.,0.));
#7438 = ( GEOMETRIC_REPRESENTATION_CONTEXT(2) 
PARAMETRIC_REPRESENTATION_CONTEXT() REPRESENTATION_CONTEXT('2D SPACE',''
  ) );
#7439 = ORIENTED_EDGE('',*,*,#7440,.T.);
#7440 = EDGE_CURVE('',#7418,#7441,#7443,.T.);
#7441 = VERTEX_POINT('',#7442);
#7442 = CARTESIAN_POINT('',(129.37666592658,200.,1.575));
#7443 = SURFACE_CURVE('',#7444,(#7449,#7460),.PCURVE_S1.);
#7444 = CIRCLE('',#7445,2.45);
#7445 = AXIS2_PLACEMENT_3D('',#7446,#7447,#7448);
#7446 = CARTESIAN_POINT('',(127.5,200.,3.15));
#7447 = DIRECTION('',(0.,-1.,0.));
#7448 = DIRECTION('',(1.,0.,-6.162870667307E-15));
#7449 = PCURVE('',#100,#7450);
#7450 = DEFINITIONAL_REPRESENTATION('',(#7451),#7459);
#7451 = ( BOUNDED_CURVE() B_SPLINE_CURVE(2,(#7452,#7453,#7454,#7455,
#7456,#7457,#7458),.UNSPECIFIED.,.T.,.F.) B_SPLINE_CURVE_WITH_KNOTS((1,2
    ,2,2,2,1),(-2.094395102393,0.,2.094395102393,4.188790204786,
6.28318530718,8.377580409573),.UNSPECIFIED.) CURVE() 
GEOMETRIC_REPRESENTATION_ITEM() RATIONAL_B_SPLINE_CURVE((1.,0.5,1.,0.5,
1.,0.5,1.)) REPRESENTATION_ITEM('') );
#7452 = CARTESIAN_POINT('',(3.15,129.95));
#7453 = CARTESIAN_POINT('',(7.393524478544,129.95));
#7454 = CARTESIAN_POINT('',(5.271762239272,126.275));
#7455 = CARTESIAN_POINT('',(3.15,122.6));
#7456 = CARTESIAN_POINT('',(1.028237760728,126.275));
#7457 = CARTESIAN_POINT('',(-1.093524478544,129.95));
#7458 = CARTESIAN_POINT('',(3.15,129.95));
#7459 = ( GEOMETRIC_REPRESENTATION_CONTEXT(2) 
PARAMETRIC_REPRESENTATION_CONTEXT() REPRESENTATION_CONTEXT('2D SPACE',''
  ) );
#7460 = PCURVE('',#3142,#7461);
#7461 = DEFINITIONAL_REPRESENTATION('',(#7462),#7466);
#7462 = LINE('',#7463,#7464);
#7463 = CARTESIAN_POINT('',(-0.,-7.999999525055E-07));
#7464 = VECTOR('',#7465,1.);
#7465 = DIRECTION('',(-1.,-0.));
#7466 = ( GEOMETRIC_REPRESENTATION_CONTEXT(2) 
PARAMETRIC_REPRESENTATION_CONTEXT() REPRESENTATION_CONTEXT('2D SPACE',''
  ) );
#7467 = ORIENTED_EDGE('',*,*,#7468,.T.);
#7468 = EDGE_CURVE('',#7441,#7469,#7471,.T.);
#7469 = VERTEX_POINT('',#7470);
#7470 = CARTESIAN_POINT('',(129.37666592658,200.,4.575));
#7471 = SURFACE_CURVE('',#7472,(#7476,#7483),.PCURVE_S1.);
#7472 = LINE('',#7473,#7474);
#7473 = CARTESIAN_POINT('',(129.37666592658,200.,1.575));
#7474 = VECTOR('',#7475,1.);
#7475 = DIRECTION('',(0.,0.,1.));
#7476 = PCURVE('',#100,#7477);
#7477 = DEFINITIONAL_REPRESENTATION('',(#7478),#7482);
#7478 = LINE('',#7479,#7480);
#7479 = CARTESIAN_POINT('',(1.575,129.37666592658));
#7480 = VECTOR('',#7481,1.);
#7481 = DIRECTION('',(1.,0.));
#7482 = ( GEOMETRIC_REPRESENTATION_CONTEXT(2) 
PARAMETRIC_REPRESENTATION_CONTEXT() REPRESENTATION_CONTEXT('2D SPACE',''
  ) );
#7483 = PCURVE('',#3170,#7484);
#7484 = DEFINITIONAL_REPRESENTATION('',(#7485),#7489);
#7485 = LINE('',#7486,#7487);
#7486 = CARTESIAN_POINT('',(0.,-200.));
#7487 = VECTOR('',#7488,1.);
#7488 = DIRECTION('',(1.,0.));
#7489 = ( GEOMETRIC_REPRESENTATION_CONTEXT(2) 
PARAMETRIC_REPRESENTATION_CONTEXT() REPRESENTATION_CONTEXT('2D SPACE',''
  ) );
#7490 = ORIENTED_EDGE('',*,*,#7491,.T.);
#7491 = EDGE_CURVE('',#7469,#7492,#7494,.T.);
#7492 = VERTEX_POINT('',#7493);
#7493 = CARTESIAN_POINT('',(130.62333407341,200.,4.575));
#7494 = SURFACE_CURVE('',#7495,(#7499,#7506),.PCURVE_S1.);
#7495 = LINE('',#7496,#7497);
#7496 = CARTESIAN_POINT('',(129.37666592658,200.,4.575));
#7497 = VECTOR('',#7498,1.);
#7498 = DIRECTION('',(1.,0.,0.));
#7499 = PCURVE('',#100,#7500);
#7500 = DEFINITIONAL_REPRESENTATION('',(#7501),#7505);
#7501 = LINE('',#7502,#7503);
#7502 = CARTESIAN_POINT('',(4.575,129.37666592658));
#7503 = VECTOR('',#7504,1.);
#7504 = DIRECTION('',(0.,1.));
#7505 = ( GEOMETRIC_REPRESENTATION_CONTEXT(2) 
PARAMETRIC_REPRESENTATION_CONTEXT() REPRESENTATION_CONTEXT('2D SPACE',''
  ) );
#7506 = PCURVE('',#3198,#7507);
#7507 = DEFINITIONAL_REPRESENTATION('',(#7508),#7512);
#7508 = LINE('',#7509,#7510);
#7509 = CARTESIAN_POINT('',(0.,200.));
#7510 = VECTOR('',#7511,1.);
#7511 = DIRECTION('',(1.,0.));
#7512 = ( GEOMETRIC_REPRESENTATION_CONTEXT(2) 
PARAMETRIC_REPRESENTATION_CONTEXT() REPRESENTATION_CONTEXT('2D SPACE',''
  ) );
#7513 = ORIENTED_EDGE('',*,*,#7514,.F.);
#7514 = EDGE_CURVE('',#7515,#7492,#7517,.T.);
#7515 = VERTEX_POINT('',#7516);
#7516 = CARTESIAN_POINT('',(130.62333407341,200.,1.575));
#7517 = SURFACE_CURVE('',#7518,(#7522,#7529),.PCURVE_S1.);
#7518 = LINE('',#7519,#7520);
#7519 = CARTESIAN_POINT('',(130.62333407341,200.,1.575));
#7520 = VECTOR('',#7521,1.);
#7521 = DIRECTION('',(0.,0.,1.));
#7522 = PCURVE('',#100,#7523);
#7523 = DEFINITIONAL_REPRESENTATION('',(#7524),#7528);
#7524 = LINE('',#7525,#7526);
#7525 = CARTESIAN_POINT('',(1.575,130.62333407341));
#7526 = VECTOR('',#7527,1.);
#7527 = DIRECTION('',(1.,0.));
#7528 = ( GEOMETRIC_REPRESENTATION_CONTEXT(2) 
PARAMETRIC_REPRESENTATION_CONTEXT() REPRESENTATION_CONTEXT('2D SPACE',''
  ) );
#7529 = PCURVE('',#3226,#7530);
#7530 = DEFINITIONAL_REPRESENTATION('',(#7531),#7535);
#7531 = LINE('',#7532,#7533);
#7532 = CARTESIAN_POINT('',(0.,-200.));
#7533 = VECTOR('',#7534,1.);
#7534 = DIRECTION('',(1.,0.));
#7535 = ( GEOMETRIC_REPRESENTATION_CONTEXT(2) 
PARAMETRIC_REPRESENTATION_CONTEXT() REPRESENTATION_CONTEXT('2D SPACE',''
  ) );
#7536 = ORIENTED_EDGE('',*,*,#7537,.T.);
#7537 = EDGE_CURVE('',#7515,#7538,#7540,.T.);
#7538 = VERTEX_POINT('',#7539);
#7539 = CARTESIAN_POINT('',(134.37666592658,200.,1.575));
#7540 = SURFACE_CURVE('',#7541,(#7546,#7557),.PCURVE_S1.);
#7541 = CIRCLE('',#7542,2.45);
#7542 = AXIS2_PLACEMENT_3D('',#7543,#7544,#7545);
#7543 = CARTESIAN_POINT('',(132.5,200.,3.15));
#7544 = DIRECTION('',(0.,-1.,0.));
#7545 = DIRECTION('',(1.,0.,-6.162870667307E-15));
#7546 = PCURVE('',#100,#7547);
#7547 = DEFINITIONAL_REPRESENTATION('',(#7548),#7556);
#7548 = ( BOUNDED_CURVE() B_SPLINE_CURVE(2,(#7549,#7550,#7551,#7552,
#7553,#7554,#7555),.UNSPECIFIED.,.T.,.F.) B_SPLINE_CURVE_WITH_KNOTS((1,2
    ,2,2,2,1),(-2.094395102393,0.,2.094395102393,4.188790204786,
6.28318530718,8.377580409573),.UNSPECIFIED.) CURVE() 
GEOMETRIC_REPRESENTATION_ITEM() RATIONAL_B_SPLINE_CURVE((1.,0.5,1.,0.5,
1.,0.5,1.)) REPRESENTATION_ITEM('') );
#7549 = CARTESIAN_POINT('',(3.15,134.95));
#7550 = CARTESIAN_POINT('',(7.393524478544,134.95));
#7551 = CARTESIAN_POINT('',(5.271762239272,131.275));
#7552 = CARTESIAN_POINT('',(3.15,127.6));
#7553 = CARTESIAN_POINT('',(1.028237760728,131.275));
#7554 = CARTESIAN_POINT('',(-1.093524478544,134.95));
#7555 = CARTESIAN_POINT('',(3.15,134.95));
#7556 = ( GEOMETRIC_REPRESENTATION_CONTEXT(2) 
PARAMETRIC_REPRESENTATION_CONTEXT() REPRESENTATION_CONTEXT('2D SPACE',''
  ) );
#7557 = PCURVE('',#3255,#7558);
#7558 = DEFINITIONAL_REPRESENTATION('',(#7559),#7563);
#7559 = LINE('',#7560,#7561);
#7560 = CARTESIAN_POINT('',(-0.,-7.999999525055E-07));
#7561 = VECTOR('',#7562,1.);
#7562 = DIRECTION('',(-1.,-0.));
#7563 = ( GEOMETRIC_REPRESENTATION_CONTEXT(2) 
PARAMETRIC_REPRESENTATION_CONTEXT() REPRESENTATION_CONTEXT('2D SPACE',''
  ) );
#7564 = ORIENTED_EDGE('',*,*,#7565,.T.);
#7565 = EDGE_CURVE('',#7538,#7566,#7568,.T.);
#7566 = VERTEX_POINT('',#7567);
#7567 = CARTESIAN_POINT('',(134.37666592658,200.,4.575));
#7568 = SURFACE_CURVE('',#7569,(#7573,#7580),.PCURVE_S1.);
#7569 = LINE('',#7570,#7571);
#7570 = CARTESIAN_POINT('',(134.37666592658,200.,1.575));
#7571 = VECTOR('',#7572,1.);
#7572 = DIRECTION('',(0.,0.,1.));
#7573 = PCURVE('',#100,#7574);
#7574 = DEFINITIONAL_REPRESENTATION('',(#7575),#7579);
#7575 = LINE('',#7576,#7577);
#7576 = CARTESIAN_POINT('',(1.575,134.37666592658));
#7577 = VECTOR('',#7578,1.);
#7578 = DIRECTION('',(1.,0.));
#7579 = ( GEOMETRIC_REPRESENTATION_CONTEXT(2) 
PARAMETRIC_REPRESENTATION_CONTEXT() REPRESENTATION_CONTEXT('2D SPACE',''
  ) );
#7580 = PCURVE('',#3283,#7581);
#7581 = DEFINITIONAL_REPRESENTATION('',(#7582),#7586);
#7582 = LINE('',#7583,#7584);
#7583 = CARTESIAN_POINT('',(0.,-200.));
#7584 = VECTOR('',#7585,1.);
#7585 = DIRECTION('',(1.,0.));
#7586 = ( GEOMETRIC_REPRESENTATION_CONTEXT(2) 
PARAMETRIC_REPRESENTATION_CONTEXT() REPRESENTATION_CONTEXT('2D SPACE',''
  ) );
#7587 = ORIENTED_EDGE('',*,*,#7588,.T.);
#7588 = EDGE_CURVE('',#7566,#7589,#7591,.T.);
#7589 = VERTEX_POINT('',#7590);
#7590 = CARTESIAN_POINT('',(135.62333407341,200.,4.575));
#7591 = SURFACE_CURVE('',#7592,(#7596,#7603),.PCURVE_S1.);
#7592 = LINE('',#7593,#7594);
#7593 = CARTESIAN_POINT('',(134.37666592658,200.,4.575));
#7594 = VECTOR('',#7595,1.);
#7595 = DIRECTION('',(1.,0.,0.));
#7596 = PCURVE('',#100,#7597);
#7597 = DEFINITIONAL_REPRESENTATION('',(#7598),#7602);
#7598 = LINE('',#7599,#7600);
#7599 = CARTESIAN_POINT('',(4.575,134.37666592658));
#7600 = VECTOR('',#7601,1.);
#7601 = DIRECTION('',(0.,1.));
#7602 = ( GEOMETRIC_REPRESENTATION_CONTEXT(2) 
PARAMETRIC_REPRESENTATION_CONTEXT() REPRESENTATION_CONTEXT('2D SPACE',''
  ) );
#7603 = PCURVE('',#3311,#7604);
#7604 = DEFINITIONAL_REPRESENTATION('',(#7605),#7609);
#7605 = LINE('',#7606,#7607);
#7606 = CARTESIAN_POINT('',(0.,200.));
#7607 = VECTOR('',#7608,1.);
#7608 = DIRECTION('',(1.,0.));
#7609 = ( GEOMETRIC_REPRESENTATION_CONTEXT(2) 
PARAMETRIC_REPRESENTATION_CONTEXT() REPRESENTATION_CONTEXT('2D SPACE',''
  ) );
#7610 = ORIENTED_EDGE('',*,*,#7611,.F.);
#7611 = EDGE_CURVE('',#7612,#7589,#7614,.T.);
#7612 = VERTEX_POINT('',#7613);
#7613 = CARTESIAN_POINT('',(135.62333407341,200.,1.575));
#7614 = SURFACE_CURVE('',#7615,(#7619,#7626),.PCURVE_S1.);
#7615 = LINE('',#7616,#7617);
#7616 = CARTESIAN_POINT('',(135.62333407341,200.,1.575));
#7617 = VECTOR('',#7618,1.);
#7618 = DIRECTION('',(0.,0.,1.));
#7619 = PCURVE('',#100,#7620);
#7620 = DEFINITIONAL_REPRESENTATION('',(#7621),#7625);
#7621 = LINE('',#7622,#7623);
#7622 = CARTESIAN_POINT('',(1.575,135.62333407341));
#7623 = VECTOR('',#7624,1.);
#7624 = DIRECTION('',(1.,0.));
#7625 = ( GEOMETRIC_REPRESENTATION_CONTEXT(2) 
PARAMETRIC_REPRESENTATION_CONTEXT() REPRESENTATION_CONTEXT('2D SPACE',''
  ) );
#7626 = PCURVE('',#3339,#7627);
#7627 = DEFINITIONAL_REPRESENTATION('',(#7628),#7632);
#7628 = LINE('',#7629,#7630);
#7629 = CARTESIAN_POINT('',(0.,-200.));
#7630 = VECTOR('',#7631,1.);
#7631 = DIRECTION('',(1.,0.));
#7632 = ( GEOMETRIC_REPRESENTATION_CONTEXT(2) 
PARAMETRIC_REPRESENTATION_CONTEXT() REPRESENTATION_CONTEXT('2D SPACE',''
  ) );
#7633 = ORIENTED_EDGE('',*,*,#7634,.T.);
#7634 = EDGE_CURVE('',#7612,#7635,#7637,.T.);
#7635 = VERTEX_POINT('',#7636);
#7636 = CARTESIAN_POINT('',(139.37666592658,200.,1.575));
#7637 = SURFACE_CURVE('',#7638,(#7643,#7654),.PCURVE_S1.);
#7638 = CIRCLE('',#7639,2.45);
#7639 = AXIS2_PLACEMENT_3D('',#7640,#7641,#7642);
#7640 = CARTESIAN_POINT('',(137.5,200.,3.15));
#7641 = DIRECTION('',(0.,-1.,0.));
#7642 = DIRECTION('',(1.,0.,-6.162870667307E-15));
#7643 = PCURVE('',#100,#7644);
#7644 = DEFINITIONAL_REPRESENTATION('',(#7645),#7653);
#7645 = ( BOUNDED_CURVE() B_SPLINE_CURVE(2,(#7646,#7647,#7648,#7649,
#7650,#7651,#7652),.UNSPECIFIED.,.T.,.F.) B_SPLINE_CURVE_WITH_KNOTS((1,2
    ,2,2,2,1),(-2.094395102393,0.,2.094395102393,4.188790204786,
6.28318530718,8.377580409573),.UNSPECIFIED.) CURVE() 
GEOMETRIC_REPRESENTATION_ITEM() RATIONAL_B_SPLINE_CURVE((1.,0.5,1.,0.5,
1.,0.5,1.)) REPRESENTATION_ITEM('') );
#7646 = CARTESIAN_POINT('',(3.15,139.95));
#7647 = CARTESIAN_POINT('',(7.393524478544,139.95));
#7648 = CARTESIAN_POINT('',(5.271762239272,136.275));
#7649 = CARTESIAN_POINT('',(3.15,132.6));
#7650 = CARTESIAN_POINT('',(1.028237760728,136.275));
#7651 = CARTESIAN_POINT('',(-1.093524478544,139.95));
#7652 = CARTESIAN_POINT('',(3.15,139.95));
#7653 = ( GEOMETRIC_REPRESENTATION_CONTEXT(2) 
PARAMETRIC_REPRESENTATION_CONTEXT() REPRESENTATION_CONTEXT('2D SPACE',''
  ) );
#7654 = PCURVE('',#3368,#7655);
#7655 = DEFINITIONAL_REPRESENTATION('',(#7656),#7660);
#7656 = LINE('',#7657,#7658);
#7657 = CARTESIAN_POINT('',(-0.,-7.999999525055E-07));
#7658 = VECTOR('',#7659,1.);
#7659 = DIRECTION('',(-1.,-0.));
#7660 = ( GEOMETRIC_REPRESENTATION_CONTEXT(2) 
PARAMETRIC_REPRESENTATION_CONTEXT() REPRESENTATION_CONTEXT('2D SPACE',''
  ) );
#7661 = ORIENTED_EDGE('',*,*,#7662,.T.);
#7662 = EDGE_CURVE('',#7635,#7663,#7665,.T.);
#7663 = VERTEX_POINT('',#7664);
#7664 = CARTESIAN_POINT('',(139.37666592658,200.,4.575));
#7665 = SURFACE_CURVE('',#7666,(#7670,#7677),.PCURVE_S1.);
#7666 = LINE('',#7667,#7668);
#7667 = CARTESIAN_POINT('',(139.37666592658,200.,1.575));
#7668 = VECTOR('',#7669,1.);
#7669 = DIRECTION('',(0.,0.,1.));
#7670 = PCURVE('',#100,#7671);
#7671 = DEFINITIONAL_REPRESENTATION('',(#7672),#7676);
#7672 = LINE('',#7673,#7674);
#7673 = CARTESIAN_POINT('',(1.575,139.37666592658));
#7674 = VECTOR('',#7675,1.);
#7675 = DIRECTION('',(1.,0.));
#7676 = ( GEOMETRIC_REPRESENTATION_CONTEXT(2) 
PARAMETRIC_REPRESENTATION_CONTEXT() REPRESENTATION_CONTEXT('2D SPACE',''
  ) );
#7677 = PCURVE('',#3396,#7678);
#7678 = DEFINITIONAL_REPRESENTATION('',(#7679),#7683);
#7679 = LINE('',#7680,#7681);
#7680 = CARTESIAN_POINT('',(0.,-200.));
#7681 = VECTOR('',#7682,1.);
#7682 = DIRECTION('',(1.,0.));
#7683 = ( GEOMETRIC_REPRESENTATION_CONTEXT(2) 
PARAMETRIC_REPRESENTATION_CONTEXT() REPRESENTATION_CONTEXT('2D SPACE',''
  ) );
#7684 = ORIENTED_EDGE('',*,*,#7685,.T.);
#7685 = EDGE_CURVE('',#7663,#7686,#7688,.T.);
#7686 = VERTEX_POINT('',#7687);
#7687 = CARTESIAN_POINT('',(140.62333407341,200.,4.575));
#7688 = SURFACE_CURVE('',#7689,(#7693,#7700),.PCURVE_S1.);
#7689 = LINE('',#7690,#7691);
#7690 = CARTESIAN_POINT('',(139.37666592658,200.,4.575));
#7691 = VECTOR('',#7692,1.);
#7692 = DIRECTION('',(1.,0.,0.));
#7693 = PCURVE('',#100,#7694);
#7694 = DEFINITIONAL_REPRESENTATION('',(#7695),#7699);
#7695 = LINE('',#7696,#7697);
#7696 = CARTESIAN_POINT('',(4.575,139.37666592658));
#7697 = VECTOR('',#7698,1.);
#7698 = DIRECTION('',(0.,1.));
#7699 = ( GEOMETRIC_REPRESENTATION_CONTEXT(2) 
PARAMETRIC_REPRESENTATION_CONTEXT() REPRESENTATION_CONTEXT('2D SPACE',''
  ) );
#7700 = PCURVE('',#3424,#7701);
#7701 = DEFINITIONAL_REPRESENTATION('',(#7702),#7706);
#7702 = LINE('',#7703,#7704);
#7703 = CARTESIAN_POINT('',(0.,200.));
#7704 = VECTOR('',#7705,1.);
#7705 = DIRECTION('',(1.,0.));
#7706 = ( GEOMETRIC_REPRESENTATION_CONTEXT(2) 
PARAMETRIC_REPRESENTATION_CONTEXT() REPRESENTATION_CONTEXT('2D SPACE',''
  ) );
#7707 = ORIENTED_EDGE('',*,*,#7708,.F.);
#7708 = EDGE_CURVE('',#7709,#7686,#7711,.T.);
#7709 = VERTEX_POINT('',#7710);
#7710 = CARTESIAN_POINT('',(140.62333407341,200.,1.575));
#7711 = SURFACE_CURVE('',#7712,(#7716,#7723),.PCURVE_S1.);
#7712 = LINE('',#7713,#7714);
#7713 = CARTESIAN_POINT('',(140.62333407341,200.,1.575));
#7714 = VECTOR('',#7715,1.);
#7715 = DIRECTION('',(0.,0.,1.));
#7716 = PCURVE('',#100,#7717);
#7717 = DEFINITIONAL_REPRESENTATION('',(#7718),#7722);
#7718 = LINE('',#7719,#7720);
#7719 = CARTESIAN_POINT('',(1.575,140.62333407341));
#7720 = VECTOR('',#7721,1.);
#7721 = DIRECTION('',(1.,0.));
#7722 = ( GEOMETRIC_REPRESENTATION_CONTEXT(2) 
PARAMETRIC_REPRESENTATION_CONTEXT() REPRESENTATION_CONTEXT('2D SPACE',''
  ) );
#7723 = PCURVE('',#3452,#7724);
#7724 = DEFINITIONAL_REPRESENTATION('',(#7725),#7729);
#7725 = LINE('',#7726,#7727);
#7726 = CARTESIAN_POINT('',(0.,-200.));
#7727 = VECTOR('',#7728,1.);
#7728 = DIRECTION('',(1.,0.));
#7729 = ( GEOMETRIC_REPRESENTATION_CONTEXT(2) 
PARAMETRIC_REPRESENTATION_CONTEXT() REPRESENTATION_CONTEXT('2D SPACE',''
  ) );
#7730 = ORIENTED_EDGE('',*,*,#7731,.T.);
#7731 = EDGE_CURVE('',#7709,#7732,#7734,.T.);
#7732 = VERTEX_POINT('',#7733);
#7733 = CARTESIAN_POINT('',(144.37666592658,200.,1.575));
#7734 = SURFACE_CURVE('',#7735,(#7740,#7751),.PCURVE_S1.);
#7735 = CIRCLE('',#7736,2.45);
#7736 = AXIS2_PLACEMENT_3D('',#7737,#7738,#7739);
#7737 = CARTESIAN_POINT('',(142.5,200.,3.15));
#7738 = DIRECTION('',(0.,-1.,0.));
#7739 = DIRECTION('',(1.,0.,-6.162870667307E-15));
#7740 = PCURVE('',#100,#7741);
#7741 = DEFINITIONAL_REPRESENTATION('',(#7742),#7750);
#7742 = ( BOUNDED_CURVE() B_SPLINE_CURVE(2,(#7743,#7744,#7745,#7746,
#7747,#7748,#7749),.UNSPECIFIED.,.T.,.F.) B_SPLINE_CURVE_WITH_KNOTS((1,2
    ,2,2,2,1),(-2.094395102393,0.,2.094395102393,4.188790204786,
6.28318530718,8.377580409573),.UNSPECIFIED.) CURVE() 
GEOMETRIC_REPRESENTATION_ITEM() RATIONAL_B_SPLINE_CURVE((1.,0.5,1.,0.5,
1.,0.5,1.)) REPRESENTATION_ITEM('') );
#7743 = CARTESIAN_POINT('',(3.15,144.95));
#7744 = CARTESIAN_POINT('',(7.393524478544,144.95));
#7745 = CARTESIAN_POINT('',(5.271762239272,141.275));
#7746 = CARTESIAN_POINT('',(3.15,137.6));
#7747 = CARTESIAN_POINT('',(1.028237760728,141.275));
#7748 = CARTESIAN_POINT('',(-1.093524478544,144.95));
#7749 = CARTESIAN_POINT('',(3.15,144.95));
#7750 = ( GEOMETRIC_REPRESENTATION_CONTEXT(2) 
PARAMETRIC_REPRESENTATION_CONTEXT() REPRESENTATION_CONTEXT('2D SPACE',''
  ) );
#7751 = PCURVE('',#3481,#7752);
#7752 = DEFINITIONAL_REPRESENTATION('',(#7753),#7757);
#7753 = LINE('',#7754,#7755);
#7754 = CARTESIAN_POINT('',(-0.,-7.999999525055E-07));
#7755 = VECTOR('',#7756,1.);
#7756 = DIRECTION('',(-1.,-0.));
#7757 = ( GEOMETRIC_REPRESENTATION_CONTEXT(2) 
PARAMETRIC_REPRESENTATION_CONTEXT() REPRESENTATION_CONTEXT('2D SPACE',''
  ) );
#7758 = ORIENTED_EDGE('',*,*,#7759,.T.);
#7759 = EDGE_CURVE('',#7732,#7760,#7762,.T.);
#7760 = VERTEX_POINT('',#7761);
#7761 = CARTESIAN_POINT('',(144.37666592658,200.,4.575));
#7762 = SURFACE_CURVE('',#7763,(#7767,#7774),.PCURVE_S1.);
#7763 = LINE('',#7764,#7765);
#7764 = CARTESIAN_POINT('',(144.37666592658,200.,1.575));
#7765 = VECTOR('',#7766,1.);
#7766 = DIRECTION('',(0.,0.,1.));
#7767 = PCURVE('',#100,#7768);
#7768 = DEFINITIONAL_REPRESENTATION('',(#7769),#7773);
#7769 = LINE('',#7770,#7771);
#7770 = CARTESIAN_POINT('',(1.575,144.37666592658));
#7771 = VECTOR('',#7772,1.);
#7772 = DIRECTION('',(1.,0.));
#7773 = ( GEOMETRIC_REPRESENTATION_CONTEXT(2) 
PARAMETRIC_REPRESENTATION_CONTEXT() REPRESENTATION_CONTEXT('2D SPACE',''
  ) );
#7774 = PCURVE('',#3509,#7775);
#7775 = DEFINITIONAL_REPRESENTATION('',(#7776),#7780);
#7776 = LINE('',#7777,#7778);
#7777 = CARTESIAN_POINT('',(0.,-200.));
#7778 = VECTOR('',#7779,1.);
#7779 = DIRECTION('',(1.,0.));
#7780 = ( GEOMETRIC_REPRESENTATION_CONTEXT(2) 
PARAMETRIC_REPRESENTATION_CONTEXT() REPRESENTATION_CONTEXT('2D SPACE',''
  ) );
#7781 = ORIENTED_EDGE('',*,*,#7782,.T.);
#7782 = EDGE_CURVE('',#7760,#7783,#7785,.T.);
#7783 = VERTEX_POINT('',#7784);
#7784 = CARTESIAN_POINT('',(145.62333407341,200.,4.575));
#7785 = SURFACE_CURVE('',#7786,(#7790,#7797),.PCURVE_S1.);
#7786 = LINE('',#7787,#7788);
#7787 = CARTESIAN_POINT('',(144.37666592658,200.,4.575));
#7788 = VECTOR('',#7789,1.);
#7789 = DIRECTION('',(1.,0.,0.));
#7790 = PCURVE('',#100,#7791);
#7791 = DEFINITIONAL_REPRESENTATION('',(#7792),#7796);
#7792 = LINE('',#7793,#7794);
#7793 = CARTESIAN_POINT('',(4.575,144.37666592658));
#7794 = VECTOR('',#7795,1.);
#7795 = DIRECTION('',(0.,1.));
#7796 = ( GEOMETRIC_REPRESENTATION_CONTEXT(2) 
PARAMETRIC_REPRESENTATION_CONTEXT() REPRESENTATION_CONTEXT('2D SPACE',''
  ) );
#7797 = PCURVE('',#3537,#7798);
#7798 = DEFINITIONAL_REPRESENTATION('',(#7799),#7803);
#7799 = LINE('',#7800,#7801);
#7800 = CARTESIAN_POINT('',(0.,200.));
#7801 = VECTOR('',#7802,1.);
#7802 = DIRECTION('',(1.,0.));
#7803 = ( GEOMETRIC_REPRESENTATION_CONTEXT(2) 
PARAMETRIC_REPRESENTATION_CONTEXT() REPRESENTATION_CONTEXT('2D SPACE',''
  ) );
#7804 = ORIENTED_EDGE('',*,*,#7805,.F.);
#7805 = EDGE_CURVE('',#7806,#7783,#7808,.T.);
#7806 = VERTEX_POINT('',#7807);
#7807 = CARTESIAN_POINT('',(145.62333407341,200.,1.575));
#7808 = SURFACE_CURVE('',#7809,(#7813,#7820),.PCURVE_S1.);
#7809 = LINE('',#7810,#7811);
#7810 = CARTESIAN_POINT('',(145.62333407341,200.,1.575));
#7811 = VECTOR('',#7812,1.);
#7812 = DIRECTION('',(0.,0.,1.));
#7813 = PCURVE('',#100,#7814);
#7814 = DEFINITIONAL_REPRESENTATION('',(#7815),#7819);
#7815 = LINE('',#7816,#7817);
#7816 = CARTESIAN_POINT('',(1.575,145.62333407341));
#7817 = VECTOR('',#7818,1.);
#7818 = DIRECTION('',(1.,0.));
#7819 = ( GEOMETRIC_REPRESENTATION_CONTEXT(2) 
PARAMETRIC_REPRESENTATION_CONTEXT() REPRESENTATION_CONTEXT('2D SPACE',''
  ) );
#7820 = PCURVE('',#3565,#7821);
#7821 = DEFINITIONAL_REPRESENTATION('',(#7822),#7826);
#7822 = LINE('',#7823,#7824);
#7823 = CARTESIAN_POINT('',(0.,-200.));
#7824 = VECTOR('',#7825,1.);
#7825 = DIRECTION('',(1.,0.));
#7826 = ( GEOMETRIC_REPRESENTATION_CONTEXT(2) 
PARAMETRIC_REPRESENTATION_CONTEXT() REPRESENTATION_CONTEXT('2D SPACE',''
  ) );
#7827 = ORIENTED_EDGE('',*,*,#7828,.T.);
#7828 = EDGE_CURVE('',#7806,#7829,#7831,.T.);
#7829 = VERTEX_POINT('',#7830);
#7830 = CARTESIAN_POINT('',(149.37666592658,200.,1.575));
#7831 = SURFACE_CURVE('',#7832,(#7837,#7848),.PCURVE_S1.);
#7832 = CIRCLE('',#7833,2.45);
#7833 = AXIS2_PLACEMENT_3D('',#7834,#7835,#7836);
#7834 = CARTESIAN_POINT('',(147.5,200.,3.15));
#7835 = DIRECTION('',(0.,-1.,0.));
#7836 = DIRECTION('',(1.,0.,-6.162870667307E-15));
#7837 = PCURVE('',#100,#7838);
#7838 = DEFINITIONAL_REPRESENTATION('',(#7839),#7847);
#7839 = ( BOUNDED_CURVE() B_SPLINE_CURVE(2,(#7840,#7841,#7842,#7843,
#7844,#7845,#7846),.UNSPECIFIED.,.T.,.F.) B_SPLINE_CURVE_WITH_KNOTS((1,2
    ,2,2,2,1),(-2.094395102393,0.,2.094395102393,4.188790204786,
6.28318530718,8.377580409573),.UNSPECIFIED.) CURVE() 
GEOMETRIC_REPRESENTATION_ITEM() RATIONAL_B_SPLINE_CURVE((1.,0.5,1.,0.5,
1.,0.5,1.)) REPRESENTATION_ITEM('') );
#7840 = CARTESIAN_POINT('',(3.15,149.95));
#7841 = CARTESIAN_POINT('',(7.393524478544,149.95));
#7842 = CARTESIAN_POINT('',(5.271762239272,146.275));
#7843 = CARTESIAN_POINT('',(3.15,142.6));
#7844 = CARTESIAN_POINT('',(1.028237760728,146.275));
#7845 = CARTESIAN_POINT('',(-1.093524478544,149.95));
#7846 = CARTESIAN_POINT('',(3.15,149.95));
#7847 = ( GEOMETRIC_REPRESENTATION_CONTEXT(2) 
PARAMETRIC_REPRESENTATION_CONTEXT() REPRESENTATION_CONTEXT('2D SPACE',''
  ) );
#7848 = PCURVE('',#3594,#7849);
#7849 = DEFINITIONAL_REPRESENTATION('',(#7850),#7854);
#7850 = LINE('',#7851,#7852);
#7851 = CARTESIAN_POINT('',(-0.,-7.999999525055E-07));
#7852 = VECTOR('',#7853,1.);
#7853 = DIRECTION('',(-1.,-0.));
#7854 = ( GEOMETRIC_REPRESENTATION_CONTEXT(2) 
PARAMETRIC_REPRESENTATION_CONTEXT() REPRESENTATION_CONTEXT('2D SPACE',''
  ) );
#7855 = ORIENTED_EDGE('',*,*,#7856,.T.);
#7856 = EDGE_CURVE('',#7829,#7857,#7859,.T.);
#7857 = VERTEX_POINT('',#7858);
#7858 = CARTESIAN_POINT('',(149.37666592658,200.,4.575));
#7859 = SURFACE_CURVE('',#7860,(#7864,#7871),.PCURVE_S1.);
#7860 = LINE('',#7861,#7862);
#7861 = CARTESIAN_POINT('',(149.37666592658,200.,1.575));
#7862 = VECTOR('',#7863,1.);
#7863 = DIRECTION('',(0.,0.,1.));
#7864 = PCURVE('',#100,#7865);
#7865 = DEFINITIONAL_REPRESENTATION('',(#7866),#7870);
#7866 = LINE('',#7867,#7868);
#7867 = CARTESIAN_POINT('',(1.575,149.37666592658));
#7868 = VECTOR('',#7869,1.);
#7869 = DIRECTION('',(1.,0.));
#7870 = ( GEOMETRIC_REPRESENTATION_CONTEXT(2) 
PARAMETRIC_REPRESENTATION_CONTEXT() REPRESENTATION_CONTEXT('2D SPACE',''
  ) );
#7871 = PCURVE('',#3622,#7872);
#7872 = DEFINITIONAL_REPRESENTATION('',(#7873),#7877);
#7873 = LINE('',#7874,#7875);
#7874 = CARTESIAN_POINT('',(0.,-200.));
#7875 = VECTOR('',#7876,1.);
#7876 = DIRECTION('',(1.,0.));
#7877 = ( GEOMETRIC_REPRESENTATION_CONTEXT(2) 
PARAMETRIC_REPRESENTATION_CONTEXT() REPRESENTATION_CONTEXT('2D SPACE',''
  ) );
#7878 = ORIENTED_EDGE('',*,*,#7879,.T.);
#7879 = EDGE_CURVE('',#7857,#7880,#7882,.T.);
#7880 = VERTEX_POINT('',#7881);
#7881 = CARTESIAN_POINT('',(150.62333407341,200.,4.575));
#7882 = SURFACE_CURVE('',#7883,(#7887,#7894),.PCURVE_S1.);
#7883 = LINE('',#7884,#7885);
#7884 = CARTESIAN_POINT('',(149.37666592658,200.,4.575));
#7885 = VECTOR('',#7886,1.);
#7886 = DIRECTION('',(1.,0.,0.));
#7887 = PCURVE('',#100,#7888);
#7888 = DEFINITIONAL_REPRESENTATION('',(#7889),#7893);
#7889 = LINE('',#7890,#7891);
#7890 = CARTESIAN_POINT('',(4.575,149.37666592658));
#7891 = VECTOR('',#7892,1.);
#7892 = DIRECTION('',(0.,1.));
#7893 = ( GEOMETRIC_REPRESENTATION_CONTEXT(2) 
PARAMETRIC_REPRESENTATION_CONTEXT() REPRESENTATION_CONTEXT('2D SPACE',''
  ) );
#7894 = PCURVE('',#3650,#7895);
#7895 = DEFINITIONAL_REPRESENTATION('',(#7896),#7900);
#7896 = LINE('',#7897,#7898);
#7897 = CARTESIAN_POINT('',(0.,200.));
#7898 = VECTOR('',#7899,1.);
#7899 = DIRECTION('',(1.,0.));
#7900 = ( GEOMETRIC_REPRESENTATION_CONTEXT(2) 
PARAMETRIC_REPRESENTATION_CONTEXT() REPRESENTATION_CONTEXT('2D SPACE',''
  ) );
#7901 = ORIENTED_EDGE('',*,*,#7902,.F.);
#7902 = EDGE_CURVE('',#7903,#7880,#7905,.T.);
#7903 = VERTEX_POINT('',#7904);
#7904 = CARTESIAN_POINT('',(150.62333407341,200.,1.575));
#7905 = SURFACE_CURVE('',#7906,(#7910,#7917),.PCURVE_S1.);
#7906 = LINE('',#7907,#7908);
#7907 = CARTESIAN_POINT('',(150.62333407341,200.,1.575));
#7908 = VECTOR('',#7909,1.);
#7909 = DIRECTION('',(0.,0.,1.));
#7910 = PCURVE('',#100,#7911);
#7911 = DEFINITIONAL_REPRESENTATION('',(#7912),#7916);
#7912 = LINE('',#7913,#7914);
#7913 = CARTESIAN_POINT('',(1.575,150.62333407341));
#7914 = VECTOR('',#7915,1.);
#7915 = DIRECTION('',(1.,0.));
#7916 = ( GEOMETRIC_REPRESENTATION_CONTEXT(2) 
PARAMETRIC_REPRESENTATION_CONTEXT() REPRESENTATION_CONTEXT('2D SPACE',''
  ) );
#7917 = PCURVE('',#3678,#7918);
#7918 = DEFINITIONAL_REPRESENTATION('',(#7919),#7923);
#7919 = LINE('',#7920,#7921);
#7920 = CARTESIAN_POINT('',(0.,-200.));
#7921 = VECTOR('',#7922,1.);
#7922 = DIRECTION('',(1.,0.));
#7923 = ( GEOMETRIC_REPRESENTATION_CONTEXT(2) 
PARAMETRIC_REPRESENTATION_CONTEXT() REPRESENTATION_CONTEXT('2D SPACE',''
  ) );
#7924 = ORIENTED_EDGE('',*,*,#7925,.T.);
#7925 = EDGE_CURVE('',#7903,#7926,#7928,.T.);
#7926 = VERTEX_POINT('',#7927);
#7927 = CARTESIAN_POINT('',(154.37666592658,200.,1.575));
#7928 = SURFACE_CURVE('',#7929,(#7934,#7945),.PCURVE_S1.);
#7929 = CIRCLE('',#7930,2.45);
#7930 = AXIS2_PLACEMENT_3D('',#7931,#7932,#7933);
#7931 = CARTESIAN_POINT('',(152.5,200.,3.15));
#7932 = DIRECTION('',(0.,-1.,0.));
#7933 = DIRECTION('',(1.,0.,-6.162870667307E-15));
#7934 = PCURVE('',#100,#7935);
#7935 = DEFINITIONAL_REPRESENTATION('',(#7936),#7944);
#7936 = ( BOUNDED_CURVE() B_SPLINE_CURVE(2,(#7937,#7938,#7939,#7940,
#7941,#7942,#7943),.UNSPECIFIED.,.T.,.F.) B_SPLINE_CURVE_WITH_KNOTS((1,2
    ,2,2,2,1),(-2.094395102393,0.,2.094395102393,4.188790204786,
6.28318530718,8.377580409573),.UNSPECIFIED.) CURVE() 
GEOMETRIC_REPRESENTATION_ITEM() RATIONAL_B_SPLINE_CURVE((1.,0.5,1.,0.5,
1.,0.5,1.)) REPRESENTATION_ITEM('') );
#7937 = CARTESIAN_POINT('',(3.15,154.95));
#7938 = CARTESIAN_POINT('',(7.393524478544,154.95));
#7939 = CARTESIAN_POINT('',(5.271762239272,151.275));
#7940 = CARTESIAN_POINT('',(3.15,147.6));
#7941 = CARTESIAN_POINT('',(1.028237760728,151.275));
#7942 = CARTESIAN_POINT('',(-1.093524478544,154.95));
#7943 = CARTESIAN_POINT('',(3.15,154.95));
#7944 = ( GEOMETRIC_REPRESENTATION_CONTEXT(2) 
PARAMETRIC_REPRESENTATION_CONTEXT() REPRESENTATION_CONTEXT('2D SPACE',''
  ) );
#7945 = PCURVE('',#3707,#7946);
#7946 = DEFINITIONAL_REPRESENTATION('',(#7947),#7951);
#7947 = LINE('',#7948,#7949);
#7948 = CARTESIAN_POINT('',(-0.,-7.999999525055E-07));
#7949 = VECTOR('',#7950,1.);
#7950 = DIRECTION('',(-1.,-0.));
#7951 = ( GEOMETRIC_REPRESENTATION_CONTEXT(2) 
PARAMETRIC_REPRESENTATION_CONTEXT() REPRESENTATION_CONTEXT('2D SPACE',''
  ) );
#7952 = ORIENTED_EDGE('',*,*,#7953,.T.);
#7953 = EDGE_CURVE('',#7926,#7954,#7956,.T.);
#7954 = VERTEX_POINT('',#7955);
#7955 = CARTESIAN_POINT('',(154.37666592658,200.,4.575));
#7956 = SURFACE_CURVE('',#7957,(#7961,#7968),.PCURVE_S1.);
#7957 = LINE('',#7958,#7959);
#7958 = CARTESIAN_POINT('',(154.37666592658,200.,1.575));
#7959 = VECTOR('',#7960,1.);
#7960 = DIRECTION('',(0.,0.,1.));
#7961 = PCURVE('',#100,#7962);
#7962 = DEFINITIONAL_REPRESENTATION('',(#7963),#7967);
#7963 = LINE('',#7964,#7965);
#7964 = CARTESIAN_POINT('',(1.575,154.37666592658));
#7965 = VECTOR('',#7966,1.);
#7966 = DIRECTION('',(1.,0.));
#7967 = ( GEOMETRIC_REPRESENTATION_CONTEXT(2) 
PARAMETRIC_REPRESENTATION_CONTEXT() REPRESENTATION_CONTEXT('2D SPACE',''
  ) );
#7968 = PCURVE('',#3735,#7969);
#7969 = DEFINITIONAL_REPRESENTATION('',(#7970),#7974);
#7970 = LINE('',#7971,#7972);
#7971 = CARTESIAN_POINT('',(0.,-200.));
#7972 = VECTOR('',#7973,1.);
#7973 = DIRECTION('',(1.,0.));
#7974 = ( GEOMETRIC_REPRESENTATION_CONTEXT(2) 
PARAMETRIC_REPRESENTATION_CONTEXT() REPRESENTATION_CONTEXT('2D SPACE',''
  ) );
#7975 = ORIENTED_EDGE('',*,*,#7976,.T.);
#7976 = EDGE_CURVE('',#7954,#7977,#7979,.T.);
#7977 = VERTEX_POINT('',#7978);
#7978 = CARTESIAN_POINT('',(155.62333407341,200.,4.575));
#7979 = SURFACE_CURVE('',#7980,(#7984,#7991),.PCURVE_S1.);
#7980 = LINE('',#7981,#7982);
#7981 = CARTESIAN_POINT('',(154.37666592658,200.,4.575));
#7982 = VECTOR('',#7983,1.);
#7983 = DIRECTION('',(1.,0.,0.));
#7984 = PCURVE('',#100,#7985);
#7985 = DEFINITIONAL_REPRESENTATION('',(#7986),#7990);
#7986 = LINE('',#7987,#7988);
#7987 = CARTESIAN_POINT('',(4.575,154.37666592658));
#7988 = VECTOR('',#7989,1.);
#7989 = DIRECTION('',(0.,1.));
#7990 = ( GEOMETRIC_REPRESENTATION_CONTEXT(2) 
PARAMETRIC_REPRESENTATION_CONTEXT() REPRESENTATION_CONTEXT('2D SPACE',''
  ) );
#7991 = PCURVE('',#3763,#7992);
#7992 = DEFINITIONAL_REPRESENTATION('',(#7993),#7997);
#7993 = LINE('',#7994,#7995);
#7994 = CARTESIAN_POINT('',(0.,200.));
#7995 = VECTOR('',#7996,1.);
#7996 = DIRECTION('',(1.,0.));
#7997 = ( GEOMETRIC_REPRESENTATION_CONTEXT(2) 
PARAMETRIC_REPRESENTATION_CONTEXT() REPRESENTATION_CONTEXT('2D SPACE',''
  ) );
#7998 = ORIENTED_EDGE('',*,*,#7999,.F.);
#7999 = EDGE_CURVE('',#8000,#7977,#8002,.T.);
#8000 = VERTEX_POINT('',#8001);
#8001 = CARTESIAN_POINT('',(155.62333407341,200.,1.575));
#8002 = SURFACE_CURVE('',#8003,(#8007,#8014),.PCURVE_S1.);
#8003 = LINE('',#8004,#8005);
#8004 = CARTESIAN_POINT('',(155.62333407341,200.,1.575));
#8005 = VECTOR('',#8006,1.);
#8006 = DIRECTION('',(0.,0.,1.));
#8007 = PCURVE('',#100,#8008);
#8008 = DEFINITIONAL_REPRESENTATION('',(#8009),#8013);
#8009 = LINE('',#8010,#8011);
#8010 = CARTESIAN_POINT('',(1.575,155.62333407341));
#8011 = VECTOR('',#8012,1.);
#8012 = DIRECTION('',(1.,0.));
#8013 = ( GEOMETRIC_REPRESENTATION_CONTEXT(2) 
PARAMETRIC_REPRESENTATION_CONTEXT() REPRESENTATION_CONTEXT('2D SPACE',''
  ) );
#8014 = PCURVE('',#3791,#8015);
#8015 = DEFINITIONAL_REPRESENTATION('',(#8016),#8020);
#8016 = LINE('',#8017,#8018);
#8017 = CARTESIAN_POINT('',(0.,-200.));
#8018 = VECTOR('',#8019,1.);
#8019 = DIRECTION('',(1.,0.));
#8020 = ( GEOMETRIC_REPRESENTATION_CONTEXT(2) 
PARAMETRIC_REPRESENTATION_CONTEXT() REPRESENTATION_CONTEXT('2D SPACE',''
  ) );
#8021 = ORIENTED_EDGE('',*,*,#8022,.T.);
#8022 = EDGE_CURVE('',#8000,#8023,#8025,.T.);
#8023 = VERTEX_POINT('',#8024);
#8024 = CARTESIAN_POINT('',(159.37666592658,200.,1.575));
#8025 = SURFACE_CURVE('',#8026,(#8031,#8042),.PCURVE_S1.);
#8026 = CIRCLE('',#8027,2.45);
#8027 = AXIS2_PLACEMENT_3D('',#8028,#8029,#8030);
#8028 = CARTESIAN_POINT('',(157.5,200.,3.15));
#8029 = DIRECTION('',(0.,-1.,0.));
#8030 = DIRECTION('',(1.,0.,-6.162870667307E-15));
#8031 = PCURVE('',#100,#8032);
#8032 = DEFINITIONAL_REPRESENTATION('',(#8033),#8041);
#8033 = ( BOUNDED_CURVE() B_SPLINE_CURVE(2,(#8034,#8035,#8036,#8037,
#8038,#8039,#8040),.UNSPECIFIED.,.T.,.F.) B_SPLINE_CURVE_WITH_KNOTS((1,2
    ,2,2,2,1),(-2.094395102393,0.,2.094395102393,4.188790204786,
6.28318530718,8.377580409573),.UNSPECIFIED.) CURVE() 
GEOMETRIC_REPRESENTATION_ITEM() RATIONAL_B_SPLINE_CURVE((1.,0.5,1.,0.5,
1.,0.5,1.)) REPRESENTATION_ITEM('') );
#8034 = CARTESIAN_POINT('',(3.15,159.95));
#8035 = CARTESIAN_POINT('',(7.393524478544,159.95));
#8036 = CARTESIAN_POINT('',(5.271762239272,156.275));
#8037 = CARTESIAN_POINT('',(3.15,152.6));
#8038 = CARTESIAN_POINT('',(1.028237760728,156.275));
#8039 = CARTESIAN_POINT('',(-1.093524478544,159.95));
#8040 = CARTESIAN_POINT('',(3.15,159.95));
#8041 = ( GEOMETRIC_REPRESENTATION_CONTEXT(2) 
PARAMETRIC_REPRESENTATION_CONTEXT() REPRESENTATION_CONTEXT('2D SPACE',''
  ) );
#8042 = PCURVE('',#3820,#8043);
#8043 = DEFINITIONAL_REPRESENTATION('',(#8044),#8048);
#8044 = LINE('',#8045,#8046);
#8045 = CARTESIAN_POINT('',(-0.,-7.999999525055E-07));
#8046 = VECTOR('',#8047,1.);
#8047 = DIRECTION('',(-1.,-0.));
#8048 = ( GEOMETRIC_REPRESENTATION_CONTEXT(2) 
PARAMETRIC_REPRESENTATION_CONTEXT() REPRESENTATION_CONTEXT('2D SPACE',''
  ) );
#8049 = ORIENTED_EDGE('',*,*,#8050,.T.);
#8050 = EDGE_CURVE('',#8023,#8051,#8053,.T.);
#8051 = VERTEX_POINT('',#8052);
#8052 = CARTESIAN_POINT('',(159.37666592658,200.,4.575));
#8053 = SURFACE_CURVE('',#8054,(#8058,#8065),.PCURVE_S1.);
#8054 = LINE('',#8055,#8056);
#8055 = CARTESIAN_POINT('',(159.37666592658,200.,1.575));
#8056 = VECTOR('',#8057,1.);
#8057 = DIRECTION('',(0.,0.,1.));
#8058 = PCURVE('',#100,#8059);
#8059 = DEFINITIONAL_REPRESENTATION('',(#8060),#8064);
#8060 = LINE('',#8061,#8062);
#8061 = CARTESIAN_POINT('',(1.575,159.37666592658));
#8062 = VECTOR('',#8063,1.);
#8063 = DIRECTION('',(1.,0.));
#8064 = ( GEOMETRIC_REPRESENTATION_CONTEXT(2) 
PARAMETRIC_REPRESENTATION_CONTEXT() REPRESENTATION_CONTEXT('2D SPACE',''
  ) );
#8065 = PCURVE('',#3848,#8066);
#8066 = DEFINITIONAL_REPRESENTATION('',(#8067),#8071);
#8067 = LINE('',#8068,#8069);
#8068 = CARTESIAN_POINT('',(0.,-200.));
#8069 = VECTOR('',#8070,1.);
#8070 = DIRECTION('',(1.,0.));
#8071 = ( GEOMETRIC_REPRESENTATION_CONTEXT(2) 
PARAMETRIC_REPRESENTATION_CONTEXT() REPRESENTATION_CONTEXT('2D SPACE',''
  ) );
#8072 = ORIENTED_EDGE('',*,*,#8073,.T.);
#8073 = EDGE_CURVE('',#8051,#8074,#8076,.T.);
#8074 = VERTEX_POINT('',#8075);
#8075 = CARTESIAN_POINT('',(160.62333407341,200.,4.575));
#8076 = SURFACE_CURVE('',#8077,(#8081,#8088),.PCURVE_S1.);
#8077 = LINE('',#8078,#8079);
#8078 = CARTESIAN_POINT('',(159.37666592658,200.,4.575));
#8079 = VECTOR('',#8080,1.);
#8080 = DIRECTION('',(1.,0.,0.));
#8081 = PCURVE('',#100,#8082);
#8082 = DEFINITIONAL_REPRESENTATION('',(#8083),#8087);
#8083 = LINE('',#8084,#8085);
#8084 = CARTESIAN_POINT('',(4.575,159.37666592658));
#8085 = VECTOR('',#8086,1.);
#8086 = DIRECTION('',(0.,1.));
#8087 = ( GEOMETRIC_REPRESENTATION_CONTEXT(2) 
PARAMETRIC_REPRESENTATION_CONTEXT() REPRESENTATION_CONTEXT('2D SPACE',''
  ) );
#8088 = PCURVE('',#3876,#8089);
#8089 = DEFINITIONAL_REPRESENTATION('',(#8090),#8094);
#8090 = LINE('',#8091,#8092);
#8091 = CARTESIAN_POINT('',(0.,200.));
#8092 = VECTOR('',#8093,1.);
#8093 = DIRECTION('',(1.,0.));
#8094 = ( GEOMETRIC_REPRESENTATION_CONTEXT(2) 
PARAMETRIC_REPRESENTATION_CONTEXT() REPRESENTATION_CONTEXT('2D SPACE',''
  ) );
#8095 = ORIENTED_EDGE('',*,*,#8096,.F.);
#8096 = EDGE_CURVE('',#8097,#8074,#8099,.T.);
#8097 = VERTEX_POINT('',#8098);
#8098 = CARTESIAN_POINT('',(160.62333407341,200.,1.575));
#8099 = SURFACE_CURVE('',#8100,(#8104,#8111),.PCURVE_S1.);
#8100 = LINE('',#8101,#8102);
#8101 = CARTESIAN_POINT('',(160.62333407341,200.,1.575));
#8102 = VECTOR('',#8103,1.);
#8103 = DIRECTION('',(0.,0.,1.));
#8104 = PCURVE('',#100,#8105);
#8105 = DEFINITIONAL_REPRESENTATION('',(#8106),#8110);
#8106 = LINE('',#8107,#8108);
#8107 = CARTESIAN_POINT('',(1.575,160.62333407341));
#8108 = VECTOR('',#8109,1.);
#8109 = DIRECTION('',(1.,0.));
#8110 = ( GEOMETRIC_REPRESENTATION_CONTEXT(2) 
PARAMETRIC_REPRESENTATION_CONTEXT() REPRESENTATION_CONTEXT('2D SPACE',''
  ) );
#8111 = PCURVE('',#3904,#8112);
#8112 = DEFINITIONAL_REPRESENTATION('',(#8113),#8117);
#8113 = LINE('',#8114,#8115);
#8114 = CARTESIAN_POINT('',(0.,-200.));
#8115 = VECTOR('',#8116,1.);
#8116 = DIRECTION('',(1.,0.));
#8117 = ( GEOMETRIC_REPRESENTATION_CONTEXT(2) 
PARAMETRIC_REPRESENTATION_CONTEXT() REPRESENTATION_CONTEXT('2D SPACE',''
  ) );
#8118 = ORIENTED_EDGE('',*,*,#8119,.T.);
#8119 = EDGE_CURVE('',#8097,#8120,#8122,.T.);
#8120 = VERTEX_POINT('',#8121);
#8121 = CARTESIAN_POINT('',(164.37666592658,200.,1.575));
#8122 = SURFACE_CURVE('',#8123,(#8128,#8139),.PCURVE_S1.);
#8123 = CIRCLE('',#8124,2.45);
#8124 = AXIS2_PLACEMENT_3D('',#8125,#8126,#8127);
#8125 = CARTESIAN_POINT('',(162.5,200.,3.15));
#8126 = DIRECTION('',(0.,-1.,0.));
#8127 = DIRECTION('',(1.,0.,-6.162870667307E-15));
#8128 = PCURVE('',#100,#8129);
#8129 = DEFINITIONAL_REPRESENTATION('',(#8130),#8138);
#8130 = ( BOUNDED_CURVE() B_SPLINE_CURVE(2,(#8131,#8132,#8133,#8134,
#8135,#8136,#8137),.UNSPECIFIED.,.T.,.F.) B_SPLINE_CURVE_WITH_KNOTS((1,2
    ,2,2,2,1),(-2.094395102393,0.,2.094395102393,4.188790204786,
6.28318530718,8.377580409573),.UNSPECIFIED.) CURVE() 
GEOMETRIC_REPRESENTATION_ITEM() RATIONAL_B_SPLINE_CURVE((1.,0.5,1.,0.5,
1.,0.5,1.)) REPRESENTATION_ITEM('') );
#8131 = CARTESIAN_POINT('',(3.15,164.95));
#8132 = CARTESIAN_POINT('',(7.393524478544,164.95));
#8133 = CARTESIAN_POINT('',(5.271762239272,161.275));
#8134 = CARTESIAN_POINT('',(3.15,157.6));
#8135 = CARTESIAN_POINT('',(1.028237760728,161.275));
#8136 = CARTESIAN_POINT('',(-1.093524478544,164.95));
#8137 = CARTESIAN_POINT('',(3.15,164.95));
#8138 = ( GEOMETRIC_REPRESENTATION_CONTEXT(2) 
PARAMETRIC_REPRESENTATION_CONTEXT() REPRESENTATION_CONTEXT('2D SPACE',''
  ) );
#8139 = PCURVE('',#3933,#8140);
#8140 = DEFINITIONAL_REPRESENTATION('',(#8141),#8145);
#8141 = LINE('',#8142,#8143);
#8142 = CARTESIAN_POINT('',(-0.,-7.999999525055E-07));
#8143 = VECTOR('',#8144,1.);
#8144 = DIRECTION('',(-1.,-0.));
#8145 = ( GEOMETRIC_REPRESENTATION_CONTEXT(2) 
PARAMETRIC_REPRESENTATION_CONTEXT() REPRESENTATION_CONTEXT('2D SPACE',''
  ) );
#8146 = ORIENTED_EDGE('',*,*,#8147,.T.);
#8147 = EDGE_CURVE('',#8120,#8148,#8150,.T.);
#8148 = VERTEX_POINT('',#8149);
#8149 = CARTESIAN_POINT('',(164.37666592658,200.,4.575));
#8150 = SURFACE_CURVE('',#8151,(#8155,#8162),.PCURVE_S1.);
#8151 = LINE('',#8152,#8153);
#8152 = CARTESIAN_POINT('',(164.37666592658,200.,1.575));
#8153 = VECTOR('',#8154,1.);
#8154 = DIRECTION('',(0.,0.,1.));
#8155 = PCURVE('',#100,#8156);
#8156 = DEFINITIONAL_REPRESENTATION('',(#8157),#8161);
#8157 = LINE('',#8158,#8159);
#8158 = CARTESIAN_POINT('',(1.575,164.37666592658));
#8159 = VECTOR('',#8160,1.);
#8160 = DIRECTION('',(1.,0.));
#8161 = ( GEOMETRIC_REPRESENTATION_CONTEXT(2) 
PARAMETRIC_REPRESENTATION_CONTEXT() REPRESENTATION_CONTEXT('2D SPACE',''
  ) );
#8162 = PCURVE('',#3961,#8163);
#8163 = DEFINITIONAL_REPRESENTATION('',(#8164),#8168);
#8164 = LINE('',#8165,#8166);
#8165 = CARTESIAN_POINT('',(0.,-200.));
#8166 = VECTOR('',#8167,1.);
#8167 = DIRECTION('',(1.,0.));
#8168 = ( GEOMETRIC_REPRESENTATION_CONTEXT(2) 
PARAMETRIC_REPRESENTATION_CONTEXT() REPRESENTATION_CONTEXT('2D SPACE',''
  ) );
#8169 = ORIENTED_EDGE('',*,*,#8170,.T.);
#8170 = EDGE_CURVE('',#8148,#8171,#8173,.T.);
#8171 = VERTEX_POINT('',#8172);
#8172 = CARTESIAN_POINT('',(165.62333407341,200.,4.575));
#8173 = SURFACE_CURVE('',#8174,(#8178,#8185),.PCURVE_S1.);
#8174 = LINE('',#8175,#8176);
#8175 = CARTESIAN_POINT('',(164.37666592658,200.,4.575));
#8176 = VECTOR('',#8177,1.);
#8177 = DIRECTION('',(1.,0.,0.));
#8178 = PCURVE('',#100,#8179);
#8179 = DEFINITIONAL_REPRESENTATION('',(#8180),#8184);
#8180 = LINE('',#8181,#8182);
#8181 = CARTESIAN_POINT('',(4.575,164.37666592658));
#8182 = VECTOR('',#8183,1.);
#8183 = DIRECTION('',(0.,1.));
#8184 = ( GEOMETRIC_REPRESENTATION_CONTEXT(2) 
PARAMETRIC_REPRESENTATION_CONTEXT() REPRESENTATION_CONTEXT('2D SPACE',''
  ) );
#8185 = PCURVE('',#3989,#8186);
#8186 = DEFINITIONAL_REPRESENTATION('',(#8187),#8191);
#8187 = LINE('',#8188,#8189);
#8188 = CARTESIAN_POINT('',(0.,200.));
#8189 = VECTOR('',#8190,1.);
#8190 = DIRECTION('',(1.,0.));
#8191 = ( GEOMETRIC_REPRESENTATION_CONTEXT(2) 
PARAMETRIC_REPRESENTATION_CONTEXT() REPRESENTATION_CONTEXT('2D SPACE',''
  ) );
#8192 = ORIENTED_EDGE('',*,*,#8193,.F.);
#8193 = EDGE_CURVE('',#8194,#8171,#8196,.T.);
#8194 = VERTEX_POINT('',#8195);
#8195 = CARTESIAN_POINT('',(165.62333407341,200.,1.575));
#8196 = SURFACE_CURVE('',#8197,(#8201,#8208),.PCURVE_S1.);
#8197 = LINE('',#8198,#8199);
#8198 = CARTESIAN_POINT('',(165.62333407341,200.,1.575));
#8199 = VECTOR('',#8200,1.);
#8200 = DIRECTION('',(0.,0.,1.));
#8201 = PCURVE('',#100,#8202);
#8202 = DEFINITIONAL_REPRESENTATION('',(#8203),#8207);
#8203 = LINE('',#8204,#8205);
#8204 = CARTESIAN_POINT('',(1.575,165.62333407341));
#8205 = VECTOR('',#8206,1.);
#8206 = DIRECTION('',(1.,0.));
#8207 = ( GEOMETRIC_REPRESENTATION_CONTEXT(2) 
PARAMETRIC_REPRESENTATION_CONTEXT() REPRESENTATION_CONTEXT('2D SPACE',''
  ) );
#8208 = PCURVE('',#4017,#8209);
#8209 = DEFINITIONAL_REPRESENTATION('',(#8210),#8214);
#8210 = LINE('',#8211,#8212);
#8211 = CARTESIAN_POINT('',(0.,-200.));
#8212 = VECTOR('',#8213,1.);
#8213 = DIRECTION('',(1.,0.));
#8214 = ( GEOMETRIC_REPRESENTATION_CONTEXT(2) 
PARAMETRIC_REPRESENTATION_CONTEXT() REPRESENTATION_CONTEXT('2D SPACE',''
  ) );
#8215 = ORIENTED_EDGE('',*,*,#8216,.T.);
#8216 = EDGE_CURVE('',#8194,#8217,#8219,.T.);
#8217 = VERTEX_POINT('',#8218);
#8218 = CARTESIAN_POINT('',(169.37666592658,200.,1.575));
#8219 = SURFACE_CURVE('',#8220,(#8225,#8236),.PCURVE_S1.);
#8220 = CIRCLE('',#8221,2.45);
#8221 = AXIS2_PLACEMENT_3D('',#8222,#8223,#8224);
#8222 = CARTESIAN_POINT('',(167.5,200.,3.15));
#8223 = DIRECTION('',(0.,-1.,0.));
#8224 = DIRECTION('',(1.,0.,-6.162870667307E-15));
#8225 = PCURVE('',#100,#8226);
#8226 = DEFINITIONAL_REPRESENTATION('',(#8227),#8235);
#8227 = ( BOUNDED_CURVE() B_SPLINE_CURVE(2,(#8228,#8229,#8230,#8231,
#8232,#8233,#8234),.UNSPECIFIED.,.T.,.F.) B_SPLINE_CURVE_WITH_KNOTS((1,2
    ,2,2,2,1),(-2.094395102393,0.,2.094395102393,4.188790204786,
6.28318530718,8.377580409573),.UNSPECIFIED.) CURVE() 
GEOMETRIC_REPRESENTATION_ITEM() RATIONAL_B_SPLINE_CURVE((1.,0.5,1.,0.5,
1.,0.5,1.)) REPRESENTATION_ITEM('') );
#8228 = CARTESIAN_POINT('',(3.15,169.95));
#8229 = CARTESIAN_POINT('',(7.393524478544,169.95));
#8230 = CARTESIAN_POINT('',(5.271762239272,166.275));
#8231 = CARTESIAN_POINT('',(3.15,162.6));
#8232 = CARTESIAN_POINT('',(1.028237760728,166.275));
#8233 = CARTESIAN_POINT('',(-1.093524478544,169.95));
#8234 = CARTESIAN_POINT('',(3.15,169.95));
#8235 = ( GEOMETRIC_REPRESENTATION_CONTEXT(2) 
PARAMETRIC_REPRESENTATION_CONTEXT() REPRESENTATION_CONTEXT('2D SPACE',''
  ) );
#8236 = PCURVE('',#4046,#8237);
#8237 = DEFINITIONAL_REPRESENTATION('',(#8238),#8242);
#8238 = LINE('',#8239,#8240);
#8239 = CARTESIAN_POINT('',(-0.,-7.999999525055E-07));
#8240 = VECTOR('',#8241,1.);
#8241 = DIRECTION('',(-1.,-0.));
#8242 = ( GEOMETRIC_REPRESENTATION_CONTEXT(2) 
PARAMETRIC_REPRESENTATION_CONTEXT() REPRESENTATION_CONTEXT('2D SPACE',''
  ) );
#8243 = ORIENTED_EDGE('',*,*,#8244,.T.);
#8244 = EDGE_CURVE('',#8217,#8245,#8247,.T.);
#8245 = VERTEX_POINT('',#8246);
#8246 = CARTESIAN_POINT('',(169.37666592658,200.,4.575));
#8247 = SURFACE_CURVE('',#8248,(#8252,#8259),.PCURVE_S1.);
#8248 = LINE('',#8249,#8250);
#8249 = CARTESIAN_POINT('',(169.37666592658,200.,1.575));
#8250 = VECTOR('',#8251,1.);
#8251 = DIRECTION('',(0.,0.,1.));
#8252 = PCURVE('',#100,#8253);
#8253 = DEFINITIONAL_REPRESENTATION('',(#8254),#8258);
#8254 = LINE('',#8255,#8256);
#8255 = CARTESIAN_POINT('',(1.575,169.37666592658));
#8256 = VECTOR('',#8257,1.);
#8257 = DIRECTION('',(1.,0.));
#8258 = ( GEOMETRIC_REPRESENTATION_CONTEXT(2) 
PARAMETRIC_REPRESENTATION_CONTEXT() REPRESENTATION_CONTEXT('2D SPACE',''
  ) );
#8259 = PCURVE('',#4074,#8260);
#8260 = DEFINITIONAL_REPRESENTATION('',(#8261),#8265);
#8261 = LINE('',#8262,#8263);
#8262 = CARTESIAN_POINT('',(0.,-200.));
#8263 = VECTOR('',#8264,1.);
#8264 = DIRECTION('',(1.,0.));
#8265 = ( GEOMETRIC_REPRESENTATION_CONTEXT(2) 
PARAMETRIC_REPRESENTATION_CONTEXT() REPRESENTATION_CONTEXT('2D SPACE',''
  ) );
#8266 = ORIENTED_EDGE('',*,*,#8267,.T.);
#8267 = EDGE_CURVE('',#8245,#8268,#8270,.T.);
#8268 = VERTEX_POINT('',#8269);
#8269 = CARTESIAN_POINT('',(170.62333407341,200.,4.575));
#8270 = SURFACE_CURVE('',#8271,(#8275,#8282),.PCURVE_S1.);
#8271 = LINE('',#8272,#8273);
#8272 = CARTESIAN_POINT('',(169.37666592658,200.,4.575));
#8273 = VECTOR('',#8274,1.);
#8274 = DIRECTION('',(1.,0.,0.));
#8275 = PCURVE('',#100,#8276);
#8276 = DEFINITIONAL_REPRESENTATION('',(#8277),#8281);
#8277 = LINE('',#8278,#8279);
#8278 = CARTESIAN_POINT('',(4.575,169.37666592658));
#8279 = VECTOR('',#8280,1.);
#8280 = DIRECTION('',(0.,1.));
#8281 = ( GEOMETRIC_REPRESENTATION_CONTEXT(2) 
PARAMETRIC_REPRESENTATION_CONTEXT() REPRESENTATION_CONTEXT('2D SPACE',''
  ) );
#8282 = PCURVE('',#4102,#8283);
#8283 = DEFINITIONAL_REPRESENTATION('',(#8284),#8288);
#8284 = LINE('',#8285,#8286);
#8285 = CARTESIAN_POINT('',(0.,200.));
#8286 = VECTOR('',#8287,1.);
#8287 = DIRECTION('',(1.,0.));
#8288 = ( GEOMETRIC_REPRESENTATION_CONTEXT(2) 
PARAMETRIC_REPRESENTATION_CONTEXT() REPRESENTATION_CONTEXT('2D SPACE',''
  ) );
#8289 = ORIENTED_EDGE('',*,*,#8290,.F.);
#8290 = EDGE_CURVE('',#8291,#8268,#8293,.T.);
#8291 = VERTEX_POINT('',#8292);
#8292 = CARTESIAN_POINT('',(170.62333407341,200.,1.575));
#8293 = SURFACE_CURVE('',#8294,(#8298,#8305),.PCURVE_S1.);
#8294 = LINE('',#8295,#8296);
#8295 = CARTESIAN_POINT('',(170.62333407341,200.,1.575));
#8296 = VECTOR('',#8297,1.);
#8297 = DIRECTION('',(0.,0.,1.));
#8298 = PCURVE('',#100,#8299);
#8299 = DEFINITIONAL_REPRESENTATION('',(#8300),#8304);
#8300 = LINE('',#8301,#8302);
#8301 = CARTESIAN_POINT('',(1.575,170.62333407341));
#8302 = VECTOR('',#8303,1.);
#8303 = DIRECTION('',(1.,0.));
#8304 = ( GEOMETRIC_REPRESENTATION_CONTEXT(2) 
PARAMETRIC_REPRESENTATION_CONTEXT() REPRESENTATION_CONTEXT('2D SPACE',''
  ) );
#8305 = PCURVE('',#4130,#8306);
#8306 = DEFINITIONAL_REPRESENTATION('',(#8307),#8311);
#8307 = LINE('',#8308,#8309);
#8308 = CARTESIAN_POINT('',(0.,-200.));
#8309 = VECTOR('',#8310,1.);
#8310 = DIRECTION('',(1.,0.));
#8311 = ( GEOMETRIC_REPRESENTATION_CONTEXT(2) 
PARAMETRIC_REPRESENTATION_CONTEXT() REPRESENTATION_CONTEXT('2D SPACE',''
  ) );
#8312 = ORIENTED_EDGE('',*,*,#8313,.T.);
#8313 = EDGE_CURVE('',#8291,#8314,#8316,.T.);
#8314 = VERTEX_POINT('',#8315);
#8315 = CARTESIAN_POINT('',(174.37666592658,200.,1.575));
#8316 = SURFACE_CURVE('',#8317,(#8322,#8333),.PCURVE_S1.);
#8317 = CIRCLE('',#8318,2.45);
#8318 = AXIS2_PLACEMENT_3D('',#8319,#8320,#8321);
#8319 = CARTESIAN_POINT('',(172.5,200.,3.15));
#8320 = DIRECTION('',(0.,-1.,0.));
#8321 = DIRECTION('',(1.,0.,-6.162870667307E-15));
#8322 = PCURVE('',#100,#8323);
#8323 = DEFINITIONAL_REPRESENTATION('',(#8324),#8332);
#8324 = ( BOUNDED_CURVE() B_SPLINE_CURVE(2,(#8325,#8326,#8327,#8328,
#8329,#8330,#8331),.UNSPECIFIED.,.T.,.F.) B_SPLINE_CURVE_WITH_KNOTS((1,2
    ,2,2,2,1),(-2.094395102393,0.,2.094395102393,4.188790204786,
6.28318530718,8.377580409573),.UNSPECIFIED.) CURVE() 
GEOMETRIC_REPRESENTATION_ITEM() RATIONAL_B_SPLINE_CURVE((1.,0.5,1.,0.5,
1.,0.5,1.)) REPRESENTATION_ITEM('') );
#8325 = CARTESIAN_POINT('',(3.15,174.95));
#8326 = CARTESIAN_POINT('',(7.393524478544,174.95));
#8327 = CARTESIAN_POINT('',(5.271762239272,171.275));
#8328 = CARTESIAN_POINT('',(3.15,167.6));
#8329 = CARTESIAN_POINT('',(1.028237760728,171.275));
#8330 = CARTESIAN_POINT('',(-1.093524478544,174.95));
#8331 = CARTESIAN_POINT('',(3.15,174.95));
#8332 = ( GEOMETRIC_REPRESENTATION_CONTEXT(2) 
PARAMETRIC_REPRESENTATION_CONTEXT() REPRESENTATION_CONTEXT('2D SPACE',''
  ) );
#8333 = PCURVE('',#4159,#8334);
#8334 = DEFINITIONAL_REPRESENTATION('',(#8335),#8339);
#8335 = LINE('',#8336,#8337);
#8336 = CARTESIAN_POINT('',(-0.,-7.999999525055E-07));
#8337 = VECTOR('',#8338,1.);
#8338 = DIRECTION('',(-1.,-0.));
#8339 = ( GEOMETRIC_REPRESENTATION_CONTEXT(2) 
PARAMETRIC_REPRESENTATION_CONTEXT() REPRESENTATION_CONTEXT('2D SPACE',''
  ) );
#8340 = ORIENTED_EDGE('',*,*,#8341,.T.);
#8341 = EDGE_CURVE('',#8314,#8342,#8344,.T.);
#8342 = VERTEX_POINT('',#8343);
#8343 = CARTESIAN_POINT('',(174.37666592658,200.,4.575));
#8344 = SURFACE_CURVE('',#8345,(#8349,#8356),.PCURVE_S1.);
#8345 = LINE('',#8346,#8347);
#8346 = CARTESIAN_POINT('',(174.37666592658,200.,1.575));
#8347 = VECTOR('',#8348,1.);
#8348 = DIRECTION('',(0.,0.,1.));
#8349 = PCURVE('',#100,#8350);
#8350 = DEFINITIONAL_REPRESENTATION('',(#8351),#8355);
#8351 = LINE('',#8352,#8353);
#8352 = CARTESIAN_POINT('',(1.575,174.37666592658));
#8353 = VECTOR('',#8354,1.);
#8354 = DIRECTION('',(1.,0.));
#8355 = ( GEOMETRIC_REPRESENTATION_CONTEXT(2) 
PARAMETRIC_REPRESENTATION_CONTEXT() REPRESENTATION_CONTEXT('2D SPACE',''
  ) );
#8356 = PCURVE('',#4187,#8357);
#8357 = DEFINITIONAL_REPRESENTATION('',(#8358),#8362);
#8358 = LINE('',#8359,#8360);
#8359 = CARTESIAN_POINT('',(0.,-200.));
#8360 = VECTOR('',#8361,1.);
#8361 = DIRECTION('',(1.,0.));
#8362 = ( GEOMETRIC_REPRESENTATION_CONTEXT(2) 
PARAMETRIC_REPRESENTATION_CONTEXT() REPRESENTATION_CONTEXT('2D SPACE',''
  ) );
#8363 = ORIENTED_EDGE('',*,*,#8364,.T.);
#8364 = EDGE_CURVE('',#8342,#8365,#8367,.T.);
#8365 = VERTEX_POINT('',#8366);
#8366 = CARTESIAN_POINT('',(175.62333407341,200.,4.575));
#8367 = SURFACE_CURVE('',#8368,(#8372,#8379),.PCURVE_S1.);
#8368 = LINE('',#8369,#8370);
#8369 = CARTESIAN_POINT('',(174.37666592658,200.,4.575));
#8370 = VECTOR('',#8371,1.);
#8371 = DIRECTION('',(1.,0.,0.));
#8372 = PCURVE('',#100,#8373);
#8373 = DEFINITIONAL_REPRESENTATION('',(#8374),#8378);
#8374 = LINE('',#8375,#8376);
#8375 = CARTESIAN_POINT('',(4.575,174.37666592658));
#8376 = VECTOR('',#8377,1.);
#8377 = DIRECTION('',(0.,1.));
#8378 = ( GEOMETRIC_REPRESENTATION_CONTEXT(2) 
PARAMETRIC_REPRESENTATION_CONTEXT() REPRESENTATION_CONTEXT('2D SPACE',''
  ) );
#8379 = PCURVE('',#4215,#8380);
#8380 = DEFINITIONAL_REPRESENTATION('',(#8381),#8385);
#8381 = LINE('',#8382,#8383);
#8382 = CARTESIAN_POINT('',(0.,200.));
#8383 = VECTOR('',#8384,1.);
#8384 = DIRECTION('',(1.,0.));
#8385 = ( GEOMETRIC_REPRESENTATION_CONTEXT(2) 
PARAMETRIC_REPRESENTATION_CONTEXT() REPRESENTATION_CONTEXT('2D SPACE',''
  ) );
#8386 = ORIENTED_EDGE('',*,*,#8387,.F.);
#8387 = EDGE_CURVE('',#8388,#8365,#8390,.T.);
#8388 = VERTEX_POINT('',#8389);
#8389 = CARTESIAN_POINT('',(175.62333407341,200.,1.575));
#8390 = SURFACE_CURVE('',#8391,(#8395,#8402),.PCURVE_S1.);
#8391 = LINE('',#8392,#8393);
#8392 = CARTESIAN_POINT('',(175.62333407341,200.,1.575));
#8393 = VECTOR('',#8394,1.);
#8394 = DIRECTION('',(0.,0.,1.));
#8395 = PCURVE('',#100,#8396);
#8396 = DEFINITIONAL_REPRESENTATION('',(#8397),#8401);
#8397 = LINE('',#8398,#8399);
#8398 = CARTESIAN_POINT('',(1.575,175.62333407341));
#8399 = VECTOR('',#8400,1.);
#8400 = DIRECTION('',(1.,0.));
#8401 = ( GEOMETRIC_REPRESENTATION_CONTEXT(2) 
PARAMETRIC_REPRESENTATION_CONTEXT() REPRESENTATION_CONTEXT('2D SPACE',''
  ) );
#8402 = PCURVE('',#4243,#8403);
#8403 = DEFINITIONAL_REPRESENTATION('',(#8404),#8408);
#8404 = LINE('',#8405,#8406);
#8405 = CARTESIAN_POINT('',(0.,-200.));
#8406 = VECTOR('',#8407,1.);
#8407 = DIRECTION('',(1.,0.));
#8408 = ( GEOMETRIC_REPRESENTATION_CONTEXT(2) 
PARAMETRIC_REPRESENTATION_CONTEXT() REPRESENTATION_CONTEXT('2D SPACE',''
  ) );
#8409 = ORIENTED_EDGE('',*,*,#8410,.T.);
#8410 = EDGE_CURVE('',#8388,#8411,#8413,.T.);
#8411 = VERTEX_POINT('',#8412);
#8412 = CARTESIAN_POINT('',(179.37666592658,200.,1.575));
#8413 = SURFACE_CURVE('',#8414,(#8419,#8430),.PCURVE_S1.);
#8414 = CIRCLE('',#8415,2.45);
#8415 = AXIS2_PLACEMENT_3D('',#8416,#8417,#8418);
#8416 = CARTESIAN_POINT('',(177.5,200.,3.15));
#8417 = DIRECTION('',(0.,-1.,0.));
#8418 = DIRECTION('',(1.,0.,-6.162870667307E-15));
#8419 = PCURVE('',#100,#8420);
#8420 = DEFINITIONAL_REPRESENTATION('',(#8421),#8429);
#8421 = ( BOUNDED_CURVE() B_SPLINE_CURVE(2,(#8422,#8423,#8424,#8425,
#8426,#8427,#8428),.UNSPECIFIED.,.T.,.F.) B_SPLINE_CURVE_WITH_KNOTS((1,2
    ,2,2,2,1),(-2.094395102393,0.,2.094395102393,4.188790204786,
6.28318530718,8.377580409573),.UNSPECIFIED.) CURVE() 
GEOMETRIC_REPRESENTATION_ITEM() RATIONAL_B_SPLINE_CURVE((1.,0.5,1.,0.5,
1.,0.5,1.)) REPRESENTATION_ITEM('') );
#8422 = CARTESIAN_POINT('',(3.15,179.95));
#8423 = CARTESIAN_POINT('',(7.393524478544,179.95));
#8424 = CARTESIAN_POINT('',(5.271762239272,176.275));
#8425 = CARTESIAN_POINT('',(3.15,172.6));
#8426 = CARTESIAN_POINT('',(1.028237760728,176.275));
#8427 = CARTESIAN_POINT('',(-1.093524478544,179.95));
#8428 = CARTESIAN_POINT('',(3.15,179.95));
#8429 = ( GEOMETRIC_REPRESENTATION_CONTEXT(2) 
PARAMETRIC_REPRESENTATION_CONTEXT() REPRESENTATION_CONTEXT('2D SPACE',''
  ) );
#8430 = PCURVE('',#4272,#8431);
#8431 = DEFINITIONAL_REPRESENTATION('',(#8432),#8436);
#8432 = LINE('',#8433,#8434);
#8433 = CARTESIAN_POINT('',(-0.,-7.999999525055E-07));
#8434 = VECTOR('',#8435,1.);
#8435 = DIRECTION('',(-1.,-0.));
#8436 = ( GEOMETRIC_REPRESENTATION_CONTEXT(2) 
PARAMETRIC_REPRESENTATION_CONTEXT() REPRESENTATION_CONTEXT('2D SPACE',''
  ) );
#8437 = ORIENTED_EDGE('',*,*,#8438,.T.);
#8438 = EDGE_CURVE('',#8411,#8439,#8441,.T.);
#8439 = VERTEX_POINT('',#8440);
#8440 = CARTESIAN_POINT('',(179.37666592658,200.,4.575));
#8441 = SURFACE_CURVE('',#8442,(#8446,#8453),.PCURVE_S1.);
#8442 = LINE('',#8443,#8444);
#8443 = CARTESIAN_POINT('',(179.37666592658,200.,1.575));
#8444 = VECTOR('',#8445,1.);
#8445 = DIRECTION('',(0.,0.,1.));
#8446 = PCURVE('',#100,#8447);
#8447 = DEFINITIONAL_REPRESENTATION('',(#8448),#8452);
#8448 = LINE('',#8449,#8450);
#8449 = CARTESIAN_POINT('',(1.575,179.37666592658));
#8450 = VECTOR('',#8451,1.);
#8451 = DIRECTION('',(1.,0.));
#8452 = ( GEOMETRIC_REPRESENTATION_CONTEXT(2) 
PARAMETRIC_REPRESENTATION_CONTEXT() REPRESENTATION_CONTEXT('2D SPACE',''
  ) );
#8453 = PCURVE('',#4300,#8454);
#8454 = DEFINITIONAL_REPRESENTATION('',(#8455),#8459);
#8455 = LINE('',#8456,#8457);
#8456 = CARTESIAN_POINT('',(0.,-200.));
#8457 = VECTOR('',#8458,1.);
#8458 = DIRECTION('',(1.,0.));
#8459 = ( GEOMETRIC_REPRESENTATION_CONTEXT(2) 
PARAMETRIC_REPRESENTATION_CONTEXT() REPRESENTATION_CONTEXT('2D SPACE',''
  ) );
#8460 = ORIENTED_EDGE('',*,*,#8461,.T.);
#8461 = EDGE_CURVE('',#8439,#8462,#8464,.T.);
#8462 = VERTEX_POINT('',#8463);
#8463 = CARTESIAN_POINT('',(180.62333407341,200.,4.575));
#8464 = SURFACE_CURVE('',#8465,(#8469,#8476),.PCURVE_S1.);
#8465 = LINE('',#8466,#8467);
#8466 = CARTESIAN_POINT('',(179.37666592658,200.,4.575));
#8467 = VECTOR('',#8468,1.);
#8468 = DIRECTION('',(1.,0.,0.));
#8469 = PCURVE('',#100,#8470);
#8470 = DEFINITIONAL_REPRESENTATION('',(#8471),#8475);
#8471 = LINE('',#8472,#8473);
#8472 = CARTESIAN_POINT('',(4.575,179.37666592658));
#8473 = VECTOR('',#8474,1.);
#8474 = DIRECTION('',(0.,1.));
#8475 = ( GEOMETRIC_REPRESENTATION_CONTEXT(2) 
PARAMETRIC_REPRESENTATION_CONTEXT() REPRESENTATION_CONTEXT('2D SPACE',''
  ) );
#8476 = PCURVE('',#4328,#8477);
#8477 = DEFINITIONAL_REPRESENTATION('',(#8478),#8482);
#8478 = LINE('',#8479,#8480);
#8479 = CARTESIAN_POINT('',(0.,200.));
#8480 = VECTOR('',#8481,1.);
#8481 = DIRECTION('',(1.,0.));
#8482 = ( GEOMETRIC_REPRESENTATION_CONTEXT(2) 
PARAMETRIC_REPRESENTATION_CONTEXT() REPRESENTATION_CONTEXT('2D SPACE',''
  ) );
#8483 = ORIENTED_EDGE('',*,*,#8484,.F.);
#8484 = EDGE_CURVE('',#8485,#8462,#8487,.T.);
#8485 = VERTEX_POINT('',#8486);
#8486 = CARTESIAN_POINT('',(180.62333407341,200.,1.575));
#8487 = SURFACE_CURVE('',#8488,(#8492,#8499),.PCURVE_S1.);
#8488 = LINE('',#8489,#8490);
#8489 = CARTESIAN_POINT('',(180.62333407341,200.,1.575));
#8490 = VECTOR('',#8491,1.);
#8491 = DIRECTION('',(0.,0.,1.));
#8492 = PCURVE('',#100,#8493);
#8493 = DEFINITIONAL_REPRESENTATION('',(#8494),#8498);
#8494 = LINE('',#8495,#8496);
#8495 = CARTESIAN_POINT('',(1.575,180.62333407341));
#8496 = VECTOR('',#8497,1.);
#8497 = DIRECTION('',(1.,0.));
#8498 = ( GEOMETRIC_REPRESENTATION_CONTEXT(2) 
PARAMETRIC_REPRESENTATION_CONTEXT() REPRESENTATION_CONTEXT('2D SPACE',''
  ) );
#8499 = PCURVE('',#4356,#8500);
#8500 = DEFINITIONAL_REPRESENTATION('',(#8501),#8505);
#8501 = LINE('',#8502,#8503);
#8502 = CARTESIAN_POINT('',(0.,-200.));
#8503 = VECTOR('',#8504,1.);
#8504 = DIRECTION('',(1.,0.));
#8505 = ( GEOMETRIC_REPRESENTATION_CONTEXT(2) 
PARAMETRIC_REPRESENTATION_CONTEXT() REPRESENTATION_CONTEXT('2D SPACE',''
  ) );
#8506 = ORIENTED_EDGE('',*,*,#8507,.T.);
#8507 = EDGE_CURVE('',#8485,#8508,#8510,.T.);
#8508 = VERTEX_POINT('',#8509);
#8509 = CARTESIAN_POINT('',(184.37666592658,200.,1.575));
#8510 = SURFACE_CURVE('',#8511,(#8516,#8527),.PCURVE_S1.);
#8511 = CIRCLE('',#8512,2.45);
#8512 = AXIS2_PLACEMENT_3D('',#8513,#8514,#8515);
#8513 = CARTESIAN_POINT('',(182.5,200.,3.15));
#8514 = DIRECTION('',(0.,-1.,0.));
#8515 = DIRECTION('',(1.,0.,-6.162870667307E-15));
#8516 = PCURVE('',#100,#8517);
#8517 = DEFINITIONAL_REPRESENTATION('',(#8518),#8526);
#8518 = ( BOUNDED_CURVE() B_SPLINE_CURVE(2,(#8519,#8520,#8521,#8522,
#8523,#8524,#8525),.UNSPECIFIED.,.T.,.F.) B_SPLINE_CURVE_WITH_KNOTS((1,2
    ,2,2,2,1),(-2.094395102393,0.,2.094395102393,4.188790204786,
6.28318530718,8.377580409573),.UNSPECIFIED.) CURVE() 
GEOMETRIC_REPRESENTATION_ITEM() RATIONAL_B_SPLINE_CURVE((1.,0.5,1.,0.5,
1.,0.5,1.)) REPRESENTATION_ITEM('') );
#8519 = CARTESIAN_POINT('',(3.15,184.95));
#8520 = CARTESIAN_POINT('',(7.393524478544,184.95));
#8521 = CARTESIAN_POINT('',(5.271762239272,181.275));
#8522 = CARTESIAN_POINT('',(3.15,177.6));
#8523 = CARTESIAN_POINT('',(1.028237760728,181.275));
#8524 = CARTESIAN_POINT('',(-1.093524478544,184.95));
#8525 = CARTESIAN_POINT('',(3.15,184.95));
#8526 = ( GEOMETRIC_REPRESENTATION_CONTEXT(2) 
PARAMETRIC_REPRESENTATION_CONTEXT() REPRESENTATION_CONTEXT('2D SPACE',''
  ) );
#8527 = PCURVE('',#4385,#8528);
#8528 = DEFINITIONAL_REPRESENTATION('',(#8529),#8533);
#8529 = LINE('',#8530,#8531);
#8530 = CARTESIAN_POINT('',(-0.,-7.999999525055E-07));
#8531 = VECTOR('',#8532,1.);
#8532 = DIRECTION('',(-1.,-0.));
#8533 = ( GEOMETRIC_REPRESENTATION_CONTEXT(2) 
PARAMETRIC_REPRESENTATION_CONTEXT() REPRESENTATION_CONTEXT('2D SPACE',''
  ) );
#8534 = ORIENTED_EDGE('',*,*,#8535,.T.);
#8535 = EDGE_CURVE('',#8508,#8536,#8538,.T.);
#8536 = VERTEX_POINT('',#8537);
#8537 = CARTESIAN_POINT('',(184.37666592658,200.,4.575));
#8538 = SURFACE_CURVE('',#8539,(#8543,#8550),.PCURVE_S1.);
#8539 = LINE('',#8540,#8541);
#8540 = CARTESIAN_POINT('',(184.37666592658,200.,1.575));
#8541 = VECTOR('',#8542,1.);
#8542 = DIRECTION('',(0.,0.,1.));
#8543 = PCURVE('',#100,#8544);
#8544 = DEFINITIONAL_REPRESENTATION('',(#8545),#8549);
#8545 = LINE('',#8546,#8547);
#8546 = CARTESIAN_POINT('',(1.575,184.37666592658));
#8547 = VECTOR('',#8548,1.);
#8548 = DIRECTION('',(1.,0.));
#8549 = ( GEOMETRIC_REPRESENTATION_CONTEXT(2) 
PARAMETRIC_REPRESENTATION_CONTEXT() REPRESENTATION_CONTEXT('2D SPACE',''
  ) );
#8550 = PCURVE('',#4413,#8551);
#8551 = DEFINITIONAL_REPRESENTATION('',(#8552),#8556);
#8552 = LINE('',#8553,#8554);
#8553 = CARTESIAN_POINT('',(0.,-200.));
#8554 = VECTOR('',#8555,1.);
#8555 = DIRECTION('',(1.,0.));
#8556 = ( GEOMETRIC_REPRESENTATION_CONTEXT(2) 
PARAMETRIC_REPRESENTATION_CONTEXT() REPRESENTATION_CONTEXT('2D SPACE',''
  ) );
#8557 = ORIENTED_EDGE('',*,*,#8558,.T.);
#8558 = EDGE_CURVE('',#8536,#8559,#8561,.T.);
#8559 = VERTEX_POINT('',#8560);
#8560 = CARTESIAN_POINT('',(185.62333407341,200.,4.575));
#8561 = SURFACE_CURVE('',#8562,(#8566,#8573),.PCURVE_S1.);
#8562 = LINE('',#8563,#8564);
#8563 = CARTESIAN_POINT('',(184.37666592658,200.,4.575));
#8564 = VECTOR('',#8565,1.);
#8565 = DIRECTION('',(1.,0.,0.));
#8566 = PCURVE('',#100,#8567);
#8567 = DEFINITIONAL_REPRESENTATION('',(#8568),#8572);
#8568 = LINE('',#8569,#8570);
#8569 = CARTESIAN_POINT('',(4.575,184.37666592658));
#8570 = VECTOR('',#8571,1.);
#8571 = DIRECTION('',(0.,1.));
#8572 = ( GEOMETRIC_REPRESENTATION_CONTEXT(2) 
PARAMETRIC_REPRESENTATION_CONTEXT() REPRESENTATION_CONTEXT('2D SPACE',''
  ) );
#8573 = PCURVE('',#4441,#8574);
#8574 = DEFINITIONAL_REPRESENTATION('',(#8575),#8579);
#8575 = LINE('',#8576,#8577);
#8576 = CARTESIAN_POINT('',(0.,200.));
#8577 = VECTOR('',#8578,1.);
#8578 = DIRECTION('',(1.,0.));
#8579 = ( GEOMETRIC_REPRESENTATION_CONTEXT(2) 
PARAMETRIC_REPRESENTATION_CONTEXT() REPRESENTATION_CONTEXT('2D SPACE',''
  ) );
#8580 = ORIENTED_EDGE('',*,*,#8581,.F.);
#8581 = EDGE_CURVE('',#8582,#8559,#8584,.T.);
#8582 = VERTEX_POINT('',#8583);
#8583 = CARTESIAN_POINT('',(185.62333407341,200.,1.575));
#8584 = SURFACE_CURVE('',#8585,(#8589,#8596),.PCURVE_S1.);
#8585 = LINE('',#8586,#8587);
#8586 = CARTESIAN_POINT('',(185.62333407341,200.,1.575));
#8587 = VECTOR('',#8588,1.);
#8588 = DIRECTION('',(0.,0.,1.));
#8589 = PCURVE('',#100,#8590);
#8590 = DEFINITIONAL_REPRESENTATION('',(#8591),#8595);
#8591 = LINE('',#8592,#8593);
#8592 = CARTESIAN_POINT('',(1.575,185.62333407341));
#8593 = VECTOR('',#8594,1.);
#8594 = DIRECTION('',(1.,0.));
#8595 = ( GEOMETRIC_REPRESENTATION_CONTEXT(2) 
PARAMETRIC_REPRESENTATION_CONTEXT() REPRESENTATION_CONTEXT('2D SPACE',''
  ) );
#8596 = PCURVE('',#4469,#8597);
#8597 = DEFINITIONAL_REPRESENTATION('',(#8598),#8602);
#8598 = LINE('',#8599,#8600);
#8599 = CARTESIAN_POINT('',(0.,-200.));
#8600 = VECTOR('',#8601,1.);
#8601 = DIRECTION('',(1.,0.));
#8602 = ( GEOMETRIC_REPRESENTATION_CONTEXT(2) 
PARAMETRIC_REPRESENTATION_CONTEXT() REPRESENTATION_CONTEXT('2D SPACE',''
  ) );
#8603 = ORIENTED_EDGE('',*,*,#8604,.T.);
#8604 = EDGE_CURVE('',#8582,#8605,#8607,.T.);
#8605 = VERTEX_POINT('',#8606);
#8606 = CARTESIAN_POINT('',(189.37666592658,200.,1.575));
#8607 = SURFACE_CURVE('',#8608,(#8613,#8624),.PCURVE_S1.);
#8608 = CIRCLE('',#8609,2.45);
#8609 = AXIS2_PLACEMENT_3D('',#8610,#8611,#8612);
#8610 = CARTESIAN_POINT('',(187.5,200.,3.15));
#8611 = DIRECTION('',(0.,-1.,0.));
#8612 = DIRECTION('',(1.,0.,-6.162870667307E-15));
#8613 = PCURVE('',#100,#8614);
#8614 = DEFINITIONAL_REPRESENTATION('',(#8615),#8623);
#8615 = ( BOUNDED_CURVE() B_SPLINE_CURVE(2,(#8616,#8617,#8618,#8619,
#8620,#8621,#8622),.UNSPECIFIED.,.T.,.F.) B_SPLINE_CURVE_WITH_KNOTS((1,2
    ,2,2,2,1),(-2.094395102393,0.,2.094395102393,4.188790204786,
6.28318530718,8.377580409573),.UNSPECIFIED.) CURVE() 
GEOMETRIC_REPRESENTATION_ITEM() RATIONAL_B_SPLINE_CURVE((1.,0.5,1.,0.5,
1.,0.5,1.)) REPRESENTATION_ITEM('') );
#8616 = CARTESIAN_POINT('',(3.15,189.95));
#8617 = CARTESIAN_POINT('',(7.393524478544,189.95));
#8618 = CARTESIAN_POINT('',(5.271762239272,186.275));
#8619 = CARTESIAN_POINT('',(3.15,182.6));
#8620 = CARTESIAN_POINT('',(1.028237760728,186.275));
#8621 = CARTESIAN_POINT('',(-1.093524478544,189.95));
#8622 = CARTESIAN_POINT('',(3.15,189.95));
#8623 = ( GEOMETRIC_REPRESENTATION_CONTEXT(2) 
PARAMETRIC_REPRESENTATION_CONTEXT() REPRESENTATION_CONTEXT('2D SPACE',''
  ) );
#8624 = PCURVE('',#4498,#8625);
#8625 = DEFINITIONAL_REPRESENTATION('',(#8626),#8630);
#8626 = LINE('',#8627,#8628);
#8627 = CARTESIAN_POINT('',(-0.,-7.999999525055E-07));
#8628 = VECTOR('',#8629,1.);
#8629 = DIRECTION('',(-1.,-0.));
#8630 = ( GEOMETRIC_REPRESENTATION_CONTEXT(2) 
PARAMETRIC_REPRESENTATION_CONTEXT() REPRESENTATION_CONTEXT('2D SPACE',''
  ) );
#8631 = ORIENTED_EDGE('',*,*,#8632,.T.);
#8632 = EDGE_CURVE('',#8605,#8633,#8635,.T.);
#8633 = VERTEX_POINT('',#8634);
#8634 = CARTESIAN_POINT('',(189.37666592658,200.,4.575));
#8635 = SURFACE_CURVE('',#8636,(#8640,#8647),.PCURVE_S1.);
#8636 = LINE('',#8637,#8638);
#8637 = CARTESIAN_POINT('',(189.37666592658,200.,1.575));
#8638 = VECTOR('',#8639,1.);
#8639 = DIRECTION('',(0.,0.,1.));
#8640 = PCURVE('',#100,#8641);
#8641 = DEFINITIONAL_REPRESENTATION('',(#8642),#8646);
#8642 = LINE('',#8643,#8644);
#8643 = CARTESIAN_POINT('',(1.575,189.37666592658));
#8644 = VECTOR('',#8645,1.);
#8645 = DIRECTION('',(1.,0.));
#8646 = ( GEOMETRIC_REPRESENTATION_CONTEXT(2) 
PARAMETRIC_REPRESENTATION_CONTEXT() REPRESENTATION_CONTEXT('2D SPACE',''
  ) );
#8647 = PCURVE('',#4526,#8648);
#8648 = DEFINITIONAL_REPRESENTATION('',(#8649),#8653);
#8649 = LINE('',#8650,#8651);
#8650 = CARTESIAN_POINT('',(0.,-200.));
#8651 = VECTOR('',#8652,1.);
#8652 = DIRECTION('',(1.,0.));
#8653 = ( GEOMETRIC_REPRESENTATION_CONTEXT(2) 
PARAMETRIC_REPRESENTATION_CONTEXT() REPRESENTATION_CONTEXT('2D SPACE',''
  ) );
#8654 = ORIENTED_EDGE('',*,*,#8655,.T.);
#8655 = EDGE_CURVE('',#8633,#8656,#8658,.T.);
#8656 = VERTEX_POINT('',#8657);
#8657 = CARTESIAN_POINT('',(190.62333407341,200.,4.575));
#8658 = SURFACE_CURVE('',#8659,(#8663,#8670),.PCURVE_S1.);
#8659 = LINE('',#8660,#8661);
#8660 = CARTESIAN_POINT('',(189.37666592658,200.,4.575));
#8661 = VECTOR('',#8662,1.);
#8662 = DIRECTION('',(1.,0.,0.));
#8663 = PCURVE('',#100,#8664);
#8664 = DEFINITIONAL_REPRESENTATION('',(#8665),#8669);
#8665 = LINE('',#8666,#8667);
#8666 = CARTESIAN_POINT('',(4.575,189.37666592658));
#8667 = VECTOR('',#8668,1.);
#8668 = DIRECTION('',(0.,1.));
#8669 = ( GEOMETRIC_REPRESENTATION_CONTEXT(2) 
PARAMETRIC_REPRESENTATION_CONTEXT() REPRESENTATION_CONTEXT('2D SPACE',''
  ) );
#8670 = PCURVE('',#4554,#8671);
#8671 = DEFINITIONAL_REPRESENTATION('',(#8672),#8676);
#8672 = LINE('',#8673,#8674);
#8673 = CARTESIAN_POINT('',(0.,200.));
#8674 = VECTOR('',#8675,1.);
#8675 = DIRECTION('',(1.,0.));
#8676 = ( GEOMETRIC_REPRESENTATION_CONTEXT(2) 
PARAMETRIC_REPRESENTATION_CONTEXT() REPRESENTATION_CONTEXT('2D SPACE',''
  ) );
#8677 = ORIENTED_EDGE('',*,*,#8678,.F.);
#8678 = EDGE_CURVE('',#8679,#8656,#8681,.T.);
#8679 = VERTEX_POINT('',#8680);
#8680 = CARTESIAN_POINT('',(190.62333407341,200.,1.575));
#8681 = SURFACE_CURVE('',#8682,(#8686,#8693),.PCURVE_S1.);
#8682 = LINE('',#8683,#8684);
#8683 = CARTESIAN_POINT('',(190.62333407341,200.,1.575));
#8684 = VECTOR('',#8685,1.);
#8685 = DIRECTION('',(0.,0.,1.));
#8686 = PCURVE('',#100,#8687);
#8687 = DEFINITIONAL_REPRESENTATION('',(#8688),#8692);
#8688 = LINE('',#8689,#8690);
#8689 = CARTESIAN_POINT('',(1.575,190.62333407341));
#8690 = VECTOR('',#8691,1.);
#8691 = DIRECTION('',(1.,0.));
#8692 = ( GEOMETRIC_REPRESENTATION_CONTEXT(2) 
PARAMETRIC_REPRESENTATION_CONTEXT() REPRESENTATION_CONTEXT('2D SPACE',''
  ) );
#8693 = PCURVE('',#4582,#8694);
#8694 = DEFINITIONAL_REPRESENTATION('',(#8695),#8699);
#8695 = LINE('',#8696,#8697);
#8696 = CARTESIAN_POINT('',(0.,-200.));
#8697 = VECTOR('',#8698,1.);
#8698 = DIRECTION('',(1.,0.));
#8699 = ( GEOMETRIC_REPRESENTATION_CONTEXT(2) 
PARAMETRIC_REPRESENTATION_CONTEXT() REPRESENTATION_CONTEXT('2D SPACE',''
  ) );
#8700 = ORIENTED_EDGE('',*,*,#8701,.T.);
#8701 = EDGE_CURVE('',#8679,#8702,#8704,.T.);
#8702 = VERTEX_POINT('',#8703);
#8703 = CARTESIAN_POINT('',(194.37666592658,200.,1.575));
#8704 = SURFACE_CURVE('',#8705,(#8710,#8721),.PCURVE_S1.);
#8705 = CIRCLE('',#8706,2.45);
#8706 = AXIS2_PLACEMENT_3D('',#8707,#8708,#8709);
#8707 = CARTESIAN_POINT('',(192.5,200.,3.15));
#8708 = DIRECTION('',(0.,-1.,0.));
#8709 = DIRECTION('',(1.,0.,-6.162870667307E-15));
#8710 = PCURVE('',#100,#8711);
#8711 = DEFINITIONAL_REPRESENTATION('',(#8712),#8720);
#8712 = ( BOUNDED_CURVE() B_SPLINE_CURVE(2,(#8713,#8714,#8715,#8716,
#8717,#8718,#8719),.UNSPECIFIED.,.T.,.F.) B_SPLINE_CURVE_WITH_KNOTS((1,2
    ,2,2,2,1),(-2.094395102393,0.,2.094395102393,4.188790204786,
6.28318530718,8.377580409573),.UNSPECIFIED.) CURVE() 
GEOMETRIC_REPRESENTATION_ITEM() RATIONAL_B_SPLINE_CURVE((1.,0.5,1.,0.5,
1.,0.5,1.)) REPRESENTATION_ITEM('') );
#8713 = CARTESIAN_POINT('',(3.15,194.95));
#8714 = CARTESIAN_POINT('',(7.393524478544,194.95));
#8715 = CARTESIAN_POINT('',(5.271762239272,191.275));
#8716 = CARTESIAN_POINT('',(3.15,187.6));
#8717 = CARTESIAN_POINT('',(1.028237760728,191.275));
#8718 = CARTESIAN_POINT('',(-1.093524478544,194.95));
#8719 = CARTESIAN_POINT('',(3.15,194.95));
#8720 = ( GEOMETRIC_REPRESENTATION_CONTEXT(2) 
PARAMETRIC_REPRESENTATION_CONTEXT() REPRESENTATION_CONTEXT('2D SPACE',''
  ) );
#8721 = PCURVE('',#4611,#8722);
#8722 = DEFINITIONAL_REPRESENTATION('',(#8723),#8727);
#8723 = LINE('',#8724,#8725);
#8724 = CARTESIAN_POINT('',(-0.,-7.999999525055E-07));
#8725 = VECTOR('',#8726,1.);
#8726 = DIRECTION('',(-1.,-0.));
#8727 = ( GEOMETRIC_REPRESENTATION_CONTEXT(2) 
PARAMETRIC_REPRESENTATION_CONTEXT() REPRESENTATION_CONTEXT('2D SPACE',''
  ) );
#8728 = ORIENTED_EDGE('',*,*,#8729,.T.);
#8729 = EDGE_CURVE('',#8702,#8730,#8732,.T.);
#8730 = VERTEX_POINT('',#8731);
#8731 = CARTESIAN_POINT('',(194.37666592658,200.,4.575));
#8732 = SURFACE_CURVE('',#8733,(#8737,#8744),.PCURVE_S1.);
#8733 = LINE('',#8734,#8735);
#8734 = CARTESIAN_POINT('',(194.37666592658,200.,1.575));
#8735 = VECTOR('',#8736,1.);
#8736 = DIRECTION('',(0.,0.,1.));
#8737 = PCURVE('',#100,#8738);
#8738 = DEFINITIONAL_REPRESENTATION('',(#8739),#8743);
#8739 = LINE('',#8740,#8741);
#8740 = CARTESIAN_POINT('',(1.575,194.37666592658));
#8741 = VECTOR('',#8742,1.);
#8742 = DIRECTION('',(1.,0.));
#8743 = ( GEOMETRIC_REPRESENTATION_CONTEXT(2) 
PARAMETRIC_REPRESENTATION_CONTEXT() REPRESENTATION_CONTEXT('2D SPACE',''
  ) );
#8744 = PCURVE('',#4639,#8745);
#8745 = DEFINITIONAL_REPRESENTATION('',(#8746),#8750);
#8746 = LINE('',#8747,#8748);
#8747 = CARTESIAN_POINT('',(0.,-200.));
#8748 = VECTOR('',#8749,1.);
#8749 = DIRECTION('',(1.,0.));
#8750 = ( GEOMETRIC_REPRESENTATION_CONTEXT(2) 
PARAMETRIC_REPRESENTATION_CONTEXT() REPRESENTATION_CONTEXT('2D SPACE',''
  ) );
#8751 = ORIENTED_EDGE('',*,*,#8752,.T.);
#8752 = EDGE_CURVE('',#8730,#8753,#8755,.T.);
#8753 = VERTEX_POINT('',#8754);
#8754 = CARTESIAN_POINT('',(195.62333407341,200.,4.575));
#8755 = SURFACE_CURVE('',#8756,(#8760,#8767),.PCURVE_S1.);
#8756 = LINE('',#8757,#8758);
#8757 = CARTESIAN_POINT('',(194.37666592658,200.,4.575));
#8758 = VECTOR('',#8759,1.);
#8759 = DIRECTION('',(1.,0.,0.));
#8760 = PCURVE('',#100,#8761);
#8761 = DEFINITIONAL_REPRESENTATION('',(#8762),#8766);
#8762 = LINE('',#8763,#8764);
#8763 = CARTESIAN_POINT('',(4.575,194.37666592658));
#8764 = VECTOR('',#8765,1.);
#8765 = DIRECTION('',(0.,1.));
#8766 = ( GEOMETRIC_REPRESENTATION_CONTEXT(2) 
PARAMETRIC_REPRESENTATION_CONTEXT() REPRESENTATION_CONTEXT('2D SPACE',''
  ) );
#8767 = PCURVE('',#4667,#8768);
#8768 = DEFINITIONAL_REPRESENTATION('',(#8769),#8773);
#8769 = LINE('',#8770,#8771);
#8770 = CARTESIAN_POINT('',(0.,200.));
#8771 = VECTOR('',#8772,1.);
#8772 = DIRECTION('',(1.,0.));
#8773 = ( GEOMETRIC_REPRESENTATION_CONTEXT(2) 
PARAMETRIC_REPRESENTATION_CONTEXT() REPRESENTATION_CONTEXT('2D SPACE',''
  ) );
#8774 = ORIENTED_EDGE('',*,*,#8775,.F.);
#8775 = EDGE_CURVE('',#8776,#8753,#8778,.T.);
#8776 = VERTEX_POINT('',#8777);
#8777 = CARTESIAN_POINT('',(195.62333407341,200.,1.575));
#8778 = SURFACE_CURVE('',#8779,(#8783,#8790),.PCURVE_S1.);
#8779 = LINE('',#8780,#8781);
#8780 = CARTESIAN_POINT('',(195.62333407341,200.,1.575));
#8781 = VECTOR('',#8782,1.);
#8782 = DIRECTION('',(0.,0.,1.));
#8783 = PCURVE('',#100,#8784);
#8784 = DEFINITIONAL_REPRESENTATION('',(#8785),#8789);
#8785 = LINE('',#8786,#8787);
#8786 = CARTESIAN_POINT('',(1.575,195.62333407341));
#8787 = VECTOR('',#8788,1.);
#8788 = DIRECTION('',(1.,0.));
#8789 = ( GEOMETRIC_REPRESENTATION_CONTEXT(2) 
PARAMETRIC_REPRESENTATION_CONTEXT() REPRESENTATION_CONTEXT('2D SPACE',''
  ) );
#8790 = PCURVE('',#4695,#8791);
#8791 = DEFINITIONAL_REPRESENTATION('',(#8792),#8796);
#8792 = LINE('',#8793,#8794);
#8793 = CARTESIAN_POINT('',(0.,-200.));
#8794 = VECTOR('',#8795,1.);
#8795 = DIRECTION('',(1.,0.));
#8796 = ( GEOMETRIC_REPRESENTATION_CONTEXT(2) 
PARAMETRIC_REPRESENTATION_CONTEXT() REPRESENTATION_CONTEXT('2D SPACE',''
  ) );
#8797 = ORIENTED_EDGE('',*,*,#8798,.T.);
#8798 = EDGE_CURVE('',#8776,#8799,#8801,.T.);
#8799 = VERTEX_POINT('',#8800);
#8800 = CARTESIAN_POINT('',(199.37666592658,200.,1.575));
#8801 = SURFACE_CURVE('',#8802,(#8807,#8818),.PCURVE_S1.);
#8802 = CIRCLE('',#8803,2.45);
#8803 = AXIS2_PLACEMENT_3D('',#8804,#8805,#8806);
#8804 = CARTESIAN_POINT('',(197.5,200.,3.15));
#8805 = DIRECTION('',(0.,-1.,0.));
#8806 = DIRECTION('',(1.,0.,-6.162870667307E-15));
#8807 = PCURVE('',#100,#8808);
#8808 = DEFINITIONAL_REPRESENTATION('',(#8809),#8817);
#8809 = ( BOUNDED_CURVE() B_SPLINE_CURVE(2,(#8810,#8811,#8812,#8813,
#8814,#8815,#8816),.UNSPECIFIED.,.T.,.F.) B_SPLINE_CURVE_WITH_KNOTS((1,2
    ,2,2,2,1),(-2.094395102393,0.,2.094395102393,4.188790204786,
6.28318530718,8.377580409573),.UNSPECIFIED.) CURVE() 
GEOMETRIC_REPRESENTATION_ITEM() RATIONAL_B_SPLINE_CURVE((1.,0.5,1.,0.5,
1.,0.5,1.)) REPRESENTATION_ITEM('') );
#8810 = CARTESIAN_POINT('',(3.15,199.95));
#8811 = CARTESIAN_POINT('',(7.393524478544,199.95));
#8812 = CARTESIAN_POINT('',(5.271762239272,196.275));
#8813 = CARTESIAN_POINT('',(3.15,192.6));
#8814 = CARTESIAN_POINT('',(1.028237760728,196.275));
#8815 = CARTESIAN_POINT('',(-1.093524478544,199.95));
#8816 = CARTESIAN_POINT('',(3.15,199.95));
#8817 = ( GEOMETRIC_REPRESENTATION_CONTEXT(2) 
PARAMETRIC_REPRESENTATION_CONTEXT() REPRESENTATION_CONTEXT('2D SPACE',''
  ) );
#8818 = PCURVE('',#4724,#8819);
#8819 = DEFINITIONAL_REPRESENTATION('',(#8820),#8824);
#8820 = LINE('',#8821,#8822);
#8821 = CARTESIAN_POINT('',(-0.,-7.999999525055E-07));
#8822 = VECTOR('',#8823,1.);
#8823 = DIRECTION('',(-1.,-0.));
#8824 = ( GEOMETRIC_REPRESENTATION_CONTEXT(2) 
PARAMETRIC_REPRESENTATION_CONTEXT() REPRESENTATION_CONTEXT('2D SPACE',''
  ) );
#8825 = ORIENTED_EDGE('',*,*,#8826,.T.);
#8826 = EDGE_CURVE('',#8799,#8827,#8829,.T.);
#8827 = VERTEX_POINT('',#8828);
#8828 = CARTESIAN_POINT('',(199.37666592658,200.,4.575));
#8829 = SURFACE_CURVE('',#8830,(#8834,#8841),.PCURVE_S1.);
#8830 = LINE('',#8831,#8832);
#8831 = CARTESIAN_POINT('',(199.37666592658,200.,1.575));
#8832 = VECTOR('',#8833,1.);
#8833 = DIRECTION('',(0.,0.,1.));
#8834 = PCURVE('',#100,#8835);
#8835 = DEFINITIONAL_REPRESENTATION('',(#8836),#8840);
#8836 = LINE('',#8837,#8838);
#8837 = CARTESIAN_POINT('',(1.575,199.37666592658));
#8838 = VECTOR('',#8839,1.);
#8839 = DIRECTION('',(1.,0.));
#8840 = ( GEOMETRIC_REPRESENTATION_CONTEXT(2) 
PARAMETRIC_REPRESENTATION_CONTEXT() REPRESENTATION_CONTEXT('2D SPACE',''
  ) );
#8841 = PCURVE('',#4752,#8842);
#8842 = DEFINITIONAL_REPRESENTATION('',(#8843),#8847);
#8843 = LINE('',#8844,#8845);
#8844 = CARTESIAN_POINT('',(0.,-200.));
#8845 = VECTOR('',#8846,1.);
#8846 = DIRECTION('',(1.,0.));
#8847 = ( GEOMETRIC_REPRESENTATION_CONTEXT(2) 
PARAMETRIC_REPRESENTATION_CONTEXT() REPRESENTATION_CONTEXT('2D SPACE',''
  ) );
#8848 = ORIENTED_EDGE('',*,*,#8849,.T.);
#8849 = EDGE_CURVE('',#8827,#8850,#8852,.T.);
#8850 = VERTEX_POINT('',#8851);
#8851 = CARTESIAN_POINT('',(200.62333407341,200.,4.575));
#8852 = SURFACE_CURVE('',#8853,(#8857,#8864),.PCURVE_S1.);
#8853 = LINE('',#8854,#8855);
#8854 = CARTESIAN_POINT('',(199.37666592658,200.,4.575));
#8855 = VECTOR('',#8856,1.);
#8856 = DIRECTION('',(1.,0.,0.));
#8857 = PCURVE('',#100,#8858);
#8858 = DEFINITIONAL_REPRESENTATION('',(#8859),#8863);
#8859 = LINE('',#8860,#8861);
#8860 = CARTESIAN_POINT('',(4.575,199.37666592658));
#8861 = VECTOR('',#8862,1.);
#8862 = DIRECTION('',(0.,1.));
#8863 = ( GEOMETRIC_REPRESENTATION_CONTEXT(2) 
PARAMETRIC_REPRESENTATION_CONTEXT() REPRESENTATION_CONTEXT('2D SPACE',''
  ) );
#8864 = PCURVE('',#4780,#8865);
#8865 = DEFINITIONAL_REPRESENTATION('',(#8866),#8870);
#8866 = LINE('',#8867,#8868);
#8867 = CARTESIAN_POINT('',(0.,200.));
#8868 = VECTOR('',#8869,1.);
#8869 = DIRECTION('',(1.,0.));
#8870 = ( GEOMETRIC_REPRESENTATION_CONTEXT(2) 
PARAMETRIC_REPRESENTATION_CONTEXT() REPRESENTATION_CONTEXT('2D SPACE',''
  ) );
#8871 = ORIENTED_EDGE('',*,*,#8872,.F.);
#8872 = EDGE_CURVE('',#8873,#8850,#8875,.T.);
#8873 = VERTEX_POINT('',#8874);
#8874 = CARTESIAN_POINT('',(200.62333407341,200.,1.575));
#8875 = SURFACE_CURVE('',#8876,(#8880,#8887),.PCURVE_S1.);
#8876 = LINE('',#8877,#8878);
#8877 = CARTESIAN_POINT('',(200.62333407341,200.,1.575));
#8878 = VECTOR('',#8879,1.);
#8879 = DIRECTION('',(0.,0.,1.));
#8880 = PCURVE('',#100,#8881);
#8881 = DEFINITIONAL_REPRESENTATION('',(#8882),#8886);
#8882 = LINE('',#8883,#8884);
#8883 = CARTESIAN_POINT('',(1.575,200.62333407341));
#8884 = VECTOR('',#8885,1.);
#8885 = DIRECTION('',(1.,0.));
#8886 = ( GEOMETRIC_REPRESENTATION_CONTEXT(2) 
PARAMETRIC_REPRESENTATION_CONTEXT() REPRESENTATION_CONTEXT('2D SPACE',''
  ) );
#8887 = PCURVE('',#4808,#8888);
#8888 = DEFINITIONAL_REPRESENTATION('',(#8889),#8893);
#8889 = LINE('',#8890,#8891);
#8890 = CARTESIAN_POINT('',(0.,-200.));
#8891 = VECTOR('',#8892,1.);
#8892 = DIRECTION('',(1.,0.));
#8893 = ( GEOMETRIC_REPRESENTATION_CONTEXT(2) 
PARAMETRIC_REPRESENTATION_CONTEXT() REPRESENTATION_CONTEXT('2D SPACE',''
  ) );
#8894 = ORIENTED_EDGE('',*,*,#8895,.F.);
#8895 = EDGE_CURVE('',#4901,#8873,#8896,.T.);
#8896 = SURFACE_CURVE('',#8897,(#8901,#8908),.PCURVE_S1.);
#8897 = LINE('',#8898,#8899);
#8898 = CARTESIAN_POINT('',(199.37666592658,200.,1.575));
#8899 = VECTOR('',#8900,1.);
#8900 = DIRECTION('',(1.,0.,0.));
#8901 = PCURVE('',#100,#8902);
#8902 = DEFINITIONAL_REPRESENTATION('',(#8903),#8907);
#8903 = LINE('',#8904,#8905);
#8904 = CARTESIAN_POINT('',(1.575,199.37666592658));
#8905 = VECTOR('',#8906,1.);
#8906 = DIRECTION('',(0.,1.));
#8907 = ( GEOMETRIC_REPRESENTATION_CONTEXT(2) 
PARAMETRIC_REPRESENTATION_CONTEXT() REPRESENTATION_CONTEXT('2D SPACE',''
  ) );
#8908 = PCURVE('',#4834,#8909);
#8909 = DEFINITIONAL_REPRESENTATION('',(#8910),#8914);
#8910 = LINE('',#8911,#8912);
#8911 = CARTESIAN_POINT('',(0.,200.));
#8912 = VECTOR('',#8913,1.);
#8913 = DIRECTION('',(1.,0.));
#8914 = ( GEOMETRIC_REPRESENTATION_CONTEXT(2) 
PARAMETRIC_REPRESENTATION_CONTEXT() REPRESENTATION_CONTEXT('2D SPACE',''
  ) );
#8915 = ADVANCED_FACE('',(#8916),#72,.F.);
#8916 = FACE_BOUND('',#8917,.F.);
#8917 = EDGE_LOOP('',(#8918,#8919,#8920,#8941));
#8918 = ORIENTED_EDGE('',*,*,#56,.F.);
#8919 = ORIENTED_EDGE('',*,*,#171,.T.);
#8920 = ORIENTED_EDGE('',*,*,#8921,.T.);
#8921 = EDGE_CURVE('',#142,#4899,#8922,.T.);
#8922 = SURFACE_CURVE('',#8923,(#8927,#8934),.PCURVE_S1.);
#8923 = LINE('',#8924,#8925);
#8924 = CARTESIAN_POINT('',(200.,0.,0.));
#8925 = VECTOR('',#8926,1.);
#8926 = DIRECTION('',(0.,1.,0.));
#8927 = PCURVE('',#72,#8928);
#8928 = DEFINITIONAL_REPRESENTATION('',(#8929),#8933);
#8929 = LINE('',#8930,#8931);
#8930 = CARTESIAN_POINT('',(200.,0.));
#8931 = VECTOR('',#8932,1.);
#8932 = DIRECTION('',(0.,1.));
#8933 = ( GEOMETRIC_REPRESENTATION_CONTEXT(2) 
PARAMETRIC_REPRESENTATION_CONTEXT() REPRESENTATION_CONTEXT('2D SPACE',''
  ) );
#8934 = PCURVE('',#159,#8935);
#8935 = DEFINITIONAL_REPRESENTATION('',(#8936),#8940);
#8936 = LINE('',#8937,#8938);
#8937 = CARTESIAN_POINT('',(0.,0.));
#8938 = VECTOR('',#8939,1.);
#8939 = DIRECTION('',(0.,-1.));
#8940 = ( GEOMETRIC_REPRESENTATION_CONTEXT(2) 
PARAMETRIC_REPRESENTATION_CONTEXT() REPRESENTATION_CONTEXT('2D SPACE',''
  ) );
#8941 = ORIENTED_EDGE('',*,*,#4923,.F.);
#8942 = ADVANCED_FACE('',(#8943),#159,.T.);
#8943 = FACE_BOUND('',#8944,.T.);
#8944 = EDGE_LOOP('',(#8945,#8946,#8947,#8948));
#8945 = ORIENTED_EDGE('',*,*,#141,.F.);
#8946 = ORIENTED_EDGE('',*,*,#8921,.T.);
#8947 = ORIENTED_EDGE('',*,*,#4898,.T.);
#8948 = ORIENTED_EDGE('',*,*,#8949,.F.);
#8949 = EDGE_CURVE('',#144,#4901,#8950,.T.);
#8950 = SURFACE_CURVE('',#8951,(#8955,#8962),.PCURVE_S1.);
#8951 = LINE('',#8952,#8953);
#8952 = CARTESIAN_POINT('',(200.,0.,1.575));
#8953 = VECTOR('',#8954,1.);
#8954 = DIRECTION('',(0.,1.,0.));
#8955 = PCURVE('',#159,#8956);
#8956 = DEFINITIONAL_REPRESENTATION('',(#8957),#8961);
#8957 = LINE('',#8958,#8959);
#8958 = CARTESIAN_POINT('',(1.575,0.));
#8959 = VECTOR('',#8960,1.);
#8960 = DIRECTION('',(0.,-1.));
#8961 = ( GEOMETRIC_REPRESENTATION_CONTEXT(2) 
PARAMETRIC_REPRESENTATION_CONTEXT() REPRESENTATION_CONTEXT('2D SPACE',''
  ) );
#8962 = PCURVE('',#4834,#8963);
#8963 = DEFINITIONAL_REPRESENTATION('',(#8964),#8968);
#8964 = LINE('',#8965,#8966);
#8965 = CARTESIAN_POINT('',(0.623334073416,0.));
#8966 = VECTOR('',#8967,1.);
#8967 = DIRECTION('',(0.,1.));
#8968 = ( GEOMETRIC_REPRESENTATION_CONTEXT(2) 
PARAMETRIC_REPRESENTATION_CONTEXT() REPRESENTATION_CONTEXT('2D SPACE',''
  ) );
#8969 = ADVANCED_FACE('',(#8970),#4724,.F.);
#8970 = FACE_BOUND('',#8971,.T.);
#8971 = EDGE_LOOP('',(#8972,#8973,#8993,#8994));
#8972 = ORIENTED_EDGE('',*,*,#8798,.F.);
#8973 = ORIENTED_EDGE('',*,*,#8974,.F.);
#8974 = EDGE_CURVE('',#4680,#8776,#8975,.T.);
#8975 = SURFACE_CURVE('',#8976,(#8980,#8986),.PCURVE_S1.);
#8976 = LINE('',#8977,#8978);
#8977 = CARTESIAN_POINT('',(195.62333407341,200.0000008,1.575));
#8978 = VECTOR('',#8979,1.);
#8979 = DIRECTION('',(0.,1.,0.));
#8980 = PCURVE('',#4724,#8981);
#8981 = DEFINITIONAL_REPRESENTATION('',(#8982),#8985);
#8982 = B_SPLINE_CURVE_WITH_KNOTS('',1,(#8983,#8984),.UNSPECIFIED.,.F.,
  .F.,(2,2),(-200.0000014,-1.999999597047E-07),
  .PIECEWISE_BEZIER_KNOTS.);
#8983 = CARTESIAN_POINT('',(-3.839815126952,-200.0000014));
#8984 = CARTESIAN_POINT('',(-3.839815126952,-1.999999597047E-07));
#8985 = ( GEOMETRIC_REPRESENTATION_CONTEXT(2) 
PARAMETRIC_REPRESENTATION_CONTEXT() REPRESENTATION_CONTEXT('2D SPACE',''
  ) );
#8986 = PCURVE('',#4695,#8987);
#8987 = DEFINITIONAL_REPRESENTATION('',(#8988),#8992);
#8988 = LINE('',#8989,#8990);
#8989 = CARTESIAN_POINT('',(-2.22044604925E-16,-200.0000008));
#8990 = VECTOR('',#8991,1.);
#8991 = DIRECTION('',(0.,-1.));
#8992 = ( GEOMETRIC_REPRESENTATION_CONTEXT(2) 
PARAMETRIC_REPRESENTATION_CONTEXT() REPRESENTATION_CONTEXT('2D SPACE',''
  ) );
#8993 = ORIENTED_EDGE('',*,*,#4707,.F.);
#8994 = ORIENTED_EDGE('',*,*,#8995,.T.);
#8995 = EDGE_CURVE('',#4708,#8799,#8996,.T.);
#8996 = SURFACE_CURVE('',#8997,(#9001,#9007),.PCURVE_S1.);
#8997 = LINE('',#8998,#8999);
#8998 = CARTESIAN_POINT('',(199.37666592658,200.0000008,1.575));
#8999 = VECTOR('',#9000,1.);
#9000 = DIRECTION('',(0.,1.,0.));
#9001 = PCURVE('',#4724,#9002);
#9002 = DEFINITIONAL_REPRESENTATION('',(#9003),#9006);
#9003 = B_SPLINE_CURVE_WITH_KNOTS('',1,(#9004,#9005),.UNSPECIFIED.,.F.,
  .F.,(2,2),(-200.0000014,-1.999999597047E-07),
  .PIECEWISE_BEZIER_KNOTS.);
#9004 = CARTESIAN_POINT('',(-5.584962833817,-200.0000014));
#9005 = CARTESIAN_POINT('',(-5.584962833817,-1.999999597047E-07));
#9006 = ( GEOMETRIC_REPRESENTATION_CONTEXT(2) 
PARAMETRIC_REPRESENTATION_CONTEXT() REPRESENTATION_CONTEXT('2D SPACE',''
  ) );
#9007 = PCURVE('',#4752,#9008);
#9008 = DEFINITIONAL_REPRESENTATION('',(#9009),#9013);
#9009 = LINE('',#9010,#9011);
#9010 = CARTESIAN_POINT('',(-2.22044604925E-16,-200.0000008));
#9011 = VECTOR('',#9012,1.);
#9012 = DIRECTION('',(0.,-1.));
#9013 = ( GEOMETRIC_REPRESENTATION_CONTEXT(2) 
PARAMETRIC_REPRESENTATION_CONTEXT() REPRESENTATION_CONTEXT('2D SPACE',''
  ) );
#9014 = ADVANCED_FACE('',(#9015),#4611,.F.);
#9015 = FACE_BOUND('',#9016,.T.);
#9016 = EDGE_LOOP('',(#9017,#9018,#9038,#9039));
#9017 = ORIENTED_EDGE('',*,*,#8701,.F.);
#9018 = ORIENTED_EDGE('',*,*,#9019,.F.);
#9019 = EDGE_CURVE('',#4567,#8679,#9020,.T.);
#9020 = SURFACE_CURVE('',#9021,(#9025,#9031),.PCURVE_S1.);
#9021 = LINE('',#9022,#9023);
#9022 = CARTESIAN_POINT('',(190.62333407341,200.0000008,1.575));
#9023 = VECTOR('',#9024,1.);
#9024 = DIRECTION('',(0.,1.,0.));
#9025 = PCURVE('',#4611,#9026);
#9026 = DEFINITIONAL_REPRESENTATION('',(#9027),#9030);
#9027 = B_SPLINE_CURVE_WITH_KNOTS('',1,(#9028,#9029),.UNSPECIFIED.,.F.,
  .F.,(2,2),(-200.0000014,-1.999999597047E-07),
  .PIECEWISE_BEZIER_KNOTS.);
#9028 = CARTESIAN_POINT('',(-3.839815126952,-200.0000014));
#9029 = CARTESIAN_POINT('',(-3.839815126952,-1.999999597047E-07));
#9030 = ( GEOMETRIC_REPRESENTATION_CONTEXT(2) 
PARAMETRIC_REPRESENTATION_CONTEXT() REPRESENTATION_CONTEXT('2D SPACE',''
  ) );
#9031 = PCURVE('',#4582,#9032);
#9032 = DEFINITIONAL_REPRESENTATION('',(#9033),#9037);
#9033 = LINE('',#9034,#9035);
#9034 = CARTESIAN_POINT('',(-2.22044604925E-16,-200.0000008));
#9035 = VECTOR('',#9036,1.);
#9036 = DIRECTION('',(0.,-1.));
#9037 = ( GEOMETRIC_REPRESENTATION_CONTEXT(2) 
PARAMETRIC_REPRESENTATION_CONTEXT() REPRESENTATION_CONTEXT('2D SPACE',''
  ) );
#9038 = ORIENTED_EDGE('',*,*,#4594,.F.);
#9039 = ORIENTED_EDGE('',*,*,#9040,.T.);
#9040 = EDGE_CURVE('',#4595,#8702,#9041,.T.);
#9041 = SURFACE_CURVE('',#9042,(#9046,#9052),.PCURVE_S1.);
#9042 = LINE('',#9043,#9044);
#9043 = CARTESIAN_POINT('',(194.37666592658,200.0000008,1.575));
#9044 = VECTOR('',#9045,1.);
#9045 = DIRECTION('',(0.,1.,0.));
#9046 = PCURVE('',#4611,#9047);
#9047 = DEFINITIONAL_REPRESENTATION('',(#9048),#9051);
#9048 = B_SPLINE_CURVE_WITH_KNOTS('',1,(#9049,#9050),.UNSPECIFIED.,.F.,
  .F.,(2,2),(-200.0000014,-1.999999597047E-07),
  .PIECEWISE_BEZIER_KNOTS.);
#9049 = CARTESIAN_POINT('',(-5.584962833817,-200.0000014));
#9050 = CARTESIAN_POINT('',(-5.584962833817,-1.999999597047E-07));
#9051 = ( GEOMETRIC_REPRESENTATION_CONTEXT(2) 
PARAMETRIC_REPRESENTATION_CONTEXT() REPRESENTATION_CONTEXT('2D SPACE',''
  ) );
#9052 = PCURVE('',#4639,#9053);
#9053 = DEFINITIONAL_REPRESENTATION('',(#9054),#9058);
#9054 = LINE('',#9055,#9056);
#9055 = CARTESIAN_POINT('',(-2.22044604925E-16,-200.0000008));
#9056 = VECTOR('',#9057,1.);
#9057 = DIRECTION('',(0.,-1.));
#9058 = ( GEOMETRIC_REPRESENTATION_CONTEXT(2) 
PARAMETRIC_REPRESENTATION_CONTEXT() REPRESENTATION_CONTEXT('2D SPACE',''
  ) );
#9059 = ADVANCED_FACE('',(#9060),#4498,.F.);
#9060 = FACE_BOUND('',#9061,.T.);
#9061 = EDGE_LOOP('',(#9062,#9063,#9083,#9084));
#9062 = ORIENTED_EDGE('',*,*,#8604,.F.);
#9063 = ORIENTED_EDGE('',*,*,#9064,.F.);
#9064 = EDGE_CURVE('',#4454,#8582,#9065,.T.);
#9065 = SURFACE_CURVE('',#9066,(#9070,#9076),.PCURVE_S1.);
#9066 = LINE('',#9067,#9068);
#9067 = CARTESIAN_POINT('',(185.62333407341,200.0000008,1.575));
#9068 = VECTOR('',#9069,1.);
#9069 = DIRECTION('',(0.,1.,0.));
#9070 = PCURVE('',#4498,#9071);
#9071 = DEFINITIONAL_REPRESENTATION('',(#9072),#9075);
#9072 = B_SPLINE_CURVE_WITH_KNOTS('',1,(#9073,#9074),.UNSPECIFIED.,.F.,
  .F.,(2,2),(-200.0000014,-1.999999597047E-07),
  .PIECEWISE_BEZIER_KNOTS.);
#9073 = CARTESIAN_POINT('',(-3.839815126952,-200.0000014));
#9074 = CARTESIAN_POINT('',(-3.839815126952,-1.999999597047E-07));
#9075 = ( GEOMETRIC_REPRESENTATION_CONTEXT(2) 
PARAMETRIC_REPRESENTATION_CONTEXT() REPRESENTATION_CONTEXT('2D SPACE',''
  ) );
#9076 = PCURVE('',#4469,#9077);
#9077 = DEFINITIONAL_REPRESENTATION('',(#9078),#9082);
#9078 = LINE('',#9079,#9080);
#9079 = CARTESIAN_POINT('',(-2.22044604925E-16,-200.0000008));
#9080 = VECTOR('',#9081,1.);
#9081 = DIRECTION('',(0.,-1.));
#9082 = ( GEOMETRIC_REPRESENTATION_CONTEXT(2) 
PARAMETRIC_REPRESENTATION_CONTEXT() REPRESENTATION_CONTEXT('2D SPACE',''
  ) );
#9083 = ORIENTED_EDGE('',*,*,#4481,.F.);
#9084 = ORIENTED_EDGE('',*,*,#9085,.T.);
#9085 = EDGE_CURVE('',#4482,#8605,#9086,.T.);
#9086 = SURFACE_CURVE('',#9087,(#9091,#9097),.PCURVE_S1.);
#9087 = LINE('',#9088,#9089);
#9088 = CARTESIAN_POINT('',(189.37666592658,200.0000008,1.575));
#9089 = VECTOR('',#9090,1.);
#9090 = DIRECTION('',(0.,1.,0.));
#9091 = PCURVE('',#4498,#9092);
#9092 = DEFINITIONAL_REPRESENTATION('',(#9093),#9096);
#9093 = B_SPLINE_CURVE_WITH_KNOTS('',1,(#9094,#9095),.UNSPECIFIED.,.F.,
  .F.,(2,2),(-200.0000014,-1.999999597047E-07),
  .PIECEWISE_BEZIER_KNOTS.);
#9094 = CARTESIAN_POINT('',(-5.584962833817,-200.0000014));
#9095 = CARTESIAN_POINT('',(-5.584962833817,-1.999999597047E-07));
#9096 = ( GEOMETRIC_REPRESENTATION_CONTEXT(2) 
PARAMETRIC_REPRESENTATION_CONTEXT() REPRESENTATION_CONTEXT('2D SPACE',''
  ) );
#9097 = PCURVE('',#4526,#9098);
#9098 = DEFINITIONAL_REPRESENTATION('',(#9099),#9103);
#9099 = LINE('',#9100,#9101);
#9100 = CARTESIAN_POINT('',(-2.22044604925E-16,-200.0000008));
#9101 = VECTOR('',#9102,1.);
#9102 = DIRECTION('',(0.,-1.));
#9103 = ( GEOMETRIC_REPRESENTATION_CONTEXT(2) 
PARAMETRIC_REPRESENTATION_CONTEXT() REPRESENTATION_CONTEXT('2D SPACE',''
  ) );
#9104 = ADVANCED_FACE('',(#9105),#4385,.F.);
#9105 = FACE_BOUND('',#9106,.T.);
#9106 = EDGE_LOOP('',(#9107,#9108,#9128,#9129));
#9107 = ORIENTED_EDGE('',*,*,#8507,.F.);
#9108 = ORIENTED_EDGE('',*,*,#9109,.F.);
#9109 = EDGE_CURVE('',#4341,#8485,#9110,.T.);
#9110 = SURFACE_CURVE('',#9111,(#9115,#9121),.PCURVE_S1.);
#9111 = LINE('',#9112,#9113);
#9112 = CARTESIAN_POINT('',(180.62333407341,200.0000008,1.575));
#9113 = VECTOR('',#9114,1.);
#9114 = DIRECTION('',(0.,1.,0.));
#9115 = PCURVE('',#4385,#9116);
#9116 = DEFINITIONAL_REPRESENTATION('',(#9117),#9120);
#9117 = B_SPLINE_CURVE_WITH_KNOTS('',1,(#9118,#9119),.UNSPECIFIED.,.F.,
  .F.,(2,2),(-200.0000014,-1.999999597047E-07),
  .PIECEWISE_BEZIER_KNOTS.);
#9118 = CARTESIAN_POINT('',(-3.839815126952,-200.0000014));
#9119 = CARTESIAN_POINT('',(-3.839815126952,-1.999999597047E-07));
#9120 = ( GEOMETRIC_REPRESENTATION_CONTEXT(2) 
PARAMETRIC_REPRESENTATION_CONTEXT() REPRESENTATION_CONTEXT('2D SPACE',''
  ) );
#9121 = PCURVE('',#4356,#9122);
#9122 = DEFINITIONAL_REPRESENTATION('',(#9123),#9127);
#9123 = LINE('',#9124,#9125);
#9124 = CARTESIAN_POINT('',(-2.22044604925E-16,-200.0000008));
#9125 = VECTOR('',#9126,1.);
#9126 = DIRECTION('',(0.,-1.));
#9127 = ( GEOMETRIC_REPRESENTATION_CONTEXT(2) 
PARAMETRIC_REPRESENTATION_CONTEXT() REPRESENTATION_CONTEXT('2D SPACE',''
  ) );
#9128 = ORIENTED_EDGE('',*,*,#4368,.F.);
#9129 = ORIENTED_EDGE('',*,*,#9130,.T.);
#9130 = EDGE_CURVE('',#4369,#8508,#9131,.T.);
#9131 = SURFACE_CURVE('',#9132,(#9136,#9142),.PCURVE_S1.);
#9132 = LINE('',#9133,#9134);
#9133 = CARTESIAN_POINT('',(184.37666592658,200.0000008,1.575));
#9134 = VECTOR('',#9135,1.);
#9135 = DIRECTION('',(0.,1.,0.));
#9136 = PCURVE('',#4385,#9137);
#9137 = DEFINITIONAL_REPRESENTATION('',(#9138),#9141);
#9138 = B_SPLINE_CURVE_WITH_KNOTS('',1,(#9139,#9140),.UNSPECIFIED.,.F.,
  .F.,(2,2),(-200.0000014,-1.999999597047E-07),
  .PIECEWISE_BEZIER_KNOTS.);
#9139 = CARTESIAN_POINT('',(-5.584962833817,-200.0000014));
#9140 = CARTESIAN_POINT('',(-5.584962833817,-1.999999597047E-07));
#9141 = ( GEOMETRIC_REPRESENTATION_CONTEXT(2) 
PARAMETRIC_REPRESENTATION_CONTEXT() REPRESENTATION_CONTEXT('2D SPACE',''
  ) );
#9142 = PCURVE('',#4413,#9143);
#9143 = DEFINITIONAL_REPRESENTATION('',(#9144),#9148);
#9144 = LINE('',#9145,#9146);
#9145 = CARTESIAN_POINT('',(-2.22044604925E-16,-200.0000008));
#9146 = VECTOR('',#9147,1.);
#9147 = DIRECTION('',(0.,-1.));
#9148 = ( GEOMETRIC_REPRESENTATION_CONTEXT(2) 
PARAMETRIC_REPRESENTATION_CONTEXT() REPRESENTATION_CONTEXT('2D SPACE',''
  ) );
#9149 = ADVANCED_FACE('',(#9150),#4272,.F.);
#9150 = FACE_BOUND('',#9151,.T.);
#9151 = EDGE_LOOP('',(#9152,#9153,#9173,#9174));
#9152 = ORIENTED_EDGE('',*,*,#8410,.F.);
#9153 = ORIENTED_EDGE('',*,*,#9154,.F.);
#9154 = EDGE_CURVE('',#4228,#8388,#9155,.T.);
#9155 = SURFACE_CURVE('',#9156,(#9160,#9166),.PCURVE_S1.);
#9156 = LINE('',#9157,#9158);
#9157 = CARTESIAN_POINT('',(175.62333407341,200.0000008,1.575));
#9158 = VECTOR('',#9159,1.);
#9159 = DIRECTION('',(0.,1.,0.));
#9160 = PCURVE('',#4272,#9161);
#9161 = DEFINITIONAL_REPRESENTATION('',(#9162),#9165);
#9162 = B_SPLINE_CURVE_WITH_KNOTS('',1,(#9163,#9164),.UNSPECIFIED.,.F.,
  .F.,(2,2),(-200.0000014,-1.999999597047E-07),
  .PIECEWISE_BEZIER_KNOTS.);
#9163 = CARTESIAN_POINT('',(-3.839815126952,-200.0000014));
#9164 = CARTESIAN_POINT('',(-3.839815126952,-1.999999597047E-07));
#9165 = ( GEOMETRIC_REPRESENTATION_CONTEXT(2) 
PARAMETRIC_REPRESENTATION_CONTEXT() REPRESENTATION_CONTEXT('2D SPACE',''
  ) );
#9166 = PCURVE('',#4243,#9167);
#9167 = DEFINITIONAL_REPRESENTATION('',(#9168),#9172);
#9168 = LINE('',#9169,#9170);
#9169 = CARTESIAN_POINT('',(-2.22044604925E-16,-200.0000008));
#9170 = VECTOR('',#9171,1.);
#9171 = DIRECTION('',(0.,-1.));
#9172 = ( GEOMETRIC_REPRESENTATION_CONTEXT(2) 
PARAMETRIC_REPRESENTATION_CONTEXT() REPRESENTATION_CONTEXT('2D SPACE',''
  ) );
#9173 = ORIENTED_EDGE('',*,*,#4255,.F.);
#9174 = ORIENTED_EDGE('',*,*,#9175,.T.);
#9175 = EDGE_CURVE('',#4256,#8411,#9176,.T.);
#9176 = SURFACE_CURVE('',#9177,(#9181,#9187),.PCURVE_S1.);
#9177 = LINE('',#9178,#9179);
#9178 = CARTESIAN_POINT('',(179.37666592658,200.0000008,1.575));
#9179 = VECTOR('',#9180,1.);
#9180 = DIRECTION('',(0.,1.,0.));
#9181 = PCURVE('',#4272,#9182);
#9182 = DEFINITIONAL_REPRESENTATION('',(#9183),#9186);
#9183 = B_SPLINE_CURVE_WITH_KNOTS('',1,(#9184,#9185),.UNSPECIFIED.,.F.,
  .F.,(2,2),(-200.0000014,-1.999999597047E-07),
  .PIECEWISE_BEZIER_KNOTS.);
#9184 = CARTESIAN_POINT('',(-5.584962833817,-200.0000014));
#9185 = CARTESIAN_POINT('',(-5.584962833817,-1.999999597047E-07));
#9186 = ( GEOMETRIC_REPRESENTATION_CONTEXT(2) 
PARAMETRIC_REPRESENTATION_CONTEXT() REPRESENTATION_CONTEXT('2D SPACE',''
  ) );
#9187 = PCURVE('',#4300,#9188);
#9188 = DEFINITIONAL_REPRESENTATION('',(#9189),#9193);
#9189 = LINE('',#9190,#9191);
#9190 = CARTESIAN_POINT('',(-2.22044604925E-16,-200.0000008));
#9191 = VECTOR('',#9192,1.);
#9192 = DIRECTION('',(0.,-1.));
#9193 = ( GEOMETRIC_REPRESENTATION_CONTEXT(2) 
PARAMETRIC_REPRESENTATION_CONTEXT() REPRESENTATION_CONTEXT('2D SPACE',''
  ) );
#9194 = ADVANCED_FACE('',(#9195),#4159,.F.);
#9195 = FACE_BOUND('',#9196,.T.);
#9196 = EDGE_LOOP('',(#9197,#9198,#9218,#9219));
#9197 = ORIENTED_EDGE('',*,*,#8313,.F.);
#9198 = ORIENTED_EDGE('',*,*,#9199,.F.);
#9199 = EDGE_CURVE('',#4115,#8291,#9200,.T.);
#9200 = SURFACE_CURVE('',#9201,(#9205,#9211),.PCURVE_S1.);
#9201 = LINE('',#9202,#9203);
#9202 = CARTESIAN_POINT('',(170.62333407341,200.0000008,1.575));
#9203 = VECTOR('',#9204,1.);
#9204 = DIRECTION('',(0.,1.,0.));
#9205 = PCURVE('',#4159,#9206);
#9206 = DEFINITIONAL_REPRESENTATION('',(#9207),#9210);
#9207 = B_SPLINE_CURVE_WITH_KNOTS('',1,(#9208,#9209),.UNSPECIFIED.,.F.,
  .F.,(2,2),(-200.0000014,-1.999999597047E-07),
  .PIECEWISE_BEZIER_KNOTS.);
#9208 = CARTESIAN_POINT('',(-3.839815126952,-200.0000014));
#9209 = CARTESIAN_POINT('',(-3.839815126952,-1.999999597047E-07));
#9210 = ( GEOMETRIC_REPRESENTATION_CONTEXT(2) 
PARAMETRIC_REPRESENTATION_CONTEXT() REPRESENTATION_CONTEXT('2D SPACE',''
  ) );
#9211 = PCURVE('',#4130,#9212);
#9212 = DEFINITIONAL_REPRESENTATION('',(#9213),#9217);
#9213 = LINE('',#9214,#9215);
#9214 = CARTESIAN_POINT('',(-2.22044604925E-16,-200.0000008));
#9215 = VECTOR('',#9216,1.);
#9216 = DIRECTION('',(0.,-1.));
#9217 = ( GEOMETRIC_REPRESENTATION_CONTEXT(2) 
PARAMETRIC_REPRESENTATION_CONTEXT() REPRESENTATION_CONTEXT('2D SPACE',''
  ) );
#9218 = ORIENTED_EDGE('',*,*,#4142,.F.);
#9219 = ORIENTED_EDGE('',*,*,#9220,.T.);
#9220 = EDGE_CURVE('',#4143,#8314,#9221,.T.);
#9221 = SURFACE_CURVE('',#9222,(#9226,#9232),.PCURVE_S1.);
#9222 = LINE('',#9223,#9224);
#9223 = CARTESIAN_POINT('',(174.37666592658,200.0000008,1.575));
#9224 = VECTOR('',#9225,1.);
#9225 = DIRECTION('',(0.,1.,0.));
#9226 = PCURVE('',#4159,#9227);
#9227 = DEFINITIONAL_REPRESENTATION('',(#9228),#9231);
#9228 = B_SPLINE_CURVE_WITH_KNOTS('',1,(#9229,#9230),.UNSPECIFIED.,.F.,
  .F.,(2,2),(-200.0000014,-1.999999597047E-07),
  .PIECEWISE_BEZIER_KNOTS.);
#9229 = CARTESIAN_POINT('',(-5.584962833817,-200.0000014));
#9230 = CARTESIAN_POINT('',(-5.584962833817,-1.999999597047E-07));
#9231 = ( GEOMETRIC_REPRESENTATION_CONTEXT(2) 
PARAMETRIC_REPRESENTATION_CONTEXT() REPRESENTATION_CONTEXT('2D SPACE',''
  ) );
#9232 = PCURVE('',#4187,#9233);
#9233 = DEFINITIONAL_REPRESENTATION('',(#9234),#9238);
#9234 = LINE('',#9235,#9236);
#9235 = CARTESIAN_POINT('',(-2.22044604925E-16,-200.0000008));
#9236 = VECTOR('',#9237,1.);
#9237 = DIRECTION('',(0.,-1.));
#9238 = ( GEOMETRIC_REPRESENTATION_CONTEXT(2) 
PARAMETRIC_REPRESENTATION_CONTEXT() REPRESENTATION_CONTEXT('2D SPACE',''
  ) );
#9239 = ADVANCED_FACE('',(#9240),#4046,.F.);
#9240 = FACE_BOUND('',#9241,.T.);
#9241 = EDGE_LOOP('',(#9242,#9243,#9263,#9264));
#9242 = ORIENTED_EDGE('',*,*,#8216,.F.);
#9243 = ORIENTED_EDGE('',*,*,#9244,.F.);
#9244 = EDGE_CURVE('',#4002,#8194,#9245,.T.);
#9245 = SURFACE_CURVE('',#9246,(#9250,#9256),.PCURVE_S1.);
#9246 = LINE('',#9247,#9248);
#9247 = CARTESIAN_POINT('',(165.62333407341,200.0000008,1.575));
#9248 = VECTOR('',#9249,1.);
#9249 = DIRECTION('',(0.,1.,0.));
#9250 = PCURVE('',#4046,#9251);
#9251 = DEFINITIONAL_REPRESENTATION('',(#9252),#9255);
#9252 = B_SPLINE_CURVE_WITH_KNOTS('',1,(#9253,#9254),.UNSPECIFIED.,.F.,
  .F.,(2,2),(-200.0000014,-1.999999597047E-07),
  .PIECEWISE_BEZIER_KNOTS.);
#9253 = CARTESIAN_POINT('',(-3.839815126952,-200.0000014));
#9254 = CARTESIAN_POINT('',(-3.839815126952,-1.999999597047E-07));
#9255 = ( GEOMETRIC_REPRESENTATION_CONTEXT(2) 
PARAMETRIC_REPRESENTATION_CONTEXT() REPRESENTATION_CONTEXT('2D SPACE',''
  ) );
#9256 = PCURVE('',#4017,#9257);
#9257 = DEFINITIONAL_REPRESENTATION('',(#9258),#9262);
#9258 = LINE('',#9259,#9260);
#9259 = CARTESIAN_POINT('',(-2.22044604925E-16,-200.0000008));
#9260 = VECTOR('',#9261,1.);
#9261 = DIRECTION('',(0.,-1.));
#9262 = ( GEOMETRIC_REPRESENTATION_CONTEXT(2) 
PARAMETRIC_REPRESENTATION_CONTEXT() REPRESENTATION_CONTEXT('2D SPACE',''
  ) );
#9263 = ORIENTED_EDGE('',*,*,#4029,.F.);
#9264 = ORIENTED_EDGE('',*,*,#9265,.T.);
#9265 = EDGE_CURVE('',#4030,#8217,#9266,.T.);
#9266 = SURFACE_CURVE('',#9267,(#9271,#9277),.PCURVE_S1.);
#9267 = LINE('',#9268,#9269);
#9268 = CARTESIAN_POINT('',(169.37666592658,200.0000008,1.575));
#9269 = VECTOR('',#9270,1.);
#9270 = DIRECTION('',(0.,1.,0.));
#9271 = PCURVE('',#4046,#9272);
#9272 = DEFINITIONAL_REPRESENTATION('',(#9273),#9276);
#9273 = B_SPLINE_CURVE_WITH_KNOTS('',1,(#9274,#9275),.UNSPECIFIED.,.F.,
  .F.,(2,2),(-200.0000014,-1.999999597047E-07),
  .PIECEWISE_BEZIER_KNOTS.);
#9274 = CARTESIAN_POINT('',(-5.584962833817,-200.0000014));
#9275 = CARTESIAN_POINT('',(-5.584962833817,-1.999999597047E-07));
#9276 = ( GEOMETRIC_REPRESENTATION_CONTEXT(2) 
PARAMETRIC_REPRESENTATION_CONTEXT() REPRESENTATION_CONTEXT('2D SPACE',''
  ) );
#9277 = PCURVE('',#4074,#9278);
#9278 = DEFINITIONAL_REPRESENTATION('',(#9279),#9283);
#9279 = LINE('',#9280,#9281);
#9280 = CARTESIAN_POINT('',(-2.22044604925E-16,-200.0000008));
#9281 = VECTOR('',#9282,1.);
#9282 = DIRECTION('',(0.,-1.));
#9283 = ( GEOMETRIC_REPRESENTATION_CONTEXT(2) 
PARAMETRIC_REPRESENTATION_CONTEXT() REPRESENTATION_CONTEXT('2D SPACE',''
  ) );
#9284 = ADVANCED_FACE('',(#9285),#3933,.F.);
#9285 = FACE_BOUND('',#9286,.T.);
#9286 = EDGE_LOOP('',(#9287,#9288,#9308,#9309));
#9287 = ORIENTED_EDGE('',*,*,#8119,.F.);
#9288 = ORIENTED_EDGE('',*,*,#9289,.F.);
#9289 = EDGE_CURVE('',#3889,#8097,#9290,.T.);
#9290 = SURFACE_CURVE('',#9291,(#9295,#9301),.PCURVE_S1.);
#9291 = LINE('',#9292,#9293);
#9292 = CARTESIAN_POINT('',(160.62333407341,200.0000008,1.575));
#9293 = VECTOR('',#9294,1.);
#9294 = DIRECTION('',(0.,1.,0.));
#9295 = PCURVE('',#3933,#9296);
#9296 = DEFINITIONAL_REPRESENTATION('',(#9297),#9300);
#9297 = B_SPLINE_CURVE_WITH_KNOTS('',1,(#9298,#9299),.UNSPECIFIED.,.F.,
  .F.,(2,2),(-200.0000014,-1.999999597047E-07),
  .PIECEWISE_BEZIER_KNOTS.);
#9298 = CARTESIAN_POINT('',(-3.839815126952,-200.0000014));
#9299 = CARTESIAN_POINT('',(-3.839815126952,-1.999999597047E-07));
#9300 = ( GEOMETRIC_REPRESENTATION_CONTEXT(2) 
PARAMETRIC_REPRESENTATION_CONTEXT() REPRESENTATION_CONTEXT('2D SPACE',''
  ) );
#9301 = PCURVE('',#3904,#9302);
#9302 = DEFINITIONAL_REPRESENTATION('',(#9303),#9307);
#9303 = LINE('',#9304,#9305);
#9304 = CARTESIAN_POINT('',(-2.22044604925E-16,-200.0000008));
#9305 = VECTOR('',#9306,1.);
#9306 = DIRECTION('',(0.,-1.));
#9307 = ( GEOMETRIC_REPRESENTATION_CONTEXT(2) 
PARAMETRIC_REPRESENTATION_CONTEXT() REPRESENTATION_CONTEXT('2D SPACE',''
  ) );
#9308 = ORIENTED_EDGE('',*,*,#3916,.F.);
#9309 = ORIENTED_EDGE('',*,*,#9310,.T.);
#9310 = EDGE_CURVE('',#3917,#8120,#9311,.T.);
#9311 = SURFACE_CURVE('',#9312,(#9316,#9322),.PCURVE_S1.);
#9312 = LINE('',#9313,#9314);
#9313 = CARTESIAN_POINT('',(164.37666592658,200.0000008,1.575));
#9314 = VECTOR('',#9315,1.);
#9315 = DIRECTION('',(0.,1.,0.));
#9316 = PCURVE('',#3933,#9317);
#9317 = DEFINITIONAL_REPRESENTATION('',(#9318),#9321);
#9318 = B_SPLINE_CURVE_WITH_KNOTS('',1,(#9319,#9320),.UNSPECIFIED.,.F.,
  .F.,(2,2),(-200.0000014,-1.999999597047E-07),
  .PIECEWISE_BEZIER_KNOTS.);
#9319 = CARTESIAN_POINT('',(-5.584962833817,-200.0000014));
#9320 = CARTESIAN_POINT('',(-5.584962833817,-1.999999597047E-07));
#9321 = ( GEOMETRIC_REPRESENTATION_CONTEXT(2) 
PARAMETRIC_REPRESENTATION_CONTEXT() REPRESENTATION_CONTEXT('2D SPACE',''
  ) );
#9322 = PCURVE('',#3961,#9323);
#9323 = DEFINITIONAL_REPRESENTATION('',(#9324),#9328);
#9324 = LINE('',#9325,#9326);
#9325 = CARTESIAN_POINT('',(-2.22044604925E-16,-200.0000008));
#9326 = VECTOR('',#9327,1.);
#9327 = DIRECTION('',(0.,-1.));
#9328 = ( GEOMETRIC_REPRESENTATION_CONTEXT(2) 
PARAMETRIC_REPRESENTATION_CONTEXT() REPRESENTATION_CONTEXT('2D SPACE',''
  ) );
#9329 = ADVANCED_FACE('',(#9330),#3820,.F.);
#9330 = FACE_BOUND('',#9331,.T.);
#9331 = EDGE_LOOP('',(#9332,#9333,#9353,#9354));
#9332 = ORIENTED_EDGE('',*,*,#8022,.F.);
#9333 = ORIENTED_EDGE('',*,*,#9334,.F.);
#9334 = EDGE_CURVE('',#3776,#8000,#9335,.T.);
#9335 = SURFACE_CURVE('',#9336,(#9340,#9346),.PCURVE_S1.);
#9336 = LINE('',#9337,#9338);
#9337 = CARTESIAN_POINT('',(155.62333407341,200.0000008,1.575));
#9338 = VECTOR('',#9339,1.);
#9339 = DIRECTION('',(0.,1.,0.));
#9340 = PCURVE('',#3820,#9341);
#9341 = DEFINITIONAL_REPRESENTATION('',(#9342),#9345);
#9342 = B_SPLINE_CURVE_WITH_KNOTS('',1,(#9343,#9344),.UNSPECIFIED.,.F.,
  .F.,(2,2),(-200.0000014,-1.999999597047E-07),
  .PIECEWISE_BEZIER_KNOTS.);
#9343 = CARTESIAN_POINT('',(-3.839815126952,-200.0000014));
#9344 = CARTESIAN_POINT('',(-3.839815126952,-1.999999597047E-07));
#9345 = ( GEOMETRIC_REPRESENTATION_CONTEXT(2) 
PARAMETRIC_REPRESENTATION_CONTEXT() REPRESENTATION_CONTEXT('2D SPACE',''
  ) );
#9346 = PCURVE('',#3791,#9347);
#9347 = DEFINITIONAL_REPRESENTATION('',(#9348),#9352);
#9348 = LINE('',#9349,#9350);
#9349 = CARTESIAN_POINT('',(-2.22044604925E-16,-200.0000008));
#9350 = VECTOR('',#9351,1.);
#9351 = DIRECTION('',(0.,-1.));
#9352 = ( GEOMETRIC_REPRESENTATION_CONTEXT(2) 
PARAMETRIC_REPRESENTATION_CONTEXT() REPRESENTATION_CONTEXT('2D SPACE',''
  ) );
#9353 = ORIENTED_EDGE('',*,*,#3803,.F.);
#9354 = ORIENTED_EDGE('',*,*,#9355,.T.);
#9355 = EDGE_CURVE('',#3804,#8023,#9356,.T.);
#9356 = SURFACE_CURVE('',#9357,(#9361,#9367),.PCURVE_S1.);
#9357 = LINE('',#9358,#9359);
#9358 = CARTESIAN_POINT('',(159.37666592658,200.0000008,1.575));
#9359 = VECTOR('',#9360,1.);
#9360 = DIRECTION('',(0.,1.,0.));
#9361 = PCURVE('',#3820,#9362);
#9362 = DEFINITIONAL_REPRESENTATION('',(#9363),#9366);
#9363 = B_SPLINE_CURVE_WITH_KNOTS('',1,(#9364,#9365),.UNSPECIFIED.,.F.,
  .F.,(2,2),(-200.0000014,-1.999999597047E-07),
  .PIECEWISE_BEZIER_KNOTS.);
#9364 = CARTESIAN_POINT('',(-5.584962833817,-200.0000014));
#9365 = CARTESIAN_POINT('',(-5.584962833817,-1.999999597047E-07));
#9366 = ( GEOMETRIC_REPRESENTATION_CONTEXT(2) 
PARAMETRIC_REPRESENTATION_CONTEXT() REPRESENTATION_CONTEXT('2D SPACE',''
  ) );
#9367 = PCURVE('',#3848,#9368);
#9368 = DEFINITIONAL_REPRESENTATION('',(#9369),#9373);
#9369 = LINE('',#9370,#9371);
#9370 = CARTESIAN_POINT('',(-2.22044604925E-16,-200.0000008));
#9371 = VECTOR('',#9372,1.);
#9372 = DIRECTION('',(0.,-1.));
#9373 = ( GEOMETRIC_REPRESENTATION_CONTEXT(2) 
PARAMETRIC_REPRESENTATION_CONTEXT() REPRESENTATION_CONTEXT('2D SPACE',''
  ) );
#9374 = ADVANCED_FACE('',(#9375),#3707,.F.);
#9375 = FACE_BOUND('',#9376,.T.);
#9376 = EDGE_LOOP('',(#9377,#9378,#9398,#9399));
#9377 = ORIENTED_EDGE('',*,*,#7925,.F.);
#9378 = ORIENTED_EDGE('',*,*,#9379,.F.);
#9379 = EDGE_CURVE('',#3663,#7903,#9380,.T.);
#9380 = SURFACE_CURVE('',#9381,(#9385,#9391),.PCURVE_S1.);
#9381 = LINE('',#9382,#9383);
#9382 = CARTESIAN_POINT('',(150.62333407341,200.0000008,1.575));
#9383 = VECTOR('',#9384,1.);
#9384 = DIRECTION('',(0.,1.,0.));
#9385 = PCURVE('',#3707,#9386);
#9386 = DEFINITIONAL_REPRESENTATION('',(#9387),#9390);
#9387 = B_SPLINE_CURVE_WITH_KNOTS('',1,(#9388,#9389),.UNSPECIFIED.,.F.,
  .F.,(2,2),(-200.0000014,-1.999999597047E-07),
  .PIECEWISE_BEZIER_KNOTS.);
#9388 = CARTESIAN_POINT('',(-3.839815126952,-200.0000014));
#9389 = CARTESIAN_POINT('',(-3.839815126952,-1.999999597047E-07));
#9390 = ( GEOMETRIC_REPRESENTATION_CONTEXT(2) 
PARAMETRIC_REPRESENTATION_CONTEXT() REPRESENTATION_CONTEXT('2D SPACE',''
  ) );
#9391 = PCURVE('',#3678,#9392);
#9392 = DEFINITIONAL_REPRESENTATION('',(#9393),#9397);
#9393 = LINE('',#9394,#9395);
#9394 = CARTESIAN_POINT('',(-2.22044604925E-16,-200.0000008));
#9395 = VECTOR('',#9396,1.);
#9396 = DIRECTION('',(0.,-1.));
#9397 = ( GEOMETRIC_REPRESENTATION_CONTEXT(2) 
PARAMETRIC_REPRESENTATION_CONTEXT() REPRESENTATION_CONTEXT('2D SPACE',''
  ) );
#9398 = ORIENTED_EDGE('',*,*,#3690,.F.);
#9399 = ORIENTED_EDGE('',*,*,#9400,.T.);
#9400 = EDGE_CURVE('',#3691,#7926,#9401,.T.);
#9401 = SURFACE_CURVE('',#9402,(#9406,#9412),.PCURVE_S1.);
#9402 = LINE('',#9403,#9404);
#9403 = CARTESIAN_POINT('',(154.37666592658,200.0000008,1.575));
#9404 = VECTOR('',#9405,1.);
#9405 = DIRECTION('',(0.,1.,0.));
#9406 = PCURVE('',#3707,#9407);
#9407 = DEFINITIONAL_REPRESENTATION('',(#9408),#9411);
#9408 = B_SPLINE_CURVE_WITH_KNOTS('',1,(#9409,#9410),.UNSPECIFIED.,.F.,
  .F.,(2,2),(-200.0000014,-1.999999597047E-07),
  .PIECEWISE_BEZIER_KNOTS.);
#9409 = CARTESIAN_POINT('',(-5.584962833817,-200.0000014));
#9410 = CARTESIAN_POINT('',(-5.584962833817,-1.999999597047E-07));
#9411 = ( GEOMETRIC_REPRESENTATION_CONTEXT(2) 
PARAMETRIC_REPRESENTATION_CONTEXT() REPRESENTATION_CONTEXT('2D SPACE',''
  ) );
#9412 = PCURVE('',#3735,#9413);
#9413 = DEFINITIONAL_REPRESENTATION('',(#9414),#9418);
#9414 = LINE('',#9415,#9416);
#9415 = CARTESIAN_POINT('',(-2.22044604925E-16,-200.0000008));
#9416 = VECTOR('',#9417,1.);
#9417 = DIRECTION('',(0.,-1.));
#9418 = ( GEOMETRIC_REPRESENTATION_CONTEXT(2) 
PARAMETRIC_REPRESENTATION_CONTEXT() REPRESENTATION_CONTEXT('2D SPACE',''
  ) );
#9419 = ADVANCED_FACE('',(#9420),#3594,.F.);
#9420 = FACE_BOUND('',#9421,.T.);
#9421 = EDGE_LOOP('',(#9422,#9423,#9443,#9444));
#9422 = ORIENTED_EDGE('',*,*,#7828,.F.);
#9423 = ORIENTED_EDGE('',*,*,#9424,.F.);
#9424 = EDGE_CURVE('',#3550,#7806,#9425,.T.);
#9425 = SURFACE_CURVE('',#9426,(#9430,#9436),.PCURVE_S1.);
#9426 = LINE('',#9427,#9428);
#9427 = CARTESIAN_POINT('',(145.62333407341,200.0000008,1.575));
#9428 = VECTOR('',#9429,1.);
#9429 = DIRECTION('',(0.,1.,0.));
#9430 = PCURVE('',#3594,#9431);
#9431 = DEFINITIONAL_REPRESENTATION('',(#9432),#9435);
#9432 = B_SPLINE_CURVE_WITH_KNOTS('',1,(#9433,#9434),.UNSPECIFIED.,.F.,
  .F.,(2,2),(-200.0000014,-1.999999597047E-07),
  .PIECEWISE_BEZIER_KNOTS.);
#9433 = CARTESIAN_POINT('',(-3.839815126952,-200.0000014));
#9434 = CARTESIAN_POINT('',(-3.839815126952,-1.999999597047E-07));
#9435 = ( GEOMETRIC_REPRESENTATION_CONTEXT(2) 
PARAMETRIC_REPRESENTATION_CONTEXT() REPRESENTATION_CONTEXT('2D SPACE',''
  ) );
#9436 = PCURVE('',#3565,#9437);
#9437 = DEFINITIONAL_REPRESENTATION('',(#9438),#9442);
#9438 = LINE('',#9439,#9440);
#9439 = CARTESIAN_POINT('',(-2.22044604925E-16,-200.0000008));
#9440 = VECTOR('',#9441,1.);
#9441 = DIRECTION('',(0.,-1.));
#9442 = ( GEOMETRIC_REPRESENTATION_CONTEXT(2) 
PARAMETRIC_REPRESENTATION_CONTEXT() REPRESENTATION_CONTEXT('2D SPACE',''
  ) );
#9443 = ORIENTED_EDGE('',*,*,#3577,.F.);
#9444 = ORIENTED_EDGE('',*,*,#9445,.T.);
#9445 = EDGE_CURVE('',#3578,#7829,#9446,.T.);
#9446 = SURFACE_CURVE('',#9447,(#9451,#9457),.PCURVE_S1.);
#9447 = LINE('',#9448,#9449);
#9448 = CARTESIAN_POINT('',(149.37666592658,200.0000008,1.575));
#9449 = VECTOR('',#9450,1.);
#9450 = DIRECTION('',(0.,1.,0.));
#9451 = PCURVE('',#3594,#9452);
#9452 = DEFINITIONAL_REPRESENTATION('',(#9453),#9456);
#9453 = B_SPLINE_CURVE_WITH_KNOTS('',1,(#9454,#9455),.UNSPECIFIED.,.F.,
  .F.,(2,2),(-200.0000014,-1.999999597047E-07),
  .PIECEWISE_BEZIER_KNOTS.);
#9454 = CARTESIAN_POINT('',(-5.584962833817,-200.0000014));
#9455 = CARTESIAN_POINT('',(-5.584962833817,-1.999999597047E-07));
#9456 = ( GEOMETRIC_REPRESENTATION_CONTEXT(2) 
PARAMETRIC_REPRESENTATION_CONTEXT() REPRESENTATION_CONTEXT('2D SPACE',''
  ) );
#9457 = PCURVE('',#3622,#9458);
#9458 = DEFINITIONAL_REPRESENTATION('',(#9459),#9463);
#9459 = LINE('',#9460,#9461);
#9460 = CARTESIAN_POINT('',(-2.22044604925E-16,-200.0000008));
#9461 = VECTOR('',#9462,1.);
#9462 = DIRECTION('',(0.,-1.));
#9463 = ( GEOMETRIC_REPRESENTATION_CONTEXT(2) 
PARAMETRIC_REPRESENTATION_CONTEXT() REPRESENTATION_CONTEXT('2D SPACE',''
  ) );
#9464 = ADVANCED_FACE('',(#9465),#3481,.F.);
#9465 = FACE_BOUND('',#9466,.T.);
#9466 = EDGE_LOOP('',(#9467,#9468,#9488,#9489));
#9467 = ORIENTED_EDGE('',*,*,#7731,.F.);
#9468 = ORIENTED_EDGE('',*,*,#9469,.F.);
#9469 = EDGE_CURVE('',#3437,#7709,#9470,.T.);
#9470 = SURFACE_CURVE('',#9471,(#9475,#9481),.PCURVE_S1.);
#9471 = LINE('',#9472,#9473);
#9472 = CARTESIAN_POINT('',(140.62333407341,200.0000008,1.575));
#9473 = VECTOR('',#9474,1.);
#9474 = DIRECTION('',(0.,1.,0.));
#9475 = PCURVE('',#3481,#9476);
#9476 = DEFINITIONAL_REPRESENTATION('',(#9477),#9480);
#9477 = B_SPLINE_CURVE_WITH_KNOTS('',1,(#9478,#9479),.UNSPECIFIED.,.F.,
  .F.,(2,2),(-200.0000014,-1.999999597047E-07),
  .PIECEWISE_BEZIER_KNOTS.);
#9478 = CARTESIAN_POINT('',(-3.839815126952,-200.0000014));
#9479 = CARTESIAN_POINT('',(-3.839815126952,-1.999999597047E-07));
#9480 = ( GEOMETRIC_REPRESENTATION_CONTEXT(2) 
PARAMETRIC_REPRESENTATION_CONTEXT() REPRESENTATION_CONTEXT('2D SPACE',''
  ) );
#9481 = PCURVE('',#3452,#9482);
#9482 = DEFINITIONAL_REPRESENTATION('',(#9483),#9487);
#9483 = LINE('',#9484,#9485);
#9484 = CARTESIAN_POINT('',(-2.22044604925E-16,-200.0000008));
#9485 = VECTOR('',#9486,1.);
#9486 = DIRECTION('',(0.,-1.));
#9487 = ( GEOMETRIC_REPRESENTATION_CONTEXT(2) 
PARAMETRIC_REPRESENTATION_CONTEXT() REPRESENTATION_CONTEXT('2D SPACE',''
  ) );
#9488 = ORIENTED_EDGE('',*,*,#3464,.F.);
#9489 = ORIENTED_EDGE('',*,*,#9490,.T.);
#9490 = EDGE_CURVE('',#3465,#7732,#9491,.T.);
#9491 = SURFACE_CURVE('',#9492,(#9496,#9502),.PCURVE_S1.);
#9492 = LINE('',#9493,#9494);
#9493 = CARTESIAN_POINT('',(144.37666592658,200.0000008,1.575));
#9494 = VECTOR('',#9495,1.);
#9495 = DIRECTION('',(0.,1.,0.));
#9496 = PCURVE('',#3481,#9497);
#9497 = DEFINITIONAL_REPRESENTATION('',(#9498),#9501);
#9498 = B_SPLINE_CURVE_WITH_KNOTS('',1,(#9499,#9500),.UNSPECIFIED.,.F.,
  .F.,(2,2),(-200.0000014,-1.999999597047E-07),
  .PIECEWISE_BEZIER_KNOTS.);
#9499 = CARTESIAN_POINT('',(-5.584962833817,-200.0000014));
#9500 = CARTESIAN_POINT('',(-5.584962833817,-1.999999597047E-07));
#9501 = ( GEOMETRIC_REPRESENTATION_CONTEXT(2) 
PARAMETRIC_REPRESENTATION_CONTEXT() REPRESENTATION_CONTEXT('2D SPACE',''
  ) );
#9502 = PCURVE('',#3509,#9503);
#9503 = DEFINITIONAL_REPRESENTATION('',(#9504),#9508);
#9504 = LINE('',#9505,#9506);
#9505 = CARTESIAN_POINT('',(-2.22044604925E-16,-200.0000008));
#9506 = VECTOR('',#9507,1.);
#9507 = DIRECTION('',(0.,-1.));
#9508 = ( GEOMETRIC_REPRESENTATION_CONTEXT(2) 
PARAMETRIC_REPRESENTATION_CONTEXT() REPRESENTATION_CONTEXT('2D SPACE',''
  ) );
#9509 = ADVANCED_FACE('',(#9510),#3368,.F.);
#9510 = FACE_BOUND('',#9511,.T.);
#9511 = EDGE_LOOP('',(#9512,#9513,#9533,#9534));
#9512 = ORIENTED_EDGE('',*,*,#7634,.F.);
#9513 = ORIENTED_EDGE('',*,*,#9514,.F.);
#9514 = EDGE_CURVE('',#3324,#7612,#9515,.T.);
#9515 = SURFACE_CURVE('',#9516,(#9520,#9526),.PCURVE_S1.);
#9516 = LINE('',#9517,#9518);
#9517 = CARTESIAN_POINT('',(135.62333407341,200.0000008,1.575));
#9518 = VECTOR('',#9519,1.);
#9519 = DIRECTION('',(0.,1.,0.));
#9520 = PCURVE('',#3368,#9521);
#9521 = DEFINITIONAL_REPRESENTATION('',(#9522),#9525);
#9522 = B_SPLINE_CURVE_WITH_KNOTS('',1,(#9523,#9524),.UNSPECIFIED.,.F.,
  .F.,(2,2),(-200.0000014,-1.999999597047E-07),
  .PIECEWISE_BEZIER_KNOTS.);
#9523 = CARTESIAN_POINT('',(-3.839815126952,-200.0000014));
#9524 = CARTESIAN_POINT('',(-3.839815126952,-1.999999597047E-07));
#9525 = ( GEOMETRIC_REPRESENTATION_CONTEXT(2) 
PARAMETRIC_REPRESENTATION_CONTEXT() REPRESENTATION_CONTEXT('2D SPACE',''
  ) );
#9526 = PCURVE('',#3339,#9527);
#9527 = DEFINITIONAL_REPRESENTATION('',(#9528),#9532);
#9528 = LINE('',#9529,#9530);
#9529 = CARTESIAN_POINT('',(-2.22044604925E-16,-200.0000008));
#9530 = VECTOR('',#9531,1.);
#9531 = DIRECTION('',(0.,-1.));
#9532 = ( GEOMETRIC_REPRESENTATION_CONTEXT(2) 
PARAMETRIC_REPRESENTATION_CONTEXT() REPRESENTATION_CONTEXT('2D SPACE',''
  ) );
#9533 = ORIENTED_EDGE('',*,*,#3351,.F.);
#9534 = ORIENTED_EDGE('',*,*,#9535,.T.);
#9535 = EDGE_CURVE('',#3352,#7635,#9536,.T.);
#9536 = SURFACE_CURVE('',#9537,(#9541,#9547),.PCURVE_S1.);
#9537 = LINE('',#9538,#9539);
#9538 = CARTESIAN_POINT('',(139.37666592658,200.0000008,1.575));
#9539 = VECTOR('',#9540,1.);
#9540 = DIRECTION('',(0.,1.,0.));
#9541 = PCURVE('',#3368,#9542);
#9542 = DEFINITIONAL_REPRESENTATION('',(#9543),#9546);
#9543 = B_SPLINE_CURVE_WITH_KNOTS('',1,(#9544,#9545),.UNSPECIFIED.,.F.,
  .F.,(2,2),(-200.0000014,-1.999999597047E-07),
  .PIECEWISE_BEZIER_KNOTS.);
#9544 = CARTESIAN_POINT('',(-5.584962833817,-200.0000014));
#9545 = CARTESIAN_POINT('',(-5.584962833817,-1.999999597047E-07));
#9546 = ( GEOMETRIC_REPRESENTATION_CONTEXT(2) 
PARAMETRIC_REPRESENTATION_CONTEXT() REPRESENTATION_CONTEXT('2D SPACE',''
  ) );
#9547 = PCURVE('',#3396,#9548);
#9548 = DEFINITIONAL_REPRESENTATION('',(#9549),#9553);
#9549 = LINE('',#9550,#9551);
#9550 = CARTESIAN_POINT('',(-2.22044604925E-16,-200.0000008));
#9551 = VECTOR('',#9552,1.);
#9552 = DIRECTION('',(0.,-1.));
#9553 = ( GEOMETRIC_REPRESENTATION_CONTEXT(2) 
PARAMETRIC_REPRESENTATION_CONTEXT() REPRESENTATION_CONTEXT('2D SPACE',''
  ) );
#9554 = ADVANCED_FACE('',(#9555),#3255,.F.);
#9555 = FACE_BOUND('',#9556,.T.);
#9556 = EDGE_LOOP('',(#9557,#9558,#9578,#9579));
#9557 = ORIENTED_EDGE('',*,*,#7537,.F.);
#9558 = ORIENTED_EDGE('',*,*,#9559,.F.);
#9559 = EDGE_CURVE('',#3211,#7515,#9560,.T.);
#9560 = SURFACE_CURVE('',#9561,(#9565,#9571),.PCURVE_S1.);
#9561 = LINE('',#9562,#9563);
#9562 = CARTESIAN_POINT('',(130.62333407341,200.0000008,1.575));
#9563 = VECTOR('',#9564,1.);
#9564 = DIRECTION('',(0.,1.,0.));
#9565 = PCURVE('',#3255,#9566);
#9566 = DEFINITIONAL_REPRESENTATION('',(#9567),#9570);
#9567 = B_SPLINE_CURVE_WITH_KNOTS('',1,(#9568,#9569),.UNSPECIFIED.,.F.,
  .F.,(2,2),(-200.0000014,-1.999999597047E-07),
  .PIECEWISE_BEZIER_KNOTS.);
#9568 = CARTESIAN_POINT('',(-3.839815126952,-200.0000014));
#9569 = CARTESIAN_POINT('',(-3.839815126952,-1.999999597047E-07));
#9570 = ( GEOMETRIC_REPRESENTATION_CONTEXT(2) 
PARAMETRIC_REPRESENTATION_CONTEXT() REPRESENTATION_CONTEXT('2D SPACE',''
  ) );
#9571 = PCURVE('',#3226,#9572);
#9572 = DEFINITIONAL_REPRESENTATION('',(#9573),#9577);
#9573 = LINE('',#9574,#9575);
#9574 = CARTESIAN_POINT('',(-2.22044604925E-16,-200.0000008));
#9575 = VECTOR('',#9576,1.);
#9576 = DIRECTION('',(0.,-1.));
#9577 = ( GEOMETRIC_REPRESENTATION_CONTEXT(2) 
PARAMETRIC_REPRESENTATION_CONTEXT() REPRESENTATION_CONTEXT('2D SPACE',''
  ) );
#9578 = ORIENTED_EDGE('',*,*,#3238,.F.);
#9579 = ORIENTED_EDGE('',*,*,#9580,.T.);
#9580 = EDGE_CURVE('',#3239,#7538,#9581,.T.);
#9581 = SURFACE_CURVE('',#9582,(#9586,#9592),.PCURVE_S1.);
#9582 = LINE('',#9583,#9584);
#9583 = CARTESIAN_POINT('',(134.37666592658,200.0000008,1.575));
#9584 = VECTOR('',#9585,1.);
#9585 = DIRECTION('',(0.,1.,0.));
#9586 = PCURVE('',#3255,#9587);
#9587 = DEFINITIONAL_REPRESENTATION('',(#9588),#9591);
#9588 = B_SPLINE_CURVE_WITH_KNOTS('',1,(#9589,#9590),.UNSPECIFIED.,.F.,
  .F.,(2,2),(-200.0000014,-1.999999597047E-07),
  .PIECEWISE_BEZIER_KNOTS.);
#9589 = CARTESIAN_POINT('',(-5.584962833817,-200.0000014));
#9590 = CARTESIAN_POINT('',(-5.584962833817,-1.999999597047E-07));
#9591 = ( GEOMETRIC_REPRESENTATION_CONTEXT(2) 
PARAMETRIC_REPRESENTATION_CONTEXT() REPRESENTATION_CONTEXT('2D SPACE',''
  ) );
#9592 = PCURVE('',#3283,#9593);
#9593 = DEFINITIONAL_REPRESENTATION('',(#9594),#9598);
#9594 = LINE('',#9595,#9596);
#9595 = CARTESIAN_POINT('',(-2.22044604925E-16,-200.0000008));
#9596 = VECTOR('',#9597,1.);
#9597 = DIRECTION('',(0.,-1.));
#9598 = ( GEOMETRIC_REPRESENTATION_CONTEXT(2) 
PARAMETRIC_REPRESENTATION_CONTEXT() REPRESENTATION_CONTEXT('2D SPACE',''
  ) );
#9599 = ADVANCED_FACE('',(#9600),#3142,.F.);
#9600 = FACE_BOUND('',#9601,.T.);
#9601 = EDGE_LOOP('',(#9602,#9603,#9623,#9624));
#9602 = ORIENTED_EDGE('',*,*,#7440,.F.);
#9603 = ORIENTED_EDGE('',*,*,#9604,.F.);
#9604 = EDGE_CURVE('',#3098,#7418,#9605,.T.);
#9605 = SURFACE_CURVE('',#9606,(#9610,#9616),.PCURVE_S1.);
#9606 = LINE('',#9607,#9608);
#9607 = CARTESIAN_POINT('',(125.62333407341,200.0000008,1.575));
#9608 = VECTOR('',#9609,1.);
#9609 = DIRECTION('',(0.,1.,0.));
#9610 = PCURVE('',#3142,#9611);
#9611 = DEFINITIONAL_REPRESENTATION('',(#9612),#9615);
#9612 = B_SPLINE_CURVE_WITH_KNOTS('',1,(#9613,#9614),.UNSPECIFIED.,.F.,
  .F.,(2,2),(-200.0000014,-1.999999597047E-07),
  .PIECEWISE_BEZIER_KNOTS.);
#9613 = CARTESIAN_POINT('',(-3.839815126952,-200.0000014));
#9614 = CARTESIAN_POINT('',(-3.839815126952,-1.999999597047E-07));
#9615 = ( GEOMETRIC_REPRESENTATION_CONTEXT(2) 
PARAMETRIC_REPRESENTATION_CONTEXT() REPRESENTATION_CONTEXT('2D SPACE',''
  ) );
#9616 = PCURVE('',#3113,#9617);
#9617 = DEFINITIONAL_REPRESENTATION('',(#9618),#9622);
#9618 = LINE('',#9619,#9620);
#9619 = CARTESIAN_POINT('',(-2.22044604925E-16,-200.0000008));
#9620 = VECTOR('',#9621,1.);
#9621 = DIRECTION('',(0.,-1.));
#9622 = ( GEOMETRIC_REPRESENTATION_CONTEXT(2) 
PARAMETRIC_REPRESENTATION_CONTEXT() REPRESENTATION_CONTEXT('2D SPACE',''
  ) );
#9623 = ORIENTED_EDGE('',*,*,#3125,.F.);
#9624 = ORIENTED_EDGE('',*,*,#9625,.T.);
#9625 = EDGE_CURVE('',#3126,#7441,#9626,.T.);
#9626 = SURFACE_CURVE('',#9627,(#9631,#9637),.PCURVE_S1.);
#9627 = LINE('',#9628,#9629);
#9628 = CARTESIAN_POINT('',(129.37666592658,200.0000008,1.575));
#9629 = VECTOR('',#9630,1.);
#9630 = DIRECTION('',(0.,1.,0.));
#9631 = PCURVE('',#3142,#9632);
#9632 = DEFINITIONAL_REPRESENTATION('',(#9633),#9636);
#9633 = B_SPLINE_CURVE_WITH_KNOTS('',1,(#9634,#9635),.UNSPECIFIED.,.F.,
  .F.,(2,2),(-200.0000014,-1.999999597047E-07),
  .PIECEWISE_BEZIER_KNOTS.);
#9634 = CARTESIAN_POINT('',(-5.584962833817,-200.0000014));
#9635 = CARTESIAN_POINT('',(-5.584962833817,-1.999999597047E-07));
#9636 = ( GEOMETRIC_REPRESENTATION_CONTEXT(2) 
PARAMETRIC_REPRESENTATION_CONTEXT() REPRESENTATION_CONTEXT('2D SPACE',''
  ) );
#9637 = PCURVE('',#3170,#9638);
#9638 = DEFINITIONAL_REPRESENTATION('',(#9639),#9643);
#9639 = LINE('',#9640,#9641);
#9640 = CARTESIAN_POINT('',(-2.22044604925E-16,-200.0000008));
#9641 = VECTOR('',#9642,1.);
#9642 = DIRECTION('',(0.,-1.));
#9643 = ( GEOMETRIC_REPRESENTATION_CONTEXT(2) 
PARAMETRIC_REPRESENTATION_CONTEXT() REPRESENTATION_CONTEXT('2D SPACE',''
  ) );
#9644 = ADVANCED_FACE('',(#9645),#3029,.F.);
#9645 = FACE_BOUND('',#9646,.T.);
#9646 = EDGE_LOOP('',(#9647,#9648,#9668,#9669));
#9647 = ORIENTED_EDGE('',*,*,#7343,.F.);
#9648 = ORIENTED_EDGE('',*,*,#9649,.F.);
#9649 = EDGE_CURVE('',#2985,#7321,#9650,.T.);
#9650 = SURFACE_CURVE('',#9651,(#9655,#9661),.PCURVE_S1.);
#9651 = LINE('',#9652,#9653);
#9652 = CARTESIAN_POINT('',(120.62333407341,200.0000008,1.575));
#9653 = VECTOR('',#9654,1.);
#9654 = DIRECTION('',(0.,1.,0.));
#9655 = PCURVE('',#3029,#9656);
#9656 = DEFINITIONAL_REPRESENTATION('',(#9657),#9660);
#9657 = B_SPLINE_CURVE_WITH_KNOTS('',1,(#9658,#9659),.UNSPECIFIED.,.F.,
  .F.,(2,2),(-200.0000014,-1.999999597047E-07),
  .PIECEWISE_BEZIER_KNOTS.);
#9658 = CARTESIAN_POINT('',(-3.839815126952,-200.0000014));
#9659 = CARTESIAN_POINT('',(-3.839815126952,-1.999999597047E-07));
#9660 = ( GEOMETRIC_REPRESENTATION_CONTEXT(2) 
PARAMETRIC_REPRESENTATION_CONTEXT() REPRESENTATION_CONTEXT('2D SPACE',''
  ) );
#9661 = PCURVE('',#3000,#9662);
#9662 = DEFINITIONAL_REPRESENTATION('',(#9663),#9667);
#9663 = LINE('',#9664,#9665);
#9664 = CARTESIAN_POINT('',(-2.22044604925E-16,-200.0000008));
#9665 = VECTOR('',#9666,1.);
#9666 = DIRECTION('',(0.,-1.));
#9667 = ( GEOMETRIC_REPRESENTATION_CONTEXT(2) 
PARAMETRIC_REPRESENTATION_CONTEXT() REPRESENTATION_CONTEXT('2D SPACE',''
  ) );
#9668 = ORIENTED_EDGE('',*,*,#3012,.F.);
#9669 = ORIENTED_EDGE('',*,*,#9670,.T.);
#9670 = EDGE_CURVE('',#3013,#7344,#9671,.T.);
#9671 = SURFACE_CURVE('',#9672,(#9676,#9682),.PCURVE_S1.);
#9672 = LINE('',#9673,#9674);
#9673 = CARTESIAN_POINT('',(124.37666592658,200.0000008,1.575));
#9674 = VECTOR('',#9675,1.);
#9675 = DIRECTION('',(0.,1.,0.));
#9676 = PCURVE('',#3029,#9677);
#9677 = DEFINITIONAL_REPRESENTATION('',(#9678),#9681);
#9678 = B_SPLINE_CURVE_WITH_KNOTS('',1,(#9679,#9680),.UNSPECIFIED.,.F.,
  .F.,(2,2),(-200.0000014,-1.999999597047E-07),
  .PIECEWISE_BEZIER_KNOTS.);
#9679 = CARTESIAN_POINT('',(-5.584962833817,-200.0000014));
#9680 = CARTESIAN_POINT('',(-5.584962833817,-1.999999597047E-07));
#9681 = ( GEOMETRIC_REPRESENTATION_CONTEXT(2) 
PARAMETRIC_REPRESENTATION_CONTEXT() REPRESENTATION_CONTEXT('2D SPACE',''
  ) );
#9682 = PCURVE('',#3057,#9683);
#9683 = DEFINITIONAL_REPRESENTATION('',(#9684),#9688);
#9684 = LINE('',#9685,#9686);
#9685 = CARTESIAN_POINT('',(-2.22044604925E-16,-200.0000008));
#9686 = VECTOR('',#9687,1.);
#9687 = DIRECTION('',(0.,-1.));
#9688 = ( GEOMETRIC_REPRESENTATION_CONTEXT(2) 
PARAMETRIC_REPRESENTATION_CONTEXT() REPRESENTATION_CONTEXT('2D SPACE',''
  ) );
#9689 = ADVANCED_FACE('',(#9690),#2916,.F.);
#9690 = FACE_BOUND('',#9691,.T.);
#9691 = EDGE_LOOP('',(#9692,#9693,#9713,#9714));
#9692 = ORIENTED_EDGE('',*,*,#7246,.F.);
#9693 = ORIENTED_EDGE('',*,*,#9694,.F.);
#9694 = EDGE_CURVE('',#2872,#7224,#9695,.T.);
#9695 = SURFACE_CURVE('',#9696,(#9700,#9706),.PCURVE_S1.);
#9696 = LINE('',#9697,#9698);
#9697 = CARTESIAN_POINT('',(115.62333407341,200.0000008,1.575));
#9698 = VECTOR('',#9699,1.);
#9699 = DIRECTION('',(0.,1.,0.));
#9700 = PCURVE('',#2916,#9701);
#9701 = DEFINITIONAL_REPRESENTATION('',(#9702),#9705);
#9702 = B_SPLINE_CURVE_WITH_KNOTS('',1,(#9703,#9704),.UNSPECIFIED.,.F.,
  .F.,(2,2),(-200.0000014,-1.999999597047E-07),
  .PIECEWISE_BEZIER_KNOTS.);
#9703 = CARTESIAN_POINT('',(-3.839815126952,-200.0000014));
#9704 = CARTESIAN_POINT('',(-3.839815126952,-1.999999597047E-07));
#9705 = ( GEOMETRIC_REPRESENTATION_CONTEXT(2) 
PARAMETRIC_REPRESENTATION_CONTEXT() REPRESENTATION_CONTEXT('2D SPACE',''
  ) );
#9706 = PCURVE('',#2887,#9707);
#9707 = DEFINITIONAL_REPRESENTATION('',(#9708),#9712);
#9708 = LINE('',#9709,#9710);
#9709 = CARTESIAN_POINT('',(-2.22044604925E-16,-200.0000008));
#9710 = VECTOR('',#9711,1.);
#9711 = DIRECTION('',(0.,-1.));
#9712 = ( GEOMETRIC_REPRESENTATION_CONTEXT(2) 
PARAMETRIC_REPRESENTATION_CONTEXT() REPRESENTATION_CONTEXT('2D SPACE',''
  ) );
#9713 = ORIENTED_EDGE('',*,*,#2899,.F.);
#9714 = ORIENTED_EDGE('',*,*,#9715,.T.);
#9715 = EDGE_CURVE('',#2900,#7247,#9716,.T.);
#9716 = SURFACE_CURVE('',#9717,(#9721,#9727),.PCURVE_S1.);
#9717 = LINE('',#9718,#9719);
#9718 = CARTESIAN_POINT('',(119.37666592658,200.0000008,1.575));
#9719 = VECTOR('',#9720,1.);
#9720 = DIRECTION('',(0.,1.,0.));
#9721 = PCURVE('',#2916,#9722);
#9722 = DEFINITIONAL_REPRESENTATION('',(#9723),#9726);
#9723 = B_SPLINE_CURVE_WITH_KNOTS('',1,(#9724,#9725),.UNSPECIFIED.,.F.,
  .F.,(2,2),(-200.0000014,-1.999999597047E-07),
  .PIECEWISE_BEZIER_KNOTS.);
#9724 = CARTESIAN_POINT('',(-5.584962833817,-200.0000014));
#9725 = CARTESIAN_POINT('',(-5.584962833817,-1.999999597047E-07));
#9726 = ( GEOMETRIC_REPRESENTATION_CONTEXT(2) 
PARAMETRIC_REPRESENTATION_CONTEXT() REPRESENTATION_CONTEXT('2D SPACE',''
  ) );
#9727 = PCURVE('',#2944,#9728);
#9728 = DEFINITIONAL_REPRESENTATION('',(#9729),#9733);
#9729 = LINE('',#9730,#9731);
#9730 = CARTESIAN_POINT('',(-2.22044604925E-16,-200.0000008));
#9731 = VECTOR('',#9732,1.);
#9732 = DIRECTION('',(0.,-1.));
#9733 = ( GEOMETRIC_REPRESENTATION_CONTEXT(2) 
PARAMETRIC_REPRESENTATION_CONTEXT() REPRESENTATION_CONTEXT('2D SPACE',''
  ) );
#9734 = ADVANCED_FACE('',(#9735),#2803,.F.);
#9735 = FACE_BOUND('',#9736,.T.);
#9736 = EDGE_LOOP('',(#9737,#9738,#9758,#9759));
#9737 = ORIENTED_EDGE('',*,*,#7149,.F.);
#9738 = ORIENTED_EDGE('',*,*,#9739,.F.);
#9739 = EDGE_CURVE('',#2759,#7127,#9740,.T.);
#9740 = SURFACE_CURVE('',#9741,(#9745,#9751),.PCURVE_S1.);
#9741 = LINE('',#9742,#9743);
#9742 = CARTESIAN_POINT('',(110.62333407341,200.0000008,1.575));
#9743 = VECTOR('',#9744,1.);
#9744 = DIRECTION('',(0.,1.,0.));
#9745 = PCURVE('',#2803,#9746);
#9746 = DEFINITIONAL_REPRESENTATION('',(#9747),#9750);
#9747 = B_SPLINE_CURVE_WITH_KNOTS('',1,(#9748,#9749),.UNSPECIFIED.,.F.,
  .F.,(2,2),(-200.0000014,-1.999999597047E-07),
  .PIECEWISE_BEZIER_KNOTS.);
#9748 = CARTESIAN_POINT('',(-3.839815126952,-200.0000014));
#9749 = CARTESIAN_POINT('',(-3.839815126952,-1.999999597047E-07));
#9750 = ( GEOMETRIC_REPRESENTATION_CONTEXT(2) 
PARAMETRIC_REPRESENTATION_CONTEXT() REPRESENTATION_CONTEXT('2D SPACE',''
  ) );
#9751 = PCURVE('',#2774,#9752);
#9752 = DEFINITIONAL_REPRESENTATION('',(#9753),#9757);
#9753 = LINE('',#9754,#9755);
#9754 = CARTESIAN_POINT('',(-2.22044604925E-16,-200.0000008));
#9755 = VECTOR('',#9756,1.);
#9756 = DIRECTION('',(0.,-1.));
#9757 = ( GEOMETRIC_REPRESENTATION_CONTEXT(2) 
PARAMETRIC_REPRESENTATION_CONTEXT() REPRESENTATION_CONTEXT('2D SPACE',''
  ) );
#9758 = ORIENTED_EDGE('',*,*,#2786,.F.);
#9759 = ORIENTED_EDGE('',*,*,#9760,.T.);
#9760 = EDGE_CURVE('',#2787,#7150,#9761,.T.);
#9761 = SURFACE_CURVE('',#9762,(#9766,#9772),.PCURVE_S1.);
#9762 = LINE('',#9763,#9764);
#9763 = CARTESIAN_POINT('',(114.37666592658,200.0000008,1.575));
#9764 = VECTOR('',#9765,1.);
#9765 = DIRECTION('',(0.,1.,0.));
#9766 = PCURVE('',#2803,#9767);
#9767 = DEFINITIONAL_REPRESENTATION('',(#9768),#9771);
#9768 = B_SPLINE_CURVE_WITH_KNOTS('',1,(#9769,#9770),.UNSPECIFIED.,.F.,
  .F.,(2,2),(-200.0000014,-1.999999597047E-07),
  .PIECEWISE_BEZIER_KNOTS.);
#9769 = CARTESIAN_POINT('',(-5.584962833817,-200.0000014));
#9770 = CARTESIAN_POINT('',(-5.584962833817,-1.999999597047E-07));
#9771 = ( GEOMETRIC_REPRESENTATION_CONTEXT(2) 
PARAMETRIC_REPRESENTATION_CONTEXT() REPRESENTATION_CONTEXT('2D SPACE',''
  ) );
#9772 = PCURVE('',#2831,#9773);
#9773 = DEFINITIONAL_REPRESENTATION('',(#9774),#9778);
#9774 = LINE('',#9775,#9776);
#9775 = CARTESIAN_POINT('',(-2.22044604925E-16,-200.0000008));
#9776 = VECTOR('',#9777,1.);
#9777 = DIRECTION('',(0.,-1.));
#9778 = ( GEOMETRIC_REPRESENTATION_CONTEXT(2) 
PARAMETRIC_REPRESENTATION_CONTEXT() REPRESENTATION_CONTEXT('2D SPACE',''
  ) );
#9779 = ADVANCED_FACE('',(#9780),#2690,.F.);
#9780 = FACE_BOUND('',#9781,.T.);
#9781 = EDGE_LOOP('',(#9782,#9783,#9803,#9804));
#9782 = ORIENTED_EDGE('',*,*,#7052,.F.);
#9783 = ORIENTED_EDGE('',*,*,#9784,.F.);
#9784 = EDGE_CURVE('',#2646,#7030,#9785,.T.);
#9785 = SURFACE_CURVE('',#9786,(#9790,#9796),.PCURVE_S1.);
#9786 = LINE('',#9787,#9788);
#9787 = CARTESIAN_POINT('',(105.62333407341,200.0000008,1.575));
#9788 = VECTOR('',#9789,1.);
#9789 = DIRECTION('',(0.,1.,0.));
#9790 = PCURVE('',#2690,#9791);
#9791 = DEFINITIONAL_REPRESENTATION('',(#9792),#9795);
#9792 = B_SPLINE_CURVE_WITH_KNOTS('',1,(#9793,#9794),.UNSPECIFIED.,.F.,
  .F.,(2,2),(-200.0000014,-1.999999597047E-07),
  .PIECEWISE_BEZIER_KNOTS.);
#9793 = CARTESIAN_POINT('',(-3.839815126952,-200.0000014));
#9794 = CARTESIAN_POINT('',(-3.839815126952,-1.999999597047E-07));
#9795 = ( GEOMETRIC_REPRESENTATION_CONTEXT(2) 
PARAMETRIC_REPRESENTATION_CONTEXT() REPRESENTATION_CONTEXT('2D SPACE',''
  ) );
#9796 = PCURVE('',#2661,#9797);
#9797 = DEFINITIONAL_REPRESENTATION('',(#9798),#9802);
#9798 = LINE('',#9799,#9800);
#9799 = CARTESIAN_POINT('',(-2.22044604925E-16,-200.0000008));
#9800 = VECTOR('',#9801,1.);
#9801 = DIRECTION('',(0.,-1.));
#9802 = ( GEOMETRIC_REPRESENTATION_CONTEXT(2) 
PARAMETRIC_REPRESENTATION_CONTEXT() REPRESENTATION_CONTEXT('2D SPACE',''
  ) );
#9803 = ORIENTED_EDGE('',*,*,#2673,.F.);
#9804 = ORIENTED_EDGE('',*,*,#9805,.T.);
#9805 = EDGE_CURVE('',#2674,#7053,#9806,.T.);
#9806 = SURFACE_CURVE('',#9807,(#9811,#9817),.PCURVE_S1.);
#9807 = LINE('',#9808,#9809);
#9808 = CARTESIAN_POINT('',(109.37666592658,200.0000008,1.575));
#9809 = VECTOR('',#9810,1.);
#9810 = DIRECTION('',(0.,1.,0.));
#9811 = PCURVE('',#2690,#9812);
#9812 = DEFINITIONAL_REPRESENTATION('',(#9813),#9816);
#9813 = B_SPLINE_CURVE_WITH_KNOTS('',1,(#9814,#9815),.UNSPECIFIED.,.F.,
  .F.,(2,2),(-200.0000014,-1.999999597047E-07),
  .PIECEWISE_BEZIER_KNOTS.);
#9814 = CARTESIAN_POINT('',(-5.584962833817,-200.0000014));
#9815 = CARTESIAN_POINT('',(-5.584962833817,-1.999999597047E-07));
#9816 = ( GEOMETRIC_REPRESENTATION_CONTEXT(2) 
PARAMETRIC_REPRESENTATION_CONTEXT() REPRESENTATION_CONTEXT('2D SPACE',''
  ) );
#9817 = PCURVE('',#2718,#9818);
#9818 = DEFINITIONAL_REPRESENTATION('',(#9819),#9823);
#9819 = LINE('',#9820,#9821);
#9820 = CARTESIAN_POINT('',(-2.22044604925E-16,-200.0000008));
#9821 = VECTOR('',#9822,1.);
#9822 = DIRECTION('',(0.,-1.));
#9823 = ( GEOMETRIC_REPRESENTATION_CONTEXT(2) 
PARAMETRIC_REPRESENTATION_CONTEXT() REPRESENTATION_CONTEXT('2D SPACE',''
  ) );
#9824 = ADVANCED_FACE('',(#9825),#2577,.F.);
#9825 = FACE_BOUND('',#9826,.T.);
#9826 = EDGE_LOOP('',(#9827,#9828,#9848,#9849));
#9827 = ORIENTED_EDGE('',*,*,#6955,.F.);
#9828 = ORIENTED_EDGE('',*,*,#9829,.F.);
#9829 = EDGE_CURVE('',#2533,#6933,#9830,.T.);
#9830 = SURFACE_CURVE('',#9831,(#9835,#9841),.PCURVE_S1.);
#9831 = LINE('',#9832,#9833);
#9832 = CARTESIAN_POINT('',(100.62333407341,200.0000008,1.575));
#9833 = VECTOR('',#9834,1.);
#9834 = DIRECTION('',(0.,1.,0.));
#9835 = PCURVE('',#2577,#9836);
#9836 = DEFINITIONAL_REPRESENTATION('',(#9837),#9840);
#9837 = B_SPLINE_CURVE_WITH_KNOTS('',1,(#9838,#9839),.UNSPECIFIED.,.F.,
  .F.,(2,2),(-200.0000014,-1.999999597047E-07),
  .PIECEWISE_BEZIER_KNOTS.);
#9838 = CARTESIAN_POINT('',(-3.839815126952,-200.0000014));
#9839 = CARTESIAN_POINT('',(-3.839815126952,-1.999999597047E-07));
#9840 = ( GEOMETRIC_REPRESENTATION_CONTEXT(2) 
PARAMETRIC_REPRESENTATION_CONTEXT() REPRESENTATION_CONTEXT('2D SPACE',''
  ) );
#9841 = PCURVE('',#2548,#9842);
#9842 = DEFINITIONAL_REPRESENTATION('',(#9843),#9847);
#9843 = LINE('',#9844,#9845);
#9844 = CARTESIAN_POINT('',(-2.22044604925E-16,-200.0000008));
#9845 = VECTOR('',#9846,1.);
#9846 = DIRECTION('',(0.,-1.));
#9847 = ( GEOMETRIC_REPRESENTATION_CONTEXT(2) 
PARAMETRIC_REPRESENTATION_CONTEXT() REPRESENTATION_CONTEXT('2D SPACE',''
  ) );
#9848 = ORIENTED_EDGE('',*,*,#2560,.F.);
#9849 = ORIENTED_EDGE('',*,*,#9850,.T.);
#9850 = EDGE_CURVE('',#2561,#6956,#9851,.T.);
#9851 = SURFACE_CURVE('',#9852,(#9856,#9862),.PCURVE_S1.);
#9852 = LINE('',#9853,#9854);
#9853 = CARTESIAN_POINT('',(104.37666592658,200.0000008,1.575));
#9854 = VECTOR('',#9855,1.);
#9855 = DIRECTION('',(0.,1.,0.));
#9856 = PCURVE('',#2577,#9857);
#9857 = DEFINITIONAL_REPRESENTATION('',(#9858),#9861);
#9858 = B_SPLINE_CURVE_WITH_KNOTS('',1,(#9859,#9860),.UNSPECIFIED.,.F.,
  .F.,(2,2),(-200.0000014,-1.999999597047E-07),
  .PIECEWISE_BEZIER_KNOTS.);
#9859 = CARTESIAN_POINT('',(-5.584962833817,-200.0000014));
#9860 = CARTESIAN_POINT('',(-5.584962833817,-1.999999597047E-07));
#9861 = ( GEOMETRIC_REPRESENTATION_CONTEXT(2) 
PARAMETRIC_REPRESENTATION_CONTEXT() REPRESENTATION_CONTEXT('2D SPACE',''
  ) );
#9862 = PCURVE('',#2605,#9863);
#9863 = DEFINITIONAL_REPRESENTATION('',(#9864),#9868);
#9864 = LINE('',#9865,#9866);
#9865 = CARTESIAN_POINT('',(-2.22044604925E-16,-200.0000008));
#9866 = VECTOR('',#9867,1.);
#9867 = DIRECTION('',(0.,-1.));
#9868 = ( GEOMETRIC_REPRESENTATION_CONTEXT(2) 
PARAMETRIC_REPRESENTATION_CONTEXT() REPRESENTATION_CONTEXT('2D SPACE',''
  ) );
#9869 = ADVANCED_FACE('',(#9870),#2464,.F.);
#9870 = FACE_BOUND('',#9871,.T.);
#9871 = EDGE_LOOP('',(#9872,#9873,#9893,#9894));
#9872 = ORIENTED_EDGE('',*,*,#6858,.F.);
#9873 = ORIENTED_EDGE('',*,*,#9874,.F.);
#9874 = EDGE_CURVE('',#2420,#6836,#9875,.T.);
#9875 = SURFACE_CURVE('',#9876,(#9880,#9886),.PCURVE_S1.);
#9876 = LINE('',#9877,#9878);
#9877 = CARTESIAN_POINT('',(95.623334073416,200.0000008,1.575));
#9878 = VECTOR('',#9879,1.);
#9879 = DIRECTION('',(0.,1.,0.));
#9880 = PCURVE('',#2464,#9881);
#9881 = DEFINITIONAL_REPRESENTATION('',(#9882),#9885);
#9882 = B_SPLINE_CURVE_WITH_KNOTS('',1,(#9883,#9884),.UNSPECIFIED.,.F.,
  .F.,(2,2),(-200.0000014,-1.999999597047E-07),
  .PIECEWISE_BEZIER_KNOTS.);
#9883 = CARTESIAN_POINT('',(-3.839815126952,-200.0000014));
#9884 = CARTESIAN_POINT('',(-3.839815126952,-1.999999597047E-07));
#9885 = ( GEOMETRIC_REPRESENTATION_CONTEXT(2) 
PARAMETRIC_REPRESENTATION_CONTEXT() REPRESENTATION_CONTEXT('2D SPACE',''
  ) );
#9886 = PCURVE('',#2435,#9887);
#9887 = DEFINITIONAL_REPRESENTATION('',(#9888),#9892);
#9888 = LINE('',#9889,#9890);
#9889 = CARTESIAN_POINT('',(-2.22044604925E-16,-200.0000008));
#9890 = VECTOR('',#9891,1.);
#9891 = DIRECTION('',(0.,-1.));
#9892 = ( GEOMETRIC_REPRESENTATION_CONTEXT(2) 
PARAMETRIC_REPRESENTATION_CONTEXT() REPRESENTATION_CONTEXT('2D SPACE',''
  ) );
#9893 = ORIENTED_EDGE('',*,*,#2447,.F.);
#9894 = ORIENTED_EDGE('',*,*,#9895,.T.);
#9895 = EDGE_CURVE('',#2448,#6859,#9896,.T.);
#9896 = SURFACE_CURVE('',#9897,(#9901,#9907),.PCURVE_S1.);
#9897 = LINE('',#9898,#9899);
#9898 = CARTESIAN_POINT('',(99.376665926584,200.0000008,1.575));
#9899 = VECTOR('',#9900,1.);
#9900 = DIRECTION('',(0.,1.,0.));
#9901 = PCURVE('',#2464,#9902);
#9902 = DEFINITIONAL_REPRESENTATION('',(#9903),#9906);
#9903 = B_SPLINE_CURVE_WITH_KNOTS('',1,(#9904,#9905),.UNSPECIFIED.,.F.,
  .F.,(2,2),(-200.0000014,-1.999999597047E-07),
  .PIECEWISE_BEZIER_KNOTS.);
#9904 = CARTESIAN_POINT('',(-5.584962833817,-200.0000014));
#9905 = CARTESIAN_POINT('',(-5.584962833817,-1.999999597047E-07));
#9906 = ( GEOMETRIC_REPRESENTATION_CONTEXT(2) 
PARAMETRIC_REPRESENTATION_CONTEXT() REPRESENTATION_CONTEXT('2D SPACE',''
  ) );
#9907 = PCURVE('',#2492,#9908);
#9908 = DEFINITIONAL_REPRESENTATION('',(#9909),#9913);
#9909 = LINE('',#9910,#9911);
#9910 = CARTESIAN_POINT('',(-2.22044604925E-16,-200.0000008));
#9911 = VECTOR('',#9912,1.);
#9912 = DIRECTION('',(0.,-1.));
#9913 = ( GEOMETRIC_REPRESENTATION_CONTEXT(2) 
PARAMETRIC_REPRESENTATION_CONTEXT() REPRESENTATION_CONTEXT('2D SPACE',''
  ) );
#9914 = ADVANCED_FACE('',(#9915),#2351,.F.);
#9915 = FACE_BOUND('',#9916,.T.);
#9916 = EDGE_LOOP('',(#9917,#9918,#9938,#9939));
#9917 = ORIENTED_EDGE('',*,*,#6761,.F.);
#9918 = ORIENTED_EDGE('',*,*,#9919,.F.);
#9919 = EDGE_CURVE('',#2307,#6739,#9920,.T.);
#9920 = SURFACE_CURVE('',#9921,(#9925,#9931),.PCURVE_S1.);
#9921 = LINE('',#9922,#9923);
#9922 = CARTESIAN_POINT('',(90.623334073416,200.0000008,1.575));
#9923 = VECTOR('',#9924,1.);
#9924 = DIRECTION('',(0.,1.,0.));
#9925 = PCURVE('',#2351,#9926);
#9926 = DEFINITIONAL_REPRESENTATION('',(#9927),#9930);
#9927 = B_SPLINE_CURVE_WITH_KNOTS('',1,(#9928,#9929),.UNSPECIFIED.,.F.,
  .F.,(2,2),(-200.0000014,-1.999999597047E-07),
  .PIECEWISE_BEZIER_KNOTS.);
#9928 = CARTESIAN_POINT('',(-3.839815126952,-200.0000014));
#9929 = CARTESIAN_POINT('',(-3.839815126952,-1.999999597047E-07));
#9930 = ( GEOMETRIC_REPRESENTATION_CONTEXT(2) 
PARAMETRIC_REPRESENTATION_CONTEXT() REPRESENTATION_CONTEXT('2D SPACE',''
  ) );
#9931 = PCURVE('',#2322,#9932);
#9932 = DEFINITIONAL_REPRESENTATION('',(#9933),#9937);
#9933 = LINE('',#9934,#9935);
#9934 = CARTESIAN_POINT('',(-2.22044604925E-16,-200.0000008));
#9935 = VECTOR('',#9936,1.);
#9936 = DIRECTION('',(0.,-1.));
#9937 = ( GEOMETRIC_REPRESENTATION_CONTEXT(2) 
PARAMETRIC_REPRESENTATION_CONTEXT() REPRESENTATION_CONTEXT('2D SPACE',''
  ) );
#9938 = ORIENTED_EDGE('',*,*,#2334,.F.);
#9939 = ORIENTED_EDGE('',*,*,#9940,.T.);
#9940 = EDGE_CURVE('',#2335,#6762,#9941,.T.);
#9941 = SURFACE_CURVE('',#9942,(#9946,#9952),.PCURVE_S1.);
#9942 = LINE('',#9943,#9944);
#9943 = CARTESIAN_POINT('',(94.376665926584,200.0000008,1.575));
#9944 = VECTOR('',#9945,1.);
#9945 = DIRECTION('',(0.,1.,0.));
#9946 = PCURVE('',#2351,#9947);
#9947 = DEFINITIONAL_REPRESENTATION('',(#9948),#9951);
#9948 = B_SPLINE_CURVE_WITH_KNOTS('',1,(#9949,#9950),.UNSPECIFIED.,.F.,
  .F.,(2,2),(-200.0000014,-1.999999597047E-07),
  .PIECEWISE_BEZIER_KNOTS.);
#9949 = CARTESIAN_POINT('',(-5.584962833817,-200.0000014));
#9950 = CARTESIAN_POINT('',(-5.584962833817,-1.999999597047E-07));
#9951 = ( GEOMETRIC_REPRESENTATION_CONTEXT(2) 
PARAMETRIC_REPRESENTATION_CONTEXT() REPRESENTATION_CONTEXT('2D SPACE',''
  ) );
#9952 = PCURVE('',#2379,#9953);
#9953 = DEFINITIONAL_REPRESENTATION('',(#9954),#9958);
#9954 = LINE('',#9955,#9956);
#9955 = CARTESIAN_POINT('',(-2.22044604925E-16,-200.0000008));
#9956 = VECTOR('',#9957,1.);
#9957 = DIRECTION('',(0.,-1.));
#9958 = ( GEOMETRIC_REPRESENTATION_CONTEXT(2) 
PARAMETRIC_REPRESENTATION_CONTEXT() REPRESENTATION_CONTEXT('2D SPACE',''
  ) );
#9959 = ADVANCED_FACE('',(#9960),#2238,.F.);
#9960 = FACE_BOUND('',#9961,.T.);
#9961 = EDGE_LOOP('',(#9962,#9963,#9983,#9984));
#9962 = ORIENTED_EDGE('',*,*,#6664,.F.);
#9963 = ORIENTED_EDGE('',*,*,#9964,.F.);
#9964 = EDGE_CURVE('',#2194,#6642,#9965,.T.);
#9965 = SURFACE_CURVE('',#9966,(#9970,#9976),.PCURVE_S1.);
#9966 = LINE('',#9967,#9968);
#9967 = CARTESIAN_POINT('',(85.623334073416,200.0000008,1.575));
#9968 = VECTOR('',#9969,1.);
#9969 = DIRECTION('',(0.,1.,0.));
#9970 = PCURVE('',#2238,#9971);
#9971 = DEFINITIONAL_REPRESENTATION('',(#9972),#9975);
#9972 = B_SPLINE_CURVE_WITH_KNOTS('',1,(#9973,#9974),.UNSPECIFIED.,.F.,
  .F.,(2,2),(-200.0000014,-1.999999597047E-07),
  .PIECEWISE_BEZIER_KNOTS.);
#9973 = CARTESIAN_POINT('',(-3.839815126952,-200.0000014));
#9974 = CARTESIAN_POINT('',(-3.839815126952,-1.999999597047E-07));
#9975 = ( GEOMETRIC_REPRESENTATION_CONTEXT(2) 
PARAMETRIC_REPRESENTATION_CONTEXT() REPRESENTATION_CONTEXT('2D SPACE',''
  ) );
#9976 = PCURVE('',#2209,#9977);
#9977 = DEFINITIONAL_REPRESENTATION('',(#9978),#9982);
#9978 = LINE('',#9979,#9980);
#9979 = CARTESIAN_POINT('',(-2.22044604925E-16,-200.0000008));
#9980 = VECTOR('',#9981,1.);
#9981 = DIRECTION('',(0.,-1.));
#9982 = ( GEOMETRIC_REPRESENTATION_CONTEXT(2) 
PARAMETRIC_REPRESENTATION_CONTEXT() REPRESENTATION_CONTEXT('2D SPACE',''
  ) );
#9983 = ORIENTED_EDGE('',*,*,#2221,.F.);
#9984 = ORIENTED_EDGE('',*,*,#9985,.T.);
#9985 = EDGE_CURVE('',#2222,#6665,#9986,.T.);
#9986 = SURFACE_CURVE('',#9987,(#9991,#9997),.PCURVE_S1.);
#9987 = LINE('',#9988,#9989);
#9988 = CARTESIAN_POINT('',(89.376665926584,200.0000008,1.575));
#9989 = VECTOR('',#9990,1.);
#9990 = DIRECTION('',(0.,1.,0.));
#9991 = PCURVE('',#2238,#9992);
#9992 = DEFINITIONAL_REPRESENTATION('',(#9993),#9996);
#9993 = B_SPLINE_CURVE_WITH_KNOTS('',1,(#9994,#9995),.UNSPECIFIED.,.F.,
  .F.,(2,2),(-200.0000014,-1.999999597047E-07),
  .PIECEWISE_BEZIER_KNOTS.);
#9994 = CARTESIAN_POINT('',(-5.584962833817,-200.0000014));
#9995 = CARTESIAN_POINT('',(-5.584962833817,-1.999999597047E-07));
#9996 = ( GEOMETRIC_REPRESENTATION_CONTEXT(2) 
PARAMETRIC_REPRESENTATION_CONTEXT() REPRESENTATION_CONTEXT('2D SPACE',''
  ) );
#9997 = PCURVE('',#2266,#9998);
#9998 = DEFINITIONAL_REPRESENTATION('',(#9999),#10003);
#9999 = LINE('',#10000,#10001);
#10000 = CARTESIAN_POINT('',(-2.22044604925E-16,-200.0000008));
#10001 = VECTOR('',#10002,1.);
#10002 = DIRECTION('',(0.,-1.));
#10003 = ( GEOMETRIC_REPRESENTATION_CONTEXT(2) 
PARAMETRIC_REPRESENTATION_CONTEXT() REPRESENTATION_CONTEXT('2D SPACE',''
  ) );
#10004 = ADVANCED_FACE('',(#10005),#2125,.F.);
#10005 = FACE_BOUND('',#10006,.T.);
#10006 = EDGE_LOOP('',(#10007,#10008,#10028,#10029));
#10007 = ORIENTED_EDGE('',*,*,#6567,.F.);
#10008 = ORIENTED_EDGE('',*,*,#10009,.F.);
#10009 = EDGE_CURVE('',#2081,#6545,#10010,.T.);
#10010 = SURFACE_CURVE('',#10011,(#10015,#10021),.PCURVE_S1.);
#10011 = LINE('',#10012,#10013);
#10012 = CARTESIAN_POINT('',(80.623334073416,200.0000008,1.575));
#10013 = VECTOR('',#10014,1.);
#10014 = DIRECTION('',(0.,1.,0.));
#10015 = PCURVE('',#2125,#10016);
#10016 = DEFINITIONAL_REPRESENTATION('',(#10017),#10020);
#10017 = B_SPLINE_CURVE_WITH_KNOTS('',1,(#10018,#10019),.UNSPECIFIED.,
  .F.,.F.,(2,2),(-200.0000014,-1.999999597047E-07),
  .PIECEWISE_BEZIER_KNOTS.);
#10018 = CARTESIAN_POINT('',(-3.839815126952,-200.0000014));
#10019 = CARTESIAN_POINT('',(-3.839815126952,-1.999999597047E-07));
#10020 = ( GEOMETRIC_REPRESENTATION_CONTEXT(2) 
PARAMETRIC_REPRESENTATION_CONTEXT() REPRESENTATION_CONTEXT('2D SPACE',''
  ) );
#10021 = PCURVE('',#2096,#10022);
#10022 = DEFINITIONAL_REPRESENTATION('',(#10023),#10027);
#10023 = LINE('',#10024,#10025);
#10024 = CARTESIAN_POINT('',(-2.22044604925E-16,-200.0000008));
#10025 = VECTOR('',#10026,1.);
#10026 = DIRECTION('',(0.,-1.));
#10027 = ( GEOMETRIC_REPRESENTATION_CONTEXT(2) 
PARAMETRIC_REPRESENTATION_CONTEXT() REPRESENTATION_CONTEXT('2D SPACE',''
  ) );
#10028 = ORIENTED_EDGE('',*,*,#2108,.F.);
#10029 = ORIENTED_EDGE('',*,*,#10030,.T.);
#10030 = EDGE_CURVE('',#2109,#6568,#10031,.T.);
#10031 = SURFACE_CURVE('',#10032,(#10036,#10042),.PCURVE_S1.);
#10032 = LINE('',#10033,#10034);
#10033 = CARTESIAN_POINT('',(84.376665926584,200.0000008,1.575));
#10034 = VECTOR('',#10035,1.);
#10035 = DIRECTION('',(0.,1.,0.));
#10036 = PCURVE('',#2125,#10037);
#10037 = DEFINITIONAL_REPRESENTATION('',(#10038),#10041);
#10038 = B_SPLINE_CURVE_WITH_KNOTS('',1,(#10039,#10040),.UNSPECIFIED.,
  .F.,.F.,(2,2),(-200.0000014,-1.999999597047E-07),
  .PIECEWISE_BEZIER_KNOTS.);
#10039 = CARTESIAN_POINT('',(-5.584962833817,-200.0000014));
#10040 = CARTESIAN_POINT('',(-5.584962833817,-1.999999597047E-07));
#10041 = ( GEOMETRIC_REPRESENTATION_CONTEXT(2) 
PARAMETRIC_REPRESENTATION_CONTEXT() REPRESENTATION_CONTEXT('2D SPACE',''
  ) );
#10042 = PCURVE('',#2153,#10043);
#10043 = DEFINITIONAL_REPRESENTATION('',(#10044),#10048);
#10044 = LINE('',#10045,#10046);
#10045 = CARTESIAN_POINT('',(-2.22044604925E-16,-200.0000008));
#10046 = VECTOR('',#10047,1.);
#10047 = DIRECTION('',(0.,-1.));
#10048 = ( GEOMETRIC_REPRESENTATION_CONTEXT(2) 
PARAMETRIC_REPRESENTATION_CONTEXT() REPRESENTATION_CONTEXT('2D SPACE',''
  ) );
#10049 = ADVANCED_FACE('',(#10050),#2012,.F.);
#10050 = FACE_BOUND('',#10051,.T.);
#10051 = EDGE_LOOP('',(#10052,#10053,#10073,#10074));
#10052 = ORIENTED_EDGE('',*,*,#6470,.F.);
#10053 = ORIENTED_EDGE('',*,*,#10054,.F.);
#10054 = EDGE_CURVE('',#1968,#6448,#10055,.T.);
#10055 = SURFACE_CURVE('',#10056,(#10060,#10066),.PCURVE_S1.);
#10056 = LINE('',#10057,#10058);
#10057 = CARTESIAN_POINT('',(75.623334073416,200.0000008,1.575));
#10058 = VECTOR('',#10059,1.);
#10059 = DIRECTION('',(0.,1.,0.));
#10060 = PCURVE('',#2012,#10061);
#10061 = DEFINITIONAL_REPRESENTATION('',(#10062),#10065);
#10062 = B_SPLINE_CURVE_WITH_KNOTS('',1,(#10063,#10064),.UNSPECIFIED.,
  .F.,.F.,(2,2),(-200.0000014,-1.999999597047E-07),
  .PIECEWISE_BEZIER_KNOTS.);
#10063 = CARTESIAN_POINT('',(-3.839815126952,-200.0000014));
#10064 = CARTESIAN_POINT('',(-3.839815126952,-1.999999597047E-07));
#10065 = ( GEOMETRIC_REPRESENTATION_CONTEXT(2) 
PARAMETRIC_REPRESENTATION_CONTEXT() REPRESENTATION_CONTEXT('2D SPACE',''
  ) );
#10066 = PCURVE('',#1983,#10067);
#10067 = DEFINITIONAL_REPRESENTATION('',(#10068),#10072);
#10068 = LINE('',#10069,#10070);
#10069 = CARTESIAN_POINT('',(-2.22044604925E-16,-200.0000008));
#10070 = VECTOR('',#10071,1.);
#10071 = DIRECTION('',(0.,-1.));
#10072 = ( GEOMETRIC_REPRESENTATION_CONTEXT(2) 
PARAMETRIC_REPRESENTATION_CONTEXT() REPRESENTATION_CONTEXT('2D SPACE',''
  ) );
#10073 = ORIENTED_EDGE('',*,*,#1995,.F.);
#10074 = ORIENTED_EDGE('',*,*,#10075,.T.);
#10075 = EDGE_CURVE('',#1996,#6471,#10076,.T.);
#10076 = SURFACE_CURVE('',#10077,(#10081,#10087),.PCURVE_S1.);
#10077 = LINE('',#10078,#10079);
#10078 = CARTESIAN_POINT('',(79.376665926584,200.0000008,1.575));
#10079 = VECTOR('',#10080,1.);
#10080 = DIRECTION('',(0.,1.,0.));
#10081 = PCURVE('',#2012,#10082);
#10082 = DEFINITIONAL_REPRESENTATION('',(#10083),#10086);
#10083 = B_SPLINE_CURVE_WITH_KNOTS('',1,(#10084,#10085),.UNSPECIFIED.,
  .F.,.F.,(2,2),(-200.0000014,-1.999999597047E-07),
  .PIECEWISE_BEZIER_KNOTS.);
#10084 = CARTESIAN_POINT('',(-5.584962833817,-200.0000014));
#10085 = CARTESIAN_POINT('',(-5.584962833817,-1.999999597047E-07));
#10086 = ( GEOMETRIC_REPRESENTATION_CONTEXT(2) 
PARAMETRIC_REPRESENTATION_CONTEXT() REPRESENTATION_CONTEXT('2D SPACE',''
  ) );
#10087 = PCURVE('',#2040,#10088);
#10088 = DEFINITIONAL_REPRESENTATION('',(#10089),#10093);
#10089 = LINE('',#10090,#10091);
#10090 = CARTESIAN_POINT('',(-2.22044604925E-16,-200.0000008));
#10091 = VECTOR('',#10092,1.);
#10092 = DIRECTION('',(0.,-1.));
#10093 = ( GEOMETRIC_REPRESENTATION_CONTEXT(2) 
PARAMETRIC_REPRESENTATION_CONTEXT() REPRESENTATION_CONTEXT('2D SPACE',''
  ) );
#10094 = ADVANCED_FACE('',(#10095),#1899,.F.);
#10095 = FACE_BOUND('',#10096,.T.);
#10096 = EDGE_LOOP('',(#10097,#10098,#10118,#10119));
#10097 = ORIENTED_EDGE('',*,*,#6373,.F.);
#10098 = ORIENTED_EDGE('',*,*,#10099,.F.);
#10099 = EDGE_CURVE('',#1855,#6351,#10100,.T.);
#10100 = SURFACE_CURVE('',#10101,(#10105,#10111),.PCURVE_S1.);
#10101 = LINE('',#10102,#10103);
#10102 = CARTESIAN_POINT('',(70.623334073416,200.0000008,1.575));
#10103 = VECTOR('',#10104,1.);
#10104 = DIRECTION('',(0.,1.,0.));
#10105 = PCURVE('',#1899,#10106);
#10106 = DEFINITIONAL_REPRESENTATION('',(#10107),#10110);
#10107 = B_SPLINE_CURVE_WITH_KNOTS('',1,(#10108,#10109),.UNSPECIFIED.,
  .F.,.F.,(2,2),(-200.0000014,-1.999999597047E-07),
  .PIECEWISE_BEZIER_KNOTS.);
#10108 = CARTESIAN_POINT('',(-3.839815126952,-200.0000014));
#10109 = CARTESIAN_POINT('',(-3.839815126952,-1.999999597047E-07));
#10110 = ( GEOMETRIC_REPRESENTATION_CONTEXT(2) 
PARAMETRIC_REPRESENTATION_CONTEXT() REPRESENTATION_CONTEXT('2D SPACE',''
  ) );
#10111 = PCURVE('',#1870,#10112);
#10112 = DEFINITIONAL_REPRESENTATION('',(#10113),#10117);
#10113 = LINE('',#10114,#10115);
#10114 = CARTESIAN_POINT('',(-2.22044604925E-16,-200.0000008));
#10115 = VECTOR('',#10116,1.);
#10116 = DIRECTION('',(0.,-1.));
#10117 = ( GEOMETRIC_REPRESENTATION_CONTEXT(2) 
PARAMETRIC_REPRESENTATION_CONTEXT() REPRESENTATION_CONTEXT('2D SPACE',''
  ) );
#10118 = ORIENTED_EDGE('',*,*,#1882,.F.);
#10119 = ORIENTED_EDGE('',*,*,#10120,.T.);
#10120 = EDGE_CURVE('',#1883,#6374,#10121,.T.);
#10121 = SURFACE_CURVE('',#10122,(#10126,#10132),.PCURVE_S1.);
#10122 = LINE('',#10123,#10124);
#10123 = CARTESIAN_POINT('',(74.376665926584,200.0000008,1.575));
#10124 = VECTOR('',#10125,1.);
#10125 = DIRECTION('',(0.,1.,0.));
#10126 = PCURVE('',#1899,#10127);
#10127 = DEFINITIONAL_REPRESENTATION('',(#10128),#10131);
#10128 = B_SPLINE_CURVE_WITH_KNOTS('',1,(#10129,#10130),.UNSPECIFIED.,
  .F.,.F.,(2,2),(-200.0000014,-1.999999597047E-07),
  .PIECEWISE_BEZIER_KNOTS.);
#10129 = CARTESIAN_POINT('',(-5.584962833817,-200.0000014));
#10130 = CARTESIAN_POINT('',(-5.584962833817,-1.999999597047E-07));
#10131 = ( GEOMETRIC_REPRESENTATION_CONTEXT(2) 
PARAMETRIC_REPRESENTATION_CONTEXT() REPRESENTATION_CONTEXT('2D SPACE',''
  ) );
#10132 = PCURVE('',#1927,#10133);
#10133 = DEFINITIONAL_REPRESENTATION('',(#10134),#10138);
#10134 = LINE('',#10135,#10136);
#10135 = CARTESIAN_POINT('',(-2.22044604925E-16,-200.0000008));
#10136 = VECTOR('',#10137,1.);
#10137 = DIRECTION('',(0.,-1.));
#10138 = ( GEOMETRIC_REPRESENTATION_CONTEXT(2) 
PARAMETRIC_REPRESENTATION_CONTEXT() REPRESENTATION_CONTEXT('2D SPACE',''
  ) );
#10139 = ADVANCED_FACE('',(#10140),#1786,.F.);
#10140 = FACE_BOUND('',#10141,.T.);
#10141 = EDGE_LOOP('',(#10142,#10143,#10163,#10164));
#10142 = ORIENTED_EDGE('',*,*,#6276,.F.);
#10143 = ORIENTED_EDGE('',*,*,#10144,.F.);
#10144 = EDGE_CURVE('',#1742,#6254,#10145,.T.);
#10145 = SURFACE_CURVE('',#10146,(#10150,#10156),.PCURVE_S1.);
#10146 = LINE('',#10147,#10148);
#10147 = CARTESIAN_POINT('',(65.623334073416,200.0000008,1.575));
#10148 = VECTOR('',#10149,1.);
#10149 = DIRECTION('',(0.,1.,0.));
#10150 = PCURVE('',#1786,#10151);
#10151 = DEFINITIONAL_REPRESENTATION('',(#10152),#10155);
#10152 = B_SPLINE_CURVE_WITH_KNOTS('',1,(#10153,#10154),.UNSPECIFIED.,
  .F.,.F.,(2,2),(-200.0000014,-1.999999597047E-07),
  .PIECEWISE_BEZIER_KNOTS.);
#10153 = CARTESIAN_POINT('',(-3.839815126952,-200.0000014));
#10154 = CARTESIAN_POINT('',(-3.839815126952,-1.999999597047E-07));
#10155 = ( GEOMETRIC_REPRESENTATION_CONTEXT(2) 
PARAMETRIC_REPRESENTATION_CONTEXT() REPRESENTATION_CONTEXT('2D SPACE',''
  ) );
#10156 = PCURVE('',#1757,#10157);
#10157 = DEFINITIONAL_REPRESENTATION('',(#10158),#10162);
#10158 = LINE('',#10159,#10160);
#10159 = CARTESIAN_POINT('',(-2.22044604925E-16,-200.0000008));
#10160 = VECTOR('',#10161,1.);
#10161 = DIRECTION('',(0.,-1.));
#10162 = ( GEOMETRIC_REPRESENTATION_CONTEXT(2) 
PARAMETRIC_REPRESENTATION_CONTEXT() REPRESENTATION_CONTEXT('2D SPACE',''
  ) );
#10163 = ORIENTED_EDGE('',*,*,#1769,.F.);
#10164 = ORIENTED_EDGE('',*,*,#10165,.T.);
#10165 = EDGE_CURVE('',#1770,#6277,#10166,.T.);
#10166 = SURFACE_CURVE('',#10167,(#10171,#10177),.PCURVE_S1.);
#10167 = LINE('',#10168,#10169);
#10168 = CARTESIAN_POINT('',(69.376665926584,200.0000008,1.575));
#10169 = VECTOR('',#10170,1.);
#10170 = DIRECTION('',(0.,1.,0.));
#10171 = PCURVE('',#1786,#10172);
#10172 = DEFINITIONAL_REPRESENTATION('',(#10173),#10176);
#10173 = B_SPLINE_CURVE_WITH_KNOTS('',1,(#10174,#10175),.UNSPECIFIED.,
  .F.,.F.,(2,2),(-200.0000014,-1.999999597047E-07),
  .PIECEWISE_BEZIER_KNOTS.);
#10174 = CARTESIAN_POINT('',(-5.584962833817,-200.0000014));
#10175 = CARTESIAN_POINT('',(-5.584962833817,-1.999999597047E-07));
#10176 = ( GEOMETRIC_REPRESENTATION_CONTEXT(2) 
PARAMETRIC_REPRESENTATION_CONTEXT() REPRESENTATION_CONTEXT('2D SPACE',''
  ) );
#10177 = PCURVE('',#1814,#10178);
#10178 = DEFINITIONAL_REPRESENTATION('',(#10179),#10183);
#10179 = LINE('',#10180,#10181);
#10180 = CARTESIAN_POINT('',(-2.22044604925E-16,-200.0000008));
#10181 = VECTOR('',#10182,1.);
#10182 = DIRECTION('',(0.,-1.));
#10183 = ( GEOMETRIC_REPRESENTATION_CONTEXT(2) 
PARAMETRIC_REPRESENTATION_CONTEXT() REPRESENTATION_CONTEXT('2D SPACE',''
  ) );
#10184 = ADVANCED_FACE('',(#10185),#1673,.F.);
#10185 = FACE_BOUND('',#10186,.T.);
#10186 = EDGE_LOOP('',(#10187,#10188,#10208,#10209));
#10187 = ORIENTED_EDGE('',*,*,#6179,.F.);
#10188 = ORIENTED_EDGE('',*,*,#10189,.F.);
#10189 = EDGE_CURVE('',#1629,#6157,#10190,.T.);
#10190 = SURFACE_CURVE('',#10191,(#10195,#10201),.PCURVE_S1.);
#10191 = LINE('',#10192,#10193);
#10192 = CARTESIAN_POINT('',(60.623334073416,200.0000008,1.575));
#10193 = VECTOR('',#10194,1.);
#10194 = DIRECTION('',(0.,1.,0.));
#10195 = PCURVE('',#1673,#10196);
#10196 = DEFINITIONAL_REPRESENTATION('',(#10197),#10200);
#10197 = B_SPLINE_CURVE_WITH_KNOTS('',1,(#10198,#10199),.UNSPECIFIED.,
  .F.,.F.,(2,2),(-200.0000014,-1.999999597047E-07),
  .PIECEWISE_BEZIER_KNOTS.);
#10198 = CARTESIAN_POINT('',(-3.839815126952,-200.0000014));
#10199 = CARTESIAN_POINT('',(-3.839815126952,-1.999999597047E-07));
#10200 = ( GEOMETRIC_REPRESENTATION_CONTEXT(2) 
PARAMETRIC_REPRESENTATION_CONTEXT() REPRESENTATION_CONTEXT('2D SPACE',''
  ) );
#10201 = PCURVE('',#1644,#10202);
#10202 = DEFINITIONAL_REPRESENTATION('',(#10203),#10207);
#10203 = LINE('',#10204,#10205);
#10204 = CARTESIAN_POINT('',(-2.22044604925E-16,-200.0000008));
#10205 = VECTOR('',#10206,1.);
#10206 = DIRECTION('',(0.,-1.));
#10207 = ( GEOMETRIC_REPRESENTATION_CONTEXT(2) 
PARAMETRIC_REPRESENTATION_CONTEXT() REPRESENTATION_CONTEXT('2D SPACE',''
  ) );
#10208 = ORIENTED_EDGE('',*,*,#1656,.F.);
#10209 = ORIENTED_EDGE('',*,*,#10210,.T.);
#10210 = EDGE_CURVE('',#1657,#6180,#10211,.T.);
#10211 = SURFACE_CURVE('',#10212,(#10216,#10222),.PCURVE_S1.);
#10212 = LINE('',#10213,#10214);
#10213 = CARTESIAN_POINT('',(64.376665926584,200.0000008,1.575));
#10214 = VECTOR('',#10215,1.);
#10215 = DIRECTION('',(0.,1.,0.));
#10216 = PCURVE('',#1673,#10217);
#10217 = DEFINITIONAL_REPRESENTATION('',(#10218),#10221);
#10218 = B_SPLINE_CURVE_WITH_KNOTS('',1,(#10219,#10220),.UNSPECIFIED.,
  .F.,.F.,(2,2),(-200.0000014,-1.999999597047E-07),
  .PIECEWISE_BEZIER_KNOTS.);
#10219 = CARTESIAN_POINT('',(-5.584962833817,-200.0000014));
#10220 = CARTESIAN_POINT('',(-5.584962833817,-1.999999597047E-07));
#10221 = ( GEOMETRIC_REPRESENTATION_CONTEXT(2) 
PARAMETRIC_REPRESENTATION_CONTEXT() REPRESENTATION_CONTEXT('2D SPACE',''
  ) );
#10222 = PCURVE('',#1701,#10223);
#10223 = DEFINITIONAL_REPRESENTATION('',(#10224),#10228);
#10224 = LINE('',#10225,#10226);
#10225 = CARTESIAN_POINT('',(-2.22044604925E-16,-200.0000008));
#10226 = VECTOR('',#10227,1.);
#10227 = DIRECTION('',(0.,-1.));
#10228 = ( GEOMETRIC_REPRESENTATION_CONTEXT(2) 
PARAMETRIC_REPRESENTATION_CONTEXT() REPRESENTATION_CONTEXT('2D SPACE',''
  ) );
#10229 = ADVANCED_FACE('',(#10230),#1560,.F.);
#10230 = FACE_BOUND('',#10231,.T.);
#10231 = EDGE_LOOP('',(#10232,#10233,#10253,#10254));
#10232 = ORIENTED_EDGE('',*,*,#6082,.F.);
#10233 = ORIENTED_EDGE('',*,*,#10234,.F.);
#10234 = EDGE_CURVE('',#1516,#6060,#10235,.T.);
#10235 = SURFACE_CURVE('',#10236,(#10240,#10246),.PCURVE_S1.);
#10236 = LINE('',#10237,#10238);
#10237 = CARTESIAN_POINT('',(55.623334073416,200.0000008,1.575));
#10238 = VECTOR('',#10239,1.);
#10239 = DIRECTION('',(0.,1.,0.));
#10240 = PCURVE('',#1560,#10241);
#10241 = DEFINITIONAL_REPRESENTATION('',(#10242),#10245);
#10242 = B_SPLINE_CURVE_WITH_KNOTS('',1,(#10243,#10244),.UNSPECIFIED.,
  .F.,.F.,(2,2),(-200.0000014,-1.999999597047E-07),
  .PIECEWISE_BEZIER_KNOTS.);
#10243 = CARTESIAN_POINT('',(-3.839815126952,-200.0000014));
#10244 = CARTESIAN_POINT('',(-3.839815126952,-1.999999597047E-07));
#10245 = ( GEOMETRIC_REPRESENTATION_CONTEXT(2) 
PARAMETRIC_REPRESENTATION_CONTEXT() REPRESENTATION_CONTEXT('2D SPACE',''
  ) );
#10246 = PCURVE('',#1531,#10247);
#10247 = DEFINITIONAL_REPRESENTATION('',(#10248),#10252);
#10248 = LINE('',#10249,#10250);
#10249 = CARTESIAN_POINT('',(-2.22044604925E-16,-200.0000008));
#10250 = VECTOR('',#10251,1.);
#10251 = DIRECTION('',(0.,-1.));
#10252 = ( GEOMETRIC_REPRESENTATION_CONTEXT(2) 
PARAMETRIC_REPRESENTATION_CONTEXT() REPRESENTATION_CONTEXT('2D SPACE',''
  ) );
#10253 = ORIENTED_EDGE('',*,*,#1543,.F.);
#10254 = ORIENTED_EDGE('',*,*,#10255,.T.);
#10255 = EDGE_CURVE('',#1544,#6083,#10256,.T.);
#10256 = SURFACE_CURVE('',#10257,(#10261,#10267),.PCURVE_S1.);
#10257 = LINE('',#10258,#10259);
#10258 = CARTESIAN_POINT('',(59.376665926584,200.0000008,1.575));
#10259 = VECTOR('',#10260,1.);
#10260 = DIRECTION('',(0.,1.,0.));
#10261 = PCURVE('',#1560,#10262);
#10262 = DEFINITIONAL_REPRESENTATION('',(#10263),#10266);
#10263 = B_SPLINE_CURVE_WITH_KNOTS('',1,(#10264,#10265),.UNSPECIFIED.,
  .F.,.F.,(2,2),(-200.0000014,-1.999999597047E-07),
  .PIECEWISE_BEZIER_KNOTS.);
#10264 = CARTESIAN_POINT('',(-5.584962833817,-200.0000014));
#10265 = CARTESIAN_POINT('',(-5.584962833817,-1.999999597047E-07));
#10266 = ( GEOMETRIC_REPRESENTATION_CONTEXT(2) 
PARAMETRIC_REPRESENTATION_CONTEXT() REPRESENTATION_CONTEXT('2D SPACE',''
  ) );
#10267 = PCURVE('',#1588,#10268);
#10268 = DEFINITIONAL_REPRESENTATION('',(#10269),#10273);
#10269 = LINE('',#10270,#10271);
#10270 = CARTESIAN_POINT('',(-2.22044604925E-16,-200.0000008));
#10271 = VECTOR('',#10272,1.);
#10272 = DIRECTION('',(0.,-1.));
#10273 = ( GEOMETRIC_REPRESENTATION_CONTEXT(2) 
PARAMETRIC_REPRESENTATION_CONTEXT() REPRESENTATION_CONTEXT('2D SPACE',''
  ) );
#10274 = ADVANCED_FACE('',(#10275),#1447,.F.);
#10275 = FACE_BOUND('',#10276,.T.);
#10276 = EDGE_LOOP('',(#10277,#10278,#10298,#10299));
#10277 = ORIENTED_EDGE('',*,*,#5985,.F.);
#10278 = ORIENTED_EDGE('',*,*,#10279,.F.);
#10279 = EDGE_CURVE('',#1403,#5963,#10280,.T.);
#10280 = SURFACE_CURVE('',#10281,(#10285,#10291),.PCURVE_S1.);
#10281 = LINE('',#10282,#10283);
#10282 = CARTESIAN_POINT('',(50.623334073416,200.0000008,1.575));
#10283 = VECTOR('',#10284,1.);
#10284 = DIRECTION('',(0.,1.,0.));
#10285 = PCURVE('',#1447,#10286);
#10286 = DEFINITIONAL_REPRESENTATION('',(#10287),#10290);
#10287 = B_SPLINE_CURVE_WITH_KNOTS('',1,(#10288,#10289),.UNSPECIFIED.,
  .F.,.F.,(2,2),(-200.0000014,-1.999999597047E-07),
  .PIECEWISE_BEZIER_KNOTS.);
#10288 = CARTESIAN_POINT('',(-3.839815126952,-200.0000014));
#10289 = CARTESIAN_POINT('',(-3.839815126952,-1.999999597047E-07));
#10290 = ( GEOMETRIC_REPRESENTATION_CONTEXT(2) 
PARAMETRIC_REPRESENTATION_CONTEXT() REPRESENTATION_CONTEXT('2D SPACE',''
  ) );
#10291 = PCURVE('',#1418,#10292);
#10292 = DEFINITIONAL_REPRESENTATION('',(#10293),#10297);
#10293 = LINE('',#10294,#10295);
#10294 = CARTESIAN_POINT('',(-2.22044604925E-16,-200.0000008));
#10295 = VECTOR('',#10296,1.);
#10296 = DIRECTION('',(0.,-1.));
#10297 = ( GEOMETRIC_REPRESENTATION_CONTEXT(2) 
PARAMETRIC_REPRESENTATION_CONTEXT() REPRESENTATION_CONTEXT('2D SPACE',''
  ) );
#10298 = ORIENTED_EDGE('',*,*,#1430,.F.);
#10299 = ORIENTED_EDGE('',*,*,#10300,.T.);
#10300 = EDGE_CURVE('',#1431,#5986,#10301,.T.);
#10301 = SURFACE_CURVE('',#10302,(#10306,#10312),.PCURVE_S1.);
#10302 = LINE('',#10303,#10304);
#10303 = CARTESIAN_POINT('',(54.376665926584,200.0000008,1.575));
#10304 = VECTOR('',#10305,1.);
#10305 = DIRECTION('',(0.,1.,0.));
#10306 = PCURVE('',#1447,#10307);
#10307 = DEFINITIONAL_REPRESENTATION('',(#10308),#10311);
#10308 = B_SPLINE_CURVE_WITH_KNOTS('',1,(#10309,#10310),.UNSPECIFIED.,
  .F.,.F.,(2,2),(-200.0000014,-1.999999597047E-07),
  .PIECEWISE_BEZIER_KNOTS.);
#10309 = CARTESIAN_POINT('',(-5.584962833817,-200.0000014));
#10310 = CARTESIAN_POINT('',(-5.584962833817,-1.999999597047E-07));
#10311 = ( GEOMETRIC_REPRESENTATION_CONTEXT(2) 
PARAMETRIC_REPRESENTATION_CONTEXT() REPRESENTATION_CONTEXT('2D SPACE',''
  ) );
#10312 = PCURVE('',#1475,#10313);
#10313 = DEFINITIONAL_REPRESENTATION('',(#10314),#10318);
#10314 = LINE('',#10315,#10316);
#10315 = CARTESIAN_POINT('',(-2.22044604925E-16,-200.0000008));
#10316 = VECTOR('',#10317,1.);
#10317 = DIRECTION('',(0.,-1.));
#10318 = ( GEOMETRIC_REPRESENTATION_CONTEXT(2) 
PARAMETRIC_REPRESENTATION_CONTEXT() REPRESENTATION_CONTEXT('2D SPACE',''
  ) );
#10319 = ADVANCED_FACE('',(#10320),#1334,.F.);
#10320 = FACE_BOUND('',#10321,.T.);
#10321 = EDGE_LOOP('',(#10322,#10323,#10343,#10344));
#10322 = ORIENTED_EDGE('',*,*,#5888,.F.);
#10323 = ORIENTED_EDGE('',*,*,#10324,.F.);
#10324 = EDGE_CURVE('',#1290,#5866,#10325,.T.);
#10325 = SURFACE_CURVE('',#10326,(#10330,#10336),.PCURVE_S1.);
#10326 = LINE('',#10327,#10328);
#10327 = CARTESIAN_POINT('',(45.623334073416,200.0000008,1.575));
#10328 = VECTOR('',#10329,1.);
#10329 = DIRECTION('',(0.,1.,0.));
#10330 = PCURVE('',#1334,#10331);
#10331 = DEFINITIONAL_REPRESENTATION('',(#10332),#10335);
#10332 = B_SPLINE_CURVE_WITH_KNOTS('',1,(#10333,#10334),.UNSPECIFIED.,
  .F.,.F.,(2,2),(-200.0000014,-1.999999597047E-07),
  .PIECEWISE_BEZIER_KNOTS.);
#10333 = CARTESIAN_POINT('',(-3.839815126952,-200.0000014));
#10334 = CARTESIAN_POINT('',(-3.839815126952,-1.999999597047E-07));
#10335 = ( GEOMETRIC_REPRESENTATION_CONTEXT(2) 
PARAMETRIC_REPRESENTATION_CONTEXT() REPRESENTATION_CONTEXT('2D SPACE',''
  ) );
#10336 = PCURVE('',#1305,#10337);
#10337 = DEFINITIONAL_REPRESENTATION('',(#10338),#10342);
#10338 = LINE('',#10339,#10340);
#10339 = CARTESIAN_POINT('',(-2.22044604925E-16,-200.0000008));
#10340 = VECTOR('',#10341,1.);
#10341 = DIRECTION('',(0.,-1.));
#10342 = ( GEOMETRIC_REPRESENTATION_CONTEXT(2) 
PARAMETRIC_REPRESENTATION_CONTEXT() REPRESENTATION_CONTEXT('2D SPACE',''
  ) );
#10343 = ORIENTED_EDGE('',*,*,#1317,.F.);
#10344 = ORIENTED_EDGE('',*,*,#10345,.T.);
#10345 = EDGE_CURVE('',#1318,#5889,#10346,.T.);
#10346 = SURFACE_CURVE('',#10347,(#10351,#10357),.PCURVE_S1.);
#10347 = LINE('',#10348,#10349);
#10348 = CARTESIAN_POINT('',(49.376665926584,200.0000008,1.575));
#10349 = VECTOR('',#10350,1.);
#10350 = DIRECTION('',(0.,1.,0.));
#10351 = PCURVE('',#1334,#10352);
#10352 = DEFINITIONAL_REPRESENTATION('',(#10353),#10356);
#10353 = B_SPLINE_CURVE_WITH_KNOTS('',1,(#10354,#10355),.UNSPECIFIED.,
  .F.,.F.,(2,2),(-200.0000014,-1.999999597047E-07),
  .PIECEWISE_BEZIER_KNOTS.);
#10354 = CARTESIAN_POINT('',(-5.584962833817,-200.0000014));
#10355 = CARTESIAN_POINT('',(-5.584962833817,-1.999999597047E-07));
#10356 = ( GEOMETRIC_REPRESENTATION_CONTEXT(2) 
PARAMETRIC_REPRESENTATION_CONTEXT() REPRESENTATION_CONTEXT('2D SPACE',''
  ) );
#10357 = PCURVE('',#1362,#10358);
#10358 = DEFINITIONAL_REPRESENTATION('',(#10359),#10363);
#10359 = LINE('',#10360,#10361);
#10360 = CARTESIAN_POINT('',(-2.22044604925E-16,-200.0000008));
#10361 = VECTOR('',#10362,1.);
#10362 = DIRECTION('',(0.,-1.));
#10363 = ( GEOMETRIC_REPRESENTATION_CONTEXT(2) 
PARAMETRIC_REPRESENTATION_CONTEXT() REPRESENTATION_CONTEXT('2D SPACE',''
  ) );
#10364 = ADVANCED_FACE('',(#10365),#1221,.F.);
#10365 = FACE_BOUND('',#10366,.T.);
#10366 = EDGE_LOOP('',(#10367,#10368,#10388,#10389));
#10367 = ORIENTED_EDGE('',*,*,#5791,.F.);
#10368 = ORIENTED_EDGE('',*,*,#10369,.F.);
#10369 = EDGE_CURVE('',#1177,#5769,#10370,.T.);
#10370 = SURFACE_CURVE('',#10371,(#10375,#10381),.PCURVE_S1.);
#10371 = LINE('',#10372,#10373);
#10372 = CARTESIAN_POINT('',(40.623334073416,200.0000008,1.575));
#10373 = VECTOR('',#10374,1.);
#10374 = DIRECTION('',(0.,1.,0.));
#10375 = PCURVE('',#1221,#10376);
#10376 = DEFINITIONAL_REPRESENTATION('',(#10377),#10380);
#10377 = B_SPLINE_CURVE_WITH_KNOTS('',1,(#10378,#10379),.UNSPECIFIED.,
  .F.,.F.,(2,2),(-200.0000014,-1.999999597047E-07),
  .PIECEWISE_BEZIER_KNOTS.);
#10378 = CARTESIAN_POINT('',(-3.839815126952,-200.0000014));
#10379 = CARTESIAN_POINT('',(-3.839815126952,-1.999999597047E-07));
#10380 = ( GEOMETRIC_REPRESENTATION_CONTEXT(2) 
PARAMETRIC_REPRESENTATION_CONTEXT() REPRESENTATION_CONTEXT('2D SPACE',''
  ) );
#10381 = PCURVE('',#1192,#10382);
#10382 = DEFINITIONAL_REPRESENTATION('',(#10383),#10387);
#10383 = LINE('',#10384,#10385);
#10384 = CARTESIAN_POINT('',(-2.22044604925E-16,-200.0000008));
#10385 = VECTOR('',#10386,1.);
#10386 = DIRECTION('',(0.,-1.));
#10387 = ( GEOMETRIC_REPRESENTATION_CONTEXT(2) 
PARAMETRIC_REPRESENTATION_CONTEXT() REPRESENTATION_CONTEXT('2D SPACE',''
  ) );
#10388 = ORIENTED_EDGE('',*,*,#1204,.F.);
#10389 = ORIENTED_EDGE('',*,*,#10390,.T.);
#10390 = EDGE_CURVE('',#1205,#5792,#10391,.T.);
#10391 = SURFACE_CURVE('',#10392,(#10396,#10402),.PCURVE_S1.);
#10392 = LINE('',#10393,#10394);
#10393 = CARTESIAN_POINT('',(44.376665926584,200.0000008,1.575));
#10394 = VECTOR('',#10395,1.);
#10395 = DIRECTION('',(0.,1.,0.));
#10396 = PCURVE('',#1221,#10397);
#10397 = DEFINITIONAL_REPRESENTATION('',(#10398),#10401);
#10398 = B_SPLINE_CURVE_WITH_KNOTS('',1,(#10399,#10400),.UNSPECIFIED.,
  .F.,.F.,(2,2),(-200.0000014,-1.999999597047E-07),
  .PIECEWISE_BEZIER_KNOTS.);
#10399 = CARTESIAN_POINT('',(-5.584962833817,-200.0000014));
#10400 = CARTESIAN_POINT('',(-5.584962833817,-1.999999597047E-07));
#10401 = ( GEOMETRIC_REPRESENTATION_CONTEXT(2) 
PARAMETRIC_REPRESENTATION_CONTEXT() REPRESENTATION_CONTEXT('2D SPACE',''
  ) );
#10402 = PCURVE('',#1249,#10403);
#10403 = DEFINITIONAL_REPRESENTATION('',(#10404),#10408);
#10404 = LINE('',#10405,#10406);
#10405 = CARTESIAN_POINT('',(-2.22044604925E-16,-200.0000008));
#10406 = VECTOR('',#10407,1.);
#10407 = DIRECTION('',(0.,-1.));
#10408 = ( GEOMETRIC_REPRESENTATION_CONTEXT(2) 
PARAMETRIC_REPRESENTATION_CONTEXT() REPRESENTATION_CONTEXT('2D SPACE',''
  ) );
#10409 = ADVANCED_FACE('',(#10410),#1108,.F.);
#10410 = FACE_BOUND('',#10411,.T.);
#10411 = EDGE_LOOP('',(#10412,#10413,#10433,#10434));
#10412 = ORIENTED_EDGE('',*,*,#5694,.F.);
#10413 = ORIENTED_EDGE('',*,*,#10414,.F.);
#10414 = EDGE_CURVE('',#1064,#5672,#10415,.T.);
#10415 = SURFACE_CURVE('',#10416,(#10420,#10426),.PCURVE_S1.);
#10416 = LINE('',#10417,#10418);
#10417 = CARTESIAN_POINT('',(35.623334073416,200.0000008,1.575));
#10418 = VECTOR('',#10419,1.);
#10419 = DIRECTION('',(0.,1.,0.));
#10420 = PCURVE('',#1108,#10421);
#10421 = DEFINITIONAL_REPRESENTATION('',(#10422),#10425);
#10422 = B_SPLINE_CURVE_WITH_KNOTS('',1,(#10423,#10424),.UNSPECIFIED.,
  .F.,.F.,(2,2),(-200.0000014,-1.999999597047E-07),
  .PIECEWISE_BEZIER_KNOTS.);
#10423 = CARTESIAN_POINT('',(-3.839815126952,-200.0000014));
#10424 = CARTESIAN_POINT('',(-3.839815126952,-1.999999597047E-07));
#10425 = ( GEOMETRIC_REPRESENTATION_CONTEXT(2) 
PARAMETRIC_REPRESENTATION_CONTEXT() REPRESENTATION_CONTEXT('2D SPACE',''
  ) );
#10426 = PCURVE('',#1079,#10427);
#10427 = DEFINITIONAL_REPRESENTATION('',(#10428),#10432);
#10428 = LINE('',#10429,#10430);
#10429 = CARTESIAN_POINT('',(-2.22044604925E-16,-200.0000008));
#10430 = VECTOR('',#10431,1.);
#10431 = DIRECTION('',(0.,-1.));
#10432 = ( GEOMETRIC_REPRESENTATION_CONTEXT(2) 
PARAMETRIC_REPRESENTATION_CONTEXT() REPRESENTATION_CONTEXT('2D SPACE',''
  ) );
#10433 = ORIENTED_EDGE('',*,*,#1091,.F.);
#10434 = ORIENTED_EDGE('',*,*,#10435,.T.);
#10435 = EDGE_CURVE('',#1092,#5695,#10436,.T.);
#10436 = SURFACE_CURVE('',#10437,(#10441,#10447),.PCURVE_S1.);
#10437 = LINE('',#10438,#10439);
#10438 = CARTESIAN_POINT('',(39.376665926584,200.0000008,1.575));
#10439 = VECTOR('',#10440,1.);
#10440 = DIRECTION('',(0.,1.,0.));
#10441 = PCURVE('',#1108,#10442);
#10442 = DEFINITIONAL_REPRESENTATION('',(#10443),#10446);
#10443 = B_SPLINE_CURVE_WITH_KNOTS('',1,(#10444,#10445),.UNSPECIFIED.,
  .F.,.F.,(2,2),(-200.0000014,-1.999999597047E-07),
  .PIECEWISE_BEZIER_KNOTS.);
#10444 = CARTESIAN_POINT('',(-5.584962833817,-200.0000014));
#10445 = CARTESIAN_POINT('',(-5.584962833817,-1.999999597047E-07));
#10446 = ( GEOMETRIC_REPRESENTATION_CONTEXT(2) 
PARAMETRIC_REPRESENTATION_CONTEXT() REPRESENTATION_CONTEXT('2D SPACE',''
  ) );
#10447 = PCURVE('',#1136,#10448);
#10448 = DEFINITIONAL_REPRESENTATION('',(#10449),#10453);
#10449 = LINE('',#10450,#10451);
#10450 = CARTESIAN_POINT('',(-2.22044604925E-16,-200.0000008));
#10451 = VECTOR('',#10452,1.);
#10452 = DIRECTION('',(0.,-1.));
#10453 = ( GEOMETRIC_REPRESENTATION_CONTEXT(2) 
PARAMETRIC_REPRESENTATION_CONTEXT() REPRESENTATION_CONTEXT('2D SPACE',''
  ) );
#10454 = ADVANCED_FACE('',(#10455),#995,.F.);
#10455 = FACE_BOUND('',#10456,.T.);
#10456 = EDGE_LOOP('',(#10457,#10458,#10478,#10479));
#10457 = ORIENTED_EDGE('',*,*,#5597,.F.);
#10458 = ORIENTED_EDGE('',*,*,#10459,.F.);
#10459 = EDGE_CURVE('',#951,#5575,#10460,.T.);
#10460 = SURFACE_CURVE('',#10461,(#10465,#10471),.PCURVE_S1.);
#10461 = LINE('',#10462,#10463);
#10462 = CARTESIAN_POINT('',(30.623334073416,200.0000008,1.575));
#10463 = VECTOR('',#10464,1.);
#10464 = DIRECTION('',(0.,1.,0.));
#10465 = PCURVE('',#995,#10466);
#10466 = DEFINITIONAL_REPRESENTATION('',(#10467),#10470);
#10467 = B_SPLINE_CURVE_WITH_KNOTS('',1,(#10468,#10469),.UNSPECIFIED.,
  .F.,.F.,(2,2),(-200.0000014,-1.999999597047E-07),
  .PIECEWISE_BEZIER_KNOTS.);
#10468 = CARTESIAN_POINT('',(-3.839815126952,-200.0000014));
#10469 = CARTESIAN_POINT('',(-3.839815126952,-1.999999597047E-07));
#10470 = ( GEOMETRIC_REPRESENTATION_CONTEXT(2) 
PARAMETRIC_REPRESENTATION_CONTEXT() REPRESENTATION_CONTEXT('2D SPACE',''
  ) );
#10471 = PCURVE('',#966,#10472);
#10472 = DEFINITIONAL_REPRESENTATION('',(#10473),#10477);
#10473 = LINE('',#10474,#10475);
#10474 = CARTESIAN_POINT('',(-2.22044604925E-16,-200.0000008));
#10475 = VECTOR('',#10476,1.);
#10476 = DIRECTION('',(0.,-1.));
#10477 = ( GEOMETRIC_REPRESENTATION_CONTEXT(2) 
PARAMETRIC_REPRESENTATION_CONTEXT() REPRESENTATION_CONTEXT('2D SPACE',''
  ) );
#10478 = ORIENTED_EDGE('',*,*,#978,.F.);
#10479 = ORIENTED_EDGE('',*,*,#10480,.T.);
#10480 = EDGE_CURVE('',#979,#5598,#10481,.T.);
#10481 = SURFACE_CURVE('',#10482,(#10486,#10492),.PCURVE_S1.);
#10482 = LINE('',#10483,#10484);
#10483 = CARTESIAN_POINT('',(34.376665926584,200.0000008,1.575));
#10484 = VECTOR('',#10485,1.);
#10485 = DIRECTION('',(0.,1.,0.));
#10486 = PCURVE('',#995,#10487);
#10487 = DEFINITIONAL_REPRESENTATION('',(#10488),#10491);
#10488 = B_SPLINE_CURVE_WITH_KNOTS('',1,(#10489,#10490),.UNSPECIFIED.,
  .F.,.F.,(2,2),(-200.0000014,-1.999999597047E-07),
  .PIECEWISE_BEZIER_KNOTS.);
#10489 = CARTESIAN_POINT('',(-5.584962833817,-200.0000014));
#10490 = CARTESIAN_POINT('',(-5.584962833817,-1.999999597047E-07));
#10491 = ( GEOMETRIC_REPRESENTATION_CONTEXT(2) 
PARAMETRIC_REPRESENTATION_CONTEXT() REPRESENTATION_CONTEXT('2D SPACE',''
  ) );
#10492 = PCURVE('',#1023,#10493);
#10493 = DEFINITIONAL_REPRESENTATION('',(#10494),#10498);
#10494 = LINE('',#10495,#10496);
#10495 = CARTESIAN_POINT('',(-2.22044604925E-16,-200.0000008));
#10496 = VECTOR('',#10497,1.);
#10497 = DIRECTION('',(0.,-1.));
#10498 = ( GEOMETRIC_REPRESENTATION_CONTEXT(2) 
PARAMETRIC_REPRESENTATION_CONTEXT() REPRESENTATION_CONTEXT('2D SPACE',''
  ) );
#10499 = ADVANCED_FACE('',(#10500),#882,.F.);
#10500 = FACE_BOUND('',#10501,.T.);
#10501 = EDGE_LOOP('',(#10502,#10503,#10523,#10524));
#10502 = ORIENTED_EDGE('',*,*,#5500,.F.);
#10503 = ORIENTED_EDGE('',*,*,#10504,.F.);
#10504 = EDGE_CURVE('',#838,#5478,#10505,.T.);
#10505 = SURFACE_CURVE('',#10506,(#10510,#10516),.PCURVE_S1.);
#10506 = LINE('',#10507,#10508);
#10507 = CARTESIAN_POINT('',(25.623334073416,200.0000008,1.575));
#10508 = VECTOR('',#10509,1.);
#10509 = DIRECTION('',(0.,1.,0.));
#10510 = PCURVE('',#882,#10511);
#10511 = DEFINITIONAL_REPRESENTATION('',(#10512),#10515);
#10512 = B_SPLINE_CURVE_WITH_KNOTS('',1,(#10513,#10514),.UNSPECIFIED.,
  .F.,.F.,(2,2),(-200.0000014,-1.999999597047E-07),
  .PIECEWISE_BEZIER_KNOTS.);
#10513 = CARTESIAN_POINT('',(-3.839815126952,-200.0000014));
#10514 = CARTESIAN_POINT('',(-3.839815126952,-1.999999597047E-07));
#10515 = ( GEOMETRIC_REPRESENTATION_CONTEXT(2) 
PARAMETRIC_REPRESENTATION_CONTEXT() REPRESENTATION_CONTEXT('2D SPACE',''
  ) );
#10516 = PCURVE('',#853,#10517);
#10517 = DEFINITIONAL_REPRESENTATION('',(#10518),#10522);
#10518 = LINE('',#10519,#10520);
#10519 = CARTESIAN_POINT('',(-2.22044604925E-16,-200.0000008));
#10520 = VECTOR('',#10521,1.);
#10521 = DIRECTION('',(0.,-1.));
#10522 = ( GEOMETRIC_REPRESENTATION_CONTEXT(2) 
PARAMETRIC_REPRESENTATION_CONTEXT() REPRESENTATION_CONTEXT('2D SPACE',''
  ) );
#10523 = ORIENTED_EDGE('',*,*,#865,.F.);
#10524 = ORIENTED_EDGE('',*,*,#10525,.T.);
#10525 = EDGE_CURVE('',#866,#5501,#10526,.T.);
#10526 = SURFACE_CURVE('',#10527,(#10531,#10537),.PCURVE_S1.);
#10527 = LINE('',#10528,#10529);
#10528 = CARTESIAN_POINT('',(29.376665926584,200.0000008,1.575));
#10529 = VECTOR('',#10530,1.);
#10530 = DIRECTION('',(0.,1.,0.));
#10531 = PCURVE('',#882,#10532);
#10532 = DEFINITIONAL_REPRESENTATION('',(#10533),#10536);
#10533 = B_SPLINE_CURVE_WITH_KNOTS('',1,(#10534,#10535),.UNSPECIFIED.,
  .F.,.F.,(2,2),(-200.0000014,-1.999999597047E-07),
  .PIECEWISE_BEZIER_KNOTS.);
#10534 = CARTESIAN_POINT('',(-5.584962833817,-200.0000014));
#10535 = CARTESIAN_POINT('',(-5.584962833817,-1.999999597047E-07));
#10536 = ( GEOMETRIC_REPRESENTATION_CONTEXT(2) 
PARAMETRIC_REPRESENTATION_CONTEXT() REPRESENTATION_CONTEXT('2D SPACE',''
  ) );
#10537 = PCURVE('',#910,#10538);
#10538 = DEFINITIONAL_REPRESENTATION('',(#10539),#10543);
#10539 = LINE('',#10540,#10541);
#10540 = CARTESIAN_POINT('',(-2.22044604925E-16,-200.0000008));
#10541 = VECTOR('',#10542,1.);
#10542 = DIRECTION('',(0.,-1.));
#10543 = ( GEOMETRIC_REPRESENTATION_CONTEXT(2) 
PARAMETRIC_REPRESENTATION_CONTEXT() REPRESENTATION_CONTEXT('2D SPACE',''
  ) );
#10544 = ADVANCED_FACE('',(#10545),#769,.F.);
#10545 = FACE_BOUND('',#10546,.T.);
#10546 = EDGE_LOOP('',(#10547,#10548,#10568,#10569));
#10547 = ORIENTED_EDGE('',*,*,#5403,.F.);
#10548 = ORIENTED_EDGE('',*,*,#10549,.F.);
#10549 = EDGE_CURVE('',#725,#5381,#10550,.T.);
#10550 = SURFACE_CURVE('',#10551,(#10555,#10561),.PCURVE_S1.);
#10551 = LINE('',#10552,#10553);
#10552 = CARTESIAN_POINT('',(20.623334073416,200.0000008,1.575));
#10553 = VECTOR('',#10554,1.);
#10554 = DIRECTION('',(0.,1.,0.));
#10555 = PCURVE('',#769,#10556);
#10556 = DEFINITIONAL_REPRESENTATION('',(#10557),#10560);
#10557 = B_SPLINE_CURVE_WITH_KNOTS('',1,(#10558,#10559),.UNSPECIFIED.,
  .F.,.F.,(2,2),(-200.0000014,-1.999999597047E-07),
  .PIECEWISE_BEZIER_KNOTS.);
#10558 = CARTESIAN_POINT('',(-3.839815126952,-200.0000014));
#10559 = CARTESIAN_POINT('',(-3.839815126952,-1.999999597047E-07));
#10560 = ( GEOMETRIC_REPRESENTATION_CONTEXT(2) 
PARAMETRIC_REPRESENTATION_CONTEXT() REPRESENTATION_CONTEXT('2D SPACE',''
  ) );
#10561 = PCURVE('',#740,#10562);
#10562 = DEFINITIONAL_REPRESENTATION('',(#10563),#10567);
#10563 = LINE('',#10564,#10565);
#10564 = CARTESIAN_POINT('',(-2.22044604925E-16,-200.0000008));
#10565 = VECTOR('',#10566,1.);
#10566 = DIRECTION('',(0.,-1.));
#10567 = ( GEOMETRIC_REPRESENTATION_CONTEXT(2) 
PARAMETRIC_REPRESENTATION_CONTEXT() REPRESENTATION_CONTEXT('2D SPACE',''
  ) );
#10568 = ORIENTED_EDGE('',*,*,#752,.F.);
#10569 = ORIENTED_EDGE('',*,*,#10570,.T.);
#10570 = EDGE_CURVE('',#753,#5404,#10571,.T.);
#10571 = SURFACE_CURVE('',#10572,(#10576,#10582),.PCURVE_S1.);
#10572 = LINE('',#10573,#10574);
#10573 = CARTESIAN_POINT('',(24.376665926584,200.0000008,1.575));
#10574 = VECTOR('',#10575,1.);
#10575 = DIRECTION('',(0.,1.,0.));
#10576 = PCURVE('',#769,#10577);
#10577 = DEFINITIONAL_REPRESENTATION('',(#10578),#10581);
#10578 = B_SPLINE_CURVE_WITH_KNOTS('',1,(#10579,#10580),.UNSPECIFIED.,
  .F.,.F.,(2,2),(-200.0000014,-1.999999597047E-07),
  .PIECEWISE_BEZIER_KNOTS.);
#10579 = CARTESIAN_POINT('',(-5.584962833817,-200.0000014));
#10580 = CARTESIAN_POINT('',(-5.584962833817,-1.999999597047E-07));
#10581 = ( GEOMETRIC_REPRESENTATION_CONTEXT(2) 
PARAMETRIC_REPRESENTATION_CONTEXT() REPRESENTATION_CONTEXT('2D SPACE',''
  ) );
#10582 = PCURVE('',#797,#10583);
#10583 = DEFINITIONAL_REPRESENTATION('',(#10584),#10588);
#10584 = LINE('',#10585,#10586);
#10585 = CARTESIAN_POINT('',(-2.22044604925E-16,-200.0000008));
#10586 = VECTOR('',#10587,1.);
#10587 = DIRECTION('',(0.,-1.));
#10588 = ( GEOMETRIC_REPRESENTATION_CONTEXT(2) 
PARAMETRIC_REPRESENTATION_CONTEXT() REPRESENTATION_CONTEXT('2D SPACE',''
  ) );
#10589 = ADVANCED_FACE('',(#10590),#656,.F.);
#10590 = FACE_BOUND('',#10591,.T.);
#10591 = EDGE_LOOP('',(#10592,#10593,#10613,#10614));
#10592 = ORIENTED_EDGE('',*,*,#5306,.F.);
#10593 = ORIENTED_EDGE('',*,*,#10594,.F.);
#10594 = EDGE_CURVE('',#612,#5284,#10595,.T.);
#10595 = SURFACE_CURVE('',#10596,(#10600,#10606),.PCURVE_S1.);
#10596 = LINE('',#10597,#10598);
#10597 = CARTESIAN_POINT('',(15.623334073416,200.0000008,1.575));
#10598 = VECTOR('',#10599,1.);
#10599 = DIRECTION('',(0.,1.,0.));
#10600 = PCURVE('',#656,#10601);
#10601 = DEFINITIONAL_REPRESENTATION('',(#10602),#10605);
#10602 = B_SPLINE_CURVE_WITH_KNOTS('',1,(#10603,#10604),.UNSPECIFIED.,
  .F.,.F.,(2,2),(-200.0000014,-1.999999597047E-07),
  .PIECEWISE_BEZIER_KNOTS.);
#10603 = CARTESIAN_POINT('',(-3.839815126952,-200.0000014));
#10604 = CARTESIAN_POINT('',(-3.839815126952,-1.999999597047E-07));
#10605 = ( GEOMETRIC_REPRESENTATION_CONTEXT(2) 
PARAMETRIC_REPRESENTATION_CONTEXT() REPRESENTATION_CONTEXT('2D SPACE',''
  ) );
#10606 = PCURVE('',#627,#10607);
#10607 = DEFINITIONAL_REPRESENTATION('',(#10608),#10612);
#10608 = LINE('',#10609,#10610);
#10609 = CARTESIAN_POINT('',(-2.22044604925E-16,-200.0000008));
#10610 = VECTOR('',#10611,1.);
#10611 = DIRECTION('',(0.,-1.));
#10612 = ( GEOMETRIC_REPRESENTATION_CONTEXT(2) 
PARAMETRIC_REPRESENTATION_CONTEXT() REPRESENTATION_CONTEXT('2D SPACE',''
  ) );
#10613 = ORIENTED_EDGE('',*,*,#639,.F.);
#10614 = ORIENTED_EDGE('',*,*,#10615,.T.);
#10615 = EDGE_CURVE('',#640,#5307,#10616,.T.);
#10616 = SURFACE_CURVE('',#10617,(#10621,#10627),.PCURVE_S1.);
#10617 = LINE('',#10618,#10619);
#10618 = CARTESIAN_POINT('',(19.376665926584,200.0000008,1.575));
#10619 = VECTOR('',#10620,1.);
#10620 = DIRECTION('',(0.,1.,0.));
#10621 = PCURVE('',#656,#10622);
#10622 = DEFINITIONAL_REPRESENTATION('',(#10623),#10626);
#10623 = B_SPLINE_CURVE_WITH_KNOTS('',1,(#10624,#10625),.UNSPECIFIED.,
  .F.,.F.,(2,2),(-200.0000014,-1.999999597047E-07),
  .PIECEWISE_BEZIER_KNOTS.);
#10624 = CARTESIAN_POINT('',(-5.584962833817,-200.0000014));
#10625 = CARTESIAN_POINT('',(-5.584962833817,-1.999999597047E-07));
#10626 = ( GEOMETRIC_REPRESENTATION_CONTEXT(2) 
PARAMETRIC_REPRESENTATION_CONTEXT() REPRESENTATION_CONTEXT('2D SPACE',''
  ) );
#10627 = PCURVE('',#684,#10628);
#10628 = DEFINITIONAL_REPRESENTATION('',(#10629),#10633);
#10629 = LINE('',#10630,#10631);
#10630 = CARTESIAN_POINT('',(-2.22044604925E-16,-200.0000008));
#10631 = VECTOR('',#10632,1.);
#10632 = DIRECTION('',(0.,-1.));
#10633 = ( GEOMETRIC_REPRESENTATION_CONTEXT(2) 
PARAMETRIC_REPRESENTATION_CONTEXT() REPRESENTATION_CONTEXT('2D SPACE',''
  ) );
#10634 = ADVANCED_FACE('',(#10635),#543,.F.);
#10635 = FACE_BOUND('',#10636,.T.);
#10636 = EDGE_LOOP('',(#10637,#10638,#10658,#10659));
#10637 = ORIENTED_EDGE('',*,*,#5209,.F.);
#10638 = ORIENTED_EDGE('',*,*,#10639,.F.);
#10639 = EDGE_CURVE('',#499,#5187,#10640,.T.);
#10640 = SURFACE_CURVE('',#10641,(#10645,#10651),.PCURVE_S1.);
#10641 = LINE('',#10642,#10643);
#10642 = CARTESIAN_POINT('',(10.623334073416,200.0000008,1.575));
#10643 = VECTOR('',#10644,1.);
#10644 = DIRECTION('',(0.,1.,0.));
#10645 = PCURVE('',#543,#10646);
#10646 = DEFINITIONAL_REPRESENTATION('',(#10647),#10650);
#10647 = B_SPLINE_CURVE_WITH_KNOTS('',1,(#10648,#10649),.UNSPECIFIED.,
  .F.,.F.,(2,2),(-200.0000014,-1.999999597047E-07),
  .PIECEWISE_BEZIER_KNOTS.);
#10648 = CARTESIAN_POINT('',(-3.839815126952,-200.0000014));
#10649 = CARTESIAN_POINT('',(-3.839815126952,-1.999999597047E-07));
#10650 = ( GEOMETRIC_REPRESENTATION_CONTEXT(2) 
PARAMETRIC_REPRESENTATION_CONTEXT() REPRESENTATION_CONTEXT('2D SPACE',''
  ) );
#10651 = PCURVE('',#514,#10652);
#10652 = DEFINITIONAL_REPRESENTATION('',(#10653),#10657);
#10653 = LINE('',#10654,#10655);
#10654 = CARTESIAN_POINT('',(-2.22044604925E-16,-200.0000008));
#10655 = VECTOR('',#10656,1.);
#10656 = DIRECTION('',(0.,-1.));
#10657 = ( GEOMETRIC_REPRESENTATION_CONTEXT(2) 
PARAMETRIC_REPRESENTATION_CONTEXT() REPRESENTATION_CONTEXT('2D SPACE',''
  ) );
#10658 = ORIENTED_EDGE('',*,*,#526,.F.);
#10659 = ORIENTED_EDGE('',*,*,#10660,.T.);
#10660 = EDGE_CURVE('',#527,#5210,#10661,.T.);
#10661 = SURFACE_CURVE('',#10662,(#10666,#10672),.PCURVE_S1.);
#10662 = LINE('',#10663,#10664);
#10663 = CARTESIAN_POINT('',(14.376665926584,200.0000008,1.575));
#10664 = VECTOR('',#10665,1.);
#10665 = DIRECTION('',(0.,1.,0.));
#10666 = PCURVE('',#543,#10667);
#10667 = DEFINITIONAL_REPRESENTATION('',(#10668),#10671);
#10668 = B_SPLINE_CURVE_WITH_KNOTS('',1,(#10669,#10670),.UNSPECIFIED.,
  .F.,.F.,(2,2),(-200.0000014,-1.999999597047E-07),
  .PIECEWISE_BEZIER_KNOTS.);
#10669 = CARTESIAN_POINT('',(-5.584962833817,-200.0000014));
#10670 = CARTESIAN_POINT('',(-5.584962833817,-1.999999597047E-07));
#10671 = ( GEOMETRIC_REPRESENTATION_CONTEXT(2) 
PARAMETRIC_REPRESENTATION_CONTEXT() REPRESENTATION_CONTEXT('2D SPACE',''
  ) );
#10672 = PCURVE('',#571,#10673);
#10673 = DEFINITIONAL_REPRESENTATION('',(#10674),#10678);
#10674 = LINE('',#10675,#10676);
#10675 = CARTESIAN_POINT('',(-2.22044604925E-16,-200.0000008));
#10676 = VECTOR('',#10677,1.);
#10677 = DIRECTION('',(0.,-1.));
#10678 = ( GEOMETRIC_REPRESENTATION_CONTEXT(2) 
PARAMETRIC_REPRESENTATION_CONTEXT() REPRESENTATION_CONTEXT('2D SPACE',''
  ) );
#10679 = ADVANCED_FACE('',(#10680),#430,.F.);
#10680 = FACE_BOUND('',#10681,.T.);
#10681 = EDGE_LOOP('',(#10682,#10683,#10703,#10704));
#10682 = ORIENTED_EDGE('',*,*,#5112,.F.);
#10683 = ORIENTED_EDGE('',*,*,#10684,.F.);
#10684 = EDGE_CURVE('',#386,#5090,#10685,.T.);
#10685 = SURFACE_CURVE('',#10686,(#10690,#10696),.PCURVE_S1.);
#10686 = LINE('',#10687,#10688);
#10687 = CARTESIAN_POINT('',(5.623334073416,200.0000008,1.575));
#10688 = VECTOR('',#10689,1.);
#10689 = DIRECTION('',(0.,1.,0.));
#10690 = PCURVE('',#430,#10691);
#10691 = DEFINITIONAL_REPRESENTATION('',(#10692),#10695);
#10692 = B_SPLINE_CURVE_WITH_KNOTS('',1,(#10693,#10694),.UNSPECIFIED.,
  .F.,.F.,(2,2),(-200.0000014,-1.999999597047E-07),
  .PIECEWISE_BEZIER_KNOTS.);
#10693 = CARTESIAN_POINT('',(-3.839815126952,-200.0000014));
#10694 = CARTESIAN_POINT('',(-3.839815126952,-1.999999597047E-07));
#10695 = ( GEOMETRIC_REPRESENTATION_CONTEXT(2) 
PARAMETRIC_REPRESENTATION_CONTEXT() REPRESENTATION_CONTEXT('2D SPACE',''
  ) );
#10696 = PCURVE('',#401,#10697);
#10697 = DEFINITIONAL_REPRESENTATION('',(#10698),#10702);
#10698 = LINE('',#10699,#10700);
#10699 = CARTESIAN_POINT('',(-2.22044604925E-16,-200.0000008));
#10700 = VECTOR('',#10701,1.);
#10701 = DIRECTION('',(0.,-1.));
#10702 = ( GEOMETRIC_REPRESENTATION_CONTEXT(2) 
PARAMETRIC_REPRESENTATION_CONTEXT() REPRESENTATION_CONTEXT('2D SPACE',''
  ) );
#10703 = ORIENTED_EDGE('',*,*,#413,.F.);
#10704 = ORIENTED_EDGE('',*,*,#10705,.T.);
#10705 = EDGE_CURVE('',#414,#5113,#10706,.T.);
#10706 = SURFACE_CURVE('',#10707,(#10711,#10717),.PCURVE_S1.);
#10707 = LINE('',#10708,#10709);
#10708 = CARTESIAN_POINT('',(9.376665926584,200.0000008,1.575));
#10709 = VECTOR('',#10710,1.);
#10710 = DIRECTION('',(0.,1.,0.));
#10711 = PCURVE('',#430,#10712);
#10712 = DEFINITIONAL_REPRESENTATION('',(#10713),#10716);
#10713 = B_SPLINE_CURVE_WITH_KNOTS('',1,(#10714,#10715),.UNSPECIFIED.,
  .F.,.F.,(2,2),(-200.0000014,-1.999999597047E-07),
  .PIECEWISE_BEZIER_KNOTS.);
#10714 = CARTESIAN_POINT('',(-5.584962833817,-200.0000014));
#10715 = CARTESIAN_POINT('',(-5.584962833817,-1.999999597047E-07));
#10716 = ( GEOMETRIC_REPRESENTATION_CONTEXT(2) 
PARAMETRIC_REPRESENTATION_CONTEXT() REPRESENTATION_CONTEXT('2D SPACE',''
  ) );
#10717 = PCURVE('',#458,#10718);
#10718 = DEFINITIONAL_REPRESENTATION('',(#10719),#10723);
#10719 = LINE('',#10720,#10721);
#10720 = CARTESIAN_POINT('',(-2.22044604925E-16,-200.0000008));
#10721 = VECTOR('',#10722,1.);
#10722 = DIRECTION('',(0.,-1.));
#10723 = ( GEOMETRIC_REPRESENTATION_CONTEXT(2) 
PARAMETRIC_REPRESENTATION_CONTEXT() REPRESENTATION_CONTEXT('2D SPACE',''
  ) );
#10724 = ADVANCED_FACE('',(#10725),#317,.F.);
#10725 = FACE_BOUND('',#10726,.T.);
#10726 = EDGE_LOOP('',(#10727,#10728,#10748,#10749));
#10727 = ORIENTED_EDGE('',*,*,#5015,.F.);
#10728 = ORIENTED_EDGE('',*,*,#10729,.F.);
#10729 = EDGE_CURVE('',#273,#4993,#10730,.T.);
#10730 = SURFACE_CURVE('',#10731,(#10735,#10741),.PCURVE_S1.);
#10731 = LINE('',#10732,#10733);
#10732 = CARTESIAN_POINT('',(0.623334073416,200.0000002,1.575));
#10733 = VECTOR('',#10734,1.);
#10734 = DIRECTION('',(0.,1.,0.));
#10735 = PCURVE('',#317,#10736);
#10736 = DEFINITIONAL_REPRESENTATION('',(#10737),#10740);
#10737 = B_SPLINE_CURVE_WITH_KNOTS('',1,(#10738,#10739),.UNSPECIFIED.,
  .F.,.F.,(2,2),(-200.0000008,5.999999928008E-07),
  .PIECEWISE_BEZIER_KNOTS.);
#10738 = CARTESIAN_POINT('',(-3.839815126952,-200.0000008));
#10739 = CARTESIAN_POINT('',(-3.839815126952,5.999999928008E-07));
#10740 = ( GEOMETRIC_REPRESENTATION_CONTEXT(2) 
PARAMETRIC_REPRESENTATION_CONTEXT() REPRESENTATION_CONTEXT('2D SPACE',''
  ) );
#10741 = PCURVE('',#288,#10742);
#10742 = DEFINITIONAL_REPRESENTATION('',(#10743),#10747);
#10743 = LINE('',#10744,#10745);
#10744 = CARTESIAN_POINT('',(-2.22044604925E-16,-200.0000002));
#10745 = VECTOR('',#10746,1.);
#10746 = DIRECTION('',(0.,-1.));
#10747 = ( GEOMETRIC_REPRESENTATION_CONTEXT(2) 
PARAMETRIC_REPRESENTATION_CONTEXT() REPRESENTATION_CONTEXT('2D SPACE',''
  ) );
#10748 = ORIENTED_EDGE('',*,*,#300,.F.);
#10749 = ORIENTED_EDGE('',*,*,#10750,.T.);
#10750 = EDGE_CURVE('',#301,#5016,#10751,.T.);
#10751 = SURFACE_CURVE('',#10752,(#10756,#10762),.PCURVE_S1.);
#10752 = LINE('',#10753,#10754);
#10753 = CARTESIAN_POINT('',(4.376665926584,200.0000002,1.575));
#10754 = VECTOR('',#10755,1.);
#10755 = DIRECTION('',(0.,1.,0.));
#10756 = PCURVE('',#317,#10757);
#10757 = DEFINITIONAL_REPRESENTATION('',(#10758),#10761);
#10758 = B_SPLINE_CURVE_WITH_KNOTS('',1,(#10759,#10760),.UNSPECIFIED.,
  .F.,.F.,(2,2),(-200.0000008,5.999999928008E-07),
  .PIECEWISE_BEZIER_KNOTS.);
#10759 = CARTESIAN_POINT('',(-5.584962833817,-200.0000008));
#10760 = CARTESIAN_POINT('',(-5.584962833817,5.999999928008E-07));
#10761 = ( GEOMETRIC_REPRESENTATION_CONTEXT(2) 
PARAMETRIC_REPRESENTATION_CONTEXT() REPRESENTATION_CONTEXT('2D SPACE',''
  ) );
#10762 = PCURVE('',#345,#10763);
#10763 = DEFINITIONAL_REPRESENTATION('',(#10764),#10768);
#10764 = LINE('',#10765,#10766);
#10765 = CARTESIAN_POINT('',(-2.22044604925E-16,-200.0000002));
#10766 = VECTOR('',#10767,1.);
#10767 = DIRECTION('',(0.,-1.));
#10768 = ( GEOMETRIC_REPRESENTATION_CONTEXT(2) 
PARAMETRIC_REPRESENTATION_CONTEXT() REPRESENTATION_CONTEXT('2D SPACE',''
  ) );
#10769 = ADVANCED_FACE('',(#10770),#232,.F.);
#10770 = FACE_BOUND('',#10771,.F.);
#10771 = EDGE_LOOP('',(#10772,#10773,#10774,#10775));
#10772 = ORIENTED_EDGE('',*,*,#216,.F.);
#10773 = ORIENTED_EDGE('',*,*,#4872,.T.);
#10774 = ORIENTED_EDGE('',*,*,#4946,.T.);
#10775 = ORIENTED_EDGE('',*,*,#10776,.F.);
#10776 = EDGE_CURVE('',#217,#4947,#10777,.T.);
#10777 = SURFACE_CURVE('',#10778,(#10782,#10789),.PCURVE_S1.);
#10778 = LINE('',#10779,#10780);
#10779 = CARTESIAN_POINT('',(-0.623334073416,0.,4.575));
#10780 = VECTOR('',#10781,1.);
#10781 = DIRECTION('',(0.,1.,0.));
#10782 = PCURVE('',#232,#10783);
#10783 = DEFINITIONAL_REPRESENTATION('',(#10784),#10788);
#10784 = LINE('',#10785,#10786);
#10785 = CARTESIAN_POINT('',(3.,0.));
#10786 = VECTOR('',#10787,1.);
#10787 = DIRECTION('',(0.,-1.));
#10788 = ( GEOMETRIC_REPRESENTATION_CONTEXT(2) 
PARAMETRIC_REPRESENTATION_CONTEXT() REPRESENTATION_CONTEXT('2D SPACE',''
  ) );
#10789 = PCURVE('',#260,#10790);
#10790 = DEFINITIONAL_REPRESENTATION('',(#10791),#10795);
#10791 = LINE('',#10792,#10793);
#10792 = CARTESIAN_POINT('',(0.,0.));
#10793 = VECTOR('',#10794,1.);
#10794 = DIRECTION('',(0.,1.));
#10795 = ( GEOMETRIC_REPRESENTATION_CONTEXT(2) 
PARAMETRIC_REPRESENTATION_CONTEXT() REPRESENTATION_CONTEXT('2D SPACE',''
  ) );
#10796 = ADVANCED_FACE('',(#10797),#4834,.F.);
#10797 = FACE_BOUND('',#10798,.F.);
#10798 = EDGE_LOOP('',(#10799,#10800,#10801,#10822));
#10799 = ORIENTED_EDGE('',*,*,#8949,.F.);
#10800 = ORIENTED_EDGE('',*,*,#4820,.T.);
#10801 = ORIENTED_EDGE('',*,*,#10802,.T.);
#10802 = EDGE_CURVE('',#4793,#8873,#10803,.T.);
#10803 = SURFACE_CURVE('',#10804,(#10808,#10815),.PCURVE_S1.);
#10804 = LINE('',#10805,#10806);
#10805 = CARTESIAN_POINT('',(200.62333407341,0.,1.575));
#10806 = VECTOR('',#10807,1.);
#10807 = DIRECTION('',(0.,1.,0.));
#10808 = PCURVE('',#4834,#10809);
#10809 = DEFINITIONAL_REPRESENTATION('',(#10810),#10814);
#10810 = LINE('',#10811,#10812);
#10811 = CARTESIAN_POINT('',(1.246668146833,0.));
#10812 = VECTOR('',#10813,1.);
#10813 = DIRECTION('',(0.,1.));
#10814 = ( GEOMETRIC_REPRESENTATION_CONTEXT(2) 
PARAMETRIC_REPRESENTATION_CONTEXT() REPRESENTATION_CONTEXT('2D SPACE',''
  ) );
#10815 = PCURVE('',#4808,#10816);
#10816 = DEFINITIONAL_REPRESENTATION('',(#10817),#10821);
#10817 = LINE('',#10818,#10819);
#10818 = CARTESIAN_POINT('',(0.,0.));
#10819 = VECTOR('',#10820,1.);
#10820 = DIRECTION('',(0.,-1.));
#10821 = ( GEOMETRIC_REPRESENTATION_CONTEXT(2) 
PARAMETRIC_REPRESENTATION_CONTEXT() REPRESENTATION_CONTEXT('2D SPACE',''
  ) );
#10822 = ORIENTED_EDGE('',*,*,#8895,.F.);
#10823 = ADVANCED_FACE('',(#10824),#4808,.T.);
#10824 = FACE_BOUND('',#10825,.T.);
#10825 = EDGE_LOOP('',(#10826,#10827,#10828,#10829));
#10826 = ORIENTED_EDGE('',*,*,#4792,.F.);
#10827 = ORIENTED_EDGE('',*,*,#10802,.T.);
#10828 = ORIENTED_EDGE('',*,*,#8872,.T.);
#10829 = ORIENTED_EDGE('',*,*,#10830,.F.);
#10830 = EDGE_CURVE('',#4765,#8850,#10831,.T.);
#10831 = SURFACE_CURVE('',#10832,(#10836,#10843),.PCURVE_S1.);
#10832 = LINE('',#10833,#10834);
#10833 = CARTESIAN_POINT('',(200.62333407341,0.,4.575));
#10834 = VECTOR('',#10835,1.);
#10835 = DIRECTION('',(0.,1.,0.));
#10836 = PCURVE('',#4808,#10837);
#10837 = DEFINITIONAL_REPRESENTATION('',(#10838),#10842);
#10838 = LINE('',#10839,#10840);
#10839 = CARTESIAN_POINT('',(3.,0.));
#10840 = VECTOR('',#10841,1.);
#10841 = DIRECTION('',(0.,-1.));
#10842 = ( GEOMETRIC_REPRESENTATION_CONTEXT(2) 
PARAMETRIC_REPRESENTATION_CONTEXT() REPRESENTATION_CONTEXT('2D SPACE',''
  ) );
#10843 = PCURVE('',#4780,#10844);
#10844 = DEFINITIONAL_REPRESENTATION('',(#10845),#10849);
#10845 = LINE('',#10846,#10847);
#10846 = CARTESIAN_POINT('',(1.246668146833,0.));
#10847 = VECTOR('',#10848,1.);
#10848 = DIRECTION('',(0.,1.));
#10849 = ( GEOMETRIC_REPRESENTATION_CONTEXT(2) 
PARAMETRIC_REPRESENTATION_CONTEXT() REPRESENTATION_CONTEXT('2D SPACE',''
  ) );
#10850 = ADVANCED_FACE('',(#10851),#4780,.T.);
#10851 = FACE_BOUND('',#10852,.T.);
#10852 = EDGE_LOOP('',(#10853,#10874,#10875,#10876));
#10853 = ORIENTED_EDGE('',*,*,#10854,.F.);
#10854 = EDGE_CURVE('',#4737,#8827,#10855,.T.);
#10855 = SURFACE_CURVE('',#10856,(#10860,#10867),.PCURVE_S1.);
#10856 = LINE('',#10857,#10858);
#10857 = CARTESIAN_POINT('',(199.37666592658,0.,4.575));
#10858 = VECTOR('',#10859,1.);
#10859 = DIRECTION('',(0.,1.,0.));
#10860 = PCURVE('',#4780,#10861);
#10861 = DEFINITIONAL_REPRESENTATION('',(#10862),#10866);
#10862 = LINE('',#10863,#10864);
#10863 = CARTESIAN_POINT('',(0.,0.));
#10864 = VECTOR('',#10865,1.);
#10865 = DIRECTION('',(0.,1.));
#10866 = ( GEOMETRIC_REPRESENTATION_CONTEXT(2) 
PARAMETRIC_REPRESENTATION_CONTEXT() REPRESENTATION_CONTEXT('2D SPACE',''
  ) );
#10867 = PCURVE('',#4752,#10868);
#10868 = DEFINITIONAL_REPRESENTATION('',(#10869),#10873);
#10869 = LINE('',#10870,#10871);
#10870 = CARTESIAN_POINT('',(3.,0.));
#10871 = VECTOR('',#10872,1.);
#10872 = DIRECTION('',(0.,-1.));
#10873 = ( GEOMETRIC_REPRESENTATION_CONTEXT(2) 
PARAMETRIC_REPRESENTATION_CONTEXT() REPRESENTATION_CONTEXT('2D SPACE',''
  ) );
#10874 = ORIENTED_EDGE('',*,*,#4764,.T.);
#10875 = ORIENTED_EDGE('',*,*,#10830,.T.);
#10876 = ORIENTED_EDGE('',*,*,#8849,.F.);
#10877 = ADVANCED_FACE('',(#10878),#4752,.F.);
#10878 = FACE_BOUND('',#10879,.F.);
#10879 = EDGE_LOOP('',(#10880,#10881,#10882,#10883));
#10880 = ORIENTED_EDGE('',*,*,#4736,.F.);
#10881 = ORIENTED_EDGE('',*,*,#8995,.T.);
#10882 = ORIENTED_EDGE('',*,*,#8826,.T.);
#10883 = ORIENTED_EDGE('',*,*,#10854,.F.);
#10884 = ADVANCED_FACE('',(#10885),#4695,.T.);
#10885 = FACE_BOUND('',#10886,.T.);
#10886 = EDGE_LOOP('',(#10887,#10888,#10889,#10890));
#10887 = ORIENTED_EDGE('',*,*,#4679,.F.);
#10888 = ORIENTED_EDGE('',*,*,#8974,.T.);
#10889 = ORIENTED_EDGE('',*,*,#8775,.T.);
#10890 = ORIENTED_EDGE('',*,*,#10891,.F.);
#10891 = EDGE_CURVE('',#4652,#8753,#10892,.T.);
#10892 = SURFACE_CURVE('',#10893,(#10897,#10904),.PCURVE_S1.);
#10893 = LINE('',#10894,#10895);
#10894 = CARTESIAN_POINT('',(195.62333407341,0.,4.575));
#10895 = VECTOR('',#10896,1.);
#10896 = DIRECTION('',(0.,1.,0.));
#10897 = PCURVE('',#4695,#10898);
#10898 = DEFINITIONAL_REPRESENTATION('',(#10899),#10903);
#10899 = LINE('',#10900,#10901);
#10900 = CARTESIAN_POINT('',(3.,0.));
#10901 = VECTOR('',#10902,1.);
#10902 = DIRECTION('',(0.,-1.));
#10903 = ( GEOMETRIC_REPRESENTATION_CONTEXT(2) 
PARAMETRIC_REPRESENTATION_CONTEXT() REPRESENTATION_CONTEXT('2D SPACE',''
  ) );
#10904 = PCURVE('',#4667,#10905);
#10905 = DEFINITIONAL_REPRESENTATION('',(#10906),#10910);
#10906 = LINE('',#10907,#10908);
#10907 = CARTESIAN_POINT('',(1.246668146833,0.));
#10908 = VECTOR('',#10909,1.);
#10909 = DIRECTION('',(0.,1.));
#10910 = ( GEOMETRIC_REPRESENTATION_CONTEXT(2) 
PARAMETRIC_REPRESENTATION_CONTEXT() REPRESENTATION_CONTEXT('2D SPACE',''
  ) );
#10911 = ADVANCED_FACE('',(#10912),#4667,.T.);
#10912 = FACE_BOUND('',#10913,.T.);
#10913 = EDGE_LOOP('',(#10914,#10935,#10936,#10937));
#10914 = ORIENTED_EDGE('',*,*,#10915,.F.);
#10915 = EDGE_CURVE('',#4624,#8730,#10916,.T.);
#10916 = SURFACE_CURVE('',#10917,(#10921,#10928),.PCURVE_S1.);
#10917 = LINE('',#10918,#10919);
#10918 = CARTESIAN_POINT('',(194.37666592658,0.,4.575));
#10919 = VECTOR('',#10920,1.);
#10920 = DIRECTION('',(0.,1.,0.));
#10921 = PCURVE('',#4667,#10922);
#10922 = DEFINITIONAL_REPRESENTATION('',(#10923),#10927);
#10923 = LINE('',#10924,#10925);
#10924 = CARTESIAN_POINT('',(0.,0.));
#10925 = VECTOR('',#10926,1.);
#10926 = DIRECTION('',(0.,1.));
#10927 = ( GEOMETRIC_REPRESENTATION_CONTEXT(2) 
PARAMETRIC_REPRESENTATION_CONTEXT() REPRESENTATION_CONTEXT('2D SPACE',''
  ) );
#10928 = PCURVE('',#4639,#10929);
#10929 = DEFINITIONAL_REPRESENTATION('',(#10930),#10934);
#10930 = LINE('',#10931,#10932);
#10931 = CARTESIAN_POINT('',(3.,0.));
#10932 = VECTOR('',#10933,1.);
#10933 = DIRECTION('',(0.,-1.));
#10934 = ( GEOMETRIC_REPRESENTATION_CONTEXT(2) 
PARAMETRIC_REPRESENTATION_CONTEXT() REPRESENTATION_CONTEXT('2D SPACE',''
  ) );
#10935 = ORIENTED_EDGE('',*,*,#4651,.T.);
#10936 = ORIENTED_EDGE('',*,*,#10891,.T.);
#10937 = ORIENTED_EDGE('',*,*,#8752,.F.);
#10938 = ADVANCED_FACE('',(#10939),#4639,.F.);
#10939 = FACE_BOUND('',#10940,.F.);
#10940 = EDGE_LOOP('',(#10941,#10942,#10943,#10944));
#10941 = ORIENTED_EDGE('',*,*,#4623,.F.);
#10942 = ORIENTED_EDGE('',*,*,#9040,.T.);
#10943 = ORIENTED_EDGE('',*,*,#8729,.T.);
#10944 = ORIENTED_EDGE('',*,*,#10915,.F.);
#10945 = ADVANCED_FACE('',(#10946),#4582,.T.);
#10946 = FACE_BOUND('',#10947,.T.);
#10947 = EDGE_LOOP('',(#10948,#10949,#10950,#10951));
#10948 = ORIENTED_EDGE('',*,*,#4566,.F.);
#10949 = ORIENTED_EDGE('',*,*,#9019,.T.);
#10950 = ORIENTED_EDGE('',*,*,#8678,.T.);
#10951 = ORIENTED_EDGE('',*,*,#10952,.F.);
#10952 = EDGE_CURVE('',#4539,#8656,#10953,.T.);
#10953 = SURFACE_CURVE('',#10954,(#10958,#10965),.PCURVE_S1.);
#10954 = LINE('',#10955,#10956);
#10955 = CARTESIAN_POINT('',(190.62333407341,0.,4.575));
#10956 = VECTOR('',#10957,1.);
#10957 = DIRECTION('',(0.,1.,0.));
#10958 = PCURVE('',#4582,#10959);
#10959 = DEFINITIONAL_REPRESENTATION('',(#10960),#10964);
#10960 = LINE('',#10961,#10962);
#10961 = CARTESIAN_POINT('',(3.,0.));
#10962 = VECTOR('',#10963,1.);
#10963 = DIRECTION('',(0.,-1.));
#10964 = ( GEOMETRIC_REPRESENTATION_CONTEXT(2) 
PARAMETRIC_REPRESENTATION_CONTEXT() REPRESENTATION_CONTEXT('2D SPACE',''
  ) );
#10965 = PCURVE('',#4554,#10966);
#10966 = DEFINITIONAL_REPRESENTATION('',(#10967),#10971);
#10967 = LINE('',#10968,#10969);
#10968 = CARTESIAN_POINT('',(1.246668146833,0.));
#10969 = VECTOR('',#10970,1.);
#10970 = DIRECTION('',(0.,1.));
#10971 = ( GEOMETRIC_REPRESENTATION_CONTEXT(2) 
PARAMETRIC_REPRESENTATION_CONTEXT() REPRESENTATION_CONTEXT('2D SPACE',''
  ) );
#10972 = ADVANCED_FACE('',(#10973),#4554,.T.);
#10973 = FACE_BOUND('',#10974,.T.);
#10974 = EDGE_LOOP('',(#10975,#10996,#10997,#10998));
#10975 = ORIENTED_EDGE('',*,*,#10976,.F.);
#10976 = EDGE_CURVE('',#4511,#8633,#10977,.T.);
#10977 = SURFACE_CURVE('',#10978,(#10982,#10989),.PCURVE_S1.);
#10978 = LINE('',#10979,#10980);
#10979 = CARTESIAN_POINT('',(189.37666592658,0.,4.575));
#10980 = VECTOR('',#10981,1.);
#10981 = DIRECTION('',(0.,1.,0.));
#10982 = PCURVE('',#4554,#10983);
#10983 = DEFINITIONAL_REPRESENTATION('',(#10984),#10988);
#10984 = LINE('',#10985,#10986);
#10985 = CARTESIAN_POINT('',(0.,0.));
#10986 = VECTOR('',#10987,1.);
#10987 = DIRECTION('',(0.,1.));
#10988 = ( GEOMETRIC_REPRESENTATION_CONTEXT(2) 
PARAMETRIC_REPRESENTATION_CONTEXT() REPRESENTATION_CONTEXT('2D SPACE',''
  ) );
#10989 = PCURVE('',#4526,#10990);
#10990 = DEFINITIONAL_REPRESENTATION('',(#10991),#10995);
#10991 = LINE('',#10992,#10993);
#10992 = CARTESIAN_POINT('',(3.,0.));
#10993 = VECTOR('',#10994,1.);
#10994 = DIRECTION('',(0.,-1.));
#10995 = ( GEOMETRIC_REPRESENTATION_CONTEXT(2) 
PARAMETRIC_REPRESENTATION_CONTEXT() REPRESENTATION_CONTEXT('2D SPACE',''
  ) );
#10996 = ORIENTED_EDGE('',*,*,#4538,.T.);
#10997 = ORIENTED_EDGE('',*,*,#10952,.T.);
#10998 = ORIENTED_EDGE('',*,*,#8655,.F.);
#10999 = ADVANCED_FACE('',(#11000),#4526,.F.);
#11000 = FACE_BOUND('',#11001,.F.);
#11001 = EDGE_LOOP('',(#11002,#11003,#11004,#11005));
#11002 = ORIENTED_EDGE('',*,*,#4510,.F.);
#11003 = ORIENTED_EDGE('',*,*,#9085,.T.);
#11004 = ORIENTED_EDGE('',*,*,#8632,.T.);
#11005 = ORIENTED_EDGE('',*,*,#10976,.F.);
#11006 = ADVANCED_FACE('',(#11007),#4469,.T.);
#11007 = FACE_BOUND('',#11008,.T.);
#11008 = EDGE_LOOP('',(#11009,#11010,#11011,#11012));
#11009 = ORIENTED_EDGE('',*,*,#4453,.F.);
#11010 = ORIENTED_EDGE('',*,*,#9064,.T.);
#11011 = ORIENTED_EDGE('',*,*,#8581,.T.);
#11012 = ORIENTED_EDGE('',*,*,#11013,.F.);
#11013 = EDGE_CURVE('',#4426,#8559,#11014,.T.);
#11014 = SURFACE_CURVE('',#11015,(#11019,#11026),.PCURVE_S1.);
#11015 = LINE('',#11016,#11017);
#11016 = CARTESIAN_POINT('',(185.62333407341,0.,4.575));
#11017 = VECTOR('',#11018,1.);
#11018 = DIRECTION('',(0.,1.,0.));
#11019 = PCURVE('',#4469,#11020);
#11020 = DEFINITIONAL_REPRESENTATION('',(#11021),#11025);
#11021 = LINE('',#11022,#11023);
#11022 = CARTESIAN_POINT('',(3.,0.));
#11023 = VECTOR('',#11024,1.);
#11024 = DIRECTION('',(0.,-1.));
#11025 = ( GEOMETRIC_REPRESENTATION_CONTEXT(2) 
PARAMETRIC_REPRESENTATION_CONTEXT() REPRESENTATION_CONTEXT('2D SPACE',''
  ) );
#11026 = PCURVE('',#4441,#11027);
#11027 = DEFINITIONAL_REPRESENTATION('',(#11028),#11032);
#11028 = LINE('',#11029,#11030);
#11029 = CARTESIAN_POINT('',(1.246668146833,0.));
#11030 = VECTOR('',#11031,1.);
#11031 = DIRECTION('',(0.,1.));
#11032 = ( GEOMETRIC_REPRESENTATION_CONTEXT(2) 
PARAMETRIC_REPRESENTATION_CONTEXT() REPRESENTATION_CONTEXT('2D SPACE',''
  ) );
#11033 = ADVANCED_FACE('',(#11034),#4441,.T.);
#11034 = FACE_BOUND('',#11035,.T.);
#11035 = EDGE_LOOP('',(#11036,#11057,#11058,#11059));
#11036 = ORIENTED_EDGE('',*,*,#11037,.F.);
#11037 = EDGE_CURVE('',#4398,#8536,#11038,.T.);
#11038 = SURFACE_CURVE('',#11039,(#11043,#11050),.PCURVE_S1.);
#11039 = LINE('',#11040,#11041);
#11040 = CARTESIAN_POINT('',(184.37666592658,0.,4.575));
#11041 = VECTOR('',#11042,1.);
#11042 = DIRECTION('',(0.,1.,0.));
#11043 = PCURVE('',#4441,#11044);
#11044 = DEFINITIONAL_REPRESENTATION('',(#11045),#11049);
#11045 = LINE('',#11046,#11047);
#11046 = CARTESIAN_POINT('',(0.,0.));
#11047 = VECTOR('',#11048,1.);
#11048 = DIRECTION('',(0.,1.));
#11049 = ( GEOMETRIC_REPRESENTATION_CONTEXT(2) 
PARAMETRIC_REPRESENTATION_CONTEXT() REPRESENTATION_CONTEXT('2D SPACE',''
  ) );
#11050 = PCURVE('',#4413,#11051);
#11051 = DEFINITIONAL_REPRESENTATION('',(#11052),#11056);
#11052 = LINE('',#11053,#11054);
#11053 = CARTESIAN_POINT('',(3.,0.));
#11054 = VECTOR('',#11055,1.);
#11055 = DIRECTION('',(0.,-1.));
#11056 = ( GEOMETRIC_REPRESENTATION_CONTEXT(2) 
PARAMETRIC_REPRESENTATION_CONTEXT() REPRESENTATION_CONTEXT('2D SPACE',''
  ) );
#11057 = ORIENTED_EDGE('',*,*,#4425,.T.);
#11058 = ORIENTED_EDGE('',*,*,#11013,.T.);
#11059 = ORIENTED_EDGE('',*,*,#8558,.F.);
#11060 = ADVANCED_FACE('',(#11061),#4413,.F.);
#11061 = FACE_BOUND('',#11062,.F.);
#11062 = EDGE_LOOP('',(#11063,#11064,#11065,#11066));
#11063 = ORIENTED_EDGE('',*,*,#4397,.F.);
#11064 = ORIENTED_EDGE('',*,*,#9130,.T.);
#11065 = ORIENTED_EDGE('',*,*,#8535,.T.);
#11066 = ORIENTED_EDGE('',*,*,#11037,.F.);
#11067 = ADVANCED_FACE('',(#11068),#4356,.T.);
#11068 = FACE_BOUND('',#11069,.T.);
#11069 = EDGE_LOOP('',(#11070,#11071,#11072,#11073));
#11070 = ORIENTED_EDGE('',*,*,#4340,.F.);
#11071 = ORIENTED_EDGE('',*,*,#9109,.T.);
#11072 = ORIENTED_EDGE('',*,*,#8484,.T.);
#11073 = ORIENTED_EDGE('',*,*,#11074,.F.);
#11074 = EDGE_CURVE('',#4313,#8462,#11075,.T.);
#11075 = SURFACE_CURVE('',#11076,(#11080,#11087),.PCURVE_S1.);
#11076 = LINE('',#11077,#11078);
#11077 = CARTESIAN_POINT('',(180.62333407341,0.,4.575));
#11078 = VECTOR('',#11079,1.);
#11079 = DIRECTION('',(0.,1.,0.));
#11080 = PCURVE('',#4356,#11081);
#11081 = DEFINITIONAL_REPRESENTATION('',(#11082),#11086);
#11082 = LINE('',#11083,#11084);
#11083 = CARTESIAN_POINT('',(3.,0.));
#11084 = VECTOR('',#11085,1.);
#11085 = DIRECTION('',(0.,-1.));
#11086 = ( GEOMETRIC_REPRESENTATION_CONTEXT(2) 
PARAMETRIC_REPRESENTATION_CONTEXT() REPRESENTATION_CONTEXT('2D SPACE',''
  ) );
#11087 = PCURVE('',#4328,#11088);
#11088 = DEFINITIONAL_REPRESENTATION('',(#11089),#11093);
#11089 = LINE('',#11090,#11091);
#11090 = CARTESIAN_POINT('',(1.246668146833,0.));
#11091 = VECTOR('',#11092,1.);
#11092 = DIRECTION('',(0.,1.));
#11093 = ( GEOMETRIC_REPRESENTATION_CONTEXT(2) 
PARAMETRIC_REPRESENTATION_CONTEXT() REPRESENTATION_CONTEXT('2D SPACE',''
  ) );
#11094 = ADVANCED_FACE('',(#11095),#4328,.T.);
#11095 = FACE_BOUND('',#11096,.T.);
#11096 = EDGE_LOOP('',(#11097,#11118,#11119,#11120));
#11097 = ORIENTED_EDGE('',*,*,#11098,.F.);
#11098 = EDGE_CURVE('',#4285,#8439,#11099,.T.);
#11099 = SURFACE_CURVE('',#11100,(#11104,#11111),.PCURVE_S1.);
#11100 = LINE('',#11101,#11102);
#11101 = CARTESIAN_POINT('',(179.37666592658,0.,4.575));
#11102 = VECTOR('',#11103,1.);
#11103 = DIRECTION('',(0.,1.,0.));
#11104 = PCURVE('',#4328,#11105);
#11105 = DEFINITIONAL_REPRESENTATION('',(#11106),#11110);
#11106 = LINE('',#11107,#11108);
#11107 = CARTESIAN_POINT('',(0.,0.));
#11108 = VECTOR('',#11109,1.);
#11109 = DIRECTION('',(0.,1.));
#11110 = ( GEOMETRIC_REPRESENTATION_CONTEXT(2) 
PARAMETRIC_REPRESENTATION_CONTEXT() REPRESENTATION_CONTEXT('2D SPACE',''
  ) );
#11111 = PCURVE('',#4300,#11112);
#11112 = DEFINITIONAL_REPRESENTATION('',(#11113),#11117);
#11113 = LINE('',#11114,#11115);
#11114 = CARTESIAN_POINT('',(3.,0.));
#11115 = VECTOR('',#11116,1.);
#11116 = DIRECTION('',(0.,-1.));
#11117 = ( GEOMETRIC_REPRESENTATION_CONTEXT(2) 
PARAMETRIC_REPRESENTATION_CONTEXT() REPRESENTATION_CONTEXT('2D SPACE',''
  ) );
#11118 = ORIENTED_EDGE('',*,*,#4312,.T.);
#11119 = ORIENTED_EDGE('',*,*,#11074,.T.);
#11120 = ORIENTED_EDGE('',*,*,#8461,.F.);
#11121 = ADVANCED_FACE('',(#11122),#4300,.F.);
#11122 = FACE_BOUND('',#11123,.F.);
#11123 = EDGE_LOOP('',(#11124,#11125,#11126,#11127));
#11124 = ORIENTED_EDGE('',*,*,#4284,.F.);
#11125 = ORIENTED_EDGE('',*,*,#9175,.T.);
#11126 = ORIENTED_EDGE('',*,*,#8438,.T.);
#11127 = ORIENTED_EDGE('',*,*,#11098,.F.);
#11128 = ADVANCED_FACE('',(#11129),#4243,.T.);
#11129 = FACE_BOUND('',#11130,.T.);
#11130 = EDGE_LOOP('',(#11131,#11132,#11133,#11134));
#11131 = ORIENTED_EDGE('',*,*,#4227,.F.);
#11132 = ORIENTED_EDGE('',*,*,#9154,.T.);
#11133 = ORIENTED_EDGE('',*,*,#8387,.T.);
#11134 = ORIENTED_EDGE('',*,*,#11135,.F.);
#11135 = EDGE_CURVE('',#4200,#8365,#11136,.T.);
#11136 = SURFACE_CURVE('',#11137,(#11141,#11148),.PCURVE_S1.);
#11137 = LINE('',#11138,#11139);
#11138 = CARTESIAN_POINT('',(175.62333407341,0.,4.575));
#11139 = VECTOR('',#11140,1.);
#11140 = DIRECTION('',(0.,1.,0.));
#11141 = PCURVE('',#4243,#11142);
#11142 = DEFINITIONAL_REPRESENTATION('',(#11143),#11147);
#11143 = LINE('',#11144,#11145);
#11144 = CARTESIAN_POINT('',(3.,0.));
#11145 = VECTOR('',#11146,1.);
#11146 = DIRECTION('',(0.,-1.));
#11147 = ( GEOMETRIC_REPRESENTATION_CONTEXT(2) 
PARAMETRIC_REPRESENTATION_CONTEXT() REPRESENTATION_CONTEXT('2D SPACE',''
  ) );
#11148 = PCURVE('',#4215,#11149);
#11149 = DEFINITIONAL_REPRESENTATION('',(#11150),#11154);
#11150 = LINE('',#11151,#11152);
#11151 = CARTESIAN_POINT('',(1.246668146833,0.));
#11152 = VECTOR('',#11153,1.);
#11153 = DIRECTION('',(0.,1.));
#11154 = ( GEOMETRIC_REPRESENTATION_CONTEXT(2) 
PARAMETRIC_REPRESENTATION_CONTEXT() REPRESENTATION_CONTEXT('2D SPACE',''
  ) );
#11155 = ADVANCED_FACE('',(#11156),#4215,.T.);
#11156 = FACE_BOUND('',#11157,.T.);
#11157 = EDGE_LOOP('',(#11158,#11179,#11180,#11181));
#11158 = ORIENTED_EDGE('',*,*,#11159,.F.);
#11159 = EDGE_CURVE('',#4172,#8342,#11160,.T.);
#11160 = SURFACE_CURVE('',#11161,(#11165,#11172),.PCURVE_S1.);
#11161 = LINE('',#11162,#11163);
#11162 = CARTESIAN_POINT('',(174.37666592658,0.,4.575));
#11163 = VECTOR('',#11164,1.);
#11164 = DIRECTION('',(0.,1.,0.));
#11165 = PCURVE('',#4215,#11166);
#11166 = DEFINITIONAL_REPRESENTATION('',(#11167),#11171);
#11167 = LINE('',#11168,#11169);
#11168 = CARTESIAN_POINT('',(0.,0.));
#11169 = VECTOR('',#11170,1.);
#11170 = DIRECTION('',(0.,1.));
#11171 = ( GEOMETRIC_REPRESENTATION_CONTEXT(2) 
PARAMETRIC_REPRESENTATION_CONTEXT() REPRESENTATION_CONTEXT('2D SPACE',''
  ) );
#11172 = PCURVE('',#4187,#11173);
#11173 = DEFINITIONAL_REPRESENTATION('',(#11174),#11178);
#11174 = LINE('',#11175,#11176);
#11175 = CARTESIAN_POINT('',(3.,0.));
#11176 = VECTOR('',#11177,1.);
#11177 = DIRECTION('',(0.,-1.));
#11178 = ( GEOMETRIC_REPRESENTATION_CONTEXT(2) 
PARAMETRIC_REPRESENTATION_CONTEXT() REPRESENTATION_CONTEXT('2D SPACE',''
  ) );
#11179 = ORIENTED_EDGE('',*,*,#4199,.T.);
#11180 = ORIENTED_EDGE('',*,*,#11135,.T.);
#11181 = ORIENTED_EDGE('',*,*,#8364,.F.);
#11182 = ADVANCED_FACE('',(#11183),#4187,.F.);
#11183 = FACE_BOUND('',#11184,.F.);
#11184 = EDGE_LOOP('',(#11185,#11186,#11187,#11188));
#11185 = ORIENTED_EDGE('',*,*,#4171,.F.);
#11186 = ORIENTED_EDGE('',*,*,#9220,.T.);
#11187 = ORIENTED_EDGE('',*,*,#8341,.T.);
#11188 = ORIENTED_EDGE('',*,*,#11159,.F.);
#11189 = ADVANCED_FACE('',(#11190),#4130,.T.);
#11190 = FACE_BOUND('',#11191,.T.);
#11191 = EDGE_LOOP('',(#11192,#11193,#11194,#11195));
#11192 = ORIENTED_EDGE('',*,*,#4114,.F.);
#11193 = ORIENTED_EDGE('',*,*,#9199,.T.);
#11194 = ORIENTED_EDGE('',*,*,#8290,.T.);
#11195 = ORIENTED_EDGE('',*,*,#11196,.F.);
#11196 = EDGE_CURVE('',#4087,#8268,#11197,.T.);
#11197 = SURFACE_CURVE('',#11198,(#11202,#11209),.PCURVE_S1.);
#11198 = LINE('',#11199,#11200);
#11199 = CARTESIAN_POINT('',(170.62333407341,0.,4.575));
#11200 = VECTOR('',#11201,1.);
#11201 = DIRECTION('',(0.,1.,0.));
#11202 = PCURVE('',#4130,#11203);
#11203 = DEFINITIONAL_REPRESENTATION('',(#11204),#11208);
#11204 = LINE('',#11205,#11206);
#11205 = CARTESIAN_POINT('',(3.,0.));
#11206 = VECTOR('',#11207,1.);
#11207 = DIRECTION('',(0.,-1.));
#11208 = ( GEOMETRIC_REPRESENTATION_CONTEXT(2) 
PARAMETRIC_REPRESENTATION_CONTEXT() REPRESENTATION_CONTEXT('2D SPACE',''
  ) );
#11209 = PCURVE('',#4102,#11210);
#11210 = DEFINITIONAL_REPRESENTATION('',(#11211),#11215);
#11211 = LINE('',#11212,#11213);
#11212 = CARTESIAN_POINT('',(1.246668146833,0.));
#11213 = VECTOR('',#11214,1.);
#11214 = DIRECTION('',(0.,1.));
#11215 = ( GEOMETRIC_REPRESENTATION_CONTEXT(2) 
PARAMETRIC_REPRESENTATION_CONTEXT() REPRESENTATION_CONTEXT('2D SPACE',''
  ) );
#11216 = ADVANCED_FACE('',(#11217),#4102,.T.);
#11217 = FACE_BOUND('',#11218,.T.);
#11218 = EDGE_LOOP('',(#11219,#11240,#11241,#11242));
#11219 = ORIENTED_EDGE('',*,*,#11220,.F.);
#11220 = EDGE_CURVE('',#4059,#8245,#11221,.T.);
#11221 = SURFACE_CURVE('',#11222,(#11226,#11233),.PCURVE_S1.);
#11222 = LINE('',#11223,#11224);
#11223 = CARTESIAN_POINT('',(169.37666592658,0.,4.575));
#11224 = VECTOR('',#11225,1.);
#11225 = DIRECTION('',(0.,1.,0.));
#11226 = PCURVE('',#4102,#11227);
#11227 = DEFINITIONAL_REPRESENTATION('',(#11228),#11232);
#11228 = LINE('',#11229,#11230);
#11229 = CARTESIAN_POINT('',(0.,0.));
#11230 = VECTOR('',#11231,1.);
#11231 = DIRECTION('',(0.,1.));
#11232 = ( GEOMETRIC_REPRESENTATION_CONTEXT(2) 
PARAMETRIC_REPRESENTATION_CONTEXT() REPRESENTATION_CONTEXT('2D SPACE',''
  ) );
#11233 = PCURVE('',#4074,#11234);
#11234 = DEFINITIONAL_REPRESENTATION('',(#11235),#11239);
#11235 = LINE('',#11236,#11237);
#11236 = CARTESIAN_POINT('',(3.,0.));
#11237 = VECTOR('',#11238,1.);
#11238 = DIRECTION('',(0.,-1.));
#11239 = ( GEOMETRIC_REPRESENTATION_CONTEXT(2) 
PARAMETRIC_REPRESENTATION_CONTEXT() REPRESENTATION_CONTEXT('2D SPACE',''
  ) );
#11240 = ORIENTED_EDGE('',*,*,#4086,.T.);
#11241 = ORIENTED_EDGE('',*,*,#11196,.T.);
#11242 = ORIENTED_EDGE('',*,*,#8267,.F.);
#11243 = ADVANCED_FACE('',(#11244),#4074,.F.);
#11244 = FACE_BOUND('',#11245,.F.);
#11245 = EDGE_LOOP('',(#11246,#11247,#11248,#11249));
#11246 = ORIENTED_EDGE('',*,*,#4058,.F.);
#11247 = ORIENTED_EDGE('',*,*,#9265,.T.);
#11248 = ORIENTED_EDGE('',*,*,#8244,.T.);
#11249 = ORIENTED_EDGE('',*,*,#11220,.F.);
#11250 = ADVANCED_FACE('',(#11251),#4017,.T.);
#11251 = FACE_BOUND('',#11252,.T.);
#11252 = EDGE_LOOP('',(#11253,#11254,#11255,#11256));
#11253 = ORIENTED_EDGE('',*,*,#4001,.F.);
#11254 = ORIENTED_EDGE('',*,*,#9244,.T.);
#11255 = ORIENTED_EDGE('',*,*,#8193,.T.);
#11256 = ORIENTED_EDGE('',*,*,#11257,.F.);
#11257 = EDGE_CURVE('',#3974,#8171,#11258,.T.);
#11258 = SURFACE_CURVE('',#11259,(#11263,#11270),.PCURVE_S1.);
#11259 = LINE('',#11260,#11261);
#11260 = CARTESIAN_POINT('',(165.62333407341,0.,4.575));
#11261 = VECTOR('',#11262,1.);
#11262 = DIRECTION('',(0.,1.,0.));
#11263 = PCURVE('',#4017,#11264);
#11264 = DEFINITIONAL_REPRESENTATION('',(#11265),#11269);
#11265 = LINE('',#11266,#11267);
#11266 = CARTESIAN_POINT('',(3.,0.));
#11267 = VECTOR('',#11268,1.);
#11268 = DIRECTION('',(0.,-1.));
#11269 = ( GEOMETRIC_REPRESENTATION_CONTEXT(2) 
PARAMETRIC_REPRESENTATION_CONTEXT() REPRESENTATION_CONTEXT('2D SPACE',''
  ) );
#11270 = PCURVE('',#3989,#11271);
#11271 = DEFINITIONAL_REPRESENTATION('',(#11272),#11276);
#11272 = LINE('',#11273,#11274);
#11273 = CARTESIAN_POINT('',(1.246668146833,0.));
#11274 = VECTOR('',#11275,1.);
#11275 = DIRECTION('',(0.,1.));
#11276 = ( GEOMETRIC_REPRESENTATION_CONTEXT(2) 
PARAMETRIC_REPRESENTATION_CONTEXT() REPRESENTATION_CONTEXT('2D SPACE',''
  ) );
#11277 = ADVANCED_FACE('',(#11278),#3989,.T.);
#11278 = FACE_BOUND('',#11279,.T.);
#11279 = EDGE_LOOP('',(#11280,#11301,#11302,#11303));
#11280 = ORIENTED_EDGE('',*,*,#11281,.F.);
#11281 = EDGE_CURVE('',#3946,#8148,#11282,.T.);
#11282 = SURFACE_CURVE('',#11283,(#11287,#11294),.PCURVE_S1.);
#11283 = LINE('',#11284,#11285);
#11284 = CARTESIAN_POINT('',(164.37666592658,0.,4.575));
#11285 = VECTOR('',#11286,1.);
#11286 = DIRECTION('',(0.,1.,0.));
#11287 = PCURVE('',#3989,#11288);
#11288 = DEFINITIONAL_REPRESENTATION('',(#11289),#11293);
#11289 = LINE('',#11290,#11291);
#11290 = CARTESIAN_POINT('',(0.,0.));
#11291 = VECTOR('',#11292,1.);
#11292 = DIRECTION('',(0.,1.));
#11293 = ( GEOMETRIC_REPRESENTATION_CONTEXT(2) 
PARAMETRIC_REPRESENTATION_CONTEXT() REPRESENTATION_CONTEXT('2D SPACE',''
  ) );
#11294 = PCURVE('',#3961,#11295);
#11295 = DEFINITIONAL_REPRESENTATION('',(#11296),#11300);
#11296 = LINE('',#11297,#11298);
#11297 = CARTESIAN_POINT('',(3.,0.));
#11298 = VECTOR('',#11299,1.);
#11299 = DIRECTION('',(0.,-1.));
#11300 = ( GEOMETRIC_REPRESENTATION_CONTEXT(2) 
PARAMETRIC_REPRESENTATION_CONTEXT() REPRESENTATION_CONTEXT('2D SPACE',''
  ) );
#11301 = ORIENTED_EDGE('',*,*,#3973,.T.);
#11302 = ORIENTED_EDGE('',*,*,#11257,.T.);
#11303 = ORIENTED_EDGE('',*,*,#8170,.F.);
#11304 = ADVANCED_FACE('',(#11305),#3961,.F.);
#11305 = FACE_BOUND('',#11306,.F.);
#11306 = EDGE_LOOP('',(#11307,#11308,#11309,#11310));
#11307 = ORIENTED_EDGE('',*,*,#3945,.F.);
#11308 = ORIENTED_EDGE('',*,*,#9310,.T.);
#11309 = ORIENTED_EDGE('',*,*,#8147,.T.);
#11310 = ORIENTED_EDGE('',*,*,#11281,.F.);
#11311 = ADVANCED_FACE('',(#11312),#3904,.T.);
#11312 = FACE_BOUND('',#11313,.T.);
#11313 = EDGE_LOOP('',(#11314,#11315,#11316,#11317));
#11314 = ORIENTED_EDGE('',*,*,#3888,.F.);
#11315 = ORIENTED_EDGE('',*,*,#9289,.T.);
#11316 = ORIENTED_EDGE('',*,*,#8096,.T.);
#11317 = ORIENTED_EDGE('',*,*,#11318,.F.);
#11318 = EDGE_CURVE('',#3861,#8074,#11319,.T.);
#11319 = SURFACE_CURVE('',#11320,(#11324,#11331),.PCURVE_S1.);
#11320 = LINE('',#11321,#11322);
#11321 = CARTESIAN_POINT('',(160.62333407341,0.,4.575));
#11322 = VECTOR('',#11323,1.);
#11323 = DIRECTION('',(0.,1.,0.));
#11324 = PCURVE('',#3904,#11325);
#11325 = DEFINITIONAL_REPRESENTATION('',(#11326),#11330);
#11326 = LINE('',#11327,#11328);
#11327 = CARTESIAN_POINT('',(3.,0.));
#11328 = VECTOR('',#11329,1.);
#11329 = DIRECTION('',(0.,-1.));
#11330 = ( GEOMETRIC_REPRESENTATION_CONTEXT(2) 
PARAMETRIC_REPRESENTATION_CONTEXT() REPRESENTATION_CONTEXT('2D SPACE',''
  ) );
#11331 = PCURVE('',#3876,#11332);
#11332 = DEFINITIONAL_REPRESENTATION('',(#11333),#11337);
#11333 = LINE('',#11334,#11335);
#11334 = CARTESIAN_POINT('',(1.246668146833,0.));
#11335 = VECTOR('',#11336,1.);
#11336 = DIRECTION('',(0.,1.));
#11337 = ( GEOMETRIC_REPRESENTATION_CONTEXT(2) 
PARAMETRIC_REPRESENTATION_CONTEXT() REPRESENTATION_CONTEXT('2D SPACE',''
  ) );
#11338 = ADVANCED_FACE('',(#11339),#3876,.T.);
#11339 = FACE_BOUND('',#11340,.T.);
#11340 = EDGE_LOOP('',(#11341,#11362,#11363,#11364));
#11341 = ORIENTED_EDGE('',*,*,#11342,.F.);
#11342 = EDGE_CURVE('',#3833,#8051,#11343,.T.);
#11343 = SURFACE_CURVE('',#11344,(#11348,#11355),.PCURVE_S1.);
#11344 = LINE('',#11345,#11346);
#11345 = CARTESIAN_POINT('',(159.37666592658,0.,4.575));
#11346 = VECTOR('',#11347,1.);
#11347 = DIRECTION('',(0.,1.,0.));
#11348 = PCURVE('',#3876,#11349);
#11349 = DEFINITIONAL_REPRESENTATION('',(#11350),#11354);
#11350 = LINE('',#11351,#11352);
#11351 = CARTESIAN_POINT('',(0.,0.));
#11352 = VECTOR('',#11353,1.);
#11353 = DIRECTION('',(0.,1.));
#11354 = ( GEOMETRIC_REPRESENTATION_CONTEXT(2) 
PARAMETRIC_REPRESENTATION_CONTEXT() REPRESENTATION_CONTEXT('2D SPACE',''
  ) );
#11355 = PCURVE('',#3848,#11356);
#11356 = DEFINITIONAL_REPRESENTATION('',(#11357),#11361);
#11357 = LINE('',#11358,#11359);
#11358 = CARTESIAN_POINT('',(3.,0.));
#11359 = VECTOR('',#11360,1.);
#11360 = DIRECTION('',(0.,-1.));
#11361 = ( GEOMETRIC_REPRESENTATION_CONTEXT(2) 
PARAMETRIC_REPRESENTATION_CONTEXT() REPRESENTATION_CONTEXT('2D SPACE',''
  ) );
#11362 = ORIENTED_EDGE('',*,*,#3860,.T.);
#11363 = ORIENTED_EDGE('',*,*,#11318,.T.);
#11364 = ORIENTED_EDGE('',*,*,#8073,.F.);
#11365 = ADVANCED_FACE('',(#11366),#3848,.F.);
#11366 = FACE_BOUND('',#11367,.F.);
#11367 = EDGE_LOOP('',(#11368,#11369,#11370,#11371));
#11368 = ORIENTED_EDGE('',*,*,#3832,.F.);
#11369 = ORIENTED_EDGE('',*,*,#9355,.T.);
#11370 = ORIENTED_EDGE('',*,*,#8050,.T.);
#11371 = ORIENTED_EDGE('',*,*,#11342,.F.);
#11372 = ADVANCED_FACE('',(#11373),#3791,.T.);
#11373 = FACE_BOUND('',#11374,.T.);
#11374 = EDGE_LOOP('',(#11375,#11376,#11377,#11378));
#11375 = ORIENTED_EDGE('',*,*,#3775,.F.);
#11376 = ORIENTED_EDGE('',*,*,#9334,.T.);
#11377 = ORIENTED_EDGE('',*,*,#7999,.T.);
#11378 = ORIENTED_EDGE('',*,*,#11379,.F.);
#11379 = EDGE_CURVE('',#3748,#7977,#11380,.T.);
#11380 = SURFACE_CURVE('',#11381,(#11385,#11392),.PCURVE_S1.);
#11381 = LINE('',#11382,#11383);
#11382 = CARTESIAN_POINT('',(155.62333407341,0.,4.575));
#11383 = VECTOR('',#11384,1.);
#11384 = DIRECTION('',(0.,1.,0.));
#11385 = PCURVE('',#3791,#11386);
#11386 = DEFINITIONAL_REPRESENTATION('',(#11387),#11391);
#11387 = LINE('',#11388,#11389);
#11388 = CARTESIAN_POINT('',(3.,0.));
#11389 = VECTOR('',#11390,1.);
#11390 = DIRECTION('',(0.,-1.));
#11391 = ( GEOMETRIC_REPRESENTATION_CONTEXT(2) 
PARAMETRIC_REPRESENTATION_CONTEXT() REPRESENTATION_CONTEXT('2D SPACE',''
  ) );
#11392 = PCURVE('',#3763,#11393);
#11393 = DEFINITIONAL_REPRESENTATION('',(#11394),#11398);
#11394 = LINE('',#11395,#11396);
#11395 = CARTESIAN_POINT('',(1.246668146833,0.));
#11396 = VECTOR('',#11397,1.);
#11397 = DIRECTION('',(0.,1.));
#11398 = ( GEOMETRIC_REPRESENTATION_CONTEXT(2) 
PARAMETRIC_REPRESENTATION_CONTEXT() REPRESENTATION_CONTEXT('2D SPACE',''
  ) );
#11399 = ADVANCED_FACE('',(#11400),#3763,.T.);
#11400 = FACE_BOUND('',#11401,.T.);
#11401 = EDGE_LOOP('',(#11402,#11423,#11424,#11425));
#11402 = ORIENTED_EDGE('',*,*,#11403,.F.);
#11403 = EDGE_CURVE('',#3720,#7954,#11404,.T.);
#11404 = SURFACE_CURVE('',#11405,(#11409,#11416),.PCURVE_S1.);
#11405 = LINE('',#11406,#11407);
#11406 = CARTESIAN_POINT('',(154.37666592658,0.,4.575));
#11407 = VECTOR('',#11408,1.);
#11408 = DIRECTION('',(0.,1.,0.));
#11409 = PCURVE('',#3763,#11410);
#11410 = DEFINITIONAL_REPRESENTATION('',(#11411),#11415);
#11411 = LINE('',#11412,#11413);
#11412 = CARTESIAN_POINT('',(0.,0.));
#11413 = VECTOR('',#11414,1.);
#11414 = DIRECTION('',(0.,1.));
#11415 = ( GEOMETRIC_REPRESENTATION_CONTEXT(2) 
PARAMETRIC_REPRESENTATION_CONTEXT() REPRESENTATION_CONTEXT('2D SPACE',''
  ) );
#11416 = PCURVE('',#3735,#11417);
#11417 = DEFINITIONAL_REPRESENTATION('',(#11418),#11422);
#11418 = LINE('',#11419,#11420);
#11419 = CARTESIAN_POINT('',(3.,0.));
#11420 = VECTOR('',#11421,1.);
#11421 = DIRECTION('',(0.,-1.));
#11422 = ( GEOMETRIC_REPRESENTATION_CONTEXT(2) 
PARAMETRIC_REPRESENTATION_CONTEXT() REPRESENTATION_CONTEXT('2D SPACE',''
  ) );
#11423 = ORIENTED_EDGE('',*,*,#3747,.T.);
#11424 = ORIENTED_EDGE('',*,*,#11379,.T.);
#11425 = ORIENTED_EDGE('',*,*,#7976,.F.);
#11426 = ADVANCED_FACE('',(#11427),#3735,.F.);
#11427 = FACE_BOUND('',#11428,.F.);
#11428 = EDGE_LOOP('',(#11429,#11430,#11431,#11432));
#11429 = ORIENTED_EDGE('',*,*,#3719,.F.);
#11430 = ORIENTED_EDGE('',*,*,#9400,.T.);
#11431 = ORIENTED_EDGE('',*,*,#7953,.T.);
#11432 = ORIENTED_EDGE('',*,*,#11403,.F.);
#11433 = ADVANCED_FACE('',(#11434),#3678,.T.);
#11434 = FACE_BOUND('',#11435,.T.);
#11435 = EDGE_LOOP('',(#11436,#11437,#11438,#11439));
#11436 = ORIENTED_EDGE('',*,*,#3662,.F.);
#11437 = ORIENTED_EDGE('',*,*,#9379,.T.);
#11438 = ORIENTED_EDGE('',*,*,#7902,.T.);
#11439 = ORIENTED_EDGE('',*,*,#11440,.F.);
#11440 = EDGE_CURVE('',#3635,#7880,#11441,.T.);
#11441 = SURFACE_CURVE('',#11442,(#11446,#11453),.PCURVE_S1.);
#11442 = LINE('',#11443,#11444);
#11443 = CARTESIAN_POINT('',(150.62333407341,0.,4.575));
#11444 = VECTOR('',#11445,1.);
#11445 = DIRECTION('',(0.,1.,0.));
#11446 = PCURVE('',#3678,#11447);
#11447 = DEFINITIONAL_REPRESENTATION('',(#11448),#11452);
#11448 = LINE('',#11449,#11450);
#11449 = CARTESIAN_POINT('',(3.,0.));
#11450 = VECTOR('',#11451,1.);
#11451 = DIRECTION('',(0.,-1.));
#11452 = ( GEOMETRIC_REPRESENTATION_CONTEXT(2) 
PARAMETRIC_REPRESENTATION_CONTEXT() REPRESENTATION_CONTEXT('2D SPACE',''
  ) );
#11453 = PCURVE('',#3650,#11454);
#11454 = DEFINITIONAL_REPRESENTATION('',(#11455),#11459);
#11455 = LINE('',#11456,#11457);
#11456 = CARTESIAN_POINT('',(1.246668146833,0.));
#11457 = VECTOR('',#11458,1.);
#11458 = DIRECTION('',(0.,1.));
#11459 = ( GEOMETRIC_REPRESENTATION_CONTEXT(2) 
PARAMETRIC_REPRESENTATION_CONTEXT() REPRESENTATION_CONTEXT('2D SPACE',''
  ) );
#11460 = ADVANCED_FACE('',(#11461),#3650,.T.);
#11461 = FACE_BOUND('',#11462,.T.);
#11462 = EDGE_LOOP('',(#11463,#11484,#11485,#11486));
#11463 = ORIENTED_EDGE('',*,*,#11464,.F.);
#11464 = EDGE_CURVE('',#3607,#7857,#11465,.T.);
#11465 = SURFACE_CURVE('',#11466,(#11470,#11477),.PCURVE_S1.);
#11466 = LINE('',#11467,#11468);
#11467 = CARTESIAN_POINT('',(149.37666592658,0.,4.575));
#11468 = VECTOR('',#11469,1.);
#11469 = DIRECTION('',(0.,1.,0.));
#11470 = PCURVE('',#3650,#11471);
#11471 = DEFINITIONAL_REPRESENTATION('',(#11472),#11476);
#11472 = LINE('',#11473,#11474);
#11473 = CARTESIAN_POINT('',(0.,0.));
#11474 = VECTOR('',#11475,1.);
#11475 = DIRECTION('',(0.,1.));
#11476 = ( GEOMETRIC_REPRESENTATION_CONTEXT(2) 
PARAMETRIC_REPRESENTATION_CONTEXT() REPRESENTATION_CONTEXT('2D SPACE',''
  ) );
#11477 = PCURVE('',#3622,#11478);
#11478 = DEFINITIONAL_REPRESENTATION('',(#11479),#11483);
#11479 = LINE('',#11480,#11481);
#11480 = CARTESIAN_POINT('',(3.,0.));
#11481 = VECTOR('',#11482,1.);
#11482 = DIRECTION('',(0.,-1.));
#11483 = ( GEOMETRIC_REPRESENTATION_CONTEXT(2) 
PARAMETRIC_REPRESENTATION_CONTEXT() REPRESENTATION_CONTEXT('2D SPACE',''
  ) );
#11484 = ORIENTED_EDGE('',*,*,#3634,.T.);
#11485 = ORIENTED_EDGE('',*,*,#11440,.T.);
#11486 = ORIENTED_EDGE('',*,*,#7879,.F.);
#11487 = ADVANCED_FACE('',(#11488),#3622,.F.);
#11488 = FACE_BOUND('',#11489,.F.);
#11489 = EDGE_LOOP('',(#11490,#11491,#11492,#11493));
#11490 = ORIENTED_EDGE('',*,*,#3606,.F.);
#11491 = ORIENTED_EDGE('',*,*,#9445,.T.);
#11492 = ORIENTED_EDGE('',*,*,#7856,.T.);
#11493 = ORIENTED_EDGE('',*,*,#11464,.F.);
#11494 = ADVANCED_FACE('',(#11495),#3565,.T.);
#11495 = FACE_BOUND('',#11496,.T.);
#11496 = EDGE_LOOP('',(#11497,#11498,#11499,#11500));
#11497 = ORIENTED_EDGE('',*,*,#3549,.F.);
#11498 = ORIENTED_EDGE('',*,*,#9424,.T.);
#11499 = ORIENTED_EDGE('',*,*,#7805,.T.);
#11500 = ORIENTED_EDGE('',*,*,#11501,.F.);
#11501 = EDGE_CURVE('',#3522,#7783,#11502,.T.);
#11502 = SURFACE_CURVE('',#11503,(#11507,#11514),.PCURVE_S1.);
#11503 = LINE('',#11504,#11505);
#11504 = CARTESIAN_POINT('',(145.62333407341,0.,4.575));
#11505 = VECTOR('',#11506,1.);
#11506 = DIRECTION('',(0.,1.,0.));
#11507 = PCURVE('',#3565,#11508);
#11508 = DEFINITIONAL_REPRESENTATION('',(#11509),#11513);
#11509 = LINE('',#11510,#11511);
#11510 = CARTESIAN_POINT('',(3.,0.));
#11511 = VECTOR('',#11512,1.);
#11512 = DIRECTION('',(0.,-1.));
#11513 = ( GEOMETRIC_REPRESENTATION_CONTEXT(2) 
PARAMETRIC_REPRESENTATION_CONTEXT() REPRESENTATION_CONTEXT('2D SPACE',''
  ) );
#11514 = PCURVE('',#3537,#11515);
#11515 = DEFINITIONAL_REPRESENTATION('',(#11516),#11520);
#11516 = LINE('',#11517,#11518);
#11517 = CARTESIAN_POINT('',(1.246668146833,0.));
#11518 = VECTOR('',#11519,1.);
#11519 = DIRECTION('',(0.,1.));
#11520 = ( GEOMETRIC_REPRESENTATION_CONTEXT(2) 
PARAMETRIC_REPRESENTATION_CONTEXT() REPRESENTATION_CONTEXT('2D SPACE',''
  ) );
#11521 = ADVANCED_FACE('',(#11522),#3537,.T.);
#11522 = FACE_BOUND('',#11523,.T.);
#11523 = EDGE_LOOP('',(#11524,#11545,#11546,#11547));
#11524 = ORIENTED_EDGE('',*,*,#11525,.F.);
#11525 = EDGE_CURVE('',#3494,#7760,#11526,.T.);
#11526 = SURFACE_CURVE('',#11527,(#11531,#11538),.PCURVE_S1.);
#11527 = LINE('',#11528,#11529);
#11528 = CARTESIAN_POINT('',(144.37666592658,0.,4.575));
#11529 = VECTOR('',#11530,1.);
#11530 = DIRECTION('',(0.,1.,0.));
#11531 = PCURVE('',#3537,#11532);
#11532 = DEFINITIONAL_REPRESENTATION('',(#11533),#11537);
#11533 = LINE('',#11534,#11535);
#11534 = CARTESIAN_POINT('',(0.,0.));
#11535 = VECTOR('',#11536,1.);
#11536 = DIRECTION('',(0.,1.));
#11537 = ( GEOMETRIC_REPRESENTATION_CONTEXT(2) 
PARAMETRIC_REPRESENTATION_CONTEXT() REPRESENTATION_CONTEXT('2D SPACE',''
  ) );
#11538 = PCURVE('',#3509,#11539);
#11539 = DEFINITIONAL_REPRESENTATION('',(#11540),#11544);
#11540 = LINE('',#11541,#11542);
#11541 = CARTESIAN_POINT('',(3.,0.));
#11542 = VECTOR('',#11543,1.);
#11543 = DIRECTION('',(0.,-1.));
#11544 = ( GEOMETRIC_REPRESENTATION_CONTEXT(2) 
PARAMETRIC_REPRESENTATION_CONTEXT() REPRESENTATION_CONTEXT('2D SPACE',''
  ) );
#11545 = ORIENTED_EDGE('',*,*,#3521,.T.);
#11546 = ORIENTED_EDGE('',*,*,#11501,.T.);
#11547 = ORIENTED_EDGE('',*,*,#7782,.F.);
#11548 = ADVANCED_FACE('',(#11549),#3509,.F.);
#11549 = FACE_BOUND('',#11550,.F.);
#11550 = EDGE_LOOP('',(#11551,#11552,#11553,#11554));
#11551 = ORIENTED_EDGE('',*,*,#3493,.F.);
#11552 = ORIENTED_EDGE('',*,*,#9490,.T.);
#11553 = ORIENTED_EDGE('',*,*,#7759,.T.);
#11554 = ORIENTED_EDGE('',*,*,#11525,.F.);
#11555 = ADVANCED_FACE('',(#11556),#3452,.T.);
#11556 = FACE_BOUND('',#11557,.T.);
#11557 = EDGE_LOOP('',(#11558,#11559,#11560,#11561));
#11558 = ORIENTED_EDGE('',*,*,#3436,.F.);
#11559 = ORIENTED_EDGE('',*,*,#9469,.T.);
#11560 = ORIENTED_EDGE('',*,*,#7708,.T.);
#11561 = ORIENTED_EDGE('',*,*,#11562,.F.);
#11562 = EDGE_CURVE('',#3409,#7686,#11563,.T.);
#11563 = SURFACE_CURVE('',#11564,(#11568,#11575),.PCURVE_S1.);
#11564 = LINE('',#11565,#11566);
#11565 = CARTESIAN_POINT('',(140.62333407341,0.,4.575));
#11566 = VECTOR('',#11567,1.);
#11567 = DIRECTION('',(0.,1.,0.));
#11568 = PCURVE('',#3452,#11569);
#11569 = DEFINITIONAL_REPRESENTATION('',(#11570),#11574);
#11570 = LINE('',#11571,#11572);
#11571 = CARTESIAN_POINT('',(3.,0.));
#11572 = VECTOR('',#11573,1.);
#11573 = DIRECTION('',(0.,-1.));
#11574 = ( GEOMETRIC_REPRESENTATION_CONTEXT(2) 
PARAMETRIC_REPRESENTATION_CONTEXT() REPRESENTATION_CONTEXT('2D SPACE',''
  ) );
#11575 = PCURVE('',#3424,#11576);
#11576 = DEFINITIONAL_REPRESENTATION('',(#11577),#11581);
#11577 = LINE('',#11578,#11579);
#11578 = CARTESIAN_POINT('',(1.246668146833,0.));
#11579 = VECTOR('',#11580,1.);
#11580 = DIRECTION('',(0.,1.));
#11581 = ( GEOMETRIC_REPRESENTATION_CONTEXT(2) 
PARAMETRIC_REPRESENTATION_CONTEXT() REPRESENTATION_CONTEXT('2D SPACE',''
  ) );
#11582 = ADVANCED_FACE('',(#11583),#3424,.T.);
#11583 = FACE_BOUND('',#11584,.T.);
#11584 = EDGE_LOOP('',(#11585,#11606,#11607,#11608));
#11585 = ORIENTED_EDGE('',*,*,#11586,.F.);
#11586 = EDGE_CURVE('',#3381,#7663,#11587,.T.);
#11587 = SURFACE_CURVE('',#11588,(#11592,#11599),.PCURVE_S1.);
#11588 = LINE('',#11589,#11590);
#11589 = CARTESIAN_POINT('',(139.37666592658,0.,4.575));
#11590 = VECTOR('',#11591,1.);
#11591 = DIRECTION('',(0.,1.,0.));
#11592 = PCURVE('',#3424,#11593);
#11593 = DEFINITIONAL_REPRESENTATION('',(#11594),#11598);
#11594 = LINE('',#11595,#11596);
#11595 = CARTESIAN_POINT('',(0.,0.));
#11596 = VECTOR('',#11597,1.);
#11597 = DIRECTION('',(0.,1.));
#11598 = ( GEOMETRIC_REPRESENTATION_CONTEXT(2) 
PARAMETRIC_REPRESENTATION_CONTEXT() REPRESENTATION_CONTEXT('2D SPACE',''
  ) );
#11599 = PCURVE('',#3396,#11600);
#11600 = DEFINITIONAL_REPRESENTATION('',(#11601),#11605);
#11601 = LINE('',#11602,#11603);
#11602 = CARTESIAN_POINT('',(3.,0.));
#11603 = VECTOR('',#11604,1.);
#11604 = DIRECTION('',(0.,-1.));
#11605 = ( GEOMETRIC_REPRESENTATION_CONTEXT(2) 
PARAMETRIC_REPRESENTATION_CONTEXT() REPRESENTATION_CONTEXT('2D SPACE',''
  ) );
#11606 = ORIENTED_EDGE('',*,*,#3408,.T.);
#11607 = ORIENTED_EDGE('',*,*,#11562,.T.);
#11608 = ORIENTED_EDGE('',*,*,#7685,.F.);
#11609 = ADVANCED_FACE('',(#11610),#3396,.F.);
#11610 = FACE_BOUND('',#11611,.F.);
#11611 = EDGE_LOOP('',(#11612,#11613,#11614,#11615));
#11612 = ORIENTED_EDGE('',*,*,#3380,.F.);
#11613 = ORIENTED_EDGE('',*,*,#9535,.T.);
#11614 = ORIENTED_EDGE('',*,*,#7662,.T.);
#11615 = ORIENTED_EDGE('',*,*,#11586,.F.);
#11616 = ADVANCED_FACE('',(#11617),#3339,.T.);
#11617 = FACE_BOUND('',#11618,.T.);
#11618 = EDGE_LOOP('',(#11619,#11620,#11621,#11622));
#11619 = ORIENTED_EDGE('',*,*,#3323,.F.);
#11620 = ORIENTED_EDGE('',*,*,#9514,.T.);
#11621 = ORIENTED_EDGE('',*,*,#7611,.T.);
#11622 = ORIENTED_EDGE('',*,*,#11623,.F.);
#11623 = EDGE_CURVE('',#3296,#7589,#11624,.T.);
#11624 = SURFACE_CURVE('',#11625,(#11629,#11636),.PCURVE_S1.);
#11625 = LINE('',#11626,#11627);
#11626 = CARTESIAN_POINT('',(135.62333407341,0.,4.575));
#11627 = VECTOR('',#11628,1.);
#11628 = DIRECTION('',(0.,1.,0.));
#11629 = PCURVE('',#3339,#11630);
#11630 = DEFINITIONAL_REPRESENTATION('',(#11631),#11635);
#11631 = LINE('',#11632,#11633);
#11632 = CARTESIAN_POINT('',(3.,0.));
#11633 = VECTOR('',#11634,1.);
#11634 = DIRECTION('',(0.,-1.));
#11635 = ( GEOMETRIC_REPRESENTATION_CONTEXT(2) 
PARAMETRIC_REPRESENTATION_CONTEXT() REPRESENTATION_CONTEXT('2D SPACE',''
  ) );
#11636 = PCURVE('',#3311,#11637);
#11637 = DEFINITIONAL_REPRESENTATION('',(#11638),#11642);
#11638 = LINE('',#11639,#11640);
#11639 = CARTESIAN_POINT('',(1.246668146833,0.));
#11640 = VECTOR('',#11641,1.);
#11641 = DIRECTION('',(0.,1.));
#11642 = ( GEOMETRIC_REPRESENTATION_CONTEXT(2) 
PARAMETRIC_REPRESENTATION_CONTEXT() REPRESENTATION_CONTEXT('2D SPACE',''
  ) );
#11643 = ADVANCED_FACE('',(#11644),#3311,.T.);
#11644 = FACE_BOUND('',#11645,.T.);
#11645 = EDGE_LOOP('',(#11646,#11667,#11668,#11669));
#11646 = ORIENTED_EDGE('',*,*,#11647,.F.);
#11647 = EDGE_CURVE('',#3268,#7566,#11648,.T.);
#11648 = SURFACE_CURVE('',#11649,(#11653,#11660),.PCURVE_S1.);
#11649 = LINE('',#11650,#11651);
#11650 = CARTESIAN_POINT('',(134.37666592658,0.,4.575));
#11651 = VECTOR('',#11652,1.);
#11652 = DIRECTION('',(0.,1.,0.));
#11653 = PCURVE('',#3311,#11654);
#11654 = DEFINITIONAL_REPRESENTATION('',(#11655),#11659);
#11655 = LINE('',#11656,#11657);
#11656 = CARTESIAN_POINT('',(0.,0.));
#11657 = VECTOR('',#11658,1.);
#11658 = DIRECTION('',(0.,1.));
#11659 = ( GEOMETRIC_REPRESENTATION_CONTEXT(2) 
PARAMETRIC_REPRESENTATION_CONTEXT() REPRESENTATION_CONTEXT('2D SPACE',''
  ) );
#11660 = PCURVE('',#3283,#11661);
#11661 = DEFINITIONAL_REPRESENTATION('',(#11662),#11666);
#11662 = LINE('',#11663,#11664);
#11663 = CARTESIAN_POINT('',(3.,0.));
#11664 = VECTOR('',#11665,1.);
#11665 = DIRECTION('',(0.,-1.));
#11666 = ( GEOMETRIC_REPRESENTATION_CONTEXT(2) 
PARAMETRIC_REPRESENTATION_CONTEXT() REPRESENTATION_CONTEXT('2D SPACE',''
  ) );
#11667 = ORIENTED_EDGE('',*,*,#3295,.T.);
#11668 = ORIENTED_EDGE('',*,*,#11623,.T.);
#11669 = ORIENTED_EDGE('',*,*,#7588,.F.);
#11670 = ADVANCED_FACE('',(#11671),#3283,.F.);
#11671 = FACE_BOUND('',#11672,.F.);
#11672 = EDGE_LOOP('',(#11673,#11674,#11675,#11676));
#11673 = ORIENTED_EDGE('',*,*,#3267,.F.);
#11674 = ORIENTED_EDGE('',*,*,#9580,.T.);
#11675 = ORIENTED_EDGE('',*,*,#7565,.T.);
#11676 = ORIENTED_EDGE('',*,*,#11647,.F.);
#11677 = ADVANCED_FACE('',(#11678),#3226,.T.);
#11678 = FACE_BOUND('',#11679,.T.);
#11679 = EDGE_LOOP('',(#11680,#11681,#11682,#11683));
#11680 = ORIENTED_EDGE('',*,*,#3210,.F.);
#11681 = ORIENTED_EDGE('',*,*,#9559,.T.);
#11682 = ORIENTED_EDGE('',*,*,#7514,.T.);
#11683 = ORIENTED_EDGE('',*,*,#11684,.F.);
#11684 = EDGE_CURVE('',#3183,#7492,#11685,.T.);
#11685 = SURFACE_CURVE('',#11686,(#11690,#11697),.PCURVE_S1.);
#11686 = LINE('',#11687,#11688);
#11687 = CARTESIAN_POINT('',(130.62333407341,0.,4.575));
#11688 = VECTOR('',#11689,1.);
#11689 = DIRECTION('',(0.,1.,0.));
#11690 = PCURVE('',#3226,#11691);
#11691 = DEFINITIONAL_REPRESENTATION('',(#11692),#11696);
#11692 = LINE('',#11693,#11694);
#11693 = CARTESIAN_POINT('',(3.,0.));
#11694 = VECTOR('',#11695,1.);
#11695 = DIRECTION('',(0.,-1.));
#11696 = ( GEOMETRIC_REPRESENTATION_CONTEXT(2) 
PARAMETRIC_REPRESENTATION_CONTEXT() REPRESENTATION_CONTEXT('2D SPACE',''
  ) );
#11697 = PCURVE('',#3198,#11698);
#11698 = DEFINITIONAL_REPRESENTATION('',(#11699),#11703);
#11699 = LINE('',#11700,#11701);
#11700 = CARTESIAN_POINT('',(1.246668146833,0.));
#11701 = VECTOR('',#11702,1.);
#11702 = DIRECTION('',(0.,1.));
#11703 = ( GEOMETRIC_REPRESENTATION_CONTEXT(2) 
PARAMETRIC_REPRESENTATION_CONTEXT() REPRESENTATION_CONTEXT('2D SPACE',''
  ) );
#11704 = ADVANCED_FACE('',(#11705),#3198,.T.);
#11705 = FACE_BOUND('',#11706,.T.);
#11706 = EDGE_LOOP('',(#11707,#11728,#11729,#11730));
#11707 = ORIENTED_EDGE('',*,*,#11708,.F.);
#11708 = EDGE_CURVE('',#3155,#7469,#11709,.T.);
#11709 = SURFACE_CURVE('',#11710,(#11714,#11721),.PCURVE_S1.);
#11710 = LINE('',#11711,#11712);
#11711 = CARTESIAN_POINT('',(129.37666592658,0.,4.575));
#11712 = VECTOR('',#11713,1.);
#11713 = DIRECTION('',(0.,1.,0.));
#11714 = PCURVE('',#3198,#11715);
#11715 = DEFINITIONAL_REPRESENTATION('',(#11716),#11720);
#11716 = LINE('',#11717,#11718);
#11717 = CARTESIAN_POINT('',(0.,0.));
#11718 = VECTOR('',#11719,1.);
#11719 = DIRECTION('',(0.,1.));
#11720 = ( GEOMETRIC_REPRESENTATION_CONTEXT(2) 
PARAMETRIC_REPRESENTATION_CONTEXT() REPRESENTATION_CONTEXT('2D SPACE',''
  ) );
#11721 = PCURVE('',#3170,#11722);
#11722 = DEFINITIONAL_REPRESENTATION('',(#11723),#11727);
#11723 = LINE('',#11724,#11725);
#11724 = CARTESIAN_POINT('',(3.,0.));
#11725 = VECTOR('',#11726,1.);
#11726 = DIRECTION('',(0.,-1.));
#11727 = ( GEOMETRIC_REPRESENTATION_CONTEXT(2) 
PARAMETRIC_REPRESENTATION_CONTEXT() REPRESENTATION_CONTEXT('2D SPACE',''
  ) );
#11728 = ORIENTED_EDGE('',*,*,#3182,.T.);
#11729 = ORIENTED_EDGE('',*,*,#11684,.T.);
#11730 = ORIENTED_EDGE('',*,*,#7491,.F.);
#11731 = ADVANCED_FACE('',(#11732),#3170,.F.);
#11732 = FACE_BOUND('',#11733,.F.);
#11733 = EDGE_LOOP('',(#11734,#11735,#11736,#11737));
#11734 = ORIENTED_EDGE('',*,*,#3154,.F.);
#11735 = ORIENTED_EDGE('',*,*,#9625,.T.);
#11736 = ORIENTED_EDGE('',*,*,#7468,.T.);
#11737 = ORIENTED_EDGE('',*,*,#11708,.F.);
#11738 = ADVANCED_FACE('',(#11739),#3113,.T.);
#11739 = FACE_BOUND('',#11740,.T.);
#11740 = EDGE_LOOP('',(#11741,#11742,#11743,#11744));
#11741 = ORIENTED_EDGE('',*,*,#3097,.F.);
#11742 = ORIENTED_EDGE('',*,*,#9604,.T.);
#11743 = ORIENTED_EDGE('',*,*,#7417,.T.);
#11744 = ORIENTED_EDGE('',*,*,#11745,.F.);
#11745 = EDGE_CURVE('',#3070,#7395,#11746,.T.);
#11746 = SURFACE_CURVE('',#11747,(#11751,#11758),.PCURVE_S1.);
#11747 = LINE('',#11748,#11749);
#11748 = CARTESIAN_POINT('',(125.62333407341,0.,4.575));
#11749 = VECTOR('',#11750,1.);
#11750 = DIRECTION('',(0.,1.,0.));
#11751 = PCURVE('',#3113,#11752);
#11752 = DEFINITIONAL_REPRESENTATION('',(#11753),#11757);
#11753 = LINE('',#11754,#11755);
#11754 = CARTESIAN_POINT('',(3.,0.));
#11755 = VECTOR('',#11756,1.);
#11756 = DIRECTION('',(0.,-1.));
#11757 = ( GEOMETRIC_REPRESENTATION_CONTEXT(2) 
PARAMETRIC_REPRESENTATION_CONTEXT() REPRESENTATION_CONTEXT('2D SPACE',''
  ) );
#11758 = PCURVE('',#3085,#11759);
#11759 = DEFINITIONAL_REPRESENTATION('',(#11760),#11764);
#11760 = LINE('',#11761,#11762);
#11761 = CARTESIAN_POINT('',(1.246668146833,0.));
#11762 = VECTOR('',#11763,1.);
#11763 = DIRECTION('',(0.,1.));
#11764 = ( GEOMETRIC_REPRESENTATION_CONTEXT(2) 
PARAMETRIC_REPRESENTATION_CONTEXT() REPRESENTATION_CONTEXT('2D SPACE',''
  ) );
#11765 = ADVANCED_FACE('',(#11766),#3085,.T.);
#11766 = FACE_BOUND('',#11767,.T.);
#11767 = EDGE_LOOP('',(#11768,#11789,#11790,#11791));
#11768 = ORIENTED_EDGE('',*,*,#11769,.F.);
#11769 = EDGE_CURVE('',#3042,#7372,#11770,.T.);
#11770 = SURFACE_CURVE('',#11771,(#11775,#11782),.PCURVE_S1.);
#11771 = LINE('',#11772,#11773);
#11772 = CARTESIAN_POINT('',(124.37666592658,0.,4.575));
#11773 = VECTOR('',#11774,1.);
#11774 = DIRECTION('',(0.,1.,0.));
#11775 = PCURVE('',#3085,#11776);
#11776 = DEFINITIONAL_REPRESENTATION('',(#11777),#11781);
#11777 = LINE('',#11778,#11779);
#11778 = CARTESIAN_POINT('',(0.,0.));
#11779 = VECTOR('',#11780,1.);
#11780 = DIRECTION('',(0.,1.));
#11781 = ( GEOMETRIC_REPRESENTATION_CONTEXT(2) 
PARAMETRIC_REPRESENTATION_CONTEXT() REPRESENTATION_CONTEXT('2D SPACE',''
  ) );
#11782 = PCURVE('',#3057,#11783);
#11783 = DEFINITIONAL_REPRESENTATION('',(#11784),#11788);
#11784 = LINE('',#11785,#11786);
#11785 = CARTESIAN_POINT('',(3.,0.));
#11786 = VECTOR('',#11787,1.);
#11787 = DIRECTION('',(0.,-1.));
#11788 = ( GEOMETRIC_REPRESENTATION_CONTEXT(2) 
PARAMETRIC_REPRESENTATION_CONTEXT() REPRESENTATION_CONTEXT('2D SPACE',''
  ) );
#11789 = ORIENTED_EDGE('',*,*,#3069,.T.);
#11790 = ORIENTED_EDGE('',*,*,#11745,.T.);
#11791 = ORIENTED_EDGE('',*,*,#7394,.F.);
#11792 = ADVANCED_FACE('',(#11793),#3057,.F.);
#11793 = FACE_BOUND('',#11794,.F.);
#11794 = EDGE_LOOP('',(#11795,#11796,#11797,#11798));
#11795 = ORIENTED_EDGE('',*,*,#3041,.F.);
#11796 = ORIENTED_EDGE('',*,*,#9670,.T.);
#11797 = ORIENTED_EDGE('',*,*,#7371,.T.);
#11798 = ORIENTED_EDGE('',*,*,#11769,.F.);
#11799 = ADVANCED_FACE('',(#11800),#3000,.T.);
#11800 = FACE_BOUND('',#11801,.T.);
#11801 = EDGE_LOOP('',(#11802,#11803,#11804,#11805));
#11802 = ORIENTED_EDGE('',*,*,#2984,.F.);
#11803 = ORIENTED_EDGE('',*,*,#9649,.T.);
#11804 = ORIENTED_EDGE('',*,*,#7320,.T.);
#11805 = ORIENTED_EDGE('',*,*,#11806,.F.);
#11806 = EDGE_CURVE('',#2957,#7298,#11807,.T.);
#11807 = SURFACE_CURVE('',#11808,(#11812,#11819),.PCURVE_S1.);
#11808 = LINE('',#11809,#11810);
#11809 = CARTESIAN_POINT('',(120.62333407341,0.,4.575));
#11810 = VECTOR('',#11811,1.);
#11811 = DIRECTION('',(0.,1.,0.));
#11812 = PCURVE('',#3000,#11813);
#11813 = DEFINITIONAL_REPRESENTATION('',(#11814),#11818);
#11814 = LINE('',#11815,#11816);
#11815 = CARTESIAN_POINT('',(3.,0.));
#11816 = VECTOR('',#11817,1.);
#11817 = DIRECTION('',(0.,-1.));
#11818 = ( GEOMETRIC_REPRESENTATION_CONTEXT(2) 
PARAMETRIC_REPRESENTATION_CONTEXT() REPRESENTATION_CONTEXT('2D SPACE',''
  ) );
#11819 = PCURVE('',#2972,#11820);
#11820 = DEFINITIONAL_REPRESENTATION('',(#11821),#11825);
#11821 = LINE('',#11822,#11823);
#11822 = CARTESIAN_POINT('',(1.246668146833,0.));
#11823 = VECTOR('',#11824,1.);
#11824 = DIRECTION('',(0.,1.));
#11825 = ( GEOMETRIC_REPRESENTATION_CONTEXT(2) 
PARAMETRIC_REPRESENTATION_CONTEXT() REPRESENTATION_CONTEXT('2D SPACE',''
  ) );
#11826 = ADVANCED_FACE('',(#11827),#2972,.T.);
#11827 = FACE_BOUND('',#11828,.T.);
#11828 = EDGE_LOOP('',(#11829,#11850,#11851,#11852));
#11829 = ORIENTED_EDGE('',*,*,#11830,.F.);
#11830 = EDGE_CURVE('',#2929,#7275,#11831,.T.);
#11831 = SURFACE_CURVE('',#11832,(#11836,#11843),.PCURVE_S1.);
#11832 = LINE('',#11833,#11834);
#11833 = CARTESIAN_POINT('',(119.37666592658,0.,4.575));
#11834 = VECTOR('',#11835,1.);
#11835 = DIRECTION('',(0.,1.,0.));
#11836 = PCURVE('',#2972,#11837);
#11837 = DEFINITIONAL_REPRESENTATION('',(#11838),#11842);
#11838 = LINE('',#11839,#11840);
#11839 = CARTESIAN_POINT('',(0.,0.));
#11840 = VECTOR('',#11841,1.);
#11841 = DIRECTION('',(0.,1.));
#11842 = ( GEOMETRIC_REPRESENTATION_CONTEXT(2) 
PARAMETRIC_REPRESENTATION_CONTEXT() REPRESENTATION_CONTEXT('2D SPACE',''
  ) );
#11843 = PCURVE('',#2944,#11844);
#11844 = DEFINITIONAL_REPRESENTATION('',(#11845),#11849);
#11845 = LINE('',#11846,#11847);
#11846 = CARTESIAN_POINT('',(3.,0.));
#11847 = VECTOR('',#11848,1.);
#11848 = DIRECTION('',(0.,-1.));
#11849 = ( GEOMETRIC_REPRESENTATION_CONTEXT(2) 
PARAMETRIC_REPRESENTATION_CONTEXT() REPRESENTATION_CONTEXT('2D SPACE',''
  ) );
#11850 = ORIENTED_EDGE('',*,*,#2956,.T.);
#11851 = ORIENTED_EDGE('',*,*,#11806,.T.);
#11852 = ORIENTED_EDGE('',*,*,#7297,.F.);
#11853 = ADVANCED_FACE('',(#11854),#2944,.F.);
#11854 = FACE_BOUND('',#11855,.F.);
#11855 = EDGE_LOOP('',(#11856,#11857,#11858,#11859));
#11856 = ORIENTED_EDGE('',*,*,#2928,.F.);
#11857 = ORIENTED_EDGE('',*,*,#9715,.T.);
#11858 = ORIENTED_EDGE('',*,*,#7274,.T.);
#11859 = ORIENTED_EDGE('',*,*,#11830,.F.);
#11860 = ADVANCED_FACE('',(#11861),#2887,.T.);
#11861 = FACE_BOUND('',#11862,.T.);
#11862 = EDGE_LOOP('',(#11863,#11864,#11865,#11866));
#11863 = ORIENTED_EDGE('',*,*,#2871,.F.);
#11864 = ORIENTED_EDGE('',*,*,#9694,.T.);
#11865 = ORIENTED_EDGE('',*,*,#7223,.T.);
#11866 = ORIENTED_EDGE('',*,*,#11867,.F.);
#11867 = EDGE_CURVE('',#2844,#7201,#11868,.T.);
#11868 = SURFACE_CURVE('',#11869,(#11873,#11880),.PCURVE_S1.);
#11869 = LINE('',#11870,#11871);
#11870 = CARTESIAN_POINT('',(115.62333407341,0.,4.575));
#11871 = VECTOR('',#11872,1.);
#11872 = DIRECTION('',(0.,1.,0.));
#11873 = PCURVE('',#2887,#11874);
#11874 = DEFINITIONAL_REPRESENTATION('',(#11875),#11879);
#11875 = LINE('',#11876,#11877);
#11876 = CARTESIAN_POINT('',(3.,0.));
#11877 = VECTOR('',#11878,1.);
#11878 = DIRECTION('',(0.,-1.));
#11879 = ( GEOMETRIC_REPRESENTATION_CONTEXT(2) 
PARAMETRIC_REPRESENTATION_CONTEXT() REPRESENTATION_CONTEXT('2D SPACE',''
  ) );
#11880 = PCURVE('',#2859,#11881);
#11881 = DEFINITIONAL_REPRESENTATION('',(#11882),#11886);
#11882 = LINE('',#11883,#11884);
#11883 = CARTESIAN_POINT('',(1.246668146833,0.));
#11884 = VECTOR('',#11885,1.);
#11885 = DIRECTION('',(0.,1.));
#11886 = ( GEOMETRIC_REPRESENTATION_CONTEXT(2) 
PARAMETRIC_REPRESENTATION_CONTEXT() REPRESENTATION_CONTEXT('2D SPACE',''
  ) );
#11887 = ADVANCED_FACE('',(#11888),#2859,.T.);
#11888 = FACE_BOUND('',#11889,.T.);
#11889 = EDGE_LOOP('',(#11890,#11911,#11912,#11913));
#11890 = ORIENTED_EDGE('',*,*,#11891,.F.);
#11891 = EDGE_CURVE('',#2816,#7178,#11892,.T.);
#11892 = SURFACE_CURVE('',#11893,(#11897,#11904),.PCURVE_S1.);
#11893 = LINE('',#11894,#11895);
#11894 = CARTESIAN_POINT('',(114.37666592658,0.,4.575));
#11895 = VECTOR('',#11896,1.);
#11896 = DIRECTION('',(0.,1.,0.));
#11897 = PCURVE('',#2859,#11898);
#11898 = DEFINITIONAL_REPRESENTATION('',(#11899),#11903);
#11899 = LINE('',#11900,#11901);
#11900 = CARTESIAN_POINT('',(0.,0.));
#11901 = VECTOR('',#11902,1.);
#11902 = DIRECTION('',(0.,1.));
#11903 = ( GEOMETRIC_REPRESENTATION_CONTEXT(2) 
PARAMETRIC_REPRESENTATION_CONTEXT() REPRESENTATION_CONTEXT('2D SPACE',''
  ) );
#11904 = PCURVE('',#2831,#11905);
#11905 = DEFINITIONAL_REPRESENTATION('',(#11906),#11910);
#11906 = LINE('',#11907,#11908);
#11907 = CARTESIAN_POINT('',(3.,0.));
#11908 = VECTOR('',#11909,1.);
#11909 = DIRECTION('',(0.,-1.));
#11910 = ( GEOMETRIC_REPRESENTATION_CONTEXT(2) 
PARAMETRIC_REPRESENTATION_CONTEXT() REPRESENTATION_CONTEXT('2D SPACE',''
  ) );
#11911 = ORIENTED_EDGE('',*,*,#2843,.T.);
#11912 = ORIENTED_EDGE('',*,*,#11867,.T.);
#11913 = ORIENTED_EDGE('',*,*,#7200,.F.);
#11914 = ADVANCED_FACE('',(#11915),#2831,.F.);
#11915 = FACE_BOUND('',#11916,.F.);
#11916 = EDGE_LOOP('',(#11917,#11918,#11919,#11920));
#11917 = ORIENTED_EDGE('',*,*,#2815,.F.);
#11918 = ORIENTED_EDGE('',*,*,#9760,.T.);
#11919 = ORIENTED_EDGE('',*,*,#7177,.T.);
#11920 = ORIENTED_EDGE('',*,*,#11891,.F.);
#11921 = ADVANCED_FACE('',(#11922),#2774,.T.);
#11922 = FACE_BOUND('',#11923,.T.);
#11923 = EDGE_LOOP('',(#11924,#11925,#11926,#11927));
#11924 = ORIENTED_EDGE('',*,*,#2758,.F.);
#11925 = ORIENTED_EDGE('',*,*,#9739,.T.);
#11926 = ORIENTED_EDGE('',*,*,#7126,.T.);
#11927 = ORIENTED_EDGE('',*,*,#11928,.F.);
#11928 = EDGE_CURVE('',#2731,#7104,#11929,.T.);
#11929 = SURFACE_CURVE('',#11930,(#11934,#11941),.PCURVE_S1.);
#11930 = LINE('',#11931,#11932);
#11931 = CARTESIAN_POINT('',(110.62333407341,0.,4.575));
#11932 = VECTOR('',#11933,1.);
#11933 = DIRECTION('',(0.,1.,0.));
#11934 = PCURVE('',#2774,#11935);
#11935 = DEFINITIONAL_REPRESENTATION('',(#11936),#11940);
#11936 = LINE('',#11937,#11938);
#11937 = CARTESIAN_POINT('',(3.,0.));
#11938 = VECTOR('',#11939,1.);
#11939 = DIRECTION('',(0.,-1.));
#11940 = ( GEOMETRIC_REPRESENTATION_CONTEXT(2) 
PARAMETRIC_REPRESENTATION_CONTEXT() REPRESENTATION_CONTEXT('2D SPACE',''
  ) );
#11941 = PCURVE('',#2746,#11942);
#11942 = DEFINITIONAL_REPRESENTATION('',(#11943),#11947);
#11943 = LINE('',#11944,#11945);
#11944 = CARTESIAN_POINT('',(1.246668146833,0.));
#11945 = VECTOR('',#11946,1.);
#11946 = DIRECTION('',(0.,1.));
#11947 = ( GEOMETRIC_REPRESENTATION_CONTEXT(2) 
PARAMETRIC_REPRESENTATION_CONTEXT() REPRESENTATION_CONTEXT('2D SPACE',''
  ) );
#11948 = ADVANCED_FACE('',(#11949),#2746,.T.);
#11949 = FACE_BOUND('',#11950,.T.);
#11950 = EDGE_LOOP('',(#11951,#11972,#11973,#11974));
#11951 = ORIENTED_EDGE('',*,*,#11952,.F.);
#11952 = EDGE_CURVE('',#2703,#7081,#11953,.T.);
#11953 = SURFACE_CURVE('',#11954,(#11958,#11965),.PCURVE_S1.);
#11954 = LINE('',#11955,#11956);
#11955 = CARTESIAN_POINT('',(109.37666592658,0.,4.575));
#11956 = VECTOR('',#11957,1.);
#11957 = DIRECTION('',(0.,1.,0.));
#11958 = PCURVE('',#2746,#11959);
#11959 = DEFINITIONAL_REPRESENTATION('',(#11960),#11964);
#11960 = LINE('',#11961,#11962);
#11961 = CARTESIAN_POINT('',(0.,0.));
#11962 = VECTOR('',#11963,1.);
#11963 = DIRECTION('',(0.,1.));
#11964 = ( GEOMETRIC_REPRESENTATION_CONTEXT(2) 
PARAMETRIC_REPRESENTATION_CONTEXT() REPRESENTATION_CONTEXT('2D SPACE',''
  ) );
#11965 = PCURVE('',#2718,#11966);
#11966 = DEFINITIONAL_REPRESENTATION('',(#11967),#11971);
#11967 = LINE('',#11968,#11969);
#11968 = CARTESIAN_POINT('',(3.,0.));
#11969 = VECTOR('',#11970,1.);
#11970 = DIRECTION('',(0.,-1.));
#11971 = ( GEOMETRIC_REPRESENTATION_CONTEXT(2) 
PARAMETRIC_REPRESENTATION_CONTEXT() REPRESENTATION_CONTEXT('2D SPACE',''
  ) );
#11972 = ORIENTED_EDGE('',*,*,#2730,.T.);
#11973 = ORIENTED_EDGE('',*,*,#11928,.T.);
#11974 = ORIENTED_EDGE('',*,*,#7103,.F.);
#11975 = ADVANCED_FACE('',(#11976),#2718,.F.);
#11976 = FACE_BOUND('',#11977,.F.);
#11977 = EDGE_LOOP('',(#11978,#11979,#11980,#11981));
#11978 = ORIENTED_EDGE('',*,*,#2702,.F.);
#11979 = ORIENTED_EDGE('',*,*,#9805,.T.);
#11980 = ORIENTED_EDGE('',*,*,#7080,.T.);
#11981 = ORIENTED_EDGE('',*,*,#11952,.F.);
#11982 = ADVANCED_FACE('',(#11983),#2661,.T.);
#11983 = FACE_BOUND('',#11984,.T.);
#11984 = EDGE_LOOP('',(#11985,#11986,#11987,#11988));
#11985 = ORIENTED_EDGE('',*,*,#2645,.F.);
#11986 = ORIENTED_EDGE('',*,*,#9784,.T.);
#11987 = ORIENTED_EDGE('',*,*,#7029,.T.);
#11988 = ORIENTED_EDGE('',*,*,#11989,.F.);
#11989 = EDGE_CURVE('',#2618,#7007,#11990,.T.);
#11990 = SURFACE_CURVE('',#11991,(#11995,#12002),.PCURVE_S1.);
#11991 = LINE('',#11992,#11993);
#11992 = CARTESIAN_POINT('',(105.62333407341,0.,4.575));
#11993 = VECTOR('',#11994,1.);
#11994 = DIRECTION('',(0.,1.,0.));
#11995 = PCURVE('',#2661,#11996);
#11996 = DEFINITIONAL_REPRESENTATION('',(#11997),#12001);
#11997 = LINE('',#11998,#11999);
#11998 = CARTESIAN_POINT('',(3.,0.));
#11999 = VECTOR('',#12000,1.);
#12000 = DIRECTION('',(0.,-1.));
#12001 = ( GEOMETRIC_REPRESENTATION_CONTEXT(2) 
PARAMETRIC_REPRESENTATION_CONTEXT() REPRESENTATION_CONTEXT('2D SPACE',''
  ) );
#12002 = PCURVE('',#2633,#12003);
#12003 = DEFINITIONAL_REPRESENTATION('',(#12004),#12008);
#12004 = LINE('',#12005,#12006);
#12005 = CARTESIAN_POINT('',(1.246668146833,0.));
#12006 = VECTOR('',#12007,1.);
#12007 = DIRECTION('',(0.,1.));
#12008 = ( GEOMETRIC_REPRESENTATION_CONTEXT(2) 
PARAMETRIC_REPRESENTATION_CONTEXT() REPRESENTATION_CONTEXT('2D SPACE',''
  ) );
#12009 = ADVANCED_FACE('',(#12010),#2633,.T.);
#12010 = FACE_BOUND('',#12011,.T.);
#12011 = EDGE_LOOP('',(#12012,#12033,#12034,#12035));
#12012 = ORIENTED_EDGE('',*,*,#12013,.F.);
#12013 = EDGE_CURVE('',#2590,#6984,#12014,.T.);
#12014 = SURFACE_CURVE('',#12015,(#12019,#12026),.PCURVE_S1.);
#12015 = LINE('',#12016,#12017);
#12016 = CARTESIAN_POINT('',(104.37666592658,0.,4.575));
#12017 = VECTOR('',#12018,1.);
#12018 = DIRECTION('',(0.,1.,0.));
#12019 = PCURVE('',#2633,#12020);
#12020 = DEFINITIONAL_REPRESENTATION('',(#12021),#12025);
#12021 = LINE('',#12022,#12023);
#12022 = CARTESIAN_POINT('',(0.,0.));
#12023 = VECTOR('',#12024,1.);
#12024 = DIRECTION('',(0.,1.));
#12025 = ( GEOMETRIC_REPRESENTATION_CONTEXT(2) 
PARAMETRIC_REPRESENTATION_CONTEXT() REPRESENTATION_CONTEXT('2D SPACE',''
  ) );
#12026 = PCURVE('',#2605,#12027);
#12027 = DEFINITIONAL_REPRESENTATION('',(#12028),#12032);
#12028 = LINE('',#12029,#12030);
#12029 = CARTESIAN_POINT('',(3.,0.));
#12030 = VECTOR('',#12031,1.);
#12031 = DIRECTION('',(0.,-1.));
#12032 = ( GEOMETRIC_REPRESENTATION_CONTEXT(2) 
PARAMETRIC_REPRESENTATION_CONTEXT() REPRESENTATION_CONTEXT('2D SPACE',''
  ) );
#12033 = ORIENTED_EDGE('',*,*,#2617,.T.);
#12034 = ORIENTED_EDGE('',*,*,#11989,.T.);
#12035 = ORIENTED_EDGE('',*,*,#7006,.F.);
#12036 = ADVANCED_FACE('',(#12037),#2605,.F.);
#12037 = FACE_BOUND('',#12038,.F.);
#12038 = EDGE_LOOP('',(#12039,#12040,#12041,#12042));
#12039 = ORIENTED_EDGE('',*,*,#2589,.F.);
#12040 = ORIENTED_EDGE('',*,*,#9850,.T.);
#12041 = ORIENTED_EDGE('',*,*,#6983,.T.);
#12042 = ORIENTED_EDGE('',*,*,#12013,.F.);
#12043 = ADVANCED_FACE('',(#12044),#2548,.T.);
#12044 = FACE_BOUND('',#12045,.T.);
#12045 = EDGE_LOOP('',(#12046,#12047,#12048,#12049));
#12046 = ORIENTED_EDGE('',*,*,#2532,.F.);
#12047 = ORIENTED_EDGE('',*,*,#9829,.T.);
#12048 = ORIENTED_EDGE('',*,*,#6932,.T.);
#12049 = ORIENTED_EDGE('',*,*,#12050,.F.);
#12050 = EDGE_CURVE('',#2505,#6910,#12051,.T.);
#12051 = SURFACE_CURVE('',#12052,(#12056,#12063),.PCURVE_S1.);
#12052 = LINE('',#12053,#12054);
#12053 = CARTESIAN_POINT('',(100.62333407341,0.,4.575));
#12054 = VECTOR('',#12055,1.);
#12055 = DIRECTION('',(0.,1.,0.));
#12056 = PCURVE('',#2548,#12057);
#12057 = DEFINITIONAL_REPRESENTATION('',(#12058),#12062);
#12058 = LINE('',#12059,#12060);
#12059 = CARTESIAN_POINT('',(3.,0.));
#12060 = VECTOR('',#12061,1.);
#12061 = DIRECTION('',(0.,-1.));
#12062 = ( GEOMETRIC_REPRESENTATION_CONTEXT(2) 
PARAMETRIC_REPRESENTATION_CONTEXT() REPRESENTATION_CONTEXT('2D SPACE',''
  ) );
#12063 = PCURVE('',#2520,#12064);
#12064 = DEFINITIONAL_REPRESENTATION('',(#12065),#12069);
#12065 = LINE('',#12066,#12067);
#12066 = CARTESIAN_POINT('',(1.246668146833,0.));
#12067 = VECTOR('',#12068,1.);
#12068 = DIRECTION('',(0.,1.));
#12069 = ( GEOMETRIC_REPRESENTATION_CONTEXT(2) 
PARAMETRIC_REPRESENTATION_CONTEXT() REPRESENTATION_CONTEXT('2D SPACE',''
  ) );
#12070 = ADVANCED_FACE('',(#12071),#2520,.T.);
#12071 = FACE_BOUND('',#12072,.T.);
#12072 = EDGE_LOOP('',(#12073,#12094,#12095,#12096));
#12073 = ORIENTED_EDGE('',*,*,#12074,.F.);
#12074 = EDGE_CURVE('',#2477,#6887,#12075,.T.);
#12075 = SURFACE_CURVE('',#12076,(#12080,#12087),.PCURVE_S1.);
#12076 = LINE('',#12077,#12078);
#12077 = CARTESIAN_POINT('',(99.376665926584,0.,4.575));
#12078 = VECTOR('',#12079,1.);
#12079 = DIRECTION('',(0.,1.,0.));
#12080 = PCURVE('',#2520,#12081);
#12081 = DEFINITIONAL_REPRESENTATION('',(#12082),#12086);
#12082 = LINE('',#12083,#12084);
#12083 = CARTESIAN_POINT('',(0.,0.));
#12084 = VECTOR('',#12085,1.);
#12085 = DIRECTION('',(0.,1.));
#12086 = ( GEOMETRIC_REPRESENTATION_CONTEXT(2) 
PARAMETRIC_REPRESENTATION_CONTEXT() REPRESENTATION_CONTEXT('2D SPACE',''
  ) );
#12087 = PCURVE('',#2492,#12088);
#12088 = DEFINITIONAL_REPRESENTATION('',(#12089),#12093);
#12089 = LINE('',#12090,#12091);
#12090 = CARTESIAN_POINT('',(3.,0.));
#12091 = VECTOR('',#12092,1.);
#12092 = DIRECTION('',(0.,-1.));
#12093 = ( GEOMETRIC_REPRESENTATION_CONTEXT(2) 
PARAMETRIC_REPRESENTATION_CONTEXT() REPRESENTATION_CONTEXT('2D SPACE',''
  ) );
#12094 = ORIENTED_EDGE('',*,*,#2504,.T.);
#12095 = ORIENTED_EDGE('',*,*,#12050,.T.);
#12096 = ORIENTED_EDGE('',*,*,#6909,.F.);
#12097 = ADVANCED_FACE('',(#12098),#2492,.F.);
#12098 = FACE_BOUND('',#12099,.F.);
#12099 = EDGE_LOOP('',(#12100,#12101,#12102,#12103));
#12100 = ORIENTED_EDGE('',*,*,#2476,.F.);
#12101 = ORIENTED_EDGE('',*,*,#9895,.T.);
#12102 = ORIENTED_EDGE('',*,*,#6886,.T.);
#12103 = ORIENTED_EDGE('',*,*,#12074,.F.);
#12104 = ADVANCED_FACE('',(#12105),#2435,.T.);
#12105 = FACE_BOUND('',#12106,.T.);
#12106 = EDGE_LOOP('',(#12107,#12108,#12109,#12110));
#12107 = ORIENTED_EDGE('',*,*,#2419,.F.);
#12108 = ORIENTED_EDGE('',*,*,#9874,.T.);
#12109 = ORIENTED_EDGE('',*,*,#6835,.T.);
#12110 = ORIENTED_EDGE('',*,*,#12111,.F.);
#12111 = EDGE_CURVE('',#2392,#6813,#12112,.T.);
#12112 = SURFACE_CURVE('',#12113,(#12117,#12124),.PCURVE_S1.);
#12113 = LINE('',#12114,#12115);
#12114 = CARTESIAN_POINT('',(95.623334073416,0.,4.575));
#12115 = VECTOR('',#12116,1.);
#12116 = DIRECTION('',(0.,1.,0.));
#12117 = PCURVE('',#2435,#12118);
#12118 = DEFINITIONAL_REPRESENTATION('',(#12119),#12123);
#12119 = LINE('',#12120,#12121);
#12120 = CARTESIAN_POINT('',(3.,0.));
#12121 = VECTOR('',#12122,1.);
#12122 = DIRECTION('',(0.,-1.));
#12123 = ( GEOMETRIC_REPRESENTATION_CONTEXT(2) 
PARAMETRIC_REPRESENTATION_CONTEXT() REPRESENTATION_CONTEXT('2D SPACE',''
  ) );
#12124 = PCURVE('',#2407,#12125);
#12125 = DEFINITIONAL_REPRESENTATION('',(#12126),#12130);
#12126 = LINE('',#12127,#12128);
#12127 = CARTESIAN_POINT('',(1.246668146833,0.));
#12128 = VECTOR('',#12129,1.);
#12129 = DIRECTION('',(0.,1.));
#12130 = ( GEOMETRIC_REPRESENTATION_CONTEXT(2) 
PARAMETRIC_REPRESENTATION_CONTEXT() REPRESENTATION_CONTEXT('2D SPACE',''
  ) );
#12131 = ADVANCED_FACE('',(#12132),#2407,.T.);
#12132 = FACE_BOUND('',#12133,.T.);
#12133 = EDGE_LOOP('',(#12134,#12155,#12156,#12157));
#12134 = ORIENTED_EDGE('',*,*,#12135,.F.);
#12135 = EDGE_CURVE('',#2364,#6790,#12136,.T.);
#12136 = SURFACE_CURVE('',#12137,(#12141,#12148),.PCURVE_S1.);
#12137 = LINE('',#12138,#12139);
#12138 = CARTESIAN_POINT('',(94.376665926584,0.,4.575));
#12139 = VECTOR('',#12140,1.);
#12140 = DIRECTION('',(0.,1.,0.));
#12141 = PCURVE('',#2407,#12142);
#12142 = DEFINITIONAL_REPRESENTATION('',(#12143),#12147);
#12143 = LINE('',#12144,#12145);
#12144 = CARTESIAN_POINT('',(0.,0.));
#12145 = VECTOR('',#12146,1.);
#12146 = DIRECTION('',(0.,1.));
#12147 = ( GEOMETRIC_REPRESENTATION_CONTEXT(2) 
PARAMETRIC_REPRESENTATION_CONTEXT() REPRESENTATION_CONTEXT('2D SPACE',''
  ) );
#12148 = PCURVE('',#2379,#12149);
#12149 = DEFINITIONAL_REPRESENTATION('',(#12150),#12154);
#12150 = LINE('',#12151,#12152);
#12151 = CARTESIAN_POINT('',(3.,0.));
#12152 = VECTOR('',#12153,1.);
#12153 = DIRECTION('',(0.,-1.));
#12154 = ( GEOMETRIC_REPRESENTATION_CONTEXT(2) 
PARAMETRIC_REPRESENTATION_CONTEXT() REPRESENTATION_CONTEXT('2D SPACE',''
  ) );
#12155 = ORIENTED_EDGE('',*,*,#2391,.T.);
#12156 = ORIENTED_EDGE('',*,*,#12111,.T.);
#12157 = ORIENTED_EDGE('',*,*,#6812,.F.);
#12158 = ADVANCED_FACE('',(#12159),#2379,.F.);
#12159 = FACE_BOUND('',#12160,.F.);
#12160 = EDGE_LOOP('',(#12161,#12162,#12163,#12164));
#12161 = ORIENTED_EDGE('',*,*,#2363,.F.);
#12162 = ORIENTED_EDGE('',*,*,#9940,.T.);
#12163 = ORIENTED_EDGE('',*,*,#6789,.T.);
#12164 = ORIENTED_EDGE('',*,*,#12135,.F.);
#12165 = ADVANCED_FACE('',(#12166),#2322,.T.);
#12166 = FACE_BOUND('',#12167,.T.);
#12167 = EDGE_LOOP('',(#12168,#12169,#12170,#12171));
#12168 = ORIENTED_EDGE('',*,*,#2306,.F.);
#12169 = ORIENTED_EDGE('',*,*,#9919,.T.);
#12170 = ORIENTED_EDGE('',*,*,#6738,.T.);
#12171 = ORIENTED_EDGE('',*,*,#12172,.F.);
#12172 = EDGE_CURVE('',#2279,#6716,#12173,.T.);
#12173 = SURFACE_CURVE('',#12174,(#12178,#12185),.PCURVE_S1.);
#12174 = LINE('',#12175,#12176);
#12175 = CARTESIAN_POINT('',(90.623334073416,0.,4.575));
#12176 = VECTOR('',#12177,1.);
#12177 = DIRECTION('',(0.,1.,0.));
#12178 = PCURVE('',#2322,#12179);
#12179 = DEFINITIONAL_REPRESENTATION('',(#12180),#12184);
#12180 = LINE('',#12181,#12182);
#12181 = CARTESIAN_POINT('',(3.,0.));
#12182 = VECTOR('',#12183,1.);
#12183 = DIRECTION('',(0.,-1.));
#12184 = ( GEOMETRIC_REPRESENTATION_CONTEXT(2) 
PARAMETRIC_REPRESENTATION_CONTEXT() REPRESENTATION_CONTEXT('2D SPACE',''
  ) );
#12185 = PCURVE('',#2294,#12186);
#12186 = DEFINITIONAL_REPRESENTATION('',(#12187),#12191);
#12187 = LINE('',#12188,#12189);
#12188 = CARTESIAN_POINT('',(1.246668146833,0.));
#12189 = VECTOR('',#12190,1.);
#12190 = DIRECTION('',(0.,1.));
#12191 = ( GEOMETRIC_REPRESENTATION_CONTEXT(2) 
PARAMETRIC_REPRESENTATION_CONTEXT() REPRESENTATION_CONTEXT('2D SPACE',''
  ) );
#12192 = ADVANCED_FACE('',(#12193),#2294,.T.);
#12193 = FACE_BOUND('',#12194,.T.);
#12194 = EDGE_LOOP('',(#12195,#12216,#12217,#12218));
#12195 = ORIENTED_EDGE('',*,*,#12196,.F.);
#12196 = EDGE_CURVE('',#2251,#6693,#12197,.T.);
#12197 = SURFACE_CURVE('',#12198,(#12202,#12209),.PCURVE_S1.);
#12198 = LINE('',#12199,#12200);
#12199 = CARTESIAN_POINT('',(89.376665926584,0.,4.575));
#12200 = VECTOR('',#12201,1.);
#12201 = DIRECTION('',(0.,1.,0.));
#12202 = PCURVE('',#2294,#12203);
#12203 = DEFINITIONAL_REPRESENTATION('',(#12204),#12208);
#12204 = LINE('',#12205,#12206);
#12205 = CARTESIAN_POINT('',(0.,0.));
#12206 = VECTOR('',#12207,1.);
#12207 = DIRECTION('',(0.,1.));
#12208 = ( GEOMETRIC_REPRESENTATION_CONTEXT(2) 
PARAMETRIC_REPRESENTATION_CONTEXT() REPRESENTATION_CONTEXT('2D SPACE',''
  ) );
#12209 = PCURVE('',#2266,#12210);
#12210 = DEFINITIONAL_REPRESENTATION('',(#12211),#12215);
#12211 = LINE('',#12212,#12213);
#12212 = CARTESIAN_POINT('',(3.,0.));
#12213 = VECTOR('',#12214,1.);
#12214 = DIRECTION('',(0.,-1.));
#12215 = ( GEOMETRIC_REPRESENTATION_CONTEXT(2) 
PARAMETRIC_REPRESENTATION_CONTEXT() REPRESENTATION_CONTEXT('2D SPACE',''
  ) );
#12216 = ORIENTED_EDGE('',*,*,#2278,.T.);
#12217 = ORIENTED_EDGE('',*,*,#12172,.T.);
#12218 = ORIENTED_EDGE('',*,*,#6715,.F.);
#12219 = ADVANCED_FACE('',(#12220),#2266,.F.);
#12220 = FACE_BOUND('',#12221,.F.);
#12221 = EDGE_LOOP('',(#12222,#12223,#12224,#12225));
#12222 = ORIENTED_EDGE('',*,*,#2250,.F.);
#12223 = ORIENTED_EDGE('',*,*,#9985,.T.);
#12224 = ORIENTED_EDGE('',*,*,#6692,.T.);
#12225 = ORIENTED_EDGE('',*,*,#12196,.F.);
#12226 = ADVANCED_FACE('',(#12227),#2209,.T.);
#12227 = FACE_BOUND('',#12228,.T.);
#12228 = EDGE_LOOP('',(#12229,#12230,#12231,#12232));
#12229 = ORIENTED_EDGE('',*,*,#2193,.F.);
#12230 = ORIENTED_EDGE('',*,*,#9964,.T.);
#12231 = ORIENTED_EDGE('',*,*,#6641,.T.);
#12232 = ORIENTED_EDGE('',*,*,#12233,.F.);
#12233 = EDGE_CURVE('',#2166,#6619,#12234,.T.);
#12234 = SURFACE_CURVE('',#12235,(#12239,#12246),.PCURVE_S1.);
#12235 = LINE('',#12236,#12237);
#12236 = CARTESIAN_POINT('',(85.623334073416,0.,4.575));
#12237 = VECTOR('',#12238,1.);
#12238 = DIRECTION('',(0.,1.,0.));
#12239 = PCURVE('',#2209,#12240);
#12240 = DEFINITIONAL_REPRESENTATION('',(#12241),#12245);
#12241 = LINE('',#12242,#12243);
#12242 = CARTESIAN_POINT('',(3.,0.));
#12243 = VECTOR('',#12244,1.);
#12244 = DIRECTION('',(0.,-1.));
#12245 = ( GEOMETRIC_REPRESENTATION_CONTEXT(2) 
PARAMETRIC_REPRESENTATION_CONTEXT() REPRESENTATION_CONTEXT('2D SPACE',''
  ) );
#12246 = PCURVE('',#2181,#12247);
#12247 = DEFINITIONAL_REPRESENTATION('',(#12248),#12252);
#12248 = LINE('',#12249,#12250);
#12249 = CARTESIAN_POINT('',(1.246668146833,0.));
#12250 = VECTOR('',#12251,1.);
#12251 = DIRECTION('',(0.,1.));
#12252 = ( GEOMETRIC_REPRESENTATION_CONTEXT(2) 
PARAMETRIC_REPRESENTATION_CONTEXT() REPRESENTATION_CONTEXT('2D SPACE',''
  ) );
#12253 = ADVANCED_FACE('',(#12254),#2181,.T.);
#12254 = FACE_BOUND('',#12255,.T.);
#12255 = EDGE_LOOP('',(#12256,#12277,#12278,#12279));
#12256 = ORIENTED_EDGE('',*,*,#12257,.F.);
#12257 = EDGE_CURVE('',#2138,#6596,#12258,.T.);
#12258 = SURFACE_CURVE('',#12259,(#12263,#12270),.PCURVE_S1.);
#12259 = LINE('',#12260,#12261);
#12260 = CARTESIAN_POINT('',(84.376665926584,0.,4.575));
#12261 = VECTOR('',#12262,1.);
#12262 = DIRECTION('',(0.,1.,0.));
#12263 = PCURVE('',#2181,#12264);
#12264 = DEFINITIONAL_REPRESENTATION('',(#12265),#12269);
#12265 = LINE('',#12266,#12267);
#12266 = CARTESIAN_POINT('',(0.,0.));
#12267 = VECTOR('',#12268,1.);
#12268 = DIRECTION('',(0.,1.));
#12269 = ( GEOMETRIC_REPRESENTATION_CONTEXT(2) 
PARAMETRIC_REPRESENTATION_CONTEXT() REPRESENTATION_CONTEXT('2D SPACE',''
  ) );
#12270 = PCURVE('',#2153,#12271);
#12271 = DEFINITIONAL_REPRESENTATION('',(#12272),#12276);
#12272 = LINE('',#12273,#12274);
#12273 = CARTESIAN_POINT('',(3.,0.));
#12274 = VECTOR('',#12275,1.);
#12275 = DIRECTION('',(0.,-1.));
#12276 = ( GEOMETRIC_REPRESENTATION_CONTEXT(2) 
PARAMETRIC_REPRESENTATION_CONTEXT() REPRESENTATION_CONTEXT('2D SPACE',''
  ) );
#12277 = ORIENTED_EDGE('',*,*,#2165,.T.);
#12278 = ORIENTED_EDGE('',*,*,#12233,.T.);
#12279 = ORIENTED_EDGE('',*,*,#6618,.F.);
#12280 = ADVANCED_FACE('',(#12281),#2153,.F.);
#12281 = FACE_BOUND('',#12282,.F.);
#12282 = EDGE_LOOP('',(#12283,#12284,#12285,#12286));
#12283 = ORIENTED_EDGE('',*,*,#2137,.F.);
#12284 = ORIENTED_EDGE('',*,*,#10030,.T.);
#12285 = ORIENTED_EDGE('',*,*,#6595,.T.);
#12286 = ORIENTED_EDGE('',*,*,#12257,.F.);
#12287 = ADVANCED_FACE('',(#12288),#2096,.T.);
#12288 = FACE_BOUND('',#12289,.T.);
#12289 = EDGE_LOOP('',(#12290,#12291,#12292,#12293));
#12290 = ORIENTED_EDGE('',*,*,#2080,.F.);
#12291 = ORIENTED_EDGE('',*,*,#10009,.T.);
#12292 = ORIENTED_EDGE('',*,*,#6544,.T.);
#12293 = ORIENTED_EDGE('',*,*,#12294,.F.);
#12294 = EDGE_CURVE('',#2053,#6522,#12295,.T.);
#12295 = SURFACE_CURVE('',#12296,(#12300,#12307),.PCURVE_S1.);
#12296 = LINE('',#12297,#12298);
#12297 = CARTESIAN_POINT('',(80.623334073416,0.,4.575));
#12298 = VECTOR('',#12299,1.);
#12299 = DIRECTION('',(0.,1.,0.));
#12300 = PCURVE('',#2096,#12301);
#12301 = DEFINITIONAL_REPRESENTATION('',(#12302),#12306);
#12302 = LINE('',#12303,#12304);
#12303 = CARTESIAN_POINT('',(3.,0.));
#12304 = VECTOR('',#12305,1.);
#12305 = DIRECTION('',(0.,-1.));
#12306 = ( GEOMETRIC_REPRESENTATION_CONTEXT(2) 
PARAMETRIC_REPRESENTATION_CONTEXT() REPRESENTATION_CONTEXT('2D SPACE',''
  ) );
#12307 = PCURVE('',#2068,#12308);
#12308 = DEFINITIONAL_REPRESENTATION('',(#12309),#12313);
#12309 = LINE('',#12310,#12311);
#12310 = CARTESIAN_POINT('',(1.246668146833,0.));
#12311 = VECTOR('',#12312,1.);
#12312 = DIRECTION('',(0.,1.));
#12313 = ( GEOMETRIC_REPRESENTATION_CONTEXT(2) 
PARAMETRIC_REPRESENTATION_CONTEXT() REPRESENTATION_CONTEXT('2D SPACE',''
  ) );
#12314 = ADVANCED_FACE('',(#12315),#2068,.T.);
#12315 = FACE_BOUND('',#12316,.T.);
#12316 = EDGE_LOOP('',(#12317,#12338,#12339,#12340));
#12317 = ORIENTED_EDGE('',*,*,#12318,.F.);
#12318 = EDGE_CURVE('',#2025,#6499,#12319,.T.);
#12319 = SURFACE_CURVE('',#12320,(#12324,#12331),.PCURVE_S1.);
#12320 = LINE('',#12321,#12322);
#12321 = CARTESIAN_POINT('',(79.376665926584,0.,4.575));
#12322 = VECTOR('',#12323,1.);
#12323 = DIRECTION('',(0.,1.,0.));
#12324 = PCURVE('',#2068,#12325);
#12325 = DEFINITIONAL_REPRESENTATION('',(#12326),#12330);
#12326 = LINE('',#12327,#12328);
#12327 = CARTESIAN_POINT('',(0.,0.));
#12328 = VECTOR('',#12329,1.);
#12329 = DIRECTION('',(0.,1.));
#12330 = ( GEOMETRIC_REPRESENTATION_CONTEXT(2) 
PARAMETRIC_REPRESENTATION_CONTEXT() REPRESENTATION_CONTEXT('2D SPACE',''
  ) );
#12331 = PCURVE('',#2040,#12332);
#12332 = DEFINITIONAL_REPRESENTATION('',(#12333),#12337);
#12333 = LINE('',#12334,#12335);
#12334 = CARTESIAN_POINT('',(3.,0.));
#12335 = VECTOR('',#12336,1.);
#12336 = DIRECTION('',(0.,-1.));
#12337 = ( GEOMETRIC_REPRESENTATION_CONTEXT(2) 
PARAMETRIC_REPRESENTATION_CONTEXT() REPRESENTATION_CONTEXT('2D SPACE',''
  ) );
#12338 = ORIENTED_EDGE('',*,*,#2052,.T.);
#12339 = ORIENTED_EDGE('',*,*,#12294,.T.);
#12340 = ORIENTED_EDGE('',*,*,#6521,.F.);
#12341 = ADVANCED_FACE('',(#12342),#2040,.F.);
#12342 = FACE_BOUND('',#12343,.F.);
#12343 = EDGE_LOOP('',(#12344,#12345,#12346,#12347));
#12344 = ORIENTED_EDGE('',*,*,#2024,.F.);
#12345 = ORIENTED_EDGE('',*,*,#10075,.T.);
#12346 = ORIENTED_EDGE('',*,*,#6498,.T.);
#12347 = ORIENTED_EDGE('',*,*,#12318,.F.);
#12348 = ADVANCED_FACE('',(#12349),#1983,.T.);
#12349 = FACE_BOUND('',#12350,.T.);
#12350 = EDGE_LOOP('',(#12351,#12352,#12353,#12354));
#12351 = ORIENTED_EDGE('',*,*,#1967,.F.);
#12352 = ORIENTED_EDGE('',*,*,#10054,.T.);
#12353 = ORIENTED_EDGE('',*,*,#6447,.T.);
#12354 = ORIENTED_EDGE('',*,*,#12355,.F.);
#12355 = EDGE_CURVE('',#1940,#6425,#12356,.T.);
#12356 = SURFACE_CURVE('',#12357,(#12361,#12368),.PCURVE_S1.);
#12357 = LINE('',#12358,#12359);
#12358 = CARTESIAN_POINT('',(75.623334073416,0.,4.575));
#12359 = VECTOR('',#12360,1.);
#12360 = DIRECTION('',(0.,1.,0.));
#12361 = PCURVE('',#1983,#12362);
#12362 = DEFINITIONAL_REPRESENTATION('',(#12363),#12367);
#12363 = LINE('',#12364,#12365);
#12364 = CARTESIAN_POINT('',(3.,0.));
#12365 = VECTOR('',#12366,1.);
#12366 = DIRECTION('',(0.,-1.));
#12367 = ( GEOMETRIC_REPRESENTATION_CONTEXT(2) 
PARAMETRIC_REPRESENTATION_CONTEXT() REPRESENTATION_CONTEXT('2D SPACE',''
  ) );
#12368 = PCURVE('',#1955,#12369);
#12369 = DEFINITIONAL_REPRESENTATION('',(#12370),#12374);
#12370 = LINE('',#12371,#12372);
#12371 = CARTESIAN_POINT('',(1.246668146833,0.));
#12372 = VECTOR('',#12373,1.);
#12373 = DIRECTION('',(0.,1.));
#12374 = ( GEOMETRIC_REPRESENTATION_CONTEXT(2) 
PARAMETRIC_REPRESENTATION_CONTEXT() REPRESENTATION_CONTEXT('2D SPACE',''
  ) );
#12375 = ADVANCED_FACE('',(#12376),#1955,.T.);
#12376 = FACE_BOUND('',#12377,.T.);
#12377 = EDGE_LOOP('',(#12378,#12399,#12400,#12401));
#12378 = ORIENTED_EDGE('',*,*,#12379,.F.);
#12379 = EDGE_CURVE('',#1912,#6402,#12380,.T.);
#12380 = SURFACE_CURVE('',#12381,(#12385,#12392),.PCURVE_S1.);
#12381 = LINE('',#12382,#12383);
#12382 = CARTESIAN_POINT('',(74.376665926584,0.,4.575));
#12383 = VECTOR('',#12384,1.);
#12384 = DIRECTION('',(0.,1.,0.));
#12385 = PCURVE('',#1955,#12386);
#12386 = DEFINITIONAL_REPRESENTATION('',(#12387),#12391);
#12387 = LINE('',#12388,#12389);
#12388 = CARTESIAN_POINT('',(0.,0.));
#12389 = VECTOR('',#12390,1.);
#12390 = DIRECTION('',(0.,1.));
#12391 = ( GEOMETRIC_REPRESENTATION_CONTEXT(2) 
PARAMETRIC_REPRESENTATION_CONTEXT() REPRESENTATION_CONTEXT('2D SPACE',''
  ) );
#12392 = PCURVE('',#1927,#12393);
#12393 = DEFINITIONAL_REPRESENTATION('',(#12394),#12398);
#12394 = LINE('',#12395,#12396);
#12395 = CARTESIAN_POINT('',(3.,0.));
#12396 = VECTOR('',#12397,1.);
#12397 = DIRECTION('',(0.,-1.));
#12398 = ( GEOMETRIC_REPRESENTATION_CONTEXT(2) 
PARAMETRIC_REPRESENTATION_CONTEXT() REPRESENTATION_CONTEXT('2D SPACE',''
  ) );
#12399 = ORIENTED_EDGE('',*,*,#1939,.T.);
#12400 = ORIENTED_EDGE('',*,*,#12355,.T.);
#12401 = ORIENTED_EDGE('',*,*,#6424,.F.);
#12402 = ADVANCED_FACE('',(#12403),#1927,.F.);
#12403 = FACE_BOUND('',#12404,.F.);
#12404 = EDGE_LOOP('',(#12405,#12406,#12407,#12408));
#12405 = ORIENTED_EDGE('',*,*,#1911,.F.);
#12406 = ORIENTED_EDGE('',*,*,#10120,.T.);
#12407 = ORIENTED_EDGE('',*,*,#6401,.T.);
#12408 = ORIENTED_EDGE('',*,*,#12379,.F.);
#12409 = ADVANCED_FACE('',(#12410),#1870,.T.);
#12410 = FACE_BOUND('',#12411,.T.);
#12411 = EDGE_LOOP('',(#12412,#12413,#12414,#12415));
#12412 = ORIENTED_EDGE('',*,*,#1854,.F.);
#12413 = ORIENTED_EDGE('',*,*,#10099,.T.);
#12414 = ORIENTED_EDGE('',*,*,#6350,.T.);
#12415 = ORIENTED_EDGE('',*,*,#12416,.F.);
#12416 = EDGE_CURVE('',#1827,#6328,#12417,.T.);
#12417 = SURFACE_CURVE('',#12418,(#12422,#12429),.PCURVE_S1.);
#12418 = LINE('',#12419,#12420);
#12419 = CARTESIAN_POINT('',(70.623334073416,0.,4.575));
#12420 = VECTOR('',#12421,1.);
#12421 = DIRECTION('',(0.,1.,0.));
#12422 = PCURVE('',#1870,#12423);
#12423 = DEFINITIONAL_REPRESENTATION('',(#12424),#12428);
#12424 = LINE('',#12425,#12426);
#12425 = CARTESIAN_POINT('',(3.,0.));
#12426 = VECTOR('',#12427,1.);
#12427 = DIRECTION('',(0.,-1.));
#12428 = ( GEOMETRIC_REPRESENTATION_CONTEXT(2) 
PARAMETRIC_REPRESENTATION_CONTEXT() REPRESENTATION_CONTEXT('2D SPACE',''
  ) );
#12429 = PCURVE('',#1842,#12430);
#12430 = DEFINITIONAL_REPRESENTATION('',(#12431),#12435);
#12431 = LINE('',#12432,#12433);
#12432 = CARTESIAN_POINT('',(1.246668146833,0.));
#12433 = VECTOR('',#12434,1.);
#12434 = DIRECTION('',(0.,1.));
#12435 = ( GEOMETRIC_REPRESENTATION_CONTEXT(2) 
PARAMETRIC_REPRESENTATION_CONTEXT() REPRESENTATION_CONTEXT('2D SPACE',''
  ) );
#12436 = ADVANCED_FACE('',(#12437),#1842,.T.);
#12437 = FACE_BOUND('',#12438,.T.);
#12438 = EDGE_LOOP('',(#12439,#12460,#12461,#12462));
#12439 = ORIENTED_EDGE('',*,*,#12440,.F.);
#12440 = EDGE_CURVE('',#1799,#6305,#12441,.T.);
#12441 = SURFACE_CURVE('',#12442,(#12446,#12453),.PCURVE_S1.);
#12442 = LINE('',#12443,#12444);
#12443 = CARTESIAN_POINT('',(69.376665926584,0.,4.575));
#12444 = VECTOR('',#12445,1.);
#12445 = DIRECTION('',(0.,1.,0.));
#12446 = PCURVE('',#1842,#12447);
#12447 = DEFINITIONAL_REPRESENTATION('',(#12448),#12452);
#12448 = LINE('',#12449,#12450);
#12449 = CARTESIAN_POINT('',(0.,0.));
#12450 = VECTOR('',#12451,1.);
#12451 = DIRECTION('',(0.,1.));
#12452 = ( GEOMETRIC_REPRESENTATION_CONTEXT(2) 
PARAMETRIC_REPRESENTATION_CONTEXT() REPRESENTATION_CONTEXT('2D SPACE',''
  ) );
#12453 = PCURVE('',#1814,#12454);
#12454 = DEFINITIONAL_REPRESENTATION('',(#12455),#12459);
#12455 = LINE('',#12456,#12457);
#12456 = CARTESIAN_POINT('',(3.,0.));
#12457 = VECTOR('',#12458,1.);
#12458 = DIRECTION('',(0.,-1.));
#12459 = ( GEOMETRIC_REPRESENTATION_CONTEXT(2) 
PARAMETRIC_REPRESENTATION_CONTEXT() REPRESENTATION_CONTEXT('2D SPACE',''
  ) );
#12460 = ORIENTED_EDGE('',*,*,#1826,.T.);
#12461 = ORIENTED_EDGE('',*,*,#12416,.T.);
#12462 = ORIENTED_EDGE('',*,*,#6327,.F.);
#12463 = ADVANCED_FACE('',(#12464),#1814,.F.);
#12464 = FACE_BOUND('',#12465,.F.);
#12465 = EDGE_LOOP('',(#12466,#12467,#12468,#12469));
#12466 = ORIENTED_EDGE('',*,*,#1798,.F.);
#12467 = ORIENTED_EDGE('',*,*,#10165,.T.);
#12468 = ORIENTED_EDGE('',*,*,#6304,.T.);
#12469 = ORIENTED_EDGE('',*,*,#12440,.F.);
#12470 = ADVANCED_FACE('',(#12471),#1757,.T.);
#12471 = FACE_BOUND('',#12472,.T.);
#12472 = EDGE_LOOP('',(#12473,#12474,#12475,#12476));
#12473 = ORIENTED_EDGE('',*,*,#1741,.F.);
#12474 = ORIENTED_EDGE('',*,*,#10144,.T.);
#12475 = ORIENTED_EDGE('',*,*,#6253,.T.);
#12476 = ORIENTED_EDGE('',*,*,#12477,.F.);
#12477 = EDGE_CURVE('',#1714,#6231,#12478,.T.);
#12478 = SURFACE_CURVE('',#12479,(#12483,#12490),.PCURVE_S1.);
#12479 = LINE('',#12480,#12481);
#12480 = CARTESIAN_POINT('',(65.623334073416,0.,4.575));
#12481 = VECTOR('',#12482,1.);
#12482 = DIRECTION('',(0.,1.,0.));
#12483 = PCURVE('',#1757,#12484);
#12484 = DEFINITIONAL_REPRESENTATION('',(#12485),#12489);
#12485 = LINE('',#12486,#12487);
#12486 = CARTESIAN_POINT('',(3.,0.));
#12487 = VECTOR('',#12488,1.);
#12488 = DIRECTION('',(0.,-1.));
#12489 = ( GEOMETRIC_REPRESENTATION_CONTEXT(2) 
PARAMETRIC_REPRESENTATION_CONTEXT() REPRESENTATION_CONTEXT('2D SPACE',''
  ) );
#12490 = PCURVE('',#1729,#12491);
#12491 = DEFINITIONAL_REPRESENTATION('',(#12492),#12496);
#12492 = LINE('',#12493,#12494);
#12493 = CARTESIAN_POINT('',(1.246668146833,0.));
#12494 = VECTOR('',#12495,1.);
#12495 = DIRECTION('',(0.,1.));
#12496 = ( GEOMETRIC_REPRESENTATION_CONTEXT(2) 
PARAMETRIC_REPRESENTATION_CONTEXT() REPRESENTATION_CONTEXT('2D SPACE',''
  ) );
#12497 = ADVANCED_FACE('',(#12498),#1729,.T.);
#12498 = FACE_BOUND('',#12499,.T.);
#12499 = EDGE_LOOP('',(#12500,#12521,#12522,#12523));
#12500 = ORIENTED_EDGE('',*,*,#12501,.F.);
#12501 = EDGE_CURVE('',#1686,#6208,#12502,.T.);
#12502 = SURFACE_CURVE('',#12503,(#12507,#12514),.PCURVE_S1.);
#12503 = LINE('',#12504,#12505);
#12504 = CARTESIAN_POINT('',(64.376665926584,0.,4.575));
#12505 = VECTOR('',#12506,1.);
#12506 = DIRECTION('',(0.,1.,0.));
#12507 = PCURVE('',#1729,#12508);
#12508 = DEFINITIONAL_REPRESENTATION('',(#12509),#12513);
#12509 = LINE('',#12510,#12511);
#12510 = CARTESIAN_POINT('',(0.,0.));
#12511 = VECTOR('',#12512,1.);
#12512 = DIRECTION('',(0.,1.));
#12513 = ( GEOMETRIC_REPRESENTATION_CONTEXT(2) 
PARAMETRIC_REPRESENTATION_CONTEXT() REPRESENTATION_CONTEXT('2D SPACE',''
  ) );
#12514 = PCURVE('',#1701,#12515);
#12515 = DEFINITIONAL_REPRESENTATION('',(#12516),#12520);
#12516 = LINE('',#12517,#12518);
#12517 = CARTESIAN_POINT('',(3.,0.));
#12518 = VECTOR('',#12519,1.);
#12519 = DIRECTION('',(0.,-1.));
#12520 = ( GEOMETRIC_REPRESENTATION_CONTEXT(2) 
PARAMETRIC_REPRESENTATION_CONTEXT() REPRESENTATION_CONTEXT('2D SPACE',''
  ) );
#12521 = ORIENTED_EDGE('',*,*,#1713,.T.);
#12522 = ORIENTED_EDGE('',*,*,#12477,.T.);
#12523 = ORIENTED_EDGE('',*,*,#6230,.F.);
#12524 = ADVANCED_FACE('',(#12525),#1701,.F.);
#12525 = FACE_BOUND('',#12526,.F.);
#12526 = EDGE_LOOP('',(#12527,#12528,#12529,#12530));
#12527 = ORIENTED_EDGE('',*,*,#1685,.F.);
#12528 = ORIENTED_EDGE('',*,*,#10210,.T.);
#12529 = ORIENTED_EDGE('',*,*,#6207,.T.);
#12530 = ORIENTED_EDGE('',*,*,#12501,.F.);
#12531 = ADVANCED_FACE('',(#12532),#1644,.T.);
#12532 = FACE_BOUND('',#12533,.T.);
#12533 = EDGE_LOOP('',(#12534,#12535,#12536,#12537));
#12534 = ORIENTED_EDGE('',*,*,#1628,.F.);
#12535 = ORIENTED_EDGE('',*,*,#10189,.T.);
#12536 = ORIENTED_EDGE('',*,*,#6156,.T.);
#12537 = ORIENTED_EDGE('',*,*,#12538,.F.);
#12538 = EDGE_CURVE('',#1601,#6134,#12539,.T.);
#12539 = SURFACE_CURVE('',#12540,(#12544,#12551),.PCURVE_S1.);
#12540 = LINE('',#12541,#12542);
#12541 = CARTESIAN_POINT('',(60.623334073416,0.,4.575));
#12542 = VECTOR('',#12543,1.);
#12543 = DIRECTION('',(0.,1.,0.));
#12544 = PCURVE('',#1644,#12545);
#12545 = DEFINITIONAL_REPRESENTATION('',(#12546),#12550);
#12546 = LINE('',#12547,#12548);
#12547 = CARTESIAN_POINT('',(3.,0.));
#12548 = VECTOR('',#12549,1.);
#12549 = DIRECTION('',(0.,-1.));
#12550 = ( GEOMETRIC_REPRESENTATION_CONTEXT(2) 
PARAMETRIC_REPRESENTATION_CONTEXT() REPRESENTATION_CONTEXT('2D SPACE',''
  ) );
#12551 = PCURVE('',#1616,#12552);
#12552 = DEFINITIONAL_REPRESENTATION('',(#12553),#12557);
#12553 = LINE('',#12554,#12555);
#12554 = CARTESIAN_POINT('',(1.246668146833,0.));
#12555 = VECTOR('',#12556,1.);
#12556 = DIRECTION('',(0.,1.));
#12557 = ( GEOMETRIC_REPRESENTATION_CONTEXT(2) 
PARAMETRIC_REPRESENTATION_CONTEXT() REPRESENTATION_CONTEXT('2D SPACE',''
  ) );
#12558 = ADVANCED_FACE('',(#12559),#1616,.T.);
#12559 = FACE_BOUND('',#12560,.T.);
#12560 = EDGE_LOOP('',(#12561,#12582,#12583,#12584));
#12561 = ORIENTED_EDGE('',*,*,#12562,.F.);
#12562 = EDGE_CURVE('',#1573,#6111,#12563,.T.);
#12563 = SURFACE_CURVE('',#12564,(#12568,#12575),.PCURVE_S1.);
#12564 = LINE('',#12565,#12566);
#12565 = CARTESIAN_POINT('',(59.376665926584,0.,4.575));
#12566 = VECTOR('',#12567,1.);
#12567 = DIRECTION('',(0.,1.,0.));
#12568 = PCURVE('',#1616,#12569);
#12569 = DEFINITIONAL_REPRESENTATION('',(#12570),#12574);
#12570 = LINE('',#12571,#12572);
#12571 = CARTESIAN_POINT('',(0.,0.));
#12572 = VECTOR('',#12573,1.);
#12573 = DIRECTION('',(0.,1.));
#12574 = ( GEOMETRIC_REPRESENTATION_CONTEXT(2) 
PARAMETRIC_REPRESENTATION_CONTEXT() REPRESENTATION_CONTEXT('2D SPACE',''
  ) );
#12575 = PCURVE('',#1588,#12576);
#12576 = DEFINITIONAL_REPRESENTATION('',(#12577),#12581);
#12577 = LINE('',#12578,#12579);
#12578 = CARTESIAN_POINT('',(3.,0.));
#12579 = VECTOR('',#12580,1.);
#12580 = DIRECTION('',(0.,-1.));
#12581 = ( GEOMETRIC_REPRESENTATION_CONTEXT(2) 
PARAMETRIC_REPRESENTATION_CONTEXT() REPRESENTATION_CONTEXT('2D SPACE',''
  ) );
#12582 = ORIENTED_EDGE('',*,*,#1600,.T.);
#12583 = ORIENTED_EDGE('',*,*,#12538,.T.);
#12584 = ORIENTED_EDGE('',*,*,#6133,.F.);
#12585 = ADVANCED_FACE('',(#12586),#1588,.F.);
#12586 = FACE_BOUND('',#12587,.F.);
#12587 = EDGE_LOOP('',(#12588,#12589,#12590,#12591));
#12588 = ORIENTED_EDGE('',*,*,#1572,.F.);
#12589 = ORIENTED_EDGE('',*,*,#10255,.T.);
#12590 = ORIENTED_EDGE('',*,*,#6110,.T.);
#12591 = ORIENTED_EDGE('',*,*,#12562,.F.);
#12592 = ADVANCED_FACE('',(#12593),#1531,.T.);
#12593 = FACE_BOUND('',#12594,.T.);
#12594 = EDGE_LOOP('',(#12595,#12596,#12597,#12598));
#12595 = ORIENTED_EDGE('',*,*,#1515,.F.);
#12596 = ORIENTED_EDGE('',*,*,#10234,.T.);
#12597 = ORIENTED_EDGE('',*,*,#6059,.T.);
#12598 = ORIENTED_EDGE('',*,*,#12599,.F.);
#12599 = EDGE_CURVE('',#1488,#6037,#12600,.T.);
#12600 = SURFACE_CURVE('',#12601,(#12605,#12612),.PCURVE_S1.);
#12601 = LINE('',#12602,#12603);
#12602 = CARTESIAN_POINT('',(55.623334073416,0.,4.575));
#12603 = VECTOR('',#12604,1.);
#12604 = DIRECTION('',(0.,1.,0.));
#12605 = PCURVE('',#1531,#12606);
#12606 = DEFINITIONAL_REPRESENTATION('',(#12607),#12611);
#12607 = LINE('',#12608,#12609);
#12608 = CARTESIAN_POINT('',(3.,0.));
#12609 = VECTOR('',#12610,1.);
#12610 = DIRECTION('',(0.,-1.));
#12611 = ( GEOMETRIC_REPRESENTATION_CONTEXT(2) 
PARAMETRIC_REPRESENTATION_CONTEXT() REPRESENTATION_CONTEXT('2D SPACE',''
  ) );
#12612 = PCURVE('',#1503,#12613);
#12613 = DEFINITIONAL_REPRESENTATION('',(#12614),#12618);
#12614 = LINE('',#12615,#12616);
#12615 = CARTESIAN_POINT('',(1.246668146833,0.));
#12616 = VECTOR('',#12617,1.);
#12617 = DIRECTION('',(0.,1.));
#12618 = ( GEOMETRIC_REPRESENTATION_CONTEXT(2) 
PARAMETRIC_REPRESENTATION_CONTEXT() REPRESENTATION_CONTEXT('2D SPACE',''
  ) );
#12619 = ADVANCED_FACE('',(#12620),#1503,.T.);
#12620 = FACE_BOUND('',#12621,.T.);
#12621 = EDGE_LOOP('',(#12622,#12643,#12644,#12645));
#12622 = ORIENTED_EDGE('',*,*,#12623,.F.);
#12623 = EDGE_CURVE('',#1460,#6014,#12624,.T.);
#12624 = SURFACE_CURVE('',#12625,(#12629,#12636),.PCURVE_S1.);
#12625 = LINE('',#12626,#12627);
#12626 = CARTESIAN_POINT('',(54.376665926584,0.,4.575));
#12627 = VECTOR('',#12628,1.);
#12628 = DIRECTION('',(0.,1.,0.));
#12629 = PCURVE('',#1503,#12630);
#12630 = DEFINITIONAL_REPRESENTATION('',(#12631),#12635);
#12631 = LINE('',#12632,#12633);
#12632 = CARTESIAN_POINT('',(0.,0.));
#12633 = VECTOR('',#12634,1.);
#12634 = DIRECTION('',(0.,1.));
#12635 = ( GEOMETRIC_REPRESENTATION_CONTEXT(2) 
PARAMETRIC_REPRESENTATION_CONTEXT() REPRESENTATION_CONTEXT('2D SPACE',''
  ) );
#12636 = PCURVE('',#1475,#12637);
#12637 = DEFINITIONAL_REPRESENTATION('',(#12638),#12642);
#12638 = LINE('',#12639,#12640);
#12639 = CARTESIAN_POINT('',(3.,0.));
#12640 = VECTOR('',#12641,1.);
#12641 = DIRECTION('',(0.,-1.));
#12642 = ( GEOMETRIC_REPRESENTATION_CONTEXT(2) 
PARAMETRIC_REPRESENTATION_CONTEXT() REPRESENTATION_CONTEXT('2D SPACE',''
  ) );
#12643 = ORIENTED_EDGE('',*,*,#1487,.T.);
#12644 = ORIENTED_EDGE('',*,*,#12599,.T.);
#12645 = ORIENTED_EDGE('',*,*,#6036,.F.);
#12646 = ADVANCED_FACE('',(#12647),#1475,.F.);
#12647 = FACE_BOUND('',#12648,.F.);
#12648 = EDGE_LOOP('',(#12649,#12650,#12651,#12652));
#12649 = ORIENTED_EDGE('',*,*,#1459,.F.);
#12650 = ORIENTED_EDGE('',*,*,#10300,.T.);
#12651 = ORIENTED_EDGE('',*,*,#6013,.T.);
#12652 = ORIENTED_EDGE('',*,*,#12623,.F.);
#12653 = ADVANCED_FACE('',(#12654),#1418,.T.);
#12654 = FACE_BOUND('',#12655,.T.);
#12655 = EDGE_LOOP('',(#12656,#12657,#12658,#12659));
#12656 = ORIENTED_EDGE('',*,*,#1402,.F.);
#12657 = ORIENTED_EDGE('',*,*,#10279,.T.);
#12658 = ORIENTED_EDGE('',*,*,#5962,.T.);
#12659 = ORIENTED_EDGE('',*,*,#12660,.F.);
#12660 = EDGE_CURVE('',#1375,#5940,#12661,.T.);
#12661 = SURFACE_CURVE('',#12662,(#12666,#12673),.PCURVE_S1.);
#12662 = LINE('',#12663,#12664);
#12663 = CARTESIAN_POINT('',(50.623334073416,0.,4.575));
#12664 = VECTOR('',#12665,1.);
#12665 = DIRECTION('',(0.,1.,0.));
#12666 = PCURVE('',#1418,#12667);
#12667 = DEFINITIONAL_REPRESENTATION('',(#12668),#12672);
#12668 = LINE('',#12669,#12670);
#12669 = CARTESIAN_POINT('',(3.,0.));
#12670 = VECTOR('',#12671,1.);
#12671 = DIRECTION('',(0.,-1.));
#12672 = ( GEOMETRIC_REPRESENTATION_CONTEXT(2) 
PARAMETRIC_REPRESENTATION_CONTEXT() REPRESENTATION_CONTEXT('2D SPACE',''
  ) );
#12673 = PCURVE('',#1390,#12674);
#12674 = DEFINITIONAL_REPRESENTATION('',(#12675),#12679);
#12675 = LINE('',#12676,#12677);
#12676 = CARTESIAN_POINT('',(1.246668146833,0.));
#12677 = VECTOR('',#12678,1.);
#12678 = DIRECTION('',(0.,1.));
#12679 = ( GEOMETRIC_REPRESENTATION_CONTEXT(2) 
PARAMETRIC_REPRESENTATION_CONTEXT() REPRESENTATION_CONTEXT('2D SPACE',''
  ) );
#12680 = ADVANCED_FACE('',(#12681),#1390,.T.);
#12681 = FACE_BOUND('',#12682,.T.);
#12682 = EDGE_LOOP('',(#12683,#12704,#12705,#12706));
#12683 = ORIENTED_EDGE('',*,*,#12684,.F.);
#12684 = EDGE_CURVE('',#1347,#5917,#12685,.T.);
#12685 = SURFACE_CURVE('',#12686,(#12690,#12697),.PCURVE_S1.);
#12686 = LINE('',#12687,#12688);
#12687 = CARTESIAN_POINT('',(49.376665926584,0.,4.575));
#12688 = VECTOR('',#12689,1.);
#12689 = DIRECTION('',(0.,1.,0.));
#12690 = PCURVE('',#1390,#12691);
#12691 = DEFINITIONAL_REPRESENTATION('',(#12692),#12696);
#12692 = LINE('',#12693,#12694);
#12693 = CARTESIAN_POINT('',(0.,0.));
#12694 = VECTOR('',#12695,1.);
#12695 = DIRECTION('',(0.,1.));
#12696 = ( GEOMETRIC_REPRESENTATION_CONTEXT(2) 
PARAMETRIC_REPRESENTATION_CONTEXT() REPRESENTATION_CONTEXT('2D SPACE',''
  ) );
#12697 = PCURVE('',#1362,#12698);
#12698 = DEFINITIONAL_REPRESENTATION('',(#12699),#12703);
#12699 = LINE('',#12700,#12701);
#12700 = CARTESIAN_POINT('',(3.,0.));
#12701 = VECTOR('',#12702,1.);
#12702 = DIRECTION('',(0.,-1.));
#12703 = ( GEOMETRIC_REPRESENTATION_CONTEXT(2) 
PARAMETRIC_REPRESENTATION_CONTEXT() REPRESENTATION_CONTEXT('2D SPACE',''
  ) );
#12704 = ORIENTED_EDGE('',*,*,#1374,.T.);
#12705 = ORIENTED_EDGE('',*,*,#12660,.T.);
#12706 = ORIENTED_EDGE('',*,*,#5939,.F.);
#12707 = ADVANCED_FACE('',(#12708),#1362,.F.);
#12708 = FACE_BOUND('',#12709,.F.);
#12709 = EDGE_LOOP('',(#12710,#12711,#12712,#12713));
#12710 = ORIENTED_EDGE('',*,*,#1346,.F.);
#12711 = ORIENTED_EDGE('',*,*,#10345,.T.);
#12712 = ORIENTED_EDGE('',*,*,#5916,.T.);
#12713 = ORIENTED_EDGE('',*,*,#12684,.F.);
#12714 = ADVANCED_FACE('',(#12715),#1305,.T.);
#12715 = FACE_BOUND('',#12716,.T.);
#12716 = EDGE_LOOP('',(#12717,#12718,#12719,#12720));
#12717 = ORIENTED_EDGE('',*,*,#1289,.F.);
#12718 = ORIENTED_EDGE('',*,*,#10324,.T.);
#12719 = ORIENTED_EDGE('',*,*,#5865,.T.);
#12720 = ORIENTED_EDGE('',*,*,#12721,.F.);
#12721 = EDGE_CURVE('',#1262,#5843,#12722,.T.);
#12722 = SURFACE_CURVE('',#12723,(#12727,#12734),.PCURVE_S1.);
#12723 = LINE('',#12724,#12725);
#12724 = CARTESIAN_POINT('',(45.623334073416,0.,4.575));
#12725 = VECTOR('',#12726,1.);
#12726 = DIRECTION('',(0.,1.,0.));
#12727 = PCURVE('',#1305,#12728);
#12728 = DEFINITIONAL_REPRESENTATION('',(#12729),#12733);
#12729 = LINE('',#12730,#12731);
#12730 = CARTESIAN_POINT('',(3.,0.));
#12731 = VECTOR('',#12732,1.);
#12732 = DIRECTION('',(0.,-1.));
#12733 = ( GEOMETRIC_REPRESENTATION_CONTEXT(2) 
PARAMETRIC_REPRESENTATION_CONTEXT() REPRESENTATION_CONTEXT('2D SPACE',''
  ) );
#12734 = PCURVE('',#1277,#12735);
#12735 = DEFINITIONAL_REPRESENTATION('',(#12736),#12740);
#12736 = LINE('',#12737,#12738);
#12737 = CARTESIAN_POINT('',(1.246668146833,0.));
#12738 = VECTOR('',#12739,1.);
#12739 = DIRECTION('',(0.,1.));
#12740 = ( GEOMETRIC_REPRESENTATION_CONTEXT(2) 
PARAMETRIC_REPRESENTATION_CONTEXT() REPRESENTATION_CONTEXT('2D SPACE',''
  ) );
#12741 = ADVANCED_FACE('',(#12742),#1277,.T.);
#12742 = FACE_BOUND('',#12743,.T.);
#12743 = EDGE_LOOP('',(#12744,#12765,#12766,#12767));
#12744 = ORIENTED_EDGE('',*,*,#12745,.F.);
#12745 = EDGE_CURVE('',#1234,#5820,#12746,.T.);
#12746 = SURFACE_CURVE('',#12747,(#12751,#12758),.PCURVE_S1.);
#12747 = LINE('',#12748,#12749);
#12748 = CARTESIAN_POINT('',(44.376665926584,0.,4.575));
#12749 = VECTOR('',#12750,1.);
#12750 = DIRECTION('',(0.,1.,0.));
#12751 = PCURVE('',#1277,#12752);
#12752 = DEFINITIONAL_REPRESENTATION('',(#12753),#12757);
#12753 = LINE('',#12754,#12755);
#12754 = CARTESIAN_POINT('',(0.,0.));
#12755 = VECTOR('',#12756,1.);
#12756 = DIRECTION('',(0.,1.));
#12757 = ( GEOMETRIC_REPRESENTATION_CONTEXT(2) 
PARAMETRIC_REPRESENTATION_CONTEXT() REPRESENTATION_CONTEXT('2D SPACE',''
  ) );
#12758 = PCURVE('',#1249,#12759);
#12759 = DEFINITIONAL_REPRESENTATION('',(#12760),#12764);
#12760 = LINE('',#12761,#12762);
#12761 = CARTESIAN_POINT('',(3.,0.));
#12762 = VECTOR('',#12763,1.);
#12763 = DIRECTION('',(0.,-1.));
#12764 = ( GEOMETRIC_REPRESENTATION_CONTEXT(2) 
PARAMETRIC_REPRESENTATION_CONTEXT() REPRESENTATION_CONTEXT('2D SPACE',''
  ) );
#12765 = ORIENTED_EDGE('',*,*,#1261,.T.);
#12766 = ORIENTED_EDGE('',*,*,#12721,.T.);
#12767 = ORIENTED_EDGE('',*,*,#5842,.F.);
#12768 = ADVANCED_FACE('',(#12769),#1249,.F.);
#12769 = FACE_BOUND('',#12770,.F.);
#12770 = EDGE_LOOP('',(#12771,#12772,#12773,#12774));
#12771 = ORIENTED_EDGE('',*,*,#1233,.F.);
#12772 = ORIENTED_EDGE('',*,*,#10390,.T.);
#12773 = ORIENTED_EDGE('',*,*,#5819,.T.);
#12774 = ORIENTED_EDGE('',*,*,#12745,.F.);
#12775 = ADVANCED_FACE('',(#12776),#1192,.T.);
#12776 = FACE_BOUND('',#12777,.T.);
#12777 = EDGE_LOOP('',(#12778,#12779,#12780,#12781));
#12778 = ORIENTED_EDGE('',*,*,#1176,.F.);
#12779 = ORIENTED_EDGE('',*,*,#10369,.T.);
#12780 = ORIENTED_EDGE('',*,*,#5768,.T.);
#12781 = ORIENTED_EDGE('',*,*,#12782,.F.);
#12782 = EDGE_CURVE('',#1149,#5746,#12783,.T.);
#12783 = SURFACE_CURVE('',#12784,(#12788,#12795),.PCURVE_S1.);
#12784 = LINE('',#12785,#12786);
#12785 = CARTESIAN_POINT('',(40.623334073416,0.,4.575));
#12786 = VECTOR('',#12787,1.);
#12787 = DIRECTION('',(0.,1.,0.));
#12788 = PCURVE('',#1192,#12789);
#12789 = DEFINITIONAL_REPRESENTATION('',(#12790),#12794);
#12790 = LINE('',#12791,#12792);
#12791 = CARTESIAN_POINT('',(3.,0.));
#12792 = VECTOR('',#12793,1.);
#12793 = DIRECTION('',(0.,-1.));
#12794 = ( GEOMETRIC_REPRESENTATION_CONTEXT(2) 
PARAMETRIC_REPRESENTATION_CONTEXT() REPRESENTATION_CONTEXT('2D SPACE',''
  ) );
#12795 = PCURVE('',#1164,#12796);
#12796 = DEFINITIONAL_REPRESENTATION('',(#12797),#12801);
#12797 = LINE('',#12798,#12799);
#12798 = CARTESIAN_POINT('',(1.246668146833,0.));
#12799 = VECTOR('',#12800,1.);
#12800 = DIRECTION('',(0.,1.));
#12801 = ( GEOMETRIC_REPRESENTATION_CONTEXT(2) 
PARAMETRIC_REPRESENTATION_CONTEXT() REPRESENTATION_CONTEXT('2D SPACE',''
  ) );
#12802 = ADVANCED_FACE('',(#12803),#1164,.T.);
#12803 = FACE_BOUND('',#12804,.T.);
#12804 = EDGE_LOOP('',(#12805,#12826,#12827,#12828));
#12805 = ORIENTED_EDGE('',*,*,#12806,.F.);
#12806 = EDGE_CURVE('',#1121,#5723,#12807,.T.);
#12807 = SURFACE_CURVE('',#12808,(#12812,#12819),.PCURVE_S1.);
#12808 = LINE('',#12809,#12810);
#12809 = CARTESIAN_POINT('',(39.376665926584,0.,4.575));
#12810 = VECTOR('',#12811,1.);
#12811 = DIRECTION('',(0.,1.,0.));
#12812 = PCURVE('',#1164,#12813);
#12813 = DEFINITIONAL_REPRESENTATION('',(#12814),#12818);
#12814 = LINE('',#12815,#12816);
#12815 = CARTESIAN_POINT('',(0.,0.));
#12816 = VECTOR('',#12817,1.);
#12817 = DIRECTION('',(0.,1.));
#12818 = ( GEOMETRIC_REPRESENTATION_CONTEXT(2) 
PARAMETRIC_REPRESENTATION_CONTEXT() REPRESENTATION_CONTEXT('2D SPACE',''
  ) );
#12819 = PCURVE('',#1136,#12820);
#12820 = DEFINITIONAL_REPRESENTATION('',(#12821),#12825);
#12821 = LINE('',#12822,#12823);
#12822 = CARTESIAN_POINT('',(3.,0.));
#12823 = VECTOR('',#12824,1.);
#12824 = DIRECTION('',(0.,-1.));
#12825 = ( GEOMETRIC_REPRESENTATION_CONTEXT(2) 
PARAMETRIC_REPRESENTATION_CONTEXT() REPRESENTATION_CONTEXT('2D SPACE',''
  ) );
#12826 = ORIENTED_EDGE('',*,*,#1148,.T.);
#12827 = ORIENTED_EDGE('',*,*,#12782,.T.);
#12828 = ORIENTED_EDGE('',*,*,#5745,.F.);
#12829 = ADVANCED_FACE('',(#12830),#1136,.F.);
#12830 = FACE_BOUND('',#12831,.F.);
#12831 = EDGE_LOOP('',(#12832,#12833,#12834,#12835));
#12832 = ORIENTED_EDGE('',*,*,#1120,.F.);
#12833 = ORIENTED_EDGE('',*,*,#10435,.T.);
#12834 = ORIENTED_EDGE('',*,*,#5722,.T.);
#12835 = ORIENTED_EDGE('',*,*,#12806,.F.);
#12836 = ADVANCED_FACE('',(#12837),#1079,.T.);
#12837 = FACE_BOUND('',#12838,.T.);
#12838 = EDGE_LOOP('',(#12839,#12840,#12841,#12842));
#12839 = ORIENTED_EDGE('',*,*,#1063,.F.);
#12840 = ORIENTED_EDGE('',*,*,#10414,.T.);
#12841 = ORIENTED_EDGE('',*,*,#5671,.T.);
#12842 = ORIENTED_EDGE('',*,*,#12843,.F.);
#12843 = EDGE_CURVE('',#1036,#5649,#12844,.T.);
#12844 = SURFACE_CURVE('',#12845,(#12849,#12856),.PCURVE_S1.);
#12845 = LINE('',#12846,#12847);
#12846 = CARTESIAN_POINT('',(35.623334073416,0.,4.575));
#12847 = VECTOR('',#12848,1.);
#12848 = DIRECTION('',(0.,1.,0.));
#12849 = PCURVE('',#1079,#12850);
#12850 = DEFINITIONAL_REPRESENTATION('',(#12851),#12855);
#12851 = LINE('',#12852,#12853);
#12852 = CARTESIAN_POINT('',(3.,0.));
#12853 = VECTOR('',#12854,1.);
#12854 = DIRECTION('',(0.,-1.));
#12855 = ( GEOMETRIC_REPRESENTATION_CONTEXT(2) 
PARAMETRIC_REPRESENTATION_CONTEXT() REPRESENTATION_CONTEXT('2D SPACE',''
  ) );
#12856 = PCURVE('',#1051,#12857);
#12857 = DEFINITIONAL_REPRESENTATION('',(#12858),#12862);
#12858 = LINE('',#12859,#12860);
#12859 = CARTESIAN_POINT('',(1.246668146833,0.));
#12860 = VECTOR('',#12861,1.);
#12861 = DIRECTION('',(0.,1.));
#12862 = ( GEOMETRIC_REPRESENTATION_CONTEXT(2) 
PARAMETRIC_REPRESENTATION_CONTEXT() REPRESENTATION_CONTEXT('2D SPACE',''
  ) );
#12863 = ADVANCED_FACE('',(#12864),#1051,.T.);
#12864 = FACE_BOUND('',#12865,.T.);
#12865 = EDGE_LOOP('',(#12866,#12887,#12888,#12889));
#12866 = ORIENTED_EDGE('',*,*,#12867,.F.);
#12867 = EDGE_CURVE('',#1008,#5626,#12868,.T.);
#12868 = SURFACE_CURVE('',#12869,(#12873,#12880),.PCURVE_S1.);
#12869 = LINE('',#12870,#12871);
#12870 = CARTESIAN_POINT('',(34.376665926584,0.,4.575));
#12871 = VECTOR('',#12872,1.);
#12872 = DIRECTION('',(0.,1.,0.));
#12873 = PCURVE('',#1051,#12874);
#12874 = DEFINITIONAL_REPRESENTATION('',(#12875),#12879);
#12875 = LINE('',#12876,#12877);
#12876 = CARTESIAN_POINT('',(0.,0.));
#12877 = VECTOR('',#12878,1.);
#12878 = DIRECTION('',(0.,1.));
#12879 = ( GEOMETRIC_REPRESENTATION_CONTEXT(2) 
PARAMETRIC_REPRESENTATION_CONTEXT() REPRESENTATION_CONTEXT('2D SPACE',''
  ) );
#12880 = PCURVE('',#1023,#12881);
#12881 = DEFINITIONAL_REPRESENTATION('',(#12882),#12886);
#12882 = LINE('',#12883,#12884);
#12883 = CARTESIAN_POINT('',(3.,0.));
#12884 = VECTOR('',#12885,1.);
#12885 = DIRECTION('',(0.,-1.));
#12886 = ( GEOMETRIC_REPRESENTATION_CONTEXT(2) 
PARAMETRIC_REPRESENTATION_CONTEXT() REPRESENTATION_CONTEXT('2D SPACE',''
  ) );
#12887 = ORIENTED_EDGE('',*,*,#1035,.T.);
#12888 = ORIENTED_EDGE('',*,*,#12843,.T.);
#12889 = ORIENTED_EDGE('',*,*,#5648,.F.);
#12890 = ADVANCED_FACE('',(#12891),#1023,.F.);
#12891 = FACE_BOUND('',#12892,.F.);
#12892 = EDGE_LOOP('',(#12893,#12894,#12895,#12896));
#12893 = ORIENTED_EDGE('',*,*,#1007,.F.);
#12894 = ORIENTED_EDGE('',*,*,#10480,.T.);
#12895 = ORIENTED_EDGE('',*,*,#5625,.T.);
#12896 = ORIENTED_EDGE('',*,*,#12867,.F.);
#12897 = ADVANCED_FACE('',(#12898),#966,.T.);
#12898 = FACE_BOUND('',#12899,.T.);
#12899 = EDGE_LOOP('',(#12900,#12901,#12902,#12903));
#12900 = ORIENTED_EDGE('',*,*,#950,.F.);
#12901 = ORIENTED_EDGE('',*,*,#10459,.T.);
#12902 = ORIENTED_EDGE('',*,*,#5574,.T.);
#12903 = ORIENTED_EDGE('',*,*,#12904,.F.);
#12904 = EDGE_CURVE('',#923,#5552,#12905,.T.);
#12905 = SURFACE_CURVE('',#12906,(#12910,#12917),.PCURVE_S1.);
#12906 = LINE('',#12907,#12908);
#12907 = CARTESIAN_POINT('',(30.623334073416,0.,4.575));
#12908 = VECTOR('',#12909,1.);
#12909 = DIRECTION('',(0.,1.,0.));
#12910 = PCURVE('',#966,#12911);
#12911 = DEFINITIONAL_REPRESENTATION('',(#12912),#12916);
#12912 = LINE('',#12913,#12914);
#12913 = CARTESIAN_POINT('',(3.,0.));
#12914 = VECTOR('',#12915,1.);
#12915 = DIRECTION('',(0.,-1.));
#12916 = ( GEOMETRIC_REPRESENTATION_CONTEXT(2) 
PARAMETRIC_REPRESENTATION_CONTEXT() REPRESENTATION_CONTEXT('2D SPACE',''
  ) );
#12917 = PCURVE('',#938,#12918);
#12918 = DEFINITIONAL_REPRESENTATION('',(#12919),#12923);
#12919 = LINE('',#12920,#12921);
#12920 = CARTESIAN_POINT('',(1.246668146833,0.));
#12921 = VECTOR('',#12922,1.);
#12922 = DIRECTION('',(0.,1.));
#12923 = ( GEOMETRIC_REPRESENTATION_CONTEXT(2) 
PARAMETRIC_REPRESENTATION_CONTEXT() REPRESENTATION_CONTEXT('2D SPACE',''
  ) );
#12924 = ADVANCED_FACE('',(#12925),#938,.T.);
#12925 = FACE_BOUND('',#12926,.T.);
#12926 = EDGE_LOOP('',(#12927,#12948,#12949,#12950));
#12927 = ORIENTED_EDGE('',*,*,#12928,.F.);
#12928 = EDGE_CURVE('',#895,#5529,#12929,.T.);
#12929 = SURFACE_CURVE('',#12930,(#12934,#12941),.PCURVE_S1.);
#12930 = LINE('',#12931,#12932);
#12931 = CARTESIAN_POINT('',(29.376665926584,0.,4.575));
#12932 = VECTOR('',#12933,1.);
#12933 = DIRECTION('',(0.,1.,0.));
#12934 = PCURVE('',#938,#12935);
#12935 = DEFINITIONAL_REPRESENTATION('',(#12936),#12940);
#12936 = LINE('',#12937,#12938);
#12937 = CARTESIAN_POINT('',(0.,0.));
#12938 = VECTOR('',#12939,1.);
#12939 = DIRECTION('',(0.,1.));
#12940 = ( GEOMETRIC_REPRESENTATION_CONTEXT(2) 
PARAMETRIC_REPRESENTATION_CONTEXT() REPRESENTATION_CONTEXT('2D SPACE',''
  ) );
#12941 = PCURVE('',#910,#12942);
#12942 = DEFINITIONAL_REPRESENTATION('',(#12943),#12947);
#12943 = LINE('',#12944,#12945);
#12944 = CARTESIAN_POINT('',(3.,0.));
#12945 = VECTOR('',#12946,1.);
#12946 = DIRECTION('',(0.,-1.));
#12947 = ( GEOMETRIC_REPRESENTATION_CONTEXT(2) 
PARAMETRIC_REPRESENTATION_CONTEXT() REPRESENTATION_CONTEXT('2D SPACE',''
  ) );
#12948 = ORIENTED_EDGE('',*,*,#922,.T.);
#12949 = ORIENTED_EDGE('',*,*,#12904,.T.);
#12950 = ORIENTED_EDGE('',*,*,#5551,.F.);
#12951 = ADVANCED_FACE('',(#12952),#910,.F.);
#12952 = FACE_BOUND('',#12953,.F.);
#12953 = EDGE_LOOP('',(#12954,#12955,#12956,#12957));
#12954 = ORIENTED_EDGE('',*,*,#894,.F.);
#12955 = ORIENTED_EDGE('',*,*,#10525,.T.);
#12956 = ORIENTED_EDGE('',*,*,#5528,.T.);
#12957 = ORIENTED_EDGE('',*,*,#12928,.F.);
#12958 = ADVANCED_FACE('',(#12959),#853,.T.);
#12959 = FACE_BOUND('',#12960,.T.);
#12960 = EDGE_LOOP('',(#12961,#12962,#12963,#12964));
#12961 = ORIENTED_EDGE('',*,*,#837,.F.);
#12962 = ORIENTED_EDGE('',*,*,#10504,.T.);
#12963 = ORIENTED_EDGE('',*,*,#5477,.T.);
#12964 = ORIENTED_EDGE('',*,*,#12965,.F.);
#12965 = EDGE_CURVE('',#810,#5455,#12966,.T.);
#12966 = SURFACE_CURVE('',#12967,(#12971,#12978),.PCURVE_S1.);
#12967 = LINE('',#12968,#12969);
#12968 = CARTESIAN_POINT('',(25.623334073416,0.,4.575));
#12969 = VECTOR('',#12970,1.);
#12970 = DIRECTION('',(0.,1.,0.));
#12971 = PCURVE('',#853,#12972);
#12972 = DEFINITIONAL_REPRESENTATION('',(#12973),#12977);
#12973 = LINE('',#12974,#12975);
#12974 = CARTESIAN_POINT('',(3.,0.));
#12975 = VECTOR('',#12976,1.);
#12976 = DIRECTION('',(0.,-1.));
#12977 = ( GEOMETRIC_REPRESENTATION_CONTEXT(2) 
PARAMETRIC_REPRESENTATION_CONTEXT() REPRESENTATION_CONTEXT('2D SPACE',''
  ) );
#12978 = PCURVE('',#825,#12979);
#12979 = DEFINITIONAL_REPRESENTATION('',(#12980),#12984);
#12980 = LINE('',#12981,#12982);
#12981 = CARTESIAN_POINT('',(1.246668146833,0.));
#12982 = VECTOR('',#12983,1.);
#12983 = DIRECTION('',(0.,1.));
#12984 = ( GEOMETRIC_REPRESENTATION_CONTEXT(2) 
PARAMETRIC_REPRESENTATION_CONTEXT() REPRESENTATION_CONTEXT('2D SPACE',''
  ) );
#12985 = ADVANCED_FACE('',(#12986),#825,.T.);
#12986 = FACE_BOUND('',#12987,.T.);
#12987 = EDGE_LOOP('',(#12988,#13009,#13010,#13011));
#12988 = ORIENTED_EDGE('',*,*,#12989,.F.);
#12989 = EDGE_CURVE('',#782,#5432,#12990,.T.);
#12990 = SURFACE_CURVE('',#12991,(#12995,#13002),.PCURVE_S1.);
#12991 = LINE('',#12992,#12993);
#12992 = CARTESIAN_POINT('',(24.376665926584,0.,4.575));
#12993 = VECTOR('',#12994,1.);
#12994 = DIRECTION('',(0.,1.,0.));
#12995 = PCURVE('',#825,#12996);
#12996 = DEFINITIONAL_REPRESENTATION('',(#12997),#13001);
#12997 = LINE('',#12998,#12999);
#12998 = CARTESIAN_POINT('',(0.,0.));
#12999 = VECTOR('',#13000,1.);
#13000 = DIRECTION('',(0.,1.));
#13001 = ( GEOMETRIC_REPRESENTATION_CONTEXT(2) 
PARAMETRIC_REPRESENTATION_CONTEXT() REPRESENTATION_CONTEXT('2D SPACE',''
  ) );
#13002 = PCURVE('',#797,#13003);
#13003 = DEFINITIONAL_REPRESENTATION('',(#13004),#13008);
#13004 = LINE('',#13005,#13006);
#13005 = CARTESIAN_POINT('',(3.,0.));
#13006 = VECTOR('',#13007,1.);
#13007 = DIRECTION('',(0.,-1.));
#13008 = ( GEOMETRIC_REPRESENTATION_CONTEXT(2) 
PARAMETRIC_REPRESENTATION_CONTEXT() REPRESENTATION_CONTEXT('2D SPACE',''
  ) );
#13009 = ORIENTED_EDGE('',*,*,#809,.T.);
#13010 = ORIENTED_EDGE('',*,*,#12965,.T.);
#13011 = ORIENTED_EDGE('',*,*,#5454,.F.);
#13012 = ADVANCED_FACE('',(#13013),#797,.F.);
#13013 = FACE_BOUND('',#13014,.F.);
#13014 = EDGE_LOOP('',(#13015,#13016,#13017,#13018));
#13015 = ORIENTED_EDGE('',*,*,#781,.F.);
#13016 = ORIENTED_EDGE('',*,*,#10570,.T.);
#13017 = ORIENTED_EDGE('',*,*,#5431,.T.);
#13018 = ORIENTED_EDGE('',*,*,#12989,.F.);
#13019 = ADVANCED_FACE('',(#13020),#740,.T.);
#13020 = FACE_BOUND('',#13021,.T.);
#13021 = EDGE_LOOP('',(#13022,#13023,#13024,#13025));
#13022 = ORIENTED_EDGE('',*,*,#724,.F.);
#13023 = ORIENTED_EDGE('',*,*,#10549,.T.);
#13024 = ORIENTED_EDGE('',*,*,#5380,.T.);
#13025 = ORIENTED_EDGE('',*,*,#13026,.F.);
#13026 = EDGE_CURVE('',#697,#5358,#13027,.T.);
#13027 = SURFACE_CURVE('',#13028,(#13032,#13039),.PCURVE_S1.);
#13028 = LINE('',#13029,#13030);
#13029 = CARTESIAN_POINT('',(20.623334073416,0.,4.575));
#13030 = VECTOR('',#13031,1.);
#13031 = DIRECTION('',(0.,1.,0.));
#13032 = PCURVE('',#740,#13033);
#13033 = DEFINITIONAL_REPRESENTATION('',(#13034),#13038);
#13034 = LINE('',#13035,#13036);
#13035 = CARTESIAN_POINT('',(3.,0.));
#13036 = VECTOR('',#13037,1.);
#13037 = DIRECTION('',(0.,-1.));
#13038 = ( GEOMETRIC_REPRESENTATION_CONTEXT(2) 
PARAMETRIC_REPRESENTATION_CONTEXT() REPRESENTATION_CONTEXT('2D SPACE',''
  ) );
#13039 = PCURVE('',#712,#13040);
#13040 = DEFINITIONAL_REPRESENTATION('',(#13041),#13045);
#13041 = LINE('',#13042,#13043);
#13042 = CARTESIAN_POINT('',(1.246668146833,0.));
#13043 = VECTOR('',#13044,1.);
#13044 = DIRECTION('',(0.,1.));
#13045 = ( GEOMETRIC_REPRESENTATION_CONTEXT(2) 
PARAMETRIC_REPRESENTATION_CONTEXT() REPRESENTATION_CONTEXT('2D SPACE',''
  ) );
#13046 = ADVANCED_FACE('',(#13047),#712,.T.);
#13047 = FACE_BOUND('',#13048,.T.);
#13048 = EDGE_LOOP('',(#13049,#13070,#13071,#13072));
#13049 = ORIENTED_EDGE('',*,*,#13050,.F.);
#13050 = EDGE_CURVE('',#669,#5335,#13051,.T.);
#13051 = SURFACE_CURVE('',#13052,(#13056,#13063),.PCURVE_S1.);
#13052 = LINE('',#13053,#13054);
#13053 = CARTESIAN_POINT('',(19.376665926584,0.,4.575));
#13054 = VECTOR('',#13055,1.);
#13055 = DIRECTION('',(0.,1.,0.));
#13056 = PCURVE('',#712,#13057);
#13057 = DEFINITIONAL_REPRESENTATION('',(#13058),#13062);
#13058 = LINE('',#13059,#13060);
#13059 = CARTESIAN_POINT('',(0.,0.));
#13060 = VECTOR('',#13061,1.);
#13061 = DIRECTION('',(0.,1.));
#13062 = ( GEOMETRIC_REPRESENTATION_CONTEXT(2) 
PARAMETRIC_REPRESENTATION_CONTEXT() REPRESENTATION_CONTEXT('2D SPACE',''
  ) );
#13063 = PCURVE('',#684,#13064);
#13064 = DEFINITIONAL_REPRESENTATION('',(#13065),#13069);
#13065 = LINE('',#13066,#13067);
#13066 = CARTESIAN_POINT('',(3.,0.));
#13067 = VECTOR('',#13068,1.);
#13068 = DIRECTION('',(0.,-1.));
#13069 = ( GEOMETRIC_REPRESENTATION_CONTEXT(2) 
PARAMETRIC_REPRESENTATION_CONTEXT() REPRESENTATION_CONTEXT('2D SPACE',''
  ) );
#13070 = ORIENTED_EDGE('',*,*,#696,.T.);
#13071 = ORIENTED_EDGE('',*,*,#13026,.T.);
#13072 = ORIENTED_EDGE('',*,*,#5357,.F.);
#13073 = ADVANCED_FACE('',(#13074),#684,.F.);
#13074 = FACE_BOUND('',#13075,.F.);
#13075 = EDGE_LOOP('',(#13076,#13077,#13078,#13079));
#13076 = ORIENTED_EDGE('',*,*,#668,.F.);
#13077 = ORIENTED_EDGE('',*,*,#10615,.T.);
#13078 = ORIENTED_EDGE('',*,*,#5334,.T.);
#13079 = ORIENTED_EDGE('',*,*,#13050,.F.);
#13080 = ADVANCED_FACE('',(#13081),#627,.T.);
#13081 = FACE_BOUND('',#13082,.T.);
#13082 = EDGE_LOOP('',(#13083,#13084,#13085,#13086));
#13083 = ORIENTED_EDGE('',*,*,#611,.F.);
#13084 = ORIENTED_EDGE('',*,*,#10594,.T.);
#13085 = ORIENTED_EDGE('',*,*,#5283,.T.);
#13086 = ORIENTED_EDGE('',*,*,#13087,.F.);
#13087 = EDGE_CURVE('',#584,#5261,#13088,.T.);
#13088 = SURFACE_CURVE('',#13089,(#13093,#13100),.PCURVE_S1.);
#13089 = LINE('',#13090,#13091);
#13090 = CARTESIAN_POINT('',(15.623334073416,0.,4.575));
#13091 = VECTOR('',#13092,1.);
#13092 = DIRECTION('',(0.,1.,0.));
#13093 = PCURVE('',#627,#13094);
#13094 = DEFINITIONAL_REPRESENTATION('',(#13095),#13099);
#13095 = LINE('',#13096,#13097);
#13096 = CARTESIAN_POINT('',(3.,0.));
#13097 = VECTOR('',#13098,1.);
#13098 = DIRECTION('',(0.,-1.));
#13099 = ( GEOMETRIC_REPRESENTATION_CONTEXT(2) 
PARAMETRIC_REPRESENTATION_CONTEXT() REPRESENTATION_CONTEXT('2D SPACE',''
  ) );
#13100 = PCURVE('',#599,#13101);
#13101 = DEFINITIONAL_REPRESENTATION('',(#13102),#13106);
#13102 = LINE('',#13103,#13104);
#13103 = CARTESIAN_POINT('',(1.246668146833,0.));
#13104 = VECTOR('',#13105,1.);
#13105 = DIRECTION('',(0.,1.));
#13106 = ( GEOMETRIC_REPRESENTATION_CONTEXT(2) 
PARAMETRIC_REPRESENTATION_CONTEXT() REPRESENTATION_CONTEXT('2D SPACE',''
  ) );
#13107 = ADVANCED_FACE('',(#13108),#599,.T.);
#13108 = FACE_BOUND('',#13109,.T.);
#13109 = EDGE_LOOP('',(#13110,#13131,#13132,#13133));
#13110 = ORIENTED_EDGE('',*,*,#13111,.F.);
#13111 = EDGE_CURVE('',#556,#5238,#13112,.T.);
#13112 = SURFACE_CURVE('',#13113,(#13117,#13124),.PCURVE_S1.);
#13113 = LINE('',#13114,#13115);
#13114 = CARTESIAN_POINT('',(14.376665926584,0.,4.575));
#13115 = VECTOR('',#13116,1.);
#13116 = DIRECTION('',(0.,1.,0.));
#13117 = PCURVE('',#599,#13118);
#13118 = DEFINITIONAL_REPRESENTATION('',(#13119),#13123);
#13119 = LINE('',#13120,#13121);
#13120 = CARTESIAN_POINT('',(0.,0.));
#13121 = VECTOR('',#13122,1.);
#13122 = DIRECTION('',(0.,1.));
#13123 = ( GEOMETRIC_REPRESENTATION_CONTEXT(2) 
PARAMETRIC_REPRESENTATION_CONTEXT() REPRESENTATION_CONTEXT('2D SPACE',''
  ) );
#13124 = PCURVE('',#571,#13125);
#13125 = DEFINITIONAL_REPRESENTATION('',(#13126),#13130);
#13126 = LINE('',#13127,#13128);
#13127 = CARTESIAN_POINT('',(3.,0.));
#13128 = VECTOR('',#13129,1.);
#13129 = DIRECTION('',(0.,-1.));
#13130 = ( GEOMETRIC_REPRESENTATION_CONTEXT(2) 
PARAMETRIC_REPRESENTATION_CONTEXT() REPRESENTATION_CONTEXT('2D SPACE',''
  ) );
#13131 = ORIENTED_EDGE('',*,*,#583,.T.);
#13132 = ORIENTED_EDGE('',*,*,#13087,.T.);
#13133 = ORIENTED_EDGE('',*,*,#5260,.F.);
#13134 = ADVANCED_FACE('',(#13135),#571,.F.);
#13135 = FACE_BOUND('',#13136,.F.);
#13136 = EDGE_LOOP('',(#13137,#13138,#13139,#13140));
#13137 = ORIENTED_EDGE('',*,*,#555,.F.);
#13138 = ORIENTED_EDGE('',*,*,#10660,.T.);
#13139 = ORIENTED_EDGE('',*,*,#5237,.T.);
#13140 = ORIENTED_EDGE('',*,*,#13111,.F.);
#13141 = ADVANCED_FACE('',(#13142),#514,.T.);
#13142 = FACE_BOUND('',#13143,.T.);
#13143 = EDGE_LOOP('',(#13144,#13145,#13146,#13147));
#13144 = ORIENTED_EDGE('',*,*,#498,.F.);
#13145 = ORIENTED_EDGE('',*,*,#10639,.T.);
#13146 = ORIENTED_EDGE('',*,*,#5186,.T.);
#13147 = ORIENTED_EDGE('',*,*,#13148,.F.);
#13148 = EDGE_CURVE('',#471,#5164,#13149,.T.);
#13149 = SURFACE_CURVE('',#13150,(#13154,#13161),.PCURVE_S1.);
#13150 = LINE('',#13151,#13152);
#13151 = CARTESIAN_POINT('',(10.623334073416,0.,4.575));
#13152 = VECTOR('',#13153,1.);
#13153 = DIRECTION('',(0.,1.,0.));
#13154 = PCURVE('',#514,#13155);
#13155 = DEFINITIONAL_REPRESENTATION('',(#13156),#13160);
#13156 = LINE('',#13157,#13158);
#13157 = CARTESIAN_POINT('',(3.,0.));
#13158 = VECTOR('',#13159,1.);
#13159 = DIRECTION('',(0.,-1.));
#13160 = ( GEOMETRIC_REPRESENTATION_CONTEXT(2) 
PARAMETRIC_REPRESENTATION_CONTEXT() REPRESENTATION_CONTEXT('2D SPACE',''
  ) );
#13161 = PCURVE('',#486,#13162);
#13162 = DEFINITIONAL_REPRESENTATION('',(#13163),#13167);
#13163 = LINE('',#13164,#13165);
#13164 = CARTESIAN_POINT('',(1.246668146833,0.));
#13165 = VECTOR('',#13166,1.);
#13166 = DIRECTION('',(0.,1.));
#13167 = ( GEOMETRIC_REPRESENTATION_CONTEXT(2) 
PARAMETRIC_REPRESENTATION_CONTEXT() REPRESENTATION_CONTEXT('2D SPACE',''
  ) );
#13168 = ADVANCED_FACE('',(#13169),#486,.T.);
#13169 = FACE_BOUND('',#13170,.T.);
#13170 = EDGE_LOOP('',(#13171,#13192,#13193,#13194));
#13171 = ORIENTED_EDGE('',*,*,#13172,.F.);
#13172 = EDGE_CURVE('',#443,#5141,#13173,.T.);
#13173 = SURFACE_CURVE('',#13174,(#13178,#13185),.PCURVE_S1.);
#13174 = LINE('',#13175,#13176);
#13175 = CARTESIAN_POINT('',(9.376665926584,0.,4.575));
#13176 = VECTOR('',#13177,1.);
#13177 = DIRECTION('',(0.,1.,0.));
#13178 = PCURVE('',#486,#13179);
#13179 = DEFINITIONAL_REPRESENTATION('',(#13180),#13184);
#13180 = LINE('',#13181,#13182);
#13181 = CARTESIAN_POINT('',(0.,0.));
#13182 = VECTOR('',#13183,1.);
#13183 = DIRECTION('',(0.,1.));
#13184 = ( GEOMETRIC_REPRESENTATION_CONTEXT(2) 
PARAMETRIC_REPRESENTATION_CONTEXT() REPRESENTATION_CONTEXT('2D SPACE',''
  ) );
#13185 = PCURVE('',#458,#13186);
#13186 = DEFINITIONAL_REPRESENTATION('',(#13187),#13191);
#13187 = LINE('',#13188,#13189);
#13188 = CARTESIAN_POINT('',(3.,0.));
#13189 = VECTOR('',#13190,1.);
#13190 = DIRECTION('',(0.,-1.));
#13191 = ( GEOMETRIC_REPRESENTATION_CONTEXT(2) 
PARAMETRIC_REPRESENTATION_CONTEXT() REPRESENTATION_CONTEXT('2D SPACE',''
  ) );
#13192 = ORIENTED_EDGE('',*,*,#470,.T.);
#13193 = ORIENTED_EDGE('',*,*,#13148,.T.);
#13194 = ORIENTED_EDGE('',*,*,#5163,.F.);
#13195 = ADVANCED_FACE('',(#13196),#458,.F.);
#13196 = FACE_BOUND('',#13197,.F.);
#13197 = EDGE_LOOP('',(#13198,#13199,#13200,#13201));
#13198 = ORIENTED_EDGE('',*,*,#442,.F.);
#13199 = ORIENTED_EDGE('',*,*,#10705,.T.);
#13200 = ORIENTED_EDGE('',*,*,#5140,.T.);
#13201 = ORIENTED_EDGE('',*,*,#13172,.F.);
#13202 = ADVANCED_FACE('',(#13203),#401,.T.);
#13203 = FACE_BOUND('',#13204,.T.);
#13204 = EDGE_LOOP('',(#13205,#13206,#13207,#13208));
#13205 = ORIENTED_EDGE('',*,*,#385,.F.);
#13206 = ORIENTED_EDGE('',*,*,#10684,.T.);
#13207 = ORIENTED_EDGE('',*,*,#5089,.T.);
#13208 = ORIENTED_EDGE('',*,*,#13209,.F.);
#13209 = EDGE_CURVE('',#358,#5067,#13210,.T.);
#13210 = SURFACE_CURVE('',#13211,(#13215,#13222),.PCURVE_S1.);
#13211 = LINE('',#13212,#13213);
#13212 = CARTESIAN_POINT('',(5.623334073416,0.,4.575));
#13213 = VECTOR('',#13214,1.);
#13214 = DIRECTION('',(0.,1.,0.));
#13215 = PCURVE('',#401,#13216);
#13216 = DEFINITIONAL_REPRESENTATION('',(#13217),#13221);
#13217 = LINE('',#13218,#13219);
#13218 = CARTESIAN_POINT('',(3.,0.));
#13219 = VECTOR('',#13220,1.);
#13220 = DIRECTION('',(0.,-1.));
#13221 = ( GEOMETRIC_REPRESENTATION_CONTEXT(2) 
PARAMETRIC_REPRESENTATION_CONTEXT() REPRESENTATION_CONTEXT('2D SPACE',''
  ) );
#13222 = PCURVE('',#373,#13223);
#13223 = DEFINITIONAL_REPRESENTATION('',(#13224),#13228);
#13224 = LINE('',#13225,#13226);
#13225 = CARTESIAN_POINT('',(1.246668146833,0.));
#13226 = VECTOR('',#13227,1.);
#13227 = DIRECTION('',(0.,1.));
#13228 = ( GEOMETRIC_REPRESENTATION_CONTEXT(2) 
PARAMETRIC_REPRESENTATION_CONTEXT() REPRESENTATION_CONTEXT('2D SPACE',''
  ) );
#13229 = ADVANCED_FACE('',(#13230),#373,.T.);
#13230 = FACE_BOUND('',#13231,.T.);
#13231 = EDGE_LOOP('',(#13232,#13253,#13254,#13255));
#13232 = ORIENTED_EDGE('',*,*,#13233,.F.);
#13233 = EDGE_CURVE('',#330,#5044,#13234,.T.);
#13234 = SURFACE_CURVE('',#13235,(#13239,#13246),.PCURVE_S1.);
#13235 = LINE('',#13236,#13237);
#13236 = CARTESIAN_POINT('',(4.376665926584,0.,4.575));
#13237 = VECTOR('',#13238,1.);
#13238 = DIRECTION('',(0.,1.,0.));
#13239 = PCURVE('',#373,#13240);
#13240 = DEFINITIONAL_REPRESENTATION('',(#13241),#13245);
#13241 = LINE('',#13242,#13243);
#13242 = CARTESIAN_POINT('',(0.,0.));
#13243 = VECTOR('',#13244,1.);
#13244 = DIRECTION('',(0.,1.));
#13245 = ( GEOMETRIC_REPRESENTATION_CONTEXT(2) 
PARAMETRIC_REPRESENTATION_CONTEXT() REPRESENTATION_CONTEXT('2D SPACE',''
  ) );
#13246 = PCURVE('',#345,#13247);
#13247 = DEFINITIONAL_REPRESENTATION('',(#13248),#13252);
#13248 = LINE('',#13249,#13250);
#13249 = CARTESIAN_POINT('',(3.,0.));
#13250 = VECTOR('',#13251,1.);
#13251 = DIRECTION('',(0.,-1.));
#13252 = ( GEOMETRIC_REPRESENTATION_CONTEXT(2) 
PARAMETRIC_REPRESENTATION_CONTEXT() REPRESENTATION_CONTEXT('2D SPACE',''
  ) );
#13253 = ORIENTED_EDGE('',*,*,#357,.T.);
#13254 = ORIENTED_EDGE('',*,*,#13209,.T.);
#13255 = ORIENTED_EDGE('',*,*,#5066,.F.);
#13256 = ADVANCED_FACE('',(#13257),#345,.F.);
#13257 = FACE_BOUND('',#13258,.F.);
#13258 = EDGE_LOOP('',(#13259,#13260,#13261,#13262));
#13259 = ORIENTED_EDGE('',*,*,#329,.F.);
#13260 = ORIENTED_EDGE('',*,*,#10750,.T.);
#13261 = ORIENTED_EDGE('',*,*,#5043,.T.);
#13262 = ORIENTED_EDGE('',*,*,#13233,.F.);
#13263 = ADVANCED_FACE('',(#13264),#288,.T.);
#13264 = FACE_BOUND('',#13265,.T.);
#13265 = EDGE_LOOP('',(#13266,#13267,#13268,#13269));
#13266 = ORIENTED_EDGE('',*,*,#272,.F.);
#13267 = ORIENTED_EDGE('',*,*,#10729,.T.);
#13268 = ORIENTED_EDGE('',*,*,#4992,.T.);
#13269 = ORIENTED_EDGE('',*,*,#13270,.F.);
#13270 = EDGE_CURVE('',#245,#4970,#13271,.T.);
#13271 = SURFACE_CURVE('',#13272,(#13276,#13283),.PCURVE_S1.);
#13272 = LINE('',#13273,#13274);
#13273 = CARTESIAN_POINT('',(0.623334073416,0.,4.575));
#13274 = VECTOR('',#13275,1.);
#13275 = DIRECTION('',(0.,1.,0.));
#13276 = PCURVE('',#288,#13277);
#13277 = DEFINITIONAL_REPRESENTATION('',(#13278),#13282);
#13278 = LINE('',#13279,#13280);
#13279 = CARTESIAN_POINT('',(3.,0.));
#13280 = VECTOR('',#13281,1.);
#13281 = DIRECTION('',(0.,-1.));
#13282 = ( GEOMETRIC_REPRESENTATION_CONTEXT(2) 
PARAMETRIC_REPRESENTATION_CONTEXT() REPRESENTATION_CONTEXT('2D SPACE',''
  ) );
#13283 = PCURVE('',#260,#13284);
#13284 = DEFINITIONAL_REPRESENTATION('',(#13285),#13289);
#13285 = LINE('',#13286,#13287);
#13286 = CARTESIAN_POINT('',(1.246668146833,0.));
#13287 = VECTOR('',#13288,1.);
#13288 = DIRECTION('',(0.,1.));
#13289 = ( GEOMETRIC_REPRESENTATION_CONTEXT(2) 
PARAMETRIC_REPRESENTATION_CONTEXT() REPRESENTATION_CONTEXT('2D SPACE',''
  ) );
#13290 = ADVANCED_FACE('',(#13291),#260,.T.);
#13291 = FACE_BOUND('',#13292,.T.);
#13292 = EDGE_LOOP('',(#13293,#13294,#13295,#13296));
#13293 = ORIENTED_EDGE('',*,*,#10776,.F.);
#13294 = ORIENTED_EDGE('',*,*,#244,.T.);
#13295 = ORIENTED_EDGE('',*,*,#13270,.T.);
#13296 = ORIENTED_EDGE('',*,*,#4969,.F.);
#13297 = ( GEOMETRIC_REPRESENTATION_CONTEXT(3) 
GLOBAL_UNCERTAINTY_ASSIGNED_CONTEXT((#13301)) 
GLOBAL_UNIT_ASSIGNED_CONTEXT((#13298,#13299,#13300)) 
REPRESENTATION_CONTEXT('Context #1',
  '3D Context with UNIT and UNCERTAINTY') );
#13298 = ( LENGTH_UNIT() NAMED_UNIT(*) SI_UNIT(.MILLI.,.METRE.) );
#13299 = ( NAMED_UNIT(*) PLANE_ANGLE_UNIT() SI_UNIT($,.RADIAN.) );
#13300 = ( NAMED_UNIT(*) SI_UNIT($,.STERADIAN.) SOLID_ANGLE_UNIT() );
#13301 = UNCERTAINTY_MEASURE_WITH_UNIT(LENGTH_MEASURE(1.E-07),#13298,
  'distance_accuracy_value','confusion accuracy');
#13302 = PRODUCT_RELATED_PRODUCT_CATEGORY('part',$,(#7));
ENDSEC;
END-ISO-10303-21;
